汉字	max综合类型	max综合正字	min综合类型	min综合正字
一	0	一	0	一
丁	0	丁	0	丁
丂	2	考&丂	2	考&丂
七	0	七	0	七
丄	1	上	1	上
丅	1	下	1	下
万	2	萬&万	2	萬&万
丈	0	丈	0	丈
三	0	三	0	三
上	0	上	0	上
下	0	下	0	下
丌	2	其&丌	2	其&丌
不	0	不	0	不
与	2	與&与	1	與
丏	0	丏	0	丏
丐	0	丐	0	丐
丑	2	丑&醜	0	丑
丒	3	丑&醜	1	丑
专	1	專	1	專
且	2	且&旦	0	且
丕	0	丕	0	丕
世	0	世	0	世
丗	1	世	1	世
丘	0	丘	0	丘
丙	0	丙	0	丙
业	3	丘&北&業	1	業
丛	1	叢	1	叢
东	1	東	1	東
丝	1	絲	1	絲
丞	0	丞	0	丞
丟	0	丟	0	丟
丠	1	丘	1	丘
両	1	兩	1	兩
丢	1	丟	1	丟
丣	2	丣&卯&酉	3	卯&酉
两	1	兩	1	兩
严	1	嚴	1	嚴
並	0	並	0	並
丧	1	喪	1	喪
丨	0	丨	0	丨
丩	0	丩	0	丩
个	1	個	1	個
丫	2	丫&枒	0	丫
中	0	中	0	中
丮	0	丮	0	丮
丯	0	丯	0	丯
丰	2	豐&丰&丯	2	豐&丰
丱	2	礦&丱	2	礦&丱
串	0	串	0	串
丳	0	丳	0	丳
临	1	臨	3	
丵	0	丵	0	丵
丶	0	丶	0	丶
丸	0	丸	0	丸
丹	2	丹&舟	0	丹
为	1	爲	1	爲
主	0	主	0	主
丼	2	井&丼	2	井&丼
丽	1	麗	1	麗
举	1	舉	1	舉
丿	0	丿	0	丿
乀	0	乀	0	乀
乁	2	及&乀&乁	0	乁
乂	2	五&義&乂	2	五&義&乂
乃	0	乃	0	乃
久	0	久	0	久
乆	1	久	1	久
乇	0	乇	0	乇
么	2	么&麼	1	麼
义	3	叉&義	1	義
之	0	之	0	之
乌	1	烏	1	烏
乍	0	乍	0	乍
乎	0	乎	0	乎
乏	0	乏	0	乏
乐	1	樂	3	
乑	2	攀&眾&乑	0	乑
乒	0	乒	0	乒
乓	0	乓	0	乓
乔	2	喬&乔	1	喬
乕	1	虎	3	
乖	0	乖	0	乖
乗	1	乘	1	乘
乘	0	乘	0	乘
乙	2	乙&鳦	2	乙&鳦
乚	3	乙&隱	3	乙&隱
乜	0	乜	0	乜
九	0	九	0	九
乞	0	乞	0	乞
也	2	也&匜	2	也&匜
习	1	習	1	習
乡	1	鄉	1	鄉
乢	2	乢&蓋	1	蓋
乣	0	乣	0	乣
书	1	書	1	書
乨	3	亂&始	3	亂&始
乩	0	乩	0	乩
乪	0	乪	0	乪
买	1	買	1	買
乱	1	亂	1	亂
乳	0	乳	0	乳
乴	2	乴&𢯳	2	乴&𢯳
乵	0	乵	0	乵
乹	1	乾	1	乾
乾	0	乾	0	乾
乿	2	亂&治&乿	2	亂&治&乿
亀	1	龜	1	龜
亁	1	乾	1	乾
亂	0	亂	0	亂
亃	0	亃	0	亃
亄	0	亄	0	亄
亅	0	亅	0	亅
了	2	了&瞭	2	了&瞭
亇	1	個	1	個
予	0	予	0	予
争	1	爭	1	爭
亊	1	事	3	
事	0	事	0	事
二	2	上&二	0	二
亍	0	亍	0	亍
于	2	于&於	0	于
亏	3	于&虧	1	虧
亐	1	於	3	
云	2	云&雲	2	云&雲
互	2	互&氐	0	互
亓	2	其&亓	2	其&亓
五	0	五	0	五
井	0	井	0	井
亖	1	四	1	四
亗	1	歲	1	歲
亘	2	亙&桓&亘	1	亙
亙	0	亙	0	亙
亚	1	亞	1	亞
些	0	些	0	些
亜	1	亞	1	亞
亝	1	齊	1	齊
亞	2	丫&亞&椏	0	亞
亟	0	亟	0	亟
亠	0	亠	0	亠
亡	0	亡	0	亡
亢	0	亢	0	亢
亣	3	其&大&亓	3	其&大&亓
交	0	交	0	交
亥	0	亥	0	亥
亦	0	亦	0	亦
产	1	産	1	産
亨	2	亨&享&烹	0	亨
亩	1	畝	1	畝
享	2	亨&享	0	享
京	0	京	0	京
亭	0	亭	0	亭
亮	0	亮	0	亮
亯	3	亨&享&烹	3	亨&享&烹
亰	3	京&原	1	京
亱	1	夜	1	夜
亲	3	親&辛	1	親
亳	0	亳	0	亳
亴	0	亴	0	亴
亵	1	褻	1	褻
亶	0	亶	0	亶
亷	1	廉	1	廉
亸	1	嚲	3	
亹	2	亹&斖	0	亹
人	0	人	0	人
亼	0	亼	0	亼
亽	1	亼	3	
亾	1	亡	1	亡
亿	1	億	1	億
什	2	什&甚	2	什&甚
仁	0	仁	0	仁
仂	0	仂	0	仂
仃	0	仃	0	仃
仄	0	仄	0	仄
仅	3	付&僅&奴	1	僅
仆	2	仆&僕	2	仆&僕
仇	0	仇	0	仇
仈	0	仈	0	仈
仉	0	仉	0	仉
今	0	今	0	今
介	0	介	0	介
仌	2	仌&冰	1	冰
仍	0	仍	0	仍
从	1	從	1	從
仏	3	佛&似	1	佛
仐	1	今	3	
仑	3	侖&倉&崙	1	侖
仒	1	仌	3	
仓	1	倉	1	倉
仔	0	仔	0	仔
仕	0	仕	0	仕
他	0	他	0	他
仗	0	仗	0	仗
付	0	付	0	付
仙	0	仙	0	仙
仚	2	仙&企&仚	2	仙&企&仚
仛	3	奼&侂	3	奼&侂
仜	0	仜	0	仜
仝	2	全&同&仝	2	全&同&仝
仞	0	仞	0	仞
仟	2	千&仟	2	千&仟
仠	2	捍&仠	2	捍&仠
仡	0	仡	0	仡
仢	1	彴	1	彴
代	0	代	0	代
令	0	令	0	令
以	0	以	0	以
仦	1	仯	1	仯
仧	1	長	1	長
仨	0	仨	0	仨
仩	2	上&仩	0	仩
仪	1	儀	1	儀
们	1	們	1	們
仭	1	仞	3	
仮	3	假&反	1	反
仯	0	仯	0	仯
仰	0	仰	0	仰
仱	0	仱	0	仱
仲	0	仲	0	仲
仳	0	仳	0	仳
仴	0	仴	0	仴
仵	0	仵	0	仵
件	0	件	0	件
价	2	價&价	2	價&价
仸	2	佛&仸	2	佛&仸
仹	0	仹	0	仹
仺	1	倉	1	倉
任	0	任	0	任
仼	3	俇&彺	1	彺
份	2	份&彬	2	份&彬
仾	1	低	1	低
仿	0	仿	0	仿
伀	0	伀	0	伀
企	0	企	0	企
伂	0	伂	0	伂
伃	2	伃&妤	1	妤
伄	0	伄	0	伄
伅	0	伅	0	伅
伆	0	伆	0	伆
伇	1	役	1	役
伈	0	伈	0	伈
伉	0	伉	0	伉
伊	0	伊	0	伊
伋	0	伋	0	伋
伌	0	伌	0	伌
伍	2	五&伍	2	五&伍
伎	0	伎	0	伎
伏	0	伏	0	伏
伐	0	伐	0	伐
休	0	休	0	休
伒	0	伒	0	伒
伓	2	伾&伓	2	伾&伓
伔	2	伔&抌	0	伔
伕	0	伕	0	伕
伖	1	帑	1	帑
众	3	眾&乑	1	眾
优	2	優&优	1	優
伙	2	伙&夥	2	伙&夥
会	1	會	1	會
伛	1	傴	1	傴
伜	1	倅	1	倅
伝	2	傳&伝	2	傳&伝
伞	1	傘	1	傘
伟	1	偉	1	偉
传	1	傳	1	傳
伡	1	俥	3	
伢	0	伢	0	伢
伣	1	俔	3	
伤	1	傷	1	傷
伥	1	倀	1	倀
伦	1	倫	1	倫
伧	1	傖	1	傖
伨	3	徇&侚	1	徇
伩	1	信	3	
伪	1	僞	1	僞
伫	1	佇	3	
伬	2	尺&伬	0	伬
伭	2	𠆺&伭	0	伭
伮	1	努	1	努
伯	0	伯	0	伯
估	0	估	0	估
伱	1	你	1	你
伲	1	你	1	你
伳	0	伳	0	伳
伴	0	伴	0	伴
伵	2	伵&侐	1	侐
伶	0	伶	0	伶
伷	2	胄&伷	1	胄
伸	0	伸	0	伸
伹	2	徂&伹	2	徂&伹
伺	0	伺	0	伺
伻	0	伻	0	伻
似	0	似	0	似
伽	2	伽&茄	2	伽&茄
伾	0	伾	0	伾
伿	0	伿	0	伿
佀	1	似	1	似
佁	0	佁	0	佁
佂	2	征&佂	2	征&佂
佃	0	佃	0	佃
佄	1	酣	1	酣
佅	2	佅&𠇱	2	佅&𠇱
但	0	但	0	但
佇	0	佇	0	佇
佈	0	佈	0	佈
佉	0	佉	0	佉
佊	2	彼&佊	2	彼&佊
佋	2	昭&紹&佋	2	昭&紹&佋
佌	0	佌	0	佌
位	0	位	0	位
低	0	低	0	低
住	2	住&往	2	住&往
佐	0	佐	0	佐
佑	2	佑&祐	0	佑
佒	0	佒	0	佒
体	2	笨&體&体	1	體
佔	0	佔	0	佔
何	0	何	0	何
佖	0	佖	0	佖
佗	2	他&佗&它&馱&駝	2	他&佗&它&馱&駝
佘	0	佘	0	佘
余	2	余&餘	2	余&餘
佚	0	佚	0	佚
佛	0	佛	0	佛
作	0	作	0	作
佝	0	佝	0	佝
佞	0	佞	0	佞
佟	0	佟	0	佟
你	0	你	0	你
佡	2	仙&佡	2	仙&佡
佢	0	佢	0	佢
佣	2	佣&傭	2	佣&傭
佤	0	佤	0	佤
佥	1	僉	3	
佧	0	佧	0	佧
佨	1	孕	3	
佩	0	佩	0	佩
佪	2	徊&佪	0	佪
佫	2	佫&𢓜	2	佫&𢓜
佬	0	佬	0	佬
佭	0	佭	0	佭
佮	0	佮	0	佮
佯	0	佯	0	佯
佰	2	佰&百	2	佰&百
佱	1	法	1	法
佲	3	酩&姳	3	酩&姳
佳	0	佳	0	佳
佴	0	佴	0	佴
併	0	併	0	併
佶	0	佶	0	佶
佷	0	佷	0	佷
佸	0	佸	0	佸
佹	0	佹	0	佹
佺	0	佺	0	佺
佻	0	佻	0	佻
佼	0	佼	0	佼
佽	0	佽	0	佽
佾	0	佾	0	佾
使	0	使	0	使
侀	0	侀	0	侀
侁	0	侁	0	侁
侂	2	託&侂	0	侂
侃	0	侃	0	侃
侄	2	姪&侄	2	姪&侄
侅	0	侅	0	侅
來	0	來	0	來
侇	0	侇	0	侇
侈	0	侈	0	侈
侉	0	侉	0	侉
侊	0	侊	0	侊
例	0	例	0	例
侌	1	陰	1	陰
侍	0	侍	0	侍
侎	1	敉	1	敉
侏	0	侏	0	侏
侐	0	侐	0	侐
侑	0	侑	0	侑
侒	2	安&侒	0	侒
侓	2	律&侓	2	律&侓
侔	0	侔	0	侔
侕	0	侕	0	侕
侖	0	侖	0	侖
侗	0	侗	0	侗
侘	0	侘	0	侘
侙	0	侙	0	侙
侚	2	徇&侚	2	徇&侚
供	0	供	0	供
侜	0	侜	0	侜
依	0	依	0	依
侞	0	侞	0	侞
侟	3	存&荐	3	存&荐
侠	1	俠	1	俠
価	3	似&價	3	似&價
侢	1	戴	1	戴
侣	1	侶	1	侶
侥	1	僥	1	僥
侦	1	偵	1	偵
侧	1	側	1	側
侨	1	僑	1	僑
侩	1	儈	1	儈
侪	1	儕	3	
侫	1	佞	1	佞
侬	1	儂	1	儂
侭	3	儘&盡	1	儘
侮	0	侮	0	侮
侯	0	侯	0	侯
侰	2	侰&僒	1	僒
侱	0	侱	0	侱
侲	0	侲	0	侲
侳	0	侳	0	侳
侴	2	𡚽&侴	2	𡚽&侴
侵	0	侵	0	侵
侶	0	侶	0	侶
侷	0	侷	0	侷
侸	0	侸	0	侸
侹	0	侹	0	侹
侺	2	侺&䫈	2	侺&䫈
侻	0	侻	0	侻
侼	0	侼	0	侼
侽	1	男	1	男
侾	0	侾	0	侾
便	0	便	0	便
俀	0	俀	0	俀
俁	0	俁	0	俁
係	0	係	0	係
促	0	促	0	促
俄	0	俄	0	俄
俅	0	俅	0	俅
俆	2	徐&俆	2	徐&俆
俇	0	俇	0	俇
俈	0	俈	0	俈
俉	0	俉	0	俉
俊	0	俊	0	俊
俋	0	俋	0	俋
俌	1	輔	1	輔
俍	0	俍	0	俍
俎	0	俎	0	俎
俏	0	俏	0	俏
俐	0	俐	0	俐
俑	0	俑	0	俑
俒	0	俒	0	俒
俓	2	徑&俓	0	俓
俔	2	倪&俔	0	俔
俕	0	俕	0	俕
俖	2	倍&俖	2	倍&俖
俗	0	俗	0	俗
俘	0	俘	0	俘
俙	0	俙	0	俙
俚	0	俚	0	俚
俛	2	俯&俛&頫	2	俯&俛&頫
俜	0	俜	0	俜
保	0	保	0	保
俞	0	俞	0	俞
俟	0	俟	0	俟
俠	0	俠	0	俠
信	0	信	0	信
俢	1	修	1	修
俣	1	俁	1	俁
俥	2	車&俥	0	俥
俦	1	儔	1	儔
俨	3	儼&僗	1	儼
俩	1	倆	1	倆
俪	1	儷	1	儷
俫	3	倈&徠	1	徠
俬	0	俬	0	俬
俭	1	儉	1	儉
修	0	修	0	修
俯	0	俯	0	俯
俰	0	俰	0	俰
俱	2	俱&具	0	俱
俲	3	效&傚	1	傚
俳	2	俳&徘	2	俳&徘
俴	0	俴	0	俴
俵	0	俵	0	俵
俶	0	俶	0	俶
俷	0	俷	0	俷
俸	0	俸	0	俸
俹	2	亞&俹	2	亞&俹
俺	0	俺	0	俺
俻	1	備	1	備
俼	1	鬻	1	鬻
俽	1	欣	1	欣
俾	0	俾	0	俾
俿	2	虎&傂&俿	2	虎&傂&俿
倀	0	倀	0	倀
倁	0	倁	0	倁
倂	1	併	1	併
倃	0	倃	0	倃
倄	0	倄	0	倄
倅	0	倅	0	倅
倆	0	倆	0	倆
倇	0	倇	0	倇
倈	2	倈&來&徠	3	來&徠
倉	0	倉	0	倉
倊	2	傯&倊	2	傯&倊
個	0	個	0	個
倌	0	倌	0	倌
倍	0	倍	0	倍
倎	2	腆&倎	0	倎
倏	0	倏	0	倏
倐	1	倏	1	倏
們	0	們	0	們
倒	0	倒	0	倒
倓	0	倓	0	倓
倔	0	倔	0	倔
倕	0	倕	0	倕
倖	0	倖	0	倖
倗	0	倗	0	倗
倘	0	倘	0	倘
候	0	候	0	候
倚	0	倚	0	倚
倛	0	倛	0	倛
倜	0	倜	0	倜
倝	0	倝	0	倝
倞	0	倞	0	倞
借	0	借	0	借
倠	0	倠	0	倠
倡	0	倡	0	倡
倢	0	倢	0	倢
倣	2	仿&倣	1	仿
値	1	值	1	值
倥	0	倥	0	倥
倦	0	倦	0	倦
倧	0	倧	0	倧
倨	0	倨	0	倨
倩	0	倩	0	倩
倪	0	倪	0	倪
倫	0	倫	0	倫
倬	0	倬	0	倬
倭	0	倭	0	倭
倮	1	裸	1	裸
倯	0	倯	0	倯
倰	0	倰	0	倰
倱	0	倱	0	倱
倲	0	倲	0	倲
倳	0	倳	0	倳
倴	0	倴	0	倴
倵	2	岱&倵	2	岱&倵
倶	3	俱&具	1	俱
倷	0	倷	0	倷
倸	1	睬	1	睬
倹	1	儉	1	儉
债	1	債	1	債
值	0	值	0	值
倽	1	啥	1	啥
倾	1	傾	1	傾
倿	1	佞	1	佞
偀	2	英&偀	0	偀
偁	0	偁	0	偁
偂	2	前&偂	0	偂
偃	0	偃	0	偃
偄	2	儒&偄	2	儒&偄
偅	2	僮&憧&偅	2	僮&憧&偅
偆	0	偆	0	偆
假	0	假	0	假
偈	0	偈	0	偈
偉	0	偉	0	偉
偊	0	偊	0	偊
偋	0	偋	0	偋
偌	0	偌	0	偌
偍	2	偍&媞	0	偍
偎	0	偎	0	偎
偏	0	偏	0	偏
偐	1	贗	1	贗
偑	0	偑	0	偑
偒	0	偒	0	偒
偓	0	偓	0	偓
偔	0	偔	0	偔
偕	0	偕	0	偕
偖	1	撦	1	撦
偗	0	偗	0	偗
偘	3	侃&儼	1	侃
偙	0	偙	0	偙
做	0	做	0	做
偛	0	偛	0	偛
停	0	停	0	停
偝	0	偝	0	偝
偞	0	偞	0	偞
偟	0	偟	0	偟
偠	0	偠	0	偠
偡	0	偡	0	偡
偢	2	偢&僽	2	偢&僽
偣	0	偣	0	偣
偤	0	偤	0	偤
健	0	健	0	健
偦	0	偦	0	偦
偧	2	奓&偧	0	偧
偨	0	偨	0	偨
偩	2	負&偩	2	負&偩
偪	2	逼&偪&畐	2	逼&偪&畐
偫	0	偫	0	偫
偬	1	傯	1	傯
偭	0	偭	0	偭
偮	0	偮	0	偮
偯	0	偯	0	偯
偰	0	偰	0	偰
偱	2	循&偱	2	循&偱
偲	0	偲	0	偲
偳	0	偳	0	偳
側	0	側	0	側
偵	0	偵	0	偵
偶	0	偶	0	偶
偷	0	偷	0	偷
偸	1	偷	1	偷
偹	1	備	1	備
偺	2	偺&喒	0	偺
偻	1	僂	1	僂
偼	1	倢	1	倢
偽	1	僞	1	僞
偾	1	僨	3	
偿	1	償	1	償
傀	0	傀	0	傀
傁	2	傁&叟	1	叟
傂	0	傂	0	傂
傃	0	傃	0	傃
傄	0	傄	0	傄
傅	0	傅	0	傅
傆	0	傆	0	傆
傇	0	傇	0	傇
傈	0	傈	0	傈
傉	0	傉	0	傉
傊	0	傊	0	傊
傋	0	傋	0	傋
傌	2	罵&馬&傌	0	傌
傍	0	傍	0	傍
傎	2	顛&傎	1	顛
傏	0	傏	0	傏
傐	0	傐	0	傐
傑	0	傑	0	傑
傒	0	傒	0	傒
傓	1	煽	1	煽
傔	0	傔	0	傔
傕	0	傕	0	傕
傖	0	傖	0	傖
傗	0	傗	0	傗
傘	2	傘&繖	0	傘
備	0	備	0	備
傚	2	效&傚	0	傚
傛	0	傛	0	傛
傜	0	傜	0	傜
傝	0	傝	0	傝
傞	0	傞	0	傞
傟	2	傟&慃	0	傟
傠	2	伐&傠	0	傠
傡	1	並	1	並
傢	2	傢&像	0	傢
傣	0	傣	0	傣
傤	1	儎	3	
傥	1	儻	1	儻
傦	1	愲	3	
傧	1	儐	1	儐
储	1	儲	1	儲
傩	1	儺	1	儺
傪	0	傪	0	傪
傫	1	儽	1	儽
催	0	催	0	催
傭	0	傭	0	傭
傮	0	傮	0	傮
傯	0	傯	0	傯
傰	0	傰	0	傰
傱	0	傱	0	傱
傲	0	傲	0	傲
傳	2	傅&傳	0	傳
傴	2	軀&傴	0	傴
債	0	債	0	債
傶	2	戚&傶	2	戚&傶
傷	0	傷	0	傷
傸	0	傸	0	傸
傹	3	僵&倞	3	僵&倞
傺	0	傺	0	傺
傻	0	傻	0	傻
傼	0	傼	0	傼
傽	0	傽	0	傽
傾	0	傾	0	傾
傿	0	傿	0	傿
僀	2	偙&僀	2	偙&僀
僁	0	僁	0	僁
僂	0	僂	0	僂
僃	1	備	1	備
僄	0	僄	0	僄
僅	0	僅	0	僅
僆	0	僆	0	僆
僇	0	僇	0	僇
僈	0	僈	0	僈
僉	0	僉	0	僉
僊	2	仙&僊	0	僊
僋	0	僋	0	僋
僌	0	僌	0	僌
働	2	働&動	1	動
僎	0	僎	0	僎
像	0	像	0	像
僐	0	僐	0	僐
僑	0	僑	0	僑
僒	0	僒	0	僒
僓	0	僓	0	僓
僔	2	尊&僔	2	尊&僔
僕	0	僕	0	僕
僖	0	僖	0	僖
僗	2	勞&僗	0	僗
僘	2	敞&僘	0	僘
僙	2	趪&僙	2	趪&僙
僚	0	僚	0	僚
僛	0	僛	0	僛
僜	0	僜	0	僜
僝	0	僝	0	僝
僞	0	僞	0	僞
僟	0	僟	0	僟
僠	0	僠	0	僠
僡	1	惠	1	惠
僢	3	舛&踳	3	舛&踳
僣	2	僭&僣	0	僣
僤	0	僤	0	僤
僥	0	僥	0	僥
僦	0	僦	0	僦
僧	0	僧	0	僧
僨	0	僨	0	僨
僩	0	僩	0	僩
僪	0	僪	0	僪
僫	1	惡	1	惡
僬	0	僬	0	僬
僭	0	僭	0	僭
僮	0	僮	0	僮
僯	0	僯	0	僯
僰	0	僰	0	僰
僱	2	僱&雇	0	僱
僲	1	仙	3	
僳	0	僳	0	僳
僴	1	僩	1	僩
僵	2	僵&殭	0	僵
僶	0	僶	0	僶
僷	1	偞	1	偞
僸	0	僸	0	僸
價	0	價	0	價
僺	0	僺	0	僺
僻	0	僻	0	僻
僼	1	㒥	1	㒥
僽	0	僽	0	僽
僾	0	僾	0	僾
僿	0	僿	0	僿
儀	0	儀	0	儀
儁	2	儁&俊	1	俊
儂	0	儂	0	儂
儃	0	儃	0	儃
億	0	億	0	億
儅	2	當&儻&儅	2	當&儻&儅
儆	0	儆	0	儆
儇	0	儇	0	儇
儈	0	儈	0	儈
儉	0	儉	0	儉
儊	0	儊	0	儊
儋	0	儋	0	儋
儌	0	儌	0	儌
儍	1	傻	1	傻
儎	2	儎&載	1	載
儏	1	燦	3	
儐	0	儐	0	儐
儑	0	儑	0	儑
儒	0	儒	0	儒
儓	0	儓	0	儓
儔	0	儔	0	儔
儕	0	儕	0	儕
儖	0	儖	0	儖
儗	0	儗	0	儗
儘	0	儘	0	儘
儙	0	儙	0	儙
儚	0	儚	0	儚
儛	1	舞	1	舞
儜	0	儜	0	儜
儝	0	儝	0	儝
儞	1	你	1	你
償	0	償	0	償
儠	0	儠	0	儠
儡	0	儡	0	儡
儢	0	儢	0	儢
儣	0	儣	0	儣
儤	0	儤	0	儤
儥	2	儥&覿&鬻	2	儥&覿&鬻
儦	0	儦	0	儦
儧	1	儹	1	儹
儨	0	儨	0	儨
儩	0	儩	0	儩
優	0	優	0	優
儫	1	豪	1	豪
儬	1	㵾	1	㵾
儭	0	儭	0	儭
儮	2	歷&儮	0	儮
儯	0	儯	0	儯
儰	0	儰	0	儰
儱	0	儱	0	儱
儲	0	儲	0	儲
儳	0	儳	0	儳
儴	0	儴	0	儴
儵	0	儵	0	儵
儶	2	俊&攜&儶	0	儶
儷	0	儷	0	儷
儸	0	儸	0	儸
儹	0	儹	0	儹
儺	0	儺	0	儺
儻	0	儻	0	儻
儼	0	儼	0	儼
儽	0	儽	0	儽
儾	0	儾	0	儾
儿	2	兒&儿	1	兒
兀	2	兀&尢	0	兀
允	0	允	0	允
兂	2	兂&簪	1	簪
元	0	元	0	元
兄	0	兄	0	兄
充	0	充	0	充
兆	0	兆	0	兆
兇	2	兇&凶	2	兇&凶
先	0	先	0	先
光	0	光	0	光
兊	1	兌	1	兌
克	2	克&剋	0	克
兌	0	兌	0	兌
免	0	免	0	免
兎	1	兔	1	兔
兏	1	長	1	長
児	1	兒	1	兒
兑	3	兌&免	1	兌
兒	0	兒	0	兒
兓	0	兓	0	兓
兔	0	兔	0	兔
兕	0	兕	0	兕
兖	3	兗&沇&㕣	1	兗
兗	0	兗	0	兗
兘	1	始	1	始
党	2	黨&党	2	黨&党
兜	0	兜	0	兜
兟	0	兟	0	兟
兠	1	兜	1	兜
兢	2	兢&競	0	兢
兤	2	兤&爌	1	爌
入	0	入	0	入
兦	1	亡	1	亡
內	1	内	1	内
全	0	全	0	全
兩	2	兩&雨	0	兩
兪	1	俞	1	俞
八	0	八	0	八
公	0	公	0	公
六	0	六	0	六
兮	0	兮	0	兮
兯	1	節	3	
兰	1	蘭	1	蘭
共	0	共	0	共
兲	1	天	1	天
关	3	笑&關	1	關
兴	1	興	1	興
兵	0	兵	0	兵
其	0	其	0	其
具	0	具	0	具
典	0	典	0	典
兹	3	茲&玆	1	茲
养	1	養	1	養
兼	0	兼	0	兼
兽	1	獸	1	獸
兾	1	冀	1	冀
兿	1	藝	3	
冀	0	冀	0	冀
冁	1	囅	1	囅
冂	2	冪&坰&冂	2	冪&坰&冂
冃	1	帽	1	帽
冄	1	冉	1	冉
内	0	内	0	内
円	1	圓	1	圓
冇	0	冇	0	冇
冈	3	同&岡&罔&网	1	岡
冉	0	冉	0	冉
冊	0	冊	0	冊
冋	1	坰	1	坰
册	2	册&冊	1	冊
再	0	再	0	再
冎	1	剮	1	剮
冏	2	冏&囧&坰	0	冏
冐	3	冒&冑&胄	1	冒
冑	0	冑	0	冑
冒	0	冒	0	冒
冓	0	冓	0	冓
冔	0	冔	0	冔
冕	0	冕	0	冕
冖	2	冪&冖	2	冪&冖
冗	0	冗	0	冗
冘	2	冗&冘	2	冗&冘
写	1	寫	1	寫
军	1	軍	1	軍
农	1	農	1	農
冝	1	宜	1	宜
冞	0	冞	0	冞
冟	0	冟	0	冟
冠	0	冠	0	冠
冡	3	冢&蒙	3	冢&蒙
冢	0	冢	0	冢
冣	2	最&冣	2	最&冣
冤	0	冤	0	冤
冥	0	冥	0	冥
冦	1	寇	1	寇
冨	1	富	1	富
冩	1	寫	3	
冪	0	冪	0	冪
冫	2	冰&冫	2	冰&冫
冬	2	冬&鼕	0	冬
冭	2	泰&冭	2	泰&冭
冯	1	馮	1	馮
冰	0	冰	0	冰
冱	0	冱	0	冱
冲	3	沖&衝	3	沖&衝
决	1	決	1	決
冴	1	冱	1	冱
况	1	況	1	況
冶	2	冶&治	0	冶
冷	0	冷	0	冷
冸	1	泮	1	泮
冹	0	冹	0	冹
冺	1	泯	1	泯
冻	1	凍	1	凍
冼	2	洗&冼	2	洗&冼
冽	2	冽&洌	0	冽
冾	2	洽&冾	1	洽
冿	0	冿	0	冿
净	3	淨&凈	1	淨
凁	2	𠘂&凁	0	凁
凂	1	浼	1	浼
凃	3	塗&涂	1	涂
凄	2	悽&淒&凄	1	淒
凅	0	凅	0	凅
准	2	准&淮&準	2	准&準
凇	0	凇	0	凇
凈	2	淨&凈	1	淨
凉	1	涼	1	涼
凊	2	清&凊	2	清&凊
凋	0	凋	0	凋
凌	0	凌	0	凌
凍	0	凍	0	凍
凎	0	凎	0	凎
减	1	減	1	減
凐	0	凐	0	凐
凑	1	湊	1	湊
凒	1	皚	1	皚
凓	0	凓	0	凓
凔	0	凔	0	凔
凕	0	凕	0	凕
凖	1	準	1	準
凗	0	凗	0	凗
凘	0	凘	0	凘
凙	0	凙	0	凙
凚	2	凜&凚	0	凚
凛	1	凜	1	凜
凜	0	凜	0	凜
凝	0	凝	0	凝
凞	0	凞	0	凞
凟	1	瀆	1	瀆
几	2	人&几&幾&明&𠘧	2	几&幾
凡	0	凡	0	凡
凢	1	凡	1	凡
凣	1	凡	1	凡
凤	1	鳳	1	鳳
凥	3	居&尻	3	居&尻
処	1	處	3	
凨	1	風	1	風
凫	1	鳧	3	
凬	1	風	1	風
凭	1	憑	1	憑
凮	1	風	1	風
凯	1	凱	1	凱
凰	0	凰	0	凰
凱	0	凱	0	凱
凲	3	尲&尷	1	尷
凳	0	凳	0	凳
凴	2	凴&憑	1	憑
凵	0	凵	0	凵
凶	0	凶	0	凶
凷	2	凷&塊	1	塊
凸	0	凸	0	凸
凹	0	凹	0	凹
出	2	出&齣	2	出&齣
击	1	擊	1	擊
凼	1	氹	3	
函	0	函	0	函
凾	1	函	1	函
凿	1	鑿	1	鑿
刀	2	刀&刁	0	刀
刁	2	刀&刁	2	刀&刁
刃	0	刃	0	刃
刄	3	兩&刃	3	兩&刃
刅	2	創&刅	2	創&刅
分	0	分	0	分
切	0	切	0	切
刈	2	刈&乂	0	刈
刉	2	刉&刏	1	刏
刊	0	刊	0	刊
刋	1	刊	1	刊
刌	0	刌	0	刌
刍	1	芻	3	
刎	0	刎	0	刎
刏	2	刉&刏	0	刏
刐	0	刐	0	刐
刑	0	刑	0	刑
划	2	划&劃&𠜴&鐹	2	划&劃
刓	0	刓	0	刓
刔	0	刔	0	刔
刕	2	州&刕	2	州&刕
刖	0	刖	0	刖
列	0	列	0	列
刘	1	劉	1	劉
则	1	則	1	則
刚	1	剛	1	剛
创	1	創	1	創
刜	0	刜	0	刜
初	0	初	0	初
刞	0	刞	0	刞
刟	1	𠚥	1	𠚥
删	1	刪	1	刪
刡	0	刡	0	刡
刢	2	刢&𠟨	0	刢
刣	2	𠛀&刣	0	刣
判	0	判	0	判
別	1	别	1	别
刦	1	劫	1	劫
刧	1	劫	1	劫
刨	2	刨&鉋	0	刨
利	0	利	0	利
刪	0	刪	0	刪
别	2	别&彆	2	别&彆
刬	3	剗&剷	1	剷
刭	1	剄	1	剄
刮	2	刮&颳	0	刮
刯	0	刯	0	刯
到	0	到	0	到
刱	2	創&刱	0	刱
刲	0	刲	0	刲
刳	0	刳	0	刳
刴	0	刴	0	刴
刵	0	刵	0	刵
制	2	制&製	2	制&製
刷	0	刷	0	刷
券	0	券	0	券
刹	0	刹	0	刹
刺	0	刺	0	刺
刻	0	刻	0	刻
刼	1	劫	1	劫
刽	1	劊	1	劊
刾	1	刺	1	刺
刿	1	劌	1	劌
剀	1	剴	3	
剁	1	刴	1	刴
剂	1	劑	1	劑
剃	0	剃	0	剃
剄	0	剄	0	剄
剅	0	剅	0	剅
剆	2	剆&𣂞	0	剆
則	0	則	0	則
剈	0	剈	0	剈
剉	0	剉	0	剉
削	0	削	0	削
剋	2	克&剋	0	剋
剌	2	刺&剌	2	刺&剌
前	0	前	0	前
剎	1	刹	1	刹
剏	3	創&刱	1	創
剐	1	剮	1	剮
剑	1	劍	1	劍
剒	0	剒	0	剒
剓	2	剓&剺	1	剺
剔	0	剔	0	剔
剕	0	剕	0	剕
剖	0	剖	0	剖
剗	2	剗&剷	1	剷
剘	0	剘	0	剘
剙	3	創&刱	1	刱
剚	0	剚	0	剚
剛	0	剛	0	剛
剜	0	剜	0	剜
剝	0	剝	0	剝
剞	0	剞	0	剞
剟	0	剟	0	剟
剠	2	剠&掠&黥	3	掠&黥
剡	0	剡	0	剡
剢	0	剢	0	剢
剣	1	劍	1	劍
剤	1	劑	1	劑
剥	1	剝	1	剝
剧	1	劇	1	劇
剨	0	剨	0	剨
剩	0	剩	0	剩
剪	0	剪	0	剪
剫	0	剫	0	剫
剬	2	制&剬&剸	2	制&剬&剸
剭	0	剭	0	剭
剮	0	剮	0	剮
副	0	副	0	副
剰	1	剩	1	剩
剱	1	劒	3	
割	0	割	0	割
剳	2	劄&剳	2	劄&剳
剴	0	剴	0	剴
創	2	創&刅	0	創
剶	0	剶	0	剶
剷	2	剷&鏟	0	剷
剸	0	剸	0	剸
剹	0	剹	0	剹
剺	0	剺	0	剺
剻	0	剻	0	剻
剼	2	剼&劋	0	剼
剽	0	剽	0	剽
剾	0	剾	0	剾
剿	2	剿&劋	0	剿
劀	2	刮&劀	0	劀
劁	0	劁	0	劁
劂	0	劂	0	劂
劃	0	劃	0	劃
劄	0	劄	0	劄
劅	1	斀	1	斀
劆	2	鐮&劆	2	鐮&劆
劇	0	劇	0	劇
劈	0	劈	0	劈
劉	0	劉	0	劉
劊	0	劊	0	劊
劋	2	剿&劋	0	劋
劌	0	劌	0	劌
劍	0	劍	0	劍
劎	3	劒&劍	1	劍
劏	0	劏	3	
劐	2	劃&穫&劐	2	劃&穫&劐
劑	0	劑	0	劑
劒	2	劒&劍	1	劍
劓	0	劓	0	劓
劔	3	劒&劍	1	劍
劕	2	質&劕	0	劕
劖	0	劖	0	劖
劗	0	劗	0	劗
劘	0	劘	0	劘
劙	0	劙	0	劙
劚	1	斸	1	斸
力	0	力	0	力
劜	0	劜	0	劜
劝	1	勸	1	勸
办	1	辦	1	辦
功	0	功	0	功
加	0	加	0	加
务	1	務	1	務
劢	1	勱	3	
劣	0	劣	0	劣
劤	0	劤	0	劤
劥	0	劥	0	劥
劦	0	劦	0	劦
劧	0	劧	0	劧
动	1	動	1	動
助	0	助	0	助
努	0	努	0	努
劫	0	劫	0	劫
劬	0	劬	0	劬
劭	0	劭	0	劭
劮	2	逸&劮	2	逸&劮
劯	0	劯	0	劯
劰	0	劰	0	劰
励	1	勵	1	勵
劲	1	勁	1	勁
劳	1	勞	1	勞
労	1	勞	1	勞
劵	2	劵&倦&券	3	倦&券
劶	0	劶	0	劶
劷	0	劷	0	劷
劸	0	劸	0	劸
効	1	效	1	效
劺	0	劺	0	劺
劻	0	劻	0	劻
劼	0	劼	0	劼
劽	0	劽	0	劽
劾	0	劾	0	劾
势	1	勢	1	勢
勀	2	剋&勀	1	剋
勁	0	勁	0	勁
勂	0	勂	0	勂
勃	0	勃	0	勃
勄	1	敏	1	敏
勅	1	敕	1	敕
勆	0	勆	0	勆
勇	0	勇	0	勇
勈	1	勇	1	勇
勉	0	勉	0	勉
勊	3	剋&勀	1	剋
勋	1	勛	1	勛
勌	2	勌&倦&勸	3	倦&勸
勍	0	勍	0	勍
勎	3	戮&勠	1	勠
勏	0	勏	0	勏
勐	1	猛	1	猛
勑	2	勑&徠&敕	3	徠&敕
勒	0	勒	0	勒
勓	2	劾&勓	0	勓
勔	2	勉&僶&黽&勔	0	勔
動	0	動	0	動
勖	2	勗&勖	1	勗
勗	2	勗&勖	0	勗
勘	0	勘	0	勘
務	0	務	0	務
勚	1	勩	3	
勛	0	勛	0	勛
勜	0	勜	0	勜
勝	0	勝	0	勝
勞	0	勞	0	勞
募	0	募	0	募
勠	0	勠	0	勠
勡	2	勡&剽	1	剽
勢	0	勢	0	勢
勣	0	勣	0	勣
勤	0	勤	0	勤
勥	1	𠣀	1	𠣀
勦	0	勦	0	勦
勧	1	勸	1	勸
勨	0	勨	0	勨
勩	0	勩	0	勩
勪	2	蹻&勪	1	蹻
勫	0	勫	0	勫
勬	0	勬	0	勬
勭	2	動&勭	2	動&勭
勮	0	勮	0	勮
勯	0	勯	0	勯
勰	0	勰	0	勰
勱	0	勱	0	勱
勲	3	勳&勛	1	勛
勳	2	勳&勛	1	勛
勴	2	勴&𠣊	0	勴
勵	0	勵	0	勵
勶	0	勶	0	勶
勷	0	勷	0	勷
勸	0	勸	0	勸
勹	2	包&勹	2	包&勹
勺	0	勺	0	勺
勻	0	勻	0	勻
勼	0	勼	0	勼
勽	0	勽	0	勽
勾	2	勾&句	2	勾&句
勿	0	勿	0	勿
匀	1	勻	1	勻
匂	1	匈	3	
匃	3	匄&丐&匈	3	丐&匈
匄	2	匄&丐	1	丐
包	0	包	0	包
匆	0	匆	0	匆
匇	1	匆	1	匆
匈	2	匈&胸	0	匈
匉	0	匉	0	匉
匊	0	匊	0	匊
匋	2	陶&匋	2	陶&匋
匌	0	匌	0	匌
匍	0	匍	0	匍
匎	0	匎	0	匎
匏	0	匏	0	匏
匐	0	匐	0	匐
匑	0	匑	0	匑
匒	0	匒	0	匒
匓	1	𠣿	1	𠣿
匔	1	匑	1	匑
匕	0	匕	0	匕
化	0	化	0	化
北	0	北	0	北
匘	1	腦	1	腦
匙	0	匙	0	匙
匚	2	匚&匸	0	匚
匛	1	柩	1	柩
匜	0	匜	0	匜
匝	0	匝	0	匝
匞	1	匠	1	匠
匟	2	炕&匟	0	匟
匠	0	匠	0	匠
匡	2	匡&筐	0	匡
匢	0	匢	0	匢
匣	0	匣	0	匣
匤	0	匤	0	匤
匥	1	笲	1	笲
匦	1	匭	3	
匧	1	篋	1	篋
匨	2	臧&藏&匨	2	臧&藏&匨
匩	1	匡	1	匡
匪	0	匪	0	匪
匫	1	匢	1	匢
匬	0	匬	0	匬
匭	2	匭&簋	0	匭
匮	1	匱	1	匱
匯	0	匯	0	匯
匰	0	匰	0	匰
匱	0	匱	0	匱
匲	3	籢&奩	1	奩
匳	1	奩	1	奩
匴	0	匴	0	匴
匵	1	櫝	1	櫝
匶	1	柩	1	柩
匷	0	匷	0	匷
匸	2	匚&匸	2	匚&匸
匹	0	匹	0	匹
区	1	區	1	區
医	2	醫&医	1	醫
匼	0	匼	0	匼
匽	0	匽	0	匽
匾	0	匾	0	匾
匿	0	匿	0	匿
區	0	區	0	區
十	0	十	0	十
卂	2	迅&卂	0	卂
千	2	千&韆	2	千&韆
卄	1	廿	1	廿
卅	0	卅	0	卅
卆	1	卒	1	卒
升	2	升&斗	0	升
午	0	午	0	午
卉	0	卉	0	卉
半	0	半	0	半
卋	1	世	1	世
卌	2	卌&𠦌	0	卌
卍	0	卍	0	卍
华	1	華	1	華
协	1	協	1	協
卐	1	卍	1	卍
卑	0	卑	0	卑
卒	0	卒	0	卒
卓	0	卓	0	卓
協	0	協	0	協
单	1	單	1	單
卖	1	賣	1	賣
南	0	南	0	南
単	1	單	1	單
卙	0	卙	0	卙
博	0	博	0	博
卛	1	率	1	率
卜	2	卜&蔔	0	卜
卝	3	卵&礦&丱	3	卵&礦&丱
卞	2	其&卞&亓	2	其&卞&亓
卟	0	卟	0	卟
占	0	占	0	占
卡	2	卡&弄	2	卡&弄
卢	1	盧	1	盧
卣	2	卣&鹵	0	卣
卤	3	西&滷&鹵	3	滷&鹵
卦	0	卦	0	卦
卧	1	臥	1	臥
卨	3	禼&𥜾	1	𥜾
卩	2	爺&卩	0	卩
卪	1	卩	1	卩
卫	1	衛	1	衛
卬	2	卯&卬	0	卬
卭	3	卬&邛	1	邛
卮	0	卮	0	卮
卯	0	卯	0	卯
印	0	印	0	印
危	0	危	0	危
卲	0	卲	0	卲
即	0	即	0	即
却	1	卻	1	卻
卵	0	卵	0	卵
卶	0	卶	0	卶
卷	2	卷&捲	2	卷&捲
卸	0	卸	0	卸
卹	0	卹	0	卹
卺	3	巹&𧯷	1	巹
卻	0	卻	0	卻
卼	0	卼	0	卼
卽	1	即	1	即
卾	0	卾	0	卾
卿	0	卿	0	卿
厀	1	膝	1	膝
厂	2	廠&厂	1	廠
厃	2	危&檐&厃	2	危&檐&厃
厄	2	厄&阨	0	厄
厅	1	廳	1	廳
历	3	曆&歷	3	曆&歷
厇	1	磔	1	磔
厈	3	斥&厂&𠨭	3	斥&厂&𠨭
厉	1	厲	1	厲
厊	0	厊	0	厊
压	1	壓	1	壓
厌	1	厭	1	厭
厍	1	厙	1	厙
厎	2	底&厎	2	底&厎
厏	0	厏	0	厏
厐	1	龐	3	
厑	1	厓	3	
厒	0	厒	0	厒
厓	2	厓&崖&涯&睚	3	崖&涯&睚
厔	2	庢&厔	2	庢&厔
厕	1	廁	1	廁
厖	2	龐&厖	2	龐&厖
厗	2	銻&厗	0	厗
厘	2	釐&廛&厘	2	釐&厘
厙	0	厙	0	厙
厚	0	厚	0	厚
厛	1	廳	1	廳
厜	0	厜	0	厜
厝	0	厝	0	厝
厞	0	厞	0	厞
原	0	原	0	原
厠	1	廁	1	廁
厡	3	原&源	1	原
厢	1	廂	1	廂
厣	1	厴	1	厴
厤	0	厤	0	厤
厥	0	厥	0	厥
厦	1	廈	1	廈
厧	0	厧	0	厧
厨	1	廚	1	廚
厩	1	廄	1	廄
厪	1	廑	1	廑
厫	1	廒	1	廒
厬	0	厬	0	厬
厭	2	厭&壓	0	厭
厮	1	廝	1	廝
厯	1	歷	1	歷
厰	1	廠	1	廠
厱	0	厱	0	厱
厲	0	厲	0	厲
厳	1	嚴	1	嚴
厴	0	厴	0	厴
厶	2	某&私&厶	0	厶
厷	2	厷&右&肱	3	右&肱
厸	2	鄰&厸	2	鄰&厸
厹	2	厹&叴	0	厹
厺	1	去	1	去
去	2	去&弆	0	去
厼	1	爾	3	
厽	2	累&厽	2	累&厽
厾	0	厾	0	厾
县	1	縣	1	縣
叀	2	專&叀	2	專&叀
叁	3	三&參	3	三&參
参	1	參	1	參
參	2	三&參	0	參
叄	2	三&參&叄	1	參
叅	3	參&累	1	參
叆	1	靉	3	
叇	1	靆	3	
又	0	又	0	又
叉	0	叉	0	叉
及	0	及	0	及
友	0	友	0	友
双	1	雙	1	雙
反	0	反	0	反
収	1	收	1	收
叏	1	夬	1	夬
叐	1	犮	1	犮
发	3	友&發&髮	3	發&髮
叒	1	若	1	若
叓	2	叓&事&吏	3	事&吏
叔	2	叔&掓	0	叔
叕	0	叕	0	叕
取	0	取	0	取
受	0	受	0	受
变	1	變	1	變
叙	1	敘	1	敘
叚	2	叚&假&段	3	假&段
叛	0	叛	0	叛
叜	1	叟	1	叟
叝	2	𠫳&叝	0	叝
叞	3	尉&熨	1	尉
叟	0	叟	0	叟
叠	1	疊	1	疊
叡	2	睿&叡	0	叡
叢	0	叢	0	叢
口	0	口	0	口
古	0	古	0	古
句	0	句	0	句
另	2	另&剮	2	另&剮
叧	1	剮	1	剮
叨	0	叨	0	叨
叩	0	叩	0	叩
只	2	只&隻&戠	2	只&隻
叫	0	叫	0	叫
召	0	召	0	召
叭	0	叭	0	叭
叮	0	叮	0	叮
可	0	可	0	可
台	2	台&臺&颱&檯	2	台&臺&颱&檯
叱	2	以&叱&叱	0	叱
史	0	史	0	史
右	0	右	0	右
叴	2	厹&叴	0	叴
叵	0	叵	0	叵
叶	3	協&葉	1	葉
号	1	號	1	號
司	0	司	0	司
叹	3	又&嘆&歎	3	又&嘆
叻	0	叻	0	叻
叼	0	叼	0	叼
叽	3	嘰&叴	1	嘰
叿	0	叿	0	叿
吀	2	羋&吀	2	羋&吀
吁	2	吁&籲	2	吁&籲
吂	0	吂	0	吂
吃	0	吃	0	吃
各	0	各	0	各
吅	3	喧&訟&鄰	3	喧&訟&鄰
吆	0	吆	0	吆
吇	2	唧&吇	2	唧&吇
合	2	合&閤	2	合&閤
吉	0	吉	0	吉
吊	2	吊&弔	2	吊&弔
吋	0	吋	0	吋
同	0	同	0	同
名	0	名	0	名
后	2	后&後	2	后&後
吏	0	吏	0	吏
吐	0	吐	0	吐
向	2	向&嚮	2	向&嚮
吒	0	吒	0	吒
吓	1	嚇	1	嚇
吔	0	吔	0	吔
吕	1	呂	1	呂
吖	0	吖	0	吖
吗	1	嗎	1	嗎
吘	0	吘	0	吘
吙	2	吙&㗾	2	吙&㗾
吚	3	咿&㕧	3	咿&㕧
君	0	君	0	君
吜	0	吜	0	吜
吝	0	吝	0	吝
吞	0	吞	0	吞
吟	0	吟	0	吟
吠	0	吠	0	吠
吡	0	吡	0	吡
吢	1	𢙈	1	𢙈
吣	3	唚&𢙈	1	𢙈
吤	0	吤	0	吤
吥	2	否&吥	2	否&吥
否	0	否	0	否
吧	0	吧	0	吧
吨	2	噸&訰&吨	1	噸
吩	2	吩&噴	2	吩&噴
吪	2	訛&吪	0	吪
含	0	含	0	含
听	2	聽&听&𠲻	1	聽
吭	0	吭	0	吭
吮	0	吮	0	吮
启	3	啟&呇	1	啟
吰	0	吰	0	吰
吱	2	吱&𦧉	2	吱&𦧉
吲	3	哂&弞	3	哂&弞
吳	0	吳	0	吳
吴	3	吞&吳	1	吳
吵	0	吵	0	吵
吶	0	吶	0	吶
吷	2	吷&歠	2	吷&歠
吸	0	吸	0	吸
吹	0	吹	0	吹
吺	2	嚅&吺	0	吺
吻	0	吻	0	吻
吼	0	吼	0	吼
吽	2	吼&吽	2	吼&吽
吾	0	吾	0	吾
吿	1	告	1	告
呀	0	呀	0	呀
呁	0	呁	0	呁
呂	0	呂	0	呂
呃	0	呃	0	呃
呄	0	呄	0	呄
呅	2	吻&呅	2	吻&呅
呆	2	呆&梅	2	呆&梅
呇	0	呇	0	呇
呈	0	呈	0	呈
呉	1	吳	1	吳
告	0	告	0	告
呋	1	趺	1	趺
呌	1	叫	1	叫
呍	0	呍	0	呍
呎	0	呎	0	呎
呏	0	呏	0	呏
呐	3	吶&訥	1	吶
呑	1	吞	1	吞
呒	1	嘸	1	嘸
呓	1	囈	1	囈
呔	0	呔	0	呔
呕	1	嘔	1	嘔
呖	1	嚦	1	嚦
呗	1	唄	1	唄
员	1	員	1	員
呙	1	咼	1	咼
呚	3	㕮&𦧉	1	𦧉
呛	1	嗆	1	嗆
呜	1	嗚	1	嗚
呝	2	呝&呃	1	呃
呞	1	齝	1	齝
呟	0	呟	0	呟
呠	2	噴&呠	2	噴&呠
呡	2	吻&呡	2	吻&呡
呢	0	呢	0	呢
呣	2	謀&呣	2	謀&呣
呤	0	呤	0	呤
呥	0	呥	0	呥
呦	0	呦	0	呦
呧	2	詆&呧	0	呧
周	2	周&週	0	周
呩	1	嗜	1	嗜
呪	1	咒	1	咒
呫	0	呫	0	呫
呬	0	呬	0	呬
呭	1	詍	1	詍
呮	0	呮	0	呮
呯	0	呯	0	呯
呰	2	些&呰	2	些&呰
呱	0	呱	0	呱
呲	2	飺&呲	2	飺&呲
味	0	味	0	味
呴	2	吼&呴&吽	0	呴
呵	0	呵	0	呵
呶	0	呶	0	呶
呷	0	呷	0	呷
呸	0	呸	0	呸
呹	0	呹	0	呹
呺	2	號&呺	0	呺
呻	0	呻	0	呻
呼	0	呼	0	呼
命	0	命	0	命
呾	0	呾	0	呾
呿	0	呿	0	呿
咀	2	咀&嘴	2	咀&嘴
咁	0	咁	0	咁
咂	0	咂	0	咂
咃	0	咃	0	咃
咄	0	咄	0	咄
咅	2	咅&㕻	0	咅
咆	0	咆	0	咆
咇	0	咇	0	咇
咈	0	咈	0	咈
咉	0	咉	0	咉
咊	3	和&𠰓	1	和
咋	0	咋	0	咋
和	2	和&私	0	和
咍	0	咍	0	咍
咎	0	咎	0	咎
咏	1	詠	1	詠
咐	0	咐	0	咐
咑	0	咑	0	咑
咒	2	兕&咒	2	兕&咒
咓	0	咓	0	咓
咔	2	哢&𠱚&咔	2	哢&𠱚&咔
咕	0	咕	0	咕
咖	0	咖	0	咖
咘	0	咘	0	咘
咙	1	嚨	1	嚨
咚	0	咚	0	咚
咛	1	嚀	1	嚀
咝	1	噝	3	
咞	2	咞&哯	1	哯
咟	1	㗲	1	㗲
咠	0	咠	0	咠
咡	2	咡&㖇	2	咡&㖇
咢	0	咢	0	咢
咣	0	咣	0	咣
咤	3	吒&詫	1	吒
咥	0	咥	0	咥
咦	0	咦	0	咦
咧	0	咧	0	咧
咨	0	咨	0	咨
咩	2	羋&咩	0	咩
咪	2	咪&羋	2	咪&羋
咫	0	咫	0	咫
咬	0	咬	0	咬
咭	0	咭	0	咭
咮	0	咮	0	咮
咯	0	咯	0	咯
咰	2	詢&咰	2	詢&咰
咱	0	咱	0	咱
咲	1	笑	1	笑
咳	0	咳	0	咳
咴	0	咴	0	咴
咵	2	誇&咵	2	誇&咵
咶	2	舐&話&咶&聒	0	咶
咷	0	咷	0	咷
咸	2	咸&鹹	2	咸&鹹
咹	0	咹	0	咹
咺	0	咺	0	咺
咻	2	休&咻	2	休&咻
咼	2	咼&剮	0	咼
咽	2	咽&嚥	2	咽&嚥
咾	0	咾	0	咾
咿	0	咿	0	咿
哀	0	哀	0	哀
品	0	品	0	品
哂	2	哂&弞	0	哂
哃	0	哃	0	哃
哄	2	哄&鬨	0	哄
哅	2	哅&詾	0	哅
哆	0	哆	0	哆
哇	0	哇	0	哇
哈	0	哈	0	哈
哉	0	哉	0	哉
哊	2	唷&哊	2	唷&哊
哌	1	呱	1	呱
响	1	響	1	響
哎	0	哎	0	哎
哏	0	哏	0	哏
哐	0	哐	0	哐
哑	1	啞	1	啞
哒	1	噠	1	噠
哓	1	嘵	3	
哔	1	嗶	1	嗶
哕	1	噦	1	噦
哖	0	哖	0	哖
哗	1	嘩	1	嘩
哙	1	噲	3	
哚	0	哚	0	哚
哜	1	嚌	3	
哝	1	噥	1	噥
哞	0	哞	0	哞
哟	1	喲	1	喲
哠	0	哠	0	哠
員	0	員	0	員
哢	0	哢	0	哢
哣	1	咅	1	咅
哤	0	哤	0	哤
哥	0	哥	0	哥
哦	0	哦	0	哦
哧	2	嚇&哧	2	嚇&哧
哨	0	哨	0	哨
哩	0	哩	0	哩
哪	0	哪	0	哪
哫	0	哫	0	哫
哬	2	呵&哬&𧨂	2	呵&哬&𧨂
哭	0	哭	0	哭
哮	0	哮	0	哮
哯	2	叫&哯	0	哯
哰	1	嘮	1	嘮
哱	2	悖&哱&誖	2	悖&哱&誖
哲	0	哲	0	哲
哳	0	哳	0	哳
哴	2	喨&哴	2	喨&哴
哵	0	哵	0	哵
哶	1	羋	1	羋
哷	2	哷&𠷈	2	哷&𠷈
哸	2	嗺&哸	0	哸
哹	0	哹	0	哹
哺	0	哺	0	哺
哻	2	鼾&哻	1	鼾
哼	0	哼	0	哼
哽	0	哽	0	哽
哾	2	歠&哾	2	歠&哾
哿	0	哿	0	哿
唀	2	誘&唀	2	誘&唀
唁	0	唁	0	唁
唂	0	唂	0	唂
唃	2	唂&唃	2	唂&唃
唄	0	唄	0	唄
唅	0	唅	0	唅
唆	0	唆	0	唆
唇	2	脣&唇	0	唇
唈	0	唈	0	唈
唉	0	唉	0	唉
唊	0	唊	0	唊
唋	0	唋	0	唋
唌	2	誕&唌	2	誕&唌
唍	2	莞&唍	2	莞&唍
唎	0	唎	0	唎
唏	2	唏&欷	2	唏&欷
唐	0	唐	0	唐
唑	2	噬&唑	2	噬&唑
唒	0	唒	0	唒
唓	0	唓	0	唓
唔	0	唔	0	唔
唕	0	唕	0	唕
唖	1	啞	1	啞
唗	0	唗	0	唗
唘	1	啟	1	啟
唙	1	嘀	1	嘀
唚	0	唚	0	唚
唛	1	嘜	1	嘜
唝	1	嗊	1	嗊
唠	1	嘮	1	嘮
唡	1	啢	1	啢
唢	1	嗩	1	嗩
唣	1	唕	3	
唤	1	喚	1	喚
唦	0	唦	0	唦
唧	0	唧	0	唧
唩	0	唩	0	唩
唪	0	唪	0	唪
唫	2	吟&唫	0	唫
唬	0	唬	0	唬
唭	0	唭	0	唭
售	0	售	0	售
唯	0	唯	0	唯
唰	0	唰	0	唰
唱	0	唱	0	唱
唲	0	唲	0	唲
唳	0	唳	0	唳
唴	0	唴	0	唴
唵	0	唵	0	唵
唶	2	咋&唶	2	咋&唶
唷	2	唷&喅	2	唷&喅
唸	0	唸	0	唸
唹	0	唹	0	唹
唺	1	哯	1	哯
唻	0	唻	0	唻
唼	0	唼	0	唼
唽	3	哳&𠴭	3	哳&𠴭
唾	0	唾	0	唾
唿	1	啒	1	啒
啀	0	啀	0	啀
啁	0	啁	0	啁
啂	0	啂	0	啂
啃	0	啃	0	啃
啄	0	啄	0	啄
啅	0	啅	0	啅
商	0	商	0	商
啇	0	啇	0	啇
啈	2	㖕&啈&䛭	2	㖕&啈&䛭
啉	0	啉	0	啉
啊	0	啊	0	啊
啋	0	啋	0	啋
啌	2	啌&㾤	2	啌&㾤
啍	0	啍	0	啍
啎	0	啎	0	啎
問	0	問	0	問
啐	0	啐	0	啐
啑	2	嚏&啑	0	啑
啒	0	啒	0	啒
啓	1	啟	1	啟
啔	1	啟	1	啟
啕	0	啕	0	啕
啖	0	啖	0	啖
啗	2	啖&啗	0	啗
啘	0	啘	0	啘
啙	1	呰	1	呰
啚	3	圖&鄙	3	圖&鄙
啛	0	啛	0	啛
啜	0	啜	0	啜
啝	2	𠰓&啝	0	啝
啞	0	啞	0	啞
啟	0	啟	0	啟
啠	1	哲	1	哲
啡	2	呸&啡	2	呸&啡
啢	0	啢	0	啢
啣	2	啣&銜	0	啣
啤	0	啤	0	啤
啥	0	啥	0	啥
啦	0	啦	0	啦
啧	1	嘖	1	嘖
啨	0	啨	0	啨
啪	0	啪	0	啪
啫	1	嗜	1	嗜
啬	1	嗇	1	嗇
啭	1	囀	1	囀
啮	3	齧&嚙	1	嚙
啯	1	嘓	3	
啰	1	囉	1	囉
啳	1	顴	1	顴
啴	1	嘽	3	
啵	0	啵	0	啵
啶	0	啶	0	啶
啷	0	啷	0	啷
啸	1	嘯	1	嘯
啺	1	唐	1	唐
啻	0	啻	0	啻
啼	0	啼	0	啼
啽	0	啽	0	啽
啾	0	啾	0	啾
啿	0	啿	0	啿
喀	0	喀	0	喀
喁	0	喁	0	喁
喂	2	喂&餵	0	喂
喃	0	喃	0	喃
善	0	善	0	善
喅	0	喅	0	喅
喆	1	哲	1	哲
喇	0	喇	0	喇
喈	0	喈	0	喈
喉	0	喉	0	喉
喊	0	喊	0	喊
喋	0	喋	0	喋
喌	0	喌	0	喌
喍	0	喍	0	喍
喎	2	咼&喎	0	喎
喏	2	諾&喏	0	喏
喐	2	㖪&喐&𠸹	2	喐&𠸹
喑	0	喑	0	喑
喒	0	喒	0	喒
喓	0	喓	0	喓
喔	0	喔	0	喔
喕	0	喕	0	喕
喖	0	喖	0	喖
喗	2	𠱜&喗	0	喗
喘	0	喘	0	喘
喙	0	喙	0	喙
喚	0	喚	0	喚
喛	2	喚&喛	2	喚&喛
喜	0	喜	0	喜
喝	0	喝	0	喝
喞	1	唧	1	唧
喟	0	喟	0	喟
喠	0	喠	0	喠
喡	0	喡	0	喡
喢	0	喢	0	喢
喣	0	喣	0	喣
喤	0	喤	0	喤
喥	2	吒&喥	2	吒&喥
喦	2	喦&嵒	0	喦
喧	0	喧	0	喧
喨	0	喨	0	喨
喩	3	喻&諭	1	喻
喪	0	喪	0	喪
喫	0	喫	0	喫
喬	0	喬	0	喬
喭	2	唁&諺&喭	0	喭
單	0	單	0	單
喯	1	噴	1	噴
喱	0	喱	0	喱
喲	0	喲	0	喲
喳	0	喳	0	喳
喴	0	喴	0	喴
喵	0	喵	0	喵
営	1	營	1	營
喷	1	噴	1	噴
喻	2	喻&諭	0	喻
喽	1	嘍	1	嘍
喾	1	嚳	1	嚳
喿	2	參&鍬&喿	0	喿
嗀	0	嗀	0	嗀
嗁	1	啼	1	啼
嗂	0	嗂	0	嗂
嗃	0	嗃	0	嗃
嗄	0	嗄	0	嗄
嗅	0	嗅	0	嗅
嗆	0	嗆	0	嗆
嗇	0	嗇	0	嗇
嗈	0	嗈	0	嗈
嗉	0	嗉	0	嗉
嗊	0	嗊	0	嗊
嗋	0	嗋	0	嗋
嗌	0	嗌	0	嗌
嗍	2	嗽&嗍	2	嗽&嗍
嗎	2	嗎&罵	0	嗎
嗏	0	嗏	0	嗏
嗐	0	嗐	0	嗐
嗑	0	嗑	0	嗑
嗒	0	嗒	0	嗒
嗓	0	嗓	0	嗓
嗔	0	嗔	0	嗔
嗕	0	嗕	0	嗕
嗖	0	嗖	0	嗖
嗗	0	嗗	0	嗗
嗘	0	嗘	0	嗘
嗙	0	嗙	0	嗙
嗚	0	嗚	0	嗚
嗛	0	嗛	0	嗛
嗜	0	嗜	0	嗜
嗝	2	嗝&㗆	2	嗝&㗆
嗞	0	嗞	0	嗞
嗟	2	嗟&𧪘	0	嗟
嗠	1	酪	1	酪
嗡	0	嗡	0	嗡
嗢	0	嗢	0	嗢
嗣	0	嗣	0	嗣
嗤	0	嗤	0	嗤
嗥	0	嗥	0	嗥
嗦	0	嗦	0	嗦
嗨	0	嗨	0	嗨
嗩	0	嗩	0	嗩
嗪	0	嗪	0	嗪
嗫	1	囁	1	囁
嗬	1	呵	3	
嗯	0	嗯	0	嗯
嗲	0	嗲	0	嗲
嗳	1	噯	1	噯
嗴	0	嗴	3	
嗶	0	嗶	0	嗶
嗷	0	嗷	0	嗷
嗸	1	嗷	1	嗷
嗹	2	謰&嗹	0	嗹
嗺	0	嗺	0	嗺
嗻	0	嗻	0	嗻
嗼	0	嗼	0	嗼
嗽	0	嗽	0	嗽
嗾	0	嗾	0	嗾
嗿	0	嗿	0	嗿
嘀	0	嘀	0	嘀
嘁	0	嘁	0	嘁
嘂	2	叫&嘂	0	嘂
嘃	0	嘃	0	嘃
嘄	2	叫&嘄	0	嘄
嘆	0	嘆	0	嘆
嘇	0	嘇	0	嘇
嘈	0	嘈	0	嘈
嘉	0	嘉	0	嘉
嘊	1	啀	1	啀
嘋	2	哮&嘋	1	哮
嘌	0	嘌	0	嘌
嘍	0	嘍	0	嘍
嘎	0	嘎	0	嘎
嘏	0	嘏	0	嘏
嘐	0	嘐	0	嘐
嘑	2	嘑&謼	1	謼
嘒	0	嘒	0	嘒
嘓	0	嘓	0	嘓
嘔	2	嘔&歐	0	嘔
嘕	0	嘕	0	嘕
嘖	0	嘖	0	嘖
嘗	0	嘗	0	嘗
嘘	0	嘘	0	嘘
嘙	0	嘙	0	嘙
嘚	0	嘚	0	嘚
嘛	0	嘛	0	嘛
嘜	0	嘜	0	嘜
嘝	0	嘝	0	嘝
嘞	0	嘞	0	嘞
嘟	0	嘟	0	嘟
嘠	1	嘎	3	
嘤	1	嚶	1	嚶
嘦	0	嘦	0	嘦
嘧	0	嘧	0	嘧
嘨	1	嘯	1	嘯
嘩	2	嘩&譁	0	嘩
嘪	2	羋&嘪	0	嘪
嘫	1	然	1	然
嘬	0	嘬	0	嘬
嘭	0	嘭	0	嘭
嘮	0	嘮	0	嘮
嘯	0	嘯	0	嘯
嘰	0	嘰	0	嘰
嘱	1	囑	1	囑
嘲	0	嘲	0	嘲
嘳	2	喟&嘳	0	嘳
嘴	2	嘴&觜&㭰	0	嘴
嘵	0	嘵	0	嘵
嘶	0	嘶	0	嘶
嘷	1	嗥	1	嗥
嘸	0	嘸	0	嘸
嘹	0	嘹	0	嘹
嘺	0	嘺	0	嘺
嘻	0	嘻	0	嘻
嘼	0	嘼	0	嘼
嘽	0	嘽	0	嘽
嘾	0	嘾	0	嘾
嘿	2	嘿&默	2	嘿&默
噀	2	噀&潠	0	噀
噁	0	噁	0	噁
噂	0	噂	0	噂
噃	0	噃	0	噃
噄	1	喫	1	喫
噅	0	噅	0	噅
噆	2	咂&噆	0	噆
噇	2	噇&䭚	0	噇
噈	0	噈	0	噈
噉	2	啖&噉	2	啖&噉
噊	0	噊	0	噊
噋	1	啍	1	啍
噌	0	噌	0	噌
噍	2	嚼&噍	2	嚼&噍
噎	0	噎	0	噎
噏	3	吸&歙	3	吸&歙
噐	1	器	1	器
噑	1	嗥	1	嗥
噒	1	𦧴	1	𦧴
噓	1	嘘	1	嘘
噔	0	噔	0	噔
噕	1	噅	1	噅
噖	1	吟	1	吟
噗	0	噗	0	噗
噘	0	噘	0	噘
噙	0	噙	0	噙
噚	0	噚	0	噚
噛	1	嚙	1	嚙
噜	1	嚕	1	嚕
噝	0	噝	3	
噞	0	噞	0	噞
噟	1	應	1	應
噠	0	噠	0	噠
噡	3	詹&譫	3	詹&譫
噢	0	噢	0	噢
噣	0	噣	0	噣
噤	0	噤	0	噤
噥	0	噥	0	噥
噦	0	噦	0	噦
噧	0	噧	0	噧
器	0	器	0	器
噩	0	噩	0	噩
噪	2	噪&喿	0	噪
噫	0	噫	0	噫
噬	0	噬	0	噬
噭	2	叫&噭	2	叫&噭
噮	0	噮	0	噮
噯	0	噯	0	噯
噰	0	噰	0	噰
噱	0	噱	0	噱
噲	2	噌&噲	0	噲
噳	0	噳	0	噳
噴	0	噴	0	噴
噵	2	噵&道	1	道
噶	0	噶	0	噶
噷	0	噷	0	噷
噸	0	噸	0	噸
噹	0	噹	0	噹
噻	0	噻	0	噻
噼	1	劈	3	
噽	1	嚭	1	嚭
噾	2	喑&噾	0	噾
噿	2	嘴&噿	2	嘴&噿
嚀	0	嚀	0	嚀
嚁	0	嚁	0	嚁
嚂	2	喊&嚂&懢	0	嚂
嚃	0	嚃	0	嚃
嚄	0	嚄	0	嚄
嚅	0	嚅	0	嚅
嚆	0	嚆	0	嚆
嚇	0	嚇	0	嚇
嚈	0	嚈	0	嚈
嚉	1	咄	1	咄
嚊	2	嗅&呬&嚊	2	嗅&呬&嚊
嚋	3	疇&譸&㿧	3	疇&譸&㿧
嚌	0	嚌	0	嚌
嚍	0	嚍	0	嚍
嚎	0	嚎	0	嚎
嚏	0	嚏	0	嚏
嚐	2	嘗&嚐	0	嚐
嚓	0	嚓	0	嚓
嚔	1	嚏	1	嚏
嚕	0	嚕	0	嚕
嚖	1	嘒	1	嘒
嚗	0	嚗	0	嚗
嚘	0	嚘	0	嚘
嚙	2	咬&齧&嚙	2	咬&齧&嚙
嚚	0	嚚	0	嚚
嚛	0	嚛	0	嚛
嚜	0	嚜	0	嚜
嚝	0	嚝	0	嚝
嚞	1	哲	1	哲
嚟	0	嚟	0	嚟
嚠	2	嚠&瀏	1	瀏
嚢	1	囊	3	
嚣	1	囂	1	囂
嚥	0	嚥	0	嚥
嚦	0	嚦	0	嚦
嚧	0	嚧	0	嚧
嚨	0	嚨	0	嚨
嚩	0	嚩	0	嚩
嚪	2	啖&嚪	1	啖
嚫	0	嚫	0	嚫
嚬	0	嚬	0	嚬
嚭	0	嚭	0	嚭
嚮	0	嚮	0	嚮
嚯	1	謔	1	謔
嚱	0	嚱	0	嚱
嚲	0	嚲	0	嚲
嚳	0	嚳	0	嚳
嚴	0	嚴	0	嚴
嚵	0	嚵	0	嚵
嚶	0	嚶	0	嚶
嚷	0	嚷	0	嚷
嚸	1	點	3	
嚺	1	嚃	3	
嚻	1	囂	1	囂
嚼	0	嚼	0	嚼
嚽	2	啜&嚽	1	啜
嚾	2	喚&嚾	2	喚&嚾
嚿	2	嚄&嚿	2	嚄&嚿
囀	0	囀	0	囀
囁	0	囁	0	囁
囂	0	囂	0	囂
囃	0	囃	0	囃
囅	0	囅	0	囅
囆	0	囆	0	囆
囇	1	㘑	1	㘑
囈	2	囈&寱	0	囈
囉	0	囉	0	囉
囊	0	囊	0	囊
囋	0	囋	0	囋
囌	0	囌	0	囌
囍	0	囍	0	囍
囏	1	艱	1	艱
囐	2	唁&囋&讞&囐	0	囐
囑	0	囑	0	囑
囒	1	㘓	1	㘓
囓	2	囓&齧	2	囓&齧
囔	0	囔	0	囔
囕	1	咥	3	
囖	1	囉	3	
囗	0	囗	0	囗
囘	1	回	1	回
囙	1	因	1	因
囚	0	囚	0	囚
四	0	四	0	四
囜	0	囜	0	囜
囝	0	囝	0	囝
回	2	回&迴	2	回&迴
囟	0	囟	0	囟
因	0	因	0	因
囡	2	囡&㘝	2	囡&㘝
团	3	囚&團&糰	3	團&糰
団	1	團	1	團
囤	0	囤	0	囤
囥	0	囥	0	囥
囦	2	囦&淵	1	淵
囧	0	囧	0	囧
囩	0	囩	0	囩
囪	2	囪&窗	0	囪
囫	0	囫	0	囫
囬	1	回	1	回
园	3	園&圓&團&刓	1	園
囮	0	囮	0	囮
囯	1	國	1	國
困	2	困&睏	2	困&睏
囱	3	囪&窗	1	囪
囲	2	圍&囲	2	圍&囲
図	1	圖	1	圖
围	1	圍	1	圍
囵	1	圇	1	圇
囶	1	國	1	國
囷	0	囷	0	囷
囸	2	囸&日	1	日
囹	0	囹	0	囹
固	0	固	0	固
囻	1	國	1	國
囼	1	胎	1	胎
国	1	國	1	國
图	1	圖	1	圖
囿	0	囿	0	囿
圀	1	國	1	國
圁	0	圁	0	圁
圂	0	圂	0	圂
圃	0	圃	0	圃
圄	0	圄	0	圄
圅	1	函	1	函
圆	1	圓	1	圓
圇	0	圇	0	圇
圈	0	圈	0	圈
圉	0	圉	0	圉
圊	0	圊	0	圊
國	0	國	0	國
圌	0	圌	0	圌
圍	0	圍	0	圍
圎	1	圓	1	圓
圏	1	圈	1	圈
圐	0	圐	0	圐
圑	2	圃&圑	1	圃
園	0	園	0	園
圓	0	圓	0	圓
圔	0	圔	0	圔
圖	0	圖	0	圖
圗	1	圖	1	圖
團	0	團	0	團
圙	0	圙	0	圙
圚	0	圚	0	圚
圛	0	圛	0	圛
圜	0	圜	0	圜
圝	0	圝	0	圝
圞	2	圞&圝	0	圞
土	2	土&士	0	土
圠	2	圠&瘞	0	圠
圡	1	土	1	土
圢	2	町&圢	2	町&圢
圣	2	聖&圣	1	聖
圤	1	墣	1	墣
圥	2	圥&𡴆	0	圥
圧	1	壓	1	壓
在	0	在	0	在
圩	0	圩	0	圩
圪	0	圪	0	圪
圫	1	墺	1	墺
圬	2	圬&杇	2	圬&杇
圭	0	圭	0	圭
圮	0	圮	0	圮
圯	2	圯&圮	0	圯
地	0	地	0	地
圱	2	俗&阡&圱	0	圱
圲	1	圱	1	圱
圳	0	圳	0	圳
圴	2	均&圴	2	均&圴
圵	0	圵	0	圵
圶	0	圶	0	圶
圹	1	壙	1	壙
场	1	場	1	場
圻	2	垠&圻	2	垠&圻
圼	2	圼&㘿	1	㘿
圽	2	殁&歾&圽	1	殁
圾	0	圾	0	圾
圿	0	圿	0	圿
址	0	址	0	址
坁	0	坁	0	坁
坂	1	阪	1	阪
坃	1	壎	1	壎
坄	2	垼&坄	0	坄
坅	0	坅	0	坅
坆	3	墳&梅	3	墳&梅
均	0	均	0	均
坈	2	坑&坈	2	坑&坈
坉	0	坉	0	坉
坊	0	坊	0	坊
坋	2	坌&坋	0	坋
坌	0	坌	0	坌
坍	0	坍	0	坍
坎	0	坎	0	坎
坏	2	坏&壞&坯	1	壞
坐	0	坐	0	坐
坑	2	坑&阬	0	坑
坒	2	陛&坒	2	陛&坒
坓	3	型&阱	3	型&阱
坔	1	地	1	地
坕	1	經	1	經
坖	1	忌	1	忌
块	1	塊	1	塊
坘	1	坻	1	坻
坙	1	巠	1	巠
坚	1	堅	1	堅
坛	3	壇&罈	3	壇&罈
坜	1	壢	1	壢
坝	1	壩	1	壩
坞	1	塢	1	塢
坟	1	墳	1	墳
坠	1	墜	1	墜
坡	0	坡	0	坡
坢	0	坢	0	坢
坣	1	堂	1	堂
坤	0	坤	0	坤
坥	0	坥	0	坥
坦	0	坦	0	坦
坧	1	墌	1	墌
坨	0	坨	0	坨
坩	0	坩	0	坩
坪	0	坪	0	坪
坫	0	坫	0	坫
坬	0	坬	0	坬
坭	0	坭	0	坭
坮	1	臺	1	臺
坯	2	坏&壞&坯&岯	0	坯
坰	0	坰	0	坰
坱	0	坱	0	坱
坲	0	坲	0	坲
坳	0	坳	0	坳
坴	0	坴	0	坴
坵	2	丘&坵&坻	0	坵
坶	0	坶	0	坶
坷	0	坷	0	坷
坸	2	坸&垢	1	垢
坹	0	坹	0	坹
坺	2	坺&墢	2	坺&墢
坻	0	坻	0	坻
坼	0	坼	0	坼
坽	0	坽	0	坽
坾	0	坾	0	坾
坿	2	附&坿	2	附&坿
垀	0	垀	0	垀
垁	2	雉&垁	0	垁
垂	0	垂	0	垂
垃	0	垃	0	垃
垄	1	壟	1	壟
垅	1	壟	3	
垆	1	壚	1	壚
垇	1	坳	1	坳
型	0	型	0	型
垌	0	垌	0	垌
垍	0	垍	0	垍
垎	0	垎	0	垎
垏	0	垏	0	垏
垐	2	垐&堲	1	堲
垑	0	垑	0	垑
垒	2	壘&星&垒	1	壘
垓	0	垓	0	垓
垔	0	垔	0	垔
垕	2	厚&垕	2	厚&垕
垖	1	堆	1	堆
垗	0	垗	0	垗
垘	0	垘	0	垘
垙	0	垙	0	垙
垚	2	堯&垚	2	堯&垚
垛	0	垛	0	垛
垜	1	垛	1	垛
垝	0	垝	0	垝
垞	2	宅&垞	2	宅&垞
垟	0	垟	0	垟
垠	0	垠	0	垠
垡	0	垡	0	垡
垢	0	垢	0	垢
垣	0	垣	0	垣
垤	0	垤	0	垤
垥	0	垥	0	垥
垦	3	垠&墾	1	墾
垧	1	坰	1	坰
垨	3	守&坾	1	坾
垩	3	堊&聖	1	堊
垪	1	墻	3	
垫	1	墊	1	墊
垬	0	垬	0	垬
垭	1	埡	3	
垮	0	垮	0	垮
垯	1	墶	3	
垱	1	壋	3	
垲	1	塏	3	
垴	0	垴	0	垴
垵	0	垵	0	垵
垶	0	垶	0	垶
垷	0	垷	0	垷
垸	0	垸	0	垸
垹	0	垹	0	垹
垺	2	培&垺&郛	2	培&垺&郛
垻	2	壩&垻	2	壩&垻
垼	2	垼&坄	0	垼
垽	0	垽	0	垽
垾	1	岸	1	岸
垿	0	垿	0	垿
埀	1	垂	1	垂
埁	2	岑&埁	2	岑&埁
埂	0	埂	0	埂
埃	0	埃	0	埃
埄	2	埲&埄	2	埲&埄
埅	2	埅&地&坊&防	3	地&坊&防
埆	2	埆&确	2	埆&确
埇	0	埇	0	埇
埈	1	峻	1	峻
埉	0	埉	0	埉
埊	1	地	1	地
埋	0	埋	0	埋
埌	0	埌	0	埌
埍	0	埍	0	埍
城	0	城	0	城
埏	0	埏	0	埏
埐	0	埐	0	埐
埑	1	哲	1	哲
埒	0	埒	0	埒
埓	1	埒	1	埒
埔	0	埔	0	埔
埕	0	埕	0	埕
埘	1	塒	3	
埙	1	塤	1	塤
埚	1	堝	1	堝
埛	1	坰	1	坰
埜	2	野&埜	2	野&埜
埝	2	墊&埝	2	墊&埝
埞	3	堤&隄	1	隄
域	0	域	0	域
埠	0	埠	0	埠
埡	2	堊&塢&埡	0	埡
埢	0	埢	0	埢
埣	0	埣	0	埣
埤	0	埤	0	埤
埥	0	埥	0	埥
埦	2	碗&埦	2	碗&埦
埧	2	壩&埧	2	壩&埧
埨	2	埨&陯	1	陯
埩	0	埩	0	埩
埪	0	埪	0	埪
埫	0	埫	0	埫
埬	2	埬&堜	0	埬
埭	0	埭	0	埭
埮	2	罈&埮	2	罈&埮
埯	0	埯	0	埯
埰	0	埰	0	埰
埱	0	埱	0	埱
埲	0	埲	0	埲
埳	0	埳	0	埳
埴	0	埴	0	埴
埵	0	埵	0	埵
埶	2	勢&藝&埶	0	埶
執	0	執	0	執
埸	0	埸	0	埸
培	0	培	0	培
基	0	基	0	基
埻	0	埻	0	埻
埼	2	碕&埼	0	埼
埽	2	掃&埽	2	掃&埽
埾	0	埾	0	埾
埿	2	埿&泥	1	泥
堀	2	窟&堀	0	堀
堁	0	堁	0	堁
堂	0	堂	0	堂
堃	1	坤	1	坤
堄	0	堄	0	堄
堅	0	堅	0	堅
堆	2	堆&𠂤	0	堆
堇	0	堇	0	堇
堈	2	缸&堈	0	堈
堉	0	堉	0	堉
堊	0	堊	0	堊
堋	0	堋	0	堋
堌	0	堌	0	堌
堍	0	堍	0	堍
堎	0	堎	0	堎
堐	0	堐	0	堐
堑	1	塹	1	塹
堒	3	昆&䖵	1	䖵
堓	1	岸	3	
堕	1	墮	1	墮
堖	1	腦	1	腦
堗	0	堗	0	堗
堘	1	塍	1	塍
堙	2	垔&堙	0	堙
堚	2	堚&𡍦	1	𡍦
堛	0	堛	0	堛
堜	0	堜	0	堜
堝	0	堝	0	堝
堞	0	堞	0	堞
堟	0	堟	0	堟
堠	0	堠	0	堠
堡	0	堡	0	堡
堢	2	堢&堡	1	堡
堣	0	堣	0	堣
堤	0	堤	0	堤
堥	0	堥	0	堥
堦	1	階	1	階
堧	2	堧&壖	2	堧&壖
堨	0	堨	0	堨
堩	0	堩	0	堩
堪	0	堪	0	堪
堫	0	堫	0	堫
堬	0	堬	0	堬
堭	2	隍&堭	0	堭
堮	0	堮	0	堮
堯	0	堯	0	堯
堰	0	堰	0	堰
報	0	報	0	報
堲	0	堲	0	堲
堳	0	堳	0	堳
場	2	場&塲	0	場
堵	0	堵	0	堵
堶	0	堶	0	堶
堷	0	堷	0	堷
堸	0	堸	0	堸
堹	0	堹	0	堹
堺	1	界	1	界
堻	0	堻	0	堻
堼	0	堼	0	堼
堽	2	岡&堽	0	堽
堾	1	踳	1	踳
堿	2	堿&㙳	2	堿&㙳
塃	0	塃	0	塃
塄	0	塄	0	塄
塅	0	塅	0	塅
塆	1	壪	3	
塈	0	塈	0	塈
塉	0	塉	0	塉
塊	0	塊	0	塊
塋	0	塋	0	塋
塌	0	塌	0	塌
塍	0	塍	0	塍
塎	0	塎	0	塎
塏	0	塏	0	塏
塐	1	塑	1	塑
塑	0	塑	0	塑
塒	0	塒	0	塒
塓	0	塓	0	塓
塔	2	塔&𡌩	0	塔
塕	0	塕	0	塕
塖	1	塍	1	塍
塗	0	塗	0	塗
塘	0	塘	0	塘
塙	0	塙	0	塙
塚	2	冢&塚	2	冢&塚
塛	0	塛	0	塛
塜	3	冢&塚&塳	1	塳
塝	0	塝	0	塝
塞	0	塞	0	塞
塟	1	葬	1	葬
塠	3	堆&磓	3	堆&磓
塡	1	填	1	填
塢	0	塢	0	塢
塣	0	塣	0	塣
塤	2	塤&壎	0	塤
塥	0	塥	0	塥
塦	1	陣	1	陣
塧	2	隘&塧	1	隘
塨	0	塨	0	塨
塩	1	鹽	1	鹽
塪	1	埳	1	埳
填	0	填	0	填
塬	0	塬	0	塬
塭	0	塭	0	塭
塯	0	塯	0	塯
塱	0	塱	0	塱
塲	2	場&塲	0	塲
塳	0	塳	0	塳
塴	2	堋&塴	0	塴
塵	0	塵	0	塵
塶	0	塶	0	塶
塷	3	滷&鹵	1	鹵
塸	2	區&軀&塸	0	塸
塹	0	塹	0	塹
塺	0	塺	0	塺
塻	0	塻	0	塻
塼	0	塼	0	塼
塽	0	塽	0	塽
塾	0	塾	0	塾
塿	0	塿	0	塿
墀	0	墀	0	墀
墁	2	鏝&墁	0	墁
墂	2	標&墂	0	墂
境	0	境	0	境
墄	0	墄	0	墄
墅	0	墅	0	墅
墆	0	墆	0	墆
墇	2	障&墇	1	障
墈	0	墈	0	墈
墉	0	墉	0	墉
墊	0	墊	0	墊
墋	0	墋	0	墋
墌	0	墌	0	墌
墍	1	塈	1	塈
墎	2	𩫖&郭&墎	2	郭&墎
墏	0	墏	0	墏
墐	0	墐	0	墐
墑	0	墑	0	墑
墒	0	墒	0	墒
墓	0	墓	0	墓
墔	0	墔	0	墔
墕	1	堰	1	堰
墖	1	塔	1	塔
増	1	增	1	增
墘	0	墘	0	墘
墙	1	牆	1	牆
墚	0	墚	0	墚
墜	0	墜	0	墜
墝	0	墝	0	墝
增	0	增	0	增
墟	0	墟	0	墟
墠	0	墠	0	墠
墡	0	墡	0	墡
墢	2	坺&垡&墢	0	墢
墣	0	墣	0	墣
墤	2	墤&塊&隤	3	塊&隤
墥	2	畽&墥	2	畽&墥
墦	0	墦	0	墦
墧	3	橋&塙	3	橋&塙
墨	0	墨	0	墨
墩	0	墩	0	墩
墪	1	墩	1	墩
墫	2	樽&蹲&墫	2	樽&墫
墬	0	墬	0	墬
墭	0	墭	0	墭
墮	0	墮	0	墮
墯	2	墮&墯	0	墯
墰	2	墰&罈	1	罈
墱	0	墱	0	墱
墲	0	墲	0	墲
墳	0	墳	0	墳
墴	1	堭	1	堭
墵	3	壜&罈	1	罈
墶	0	墶	3	
墷	0	墷	0	墷
墸	1	躇	3	
墹	1	坰	3	
墺	0	墺	0	墺
墻	2	墻&牆	1	牆
墼	0	墼	0	墼
墽	2	墽&磽	0	墽
墾	0	墾	0	墾
墿	0	墿	0	墿
壀	1	埤	1	埤
壁	0	壁	0	壁
壂	0	壂	0	壂
壃	1	疆	1	疆
壄	3	𡐨&野	1	野
壅	0	壅	0	壅
壆	0	壆	0	壆
壇	0	壇	0	壇
壈	0	壈	0	壈
壉	0	壉	0	壉
壊	1	壞	1	壞
壋	0	壋	3	
壌	1	壤	1	壤
壍	1	塹	1	塹
壎	0	壎	0	壎
壏	0	壏	0	壏
壐	1	璽	1	璽
壑	0	壑	0	壑
壒	0	壒	0	壒
壓	0	壓	0	壓
壔	0	壔	0	壔
壕	0	壕	0	壕
壖	2	堧&壖	0	壖
壗	0	壗	3	
壘	0	壘	0	壘
壙	0	壙	0	壙
壚	0	壚	0	壚
壛	0	壛	0	壛
壜	2	壜&罈	1	罈
壝	0	壝	0	壝
壞	0	壞	0	壞
壟	0	壟	0	壟
壠	1	壟	1	壟
壡	2	壡&叡	1	叡
壢	2	壢&𡐰	0	壢
壣	0	壣	0	壣
壤	0	壤	0	壤
壥	1	廛	1	廛
壦	1	壎	1	壎
壧	2	巖&壧	0	壧
壨	2	壘&壨	2	壘&壨
壩	0	壩	0	壩
壪	0	壪	3	
士	2	土&士	2	土&士
壬	2	壬&王	2	壬&王
壮	1	壯	1	壯
壯	0	壯	0	壯
声	3	磬&聲	1	聲
壱	1	壹	1	壹
売	1	賣	1	賣
壳	1	殼	1	殼
壴	0	壴	0	壴
壵	1	壯	1	壯
壶	3	壺&壼	1	壼
壷	1	壺	1	壺
壸	1	壼	3	
壹	2	一&壹	0	壹
壺	0	壺	0	壺
壻	2	壻&婿	1	婿
壼	0	壼	0	壼
壽	0	壽	0	壽
壾	0	壾	0	壾
壿	0	壿	0	壿
夀	1	壽	1	壽
夁	1	壹	1	壹
夂	2	終&夂&夊	2	終&夂&夊
夃	0	夃	0	夃
处	1	處	1	處
夅	1	降	1	降
夆	0	夆	0	夆
备	3	備&𤰈	1	備
夈	1	齋	1	齋
変	1	變	1	變
夊	0	夊	0	夊
夋	0	夋	0	夋
夌	0	夌	0	夌
复	2	復&複&复	3	復&複
夎	0	夎	0	夎
夏	0	夏	0	夏
夐	1	敻	1	敻
夑	1	燮	3	
夒	0	夒	0	夒
夓	1	夏	1	夏
夔	0	夔	0	夔
夕	2	夕&穸	2	夕&穸
外	0	外	0	外
夗	2	鴛&夗	2	鴛&夗
夘	3	卯&外&卬&夗&𠨍	3	卯&外&卬&夗&𠨍
夙	0	夙	0	夙
多	0	多	0	多
夛	1	多	1	多
夜	0	夜	0	夜
夝	2	晴&夝	0	夝
够	1	夠	1	夠
夠	0	夠	0	夠
夡	2	夡&𡖾	2	夡&𡖾
夢	0	夢	0	夢
夣	1	夢	1	夢
夤	0	夤	0	夤
夥	0	夥	0	夥
夦	0	夦	0	夦
大	0	大	0	大
夨	0	夨	0	夨
天	0	天	0	天
太	0	太	0	太
夫	0	夫	0	夫
夬	0	夬	0	夬
夭	0	夭	0	夭
央	0	央	0	央
夯	0	夯	0	夯
夰	0	夰	0	夰
失	0	失	0	失
夲	2	本&夲	0	夲
夳	3	太&泰	3	太&泰
头	1	頭	1	頭
夵	0	夵	0	夵
夶	1	比	1	比
夷	0	夷	0	夷
夸	2	夸&誇	2	夸&誇
夹	1	夾	1	夾
夺	1	奪	1	奪
夼	0	夼	0	夼
夽	0	夽	0	夽
夾	2	夾&㚒	0	夾
夿	0	夿	0	夿
奀	0	奀	0	奀
奁	1	奩	1	奩
奂	0	奂	3	
奃	0	奃	0	奃
奄	0	奄	0	奄
奅	0	奅	0	奅
奆	0	奆	0	奆
奇	0	奇	0	奇
奈	0	奈	0	奈
奉	0	奉	0	奉
奊	0	奊	0	奊
奋	2	奮&奋&㽘	1	奮
奌	1	點	1	點
奍	1	養	1	養
奎	0	奎	0	奎
奏	0	奏	0	奏
奐	2	奂&奐&煥	2	奐&煥
契	0	契	0	契
奒	0	奒	0	奒
奓	2	奢&奓	0	奓
奔	0	奔	0	奔
奕	0	奕	0	奕
奖	1	獎	1	獎
套	0	套	0	套
奘	0	奘	0	奘
奙	1	畚	1	畚
奚	0	奚	0	奚
奛	2	爌&奛&奣	1	爌
奜	2	斐&奜	2	斐&奜
奝	2	㚋&奝	1	㚋
奞	0	奞	0	奞
奟	0	奟	0	奟
奠	0	奠	0	奠
奡	0	奡	0	奡
奢	0	奢	0	奢
奣	0	奣	0	奣
奤	2	奤&𩔈	2	奤&𩔈
奥	0	奥	0	奥
奦	0	奦	0	奦
奧	1	奥	1	奥
奨	1	獎	1	獎
奩	0	奩	0	奩
奪	0	奪	0	奪
奫	0	奫	0	奫
奬	1	獎	1	獎
奭	0	奭	0	奭
奮	0	奮	0	奮
奯	0	奯	0	奯
奰	0	奰	0	奰
奱	0	奱	0	奱
奲	0	奲	0	奲
女	0	女	0	女
奴	0	奴	0	奴
奵	0	奵	0	奵
奶	0	奶	0	奶
奷	0	奷	0	奷
奸	0	奸	0	奸
她	2	她&姐	2	她&姐
奺	3	𡚮&𡚰	1	𡚰
奻	0	奻	0	奻
奼	0	奼	0	奼
好	0	好	0	好
奾	0	奾	0	奾
奿	0	奿	0	奿
妀	0	妀	0	妀
妁	0	妁	0	妁
如	0	如	0	如
妃	0	妃	0	妃
妄	0	妄	0	妄
妅	0	妅	0	妅
妆	1	妝	1	妝
妇	1	婦	3	
妈	1	媽	1	媽
妉	2	妉&媅	1	媅
妊	0	妊	0	妊
妋	0	妋	0	妋
妌	0	妌	0	妌
妍	0	妍	0	妍
妎	0	妎	0	妎
妏	0	妏	0	妏
妐	0	妐	0	妐
妑	2	妃&妑	2	妃&妑
妒	0	妒	0	妒
妓	0	妓	0	妓
妔	0	妔	0	妔
妕	0	妕	0	妕
妖	0	妖	0	妖
妗	0	妗	0	妗
妘	0	妘	0	妘
妙	0	妙	0	妙
妚	2	妚&胚&嬛	3	胚&嬛
妛	1	媸	1	媸
妜	0	妜	0	妜
妝	0	妝	0	妝
妞	2	妞&𡚽	0	妞
妟	0	妟	0	妟
妠	0	妠	0	妠
妡	0	妡	0	妡
妢	0	妢	0	妢
妣	0	妣	0	妣
妤	0	妤	0	妤
妥	0	妥	0	妥
妦	0	妦	0	妦
妧	0	妧	0	妧
妨	0	妨	0	妨
妩	1	嫵	1	嫵
妪	1	嫗	1	嫗
妫	1	嬀	3	
妬	1	妒	1	妒
妭	0	妭	0	妭
妮	0	妮	0	妮
妯	0	妯	0	妯
妰	0	妰	0	妰
妱	0	妱	0	妱
妲	0	妲	0	妲
妳	2	妳&嬭	2	妳&嬭
妴	2	婉&妴	2	婉&妴
妵	0	妵	0	妵
妶	2	妶&娹&㜅	2	妶&娹&㜅
妷	3	姪&劮	3	姪&劮
妸	1	婀	1	婀
妹	0	妹	0	妹
妺	0	妺	0	妺
妻	0	妻	0	妻
妼	0	妼	0	妼
妽	0	妽	0	妽
妾	0	妾	0	妾
妿	0	妿	0	妿
姀	0	姀	0	姀
姁	0	姁	0	姁
姂	0	姂	0	姂
姃	0	姃	0	姃
姄	0	姄	0	姄
姅	0	姅	0	姅
姆	0	姆	0	姆
姇	0	姇	0	姇
姈	0	姈	0	姈
姉	1	姊	1	姊
姊	0	姊	0	姊
始	0	始	0	始
姌	0	姌	0	姌
姍	0	姍	0	姍
姎	0	姎	0	姎
姏	0	姏	0	姏
姐	0	姐	0	姐
姑	0	姑	0	姑
姒	0	姒	0	姒
姓	0	姓	0	姓
委	0	委	0	委
姕	2	姿&姕	2	姿&姕
姖	2	姬&姖	2	姬&姖
姗	1	姍	1	姍
姘	0	姘	0	姘
姙	1	妊	1	妊
姚	0	姚	0	姚
姛	0	姛	0	姛
姜	2	姜&薑	0	姜
姝	0	姝	0	姝
姞	0	姞	0	姞
姟	2	孩&姟	2	孩&姟
姠	0	姠	0	姠
姡	0	姡	0	姡
姢	1	娟	1	娟
姣	0	姣	0	姣
姤	2	妒&姤	2	妒&姤
姥	0	姥	0	姥
姦	0	姦	0	姦
姧	3	奸&姦	1	姦
姨	0	姨	0	姨
姩	0	姩	0	姩
姪	0	姪	0	姪
姫	2	姬&姫	2	姬&姫
姬	0	姬	0	姬
姭	0	姭	0	姭
姮	0	姮	0	姮
姯	0	姯	0	姯
姰	0	姰	0	姰
姱	0	姱	0	姱
姲	0	姲	0	姲
姳	0	姳	0	姳
姴	0	姴	0	姴
姵	0	姵	0	姵
姶	0	姶	0	姶
姷	0	姷	0	姷
姸	1	妍	1	妍
姹	1	奼	1	奼
姺	0	姺	0	姺
姻	0	姻	0	姻
姼	2	妓&姼&媞	2	妓&姼&媞
姽	0	姽	0	姽
姾	0	姾	0	姾
姿	0	姿	0	姿
娀	0	娀	0	娀
威	0	威	0	威
娂	1	妅	1	妅
娃	0	娃	0	娃
娄	1	婁	1	婁
娅	1	婭	1	婭
娆	1	嬈	1	嬈
娇	1	嬌	1	嬌
娈	1	孌	1	孌
娉	0	娉	0	娉
娊	0	娊	0	娊
娋	0	娋	0	娋
娌	0	娌	0	娌
娍	0	娍	0	娍
娎	0	娎	0	娎
娏	0	娏	0	娏
娐	0	娐	0	娐
娑	0	娑	0	娑
娒	3	侮&姆	3	侮&姆
娓	0	娓	0	娓
娔	1	𡞢	1	𡞢
娕	0	娕	0	娕
娖	0	娖	0	娖
娗	0	娗	0	娗
娘	0	娘	0	娘
娙	0	娙	0	娙
娚	3	喃&甥&嫐	3	喃&甥&嫐
娛	0	娛	0	娛
娜	0	娜	0	娜
娝	0	娝	0	娝
娞	0	娞	0	娞
娟	0	娟	0	娟
娠	0	娠	0	娠
娡	0	娡	0	娡
娢	0	娢	0	娢
娣	0	娣	0	娣
娤	1	妝	1	妝
娥	0	娥	0	娥
娦	1	嬪	1	嬪
娧	0	娧	0	娧
娨	0	娨	0	娨
娩	0	娩	0	娩
娪	0	娪	0	娪
娫	0	娫	0	娫
娬	1	嫵	1	嫵
娭	0	娭	0	娭
娮	0	娮	0	娮
娯	1	娛	1	娛
娰	1	姒	1	姒
娱	1	娛	1	娛
娲	1	媧	1	媧
娳	0	娳	0	娳
娴	1	嫻	1	嫻
娵	0	娵	0	娵
娶	0	娶	0	娶
娷	2	娷&諈	2	娷&諈
娸	0	娸	0	娸
娹	0	娹	0	娹
娺	0	娺	0	娺
娻	0	娻	0	娻
娼	0	娼	0	娼
娽	0	娽	0	娽
娾	0	娾	0	娾
娿	1	婀	1	婀
婀	0	婀	0	婀
婁	0	婁	0	婁
婂	2	婂&嬵	1	嬵
婃	0	婃	0	婃
婄	0	婄	0	婄
婅	0	婅	0	婅
婆	0	婆	0	婆
婇	0	婇	0	婇
婈	0	婈	0	婈
婉	0	婉	0	婉
婊	0	婊	0	婊
婋	0	婋	0	婋
婌	0	婌	0	婌
婍	0	婍	0	婍
婎	2	倠&婎	0	婎
婏	1	嬎	1	嬎
婐	0	婐	0	婐
婑	2	婐&婑	2	婐&婑
婒	0	婒	0	婒
婓	2	妃&婓	0	婓
婔	1	婓	1	婓
婕	0	婕	0	婕
婖	0	婖	0	婖
婗	0	婗	0	婗
婘	2	眷&婘	0	婘
婙	2	婧&婙	1	婧
婚	0	婚	0	婚
婛	0	婛	0	婛
婜	0	婜	0	婜
婝	0	婝	0	婝
婞	0	婞	0	婞
婟	0	婟	0	婟
婠	0	婠	0	婠
婡	0	婡	0	婡
婢	0	婢	0	婢
婣	2	婣&姻	1	姻
婤	0	婤	0	婤
婥	0	婥	0	婥
婦	0	婦	0	婦
婧	0	婧	0	婧
婨	0	婨	0	婨
婩	0	婩	0	婩
婪	0	婪	0	婪
婫	0	婫	0	婫
婬	0	婬	0	婬
婭	0	婭	0	婭
婮	0	婮	0	婮
婯	1	麗	1	麗
婰	0	婰	0	婰
婱	1	娹	1	娹
婳	1	嫿	1	嫿
婴	1	嬰	1	嬰
婵	1	嬋	1	嬋
婶	1	嬸	1	嬸
婷	0	婷	0	婷
婸	0	婸	0	婸
婹	2	偠&婹	0	婹
婺	0	婺	0	婺
婻	0	婻	0	婻
婼	0	婼	0	婼
婽	0	婽	0	婽
婾	1	媮	1	媮
婿	0	婿	0	婿
媀	2	偶&媀	2	偶&媀
媁	0	媁	0	媁
媂	0	媂	0	媂
媃	0	媃	0	媃
媄	0	媄	0	媄
媅	0	媅	0	媅
媆	2	媆&嫩&軟	3	嫩&軟
媇	1	親	1	親
媈	0	媈	0	媈
媉	0	媉	0	媉
媊	0	媊	0	媊
媋	0	媋	0	媋
媌	0	媌	0	媌
媍	1	婦	1	婦
媎	2	姐&媎	1	姐
媏	0	媏	0	媏
媐	0	媐	0	媐
媑	0	媑	0	媑
媒	0	媒	0	媒
媓	0	媓	0	媓
媔	0	媔	0	媔
媕	0	媕	0	媕
媖	0	媖	0	媖
媗	0	媗	0	媗
媘	0	媘	0	媘
媙	0	媙	0	媙
媚	0	媚	0	媚
媛	0	媛	0	媛
媜	0	媜	0	媜
媝	0	媝	0	媝
媞	0	媞	0	媞
媟	0	媟	0	媟
媠	3	惰&嫷	1	嫷
媡	0	媡	0	媡
媢	0	媢	0	媢
媣	0	媣	0	媣
媤	1	㚸	1	㚸
媥	0	媥	0	媥
媦	0	媦	0	媦
媧	0	媧	0	媧
媨	2	𡞜&媨	1	𡞜
媩	0	媩	0	媩
媪	0	媪	0	媪
媫	1	婕	1	婕
媬	2	保&媬	0	媬
媭	1	嬃	3	
媮	0	媮	0	媮
媯	1	嬀	1	嬀
媰	0	媰	0	媰
媱	0	媱	0	媱
媲	0	媲	0	媲
媳	0	媳	0	媳
媴	0	媴	0	媴
媵	0	媵	0	媵
媶	0	媶	0	媶
媷	0	媷	0	媷
媸	0	媸	0	媸
媹	0	媹	0	媹
媺	2	美&媺	0	媺
媻	0	媻	0	媻
媼	1	媪	1	媪
媽	0	媽	0	媽
媾	0	媾	0	媾
媿	2	愧&媿	2	愧&媿
嫀	2	嫀&㜪	2	嫀&㜪
嫁	0	嫁	0	嫁
嫂	0	嫂	0	嫂
嫃	0	嫃	0	嫃
嫄	0	嫄	0	嫄
嫅	0	嫅	0	嫅
嫆	0	嫆	0	嫆
嫇	0	嫇	0	嫇
嫈	0	嫈	0	嫈
嫉	0	嫉	0	嫉
嫊	0	嫊	0	嫊
嫋	2	嬝&嫋	0	嫋
嫌	0	嫌	0	嫌
嫍	0	嫍	0	嫍
嫎	0	嫎	0	嫎
嫏	0	嫏	0	嫏
嫐	0	嫐	0	嫐
嫒	1	嬡	1	嬡
嫔	1	嬪	1	嬪
嫕	2	嫕&瘱	0	嫕
嫖	0	嫖	0	嫖
嫗	0	嫗	0	嫗
嫘	0	嫘	0	嫘
嫙	0	嫙	0	嫙
嫚	0	嫚	0	嫚
嫛	2	嫕&嫛	0	嫛
嫜	0	嫜	0	嫜
嫝	0	嫝	0	嫝
嫞	0	嫞	0	嫞
嫟	0	嫟	0	嫟
嫠	0	嫠	0	嫠
嫡	0	嫡	0	嫡
嫢	0	嫢	0	嫢
嫣	0	嫣	0	嫣
嫤	0	嫤	0	嫤
嫥	0	嫥	0	嫥
嫦	0	嫦	0	嫦
嫧	0	嫧	0	嫧
嫨	0	嫨	0	嫨
嫩	0	嫩	0	嫩
嫪	0	嫪	0	嫪
嫫	0	嫫	0	嫫
嫬	0	嫬	0	嫬
嫭	2	婟&嫭	0	嫭
嫮	2	嫮&嫭	0	嫮
嫯	2	傲&嫯	0	嫯
嫰	1	嫩	1	嫩
嫱	1	嬙	1	嬙
嫳	0	嫳	0	嫳
嫴	0	嫴	0	嫴
嫵	0	嫵	0	嫵
嫶	0	嫶	0	嫶
嫷	0	嫷	0	嫷
嫸	0	嫸	0	嫸
嫹	2	媌&嫹	0	嫹
嫺	2	嫺&嫻	1	嫻
嫻	0	嫻	0	嫻
嫼	0	嫼	0	嫼
嫽	0	嫽	0	嫽
嫾	0	嫾	0	嫾
嫿	0	嫿	0	嫿
嬀	0	嬀	0	嬀
嬁	0	嬁	0	嬁
嬂	0	嬂	0	嬂
嬃	0	嬃	0	嬃
嬄	0	嬄	0	嬄
嬅	0	嬅	0	嬅
嬆	0	嬆	0	嬆
嬇	0	嬇	0	嬇
嬈	0	嬈	0	嬈
嬉	0	嬉	0	嬉
嬊	1	嬿	1	嬿
嬋	0	嬋	0	嬋
嬌	0	嬌	0	嬌
嬍	1	美	1	美
嬎	2	𡢎&嬎	0	嬎
嬏	0	嬏	0	嬏
嬐	2	僸&嬐	0	嬐
嬑	0	嬑	0	嬑
嬒	0	嬒	0	嬒
嬓	0	嬓	0	嬓
嬔	3	𡢎&嬎	1	嬎
嬕	0	嬕	0	嬕
嬖	0	嬖	0	嬖
嬗	0	嬗	0	嬗
嬘	0	嬘	0	嬘
嬙	0	嬙	0	嬙
嬚	0	嬚	0	嬚
嬛	0	嬛	0	嬛
嬜	0	嬜	0	嬜
嬝	0	嬝	0	嬝
嬞	0	嬞	0	嬞
嬟	0	嬟	0	嬟
嬠	0	嬠	0	嬠
嬡	0	嬡	0	嬡
嬢	1	孃	1	孃
嬣	0	嬣	0	嬣
嬤	0	嬤	0	嬤
嬥	0	嬥	0	嬥
嬦	0	嬦	0	嬦
嬧	0	嬧	0	嬧
嬨	0	嬨	0	嬨
嬩	0	嬩	0	嬩
嬪	0	嬪	0	嬪
嬫	0	嬫	0	嬫
嬬	0	嬬	0	嬬
嬭	0	嬭	0	嬭
嬮	2	靨&嬮	2	靨&嬮
嬯	0	嬯	0	嬯
嬰	0	嬰	0	嬰
嬱	1	㜞	1	㜞
嬲	0	嬲	0	嬲
嬳	0	嬳	0	嬳
嬴	0	嬴	0	嬴
嬵	0	嬵	0	嬵
嬷	1	嬤	1	嬤
嬸	0	嬸	0	嬸
嬹	0	嬹	0	嬹
嬺	1	嫟	1	嫟
嬻	0	嬻	0	嬻
嬼	0	嬼	0	嬼
嬽	0	嬽	0	嬽
嬾	2	懶&嬾	0	嬾
嬿	0	嬿	0	嬿
孀	0	孀	0	孀
孁	0	孁	0	孁
孂	0	孂	0	孂
孃	0	孃	0	孃
孄	2	孄&懶&嬾	3	懶&嬾
孅	0	孅	0	孅
孆	1	嬰	1	嬰
孇	0	孇	0	孇
孈	0	孈	0	孈
孉	2	孉&歡&婘	3	歡&婘
孊	0	孊	0	孊
孋	0	孋	0	孋
孌	0	孌	0	孌
孍	0	孍	0	孍
孎	2	娕&孎	0	孎
孏	1	嬾	1	嬾
子	0	子	0	子
孑	0	孑	0	孑
孒	2	孓&孒	0	孒
孓	0	孓	0	孓
孔	0	孔	0	孔
孕	0	孕	0	孕
孖	0	孖	0	孖
字	0	字	0	字
存	0	存	0	存
孙	1	孫	1	孫
孚	0	孚	0	孚
孛	0	孛	0	孛
孜	0	孜	0	孜
孝	0	孝	0	孝
孞	1	信	1	信
孟	0	孟	0	孟
孠	1	嗣	1	嗣
孡	2	胎&孡	1	胎
孢	0	孢	0	孢
季	0	季	0	季
孤	0	孤	0	孤
孥	0	孥	0	孥
学	3	學&孛	1	學
孧	1	孺	3	
孨	2	孨&孴	2	孨&孴
孩	2	咳&孩	0	孩
孪	1	孿	1	孿
孫	0	孫	0	孫
孬	0	孬	0	孬
孮	0	孮	0	孮
孯	2	掔&孯	1	掔
孰	0	孰	0	孰
孱	0	孱	0	孱
孲	0	孲	0	孲
孳	0	孳	0	孳
孴	0	孴	0	孴
孵	0	孵	0	孵
孶	1	孳	1	孳
孷	0	孷	0	孷
學	0	學	0	學
孹	1	擘	1	擘
孺	0	孺	0	孺
孻	0	孻	0	孻
孼	1	孽	1	孽
孽	0	孽	0	孽
孾	1	嬰	1	嬰
孿	0	孿	0	孿
宀	0	宀	0	宀
宁	2	寧&宁	1	寧
宂	3	冗&穴	1	冗
它	2	佗&它&牠&蛇	0	它
宄	2	究&宄	0	宄
宅	0	宅	0	宅
宆	1	穹	1	穹
宇	0	宇	0	宇
守	0	守	0	守
安	0	安	0	安
宊	2	家&突&宊	2	家&突&宊
宋	0	宋	0	宋
完	0	完	0	完
宍	2	宍&肉	1	肉
宎	0	宎	0	宎
宏	0	宏	0	宏
宐	1	宜	1	宜
宑	1	穽	3	
宒	0	宒	0	宒
宓	0	宓	0	宓
宔	2	宔&砫	1	砫
宕	0	宕	0	宕
宖	0	宖	0	宖
宗	0	宗	0	宗
官	0	官	0	官
宙	0	宙	0	宙
定	0	定	0	定
宛	0	宛	0	宛
宜	0	宜	0	宜
宝	1	寶	1	寶
实	1	實	1	實
実	1	實	1	實
宠	1	寵	1	寵
审	1	審	1	審
客	0	客	0	客
宣	0	宣	0	宣
室	0	室	0	室
宥	0	宥	0	宥
宦	0	宦	0	宦
宧	0	宧	0	宧
宨	2	兆&窕&宨	2	兆&窕&宨
宩	3	審&屎	1	屎
宪	1	憲	1	憲
宫	1	宮	1	宮
宬	0	宬	0	宬
宭	0	宭	0	宭
宮	0	宮	0	宮
宯	0	宯	0	宯
宰	0	宰	0	宰
宱	0	宱	0	宱
宲	3	實&寶&𡧖&賲	3	實&寶&𡧖&賲
害	0	害	0	害
宴	0	宴	0	宴
宵	0	宵	0	宵
家	2	傢&家	0	家
宷	3	審&寀	3	審&寀
宸	0	宸	0	宸
容	0	容	0	容
宺	2	𡧽&宺	0	宺
宻	1	密	1	密
宼	1	寇	1	寇
宽	1	寬	1	寬
宾	1	賓	1	賓
宿	0	宿	0	宿
寀	0	寀	0	寀
寁	0	寁	0	寁
寂	0	寂	0	寂
寃	1	冤	1	冤
寄	0	寄	0	寄
寅	0	寅	0	寅
密	0	密	0	密
寇	0	寇	0	寇
寈	1	青	1	青
寉	3	鶴&隺	1	隺
寊	0	寊	0	寊
寋	0	寋	0	寋
富	0	富	0	富
寍	2	寧&寍	0	寍
寎	2	窉&寎	0	寎
寏	2	院&寏	0	寏
寐	0	寐	0	寐
寑	2	寢&寑	2	寢&寑
寒	0	寒	0	寒
寓	0	寓	0	寓
寔	0	寔	0	寔
寕	1	寧	1	寧
寖	2	浸&寖	0	寖
寗	1	甯	1	甯
寘	0	寘	0	寘
寙	0	寙	0	寙
寚	1	寶	1	寶
寛	1	寬	1	寬
寜	1	寧	1	寧
寝	1	寢	1	寢
寞	0	寞	0	寞
察	0	察	0	察
寠	0	寠	0	寠
寡	0	寡	0	寡
寢	0	寢	0	寢
寣	0	寣	0	寣
寤	0	寤	0	寤
寥	0	寥	0	寥
實	0	實	0	實
寧	0	寧	0	寧
寨	0	寨	0	寨
審	0	審	0	審
寪	0	寪	0	寪
寫	0	寫	0	寫
寬	0	寬	0	寬
寭	0	寭	0	寭
寮	0	寮	0	寮
寯	0	寯	0	寯
寰	0	寰	0	寰
寱	0	寱	0	寱
寲	0	寲	0	寲
寳	1	寶	1	寶
寴	0	寴	0	寴
寵	0	寵	0	寵
寶	0	寶	0	寶
寷	0	寷	0	寷
寸	0	寸	0	寸
对	1	對	1	對
寺	0	寺	0	寺
寻	1	尋	1	尋
导	1	導	1	導
寽	1	捋	1	捋
対	1	對	1	對
寿	1	壽	1	壽
尀	0	尀	0	尀
封	0	封	0	封
専	1	專	1	專
尃	0	尃	0	尃
射	0	射	0	射
尅	1	剋	1	剋
将	1	將	1	將
將	0	將	0	將
專	0	專	0	專
尉	2	尉&熨	0	尉
尊	0	尊	0	尊
尋	0	尋	0	尋
尌	0	尌	0	尌
對	0	對	0	對
導	0	導	0	導
小	0	小	0	小
尐	2	少&尐	2	少&尐
少	0	少	0	少
尒	2	爾&尒	1	爾
尓	3	爾&尒	1	尒
尔	2	爾&尔	1	爾
尕	0	尕	0	尕
尖	0	尖	0	尖
尗	1	菽	1	菽
尘	1	塵	1	塵
尙	1	尚	1	尚
尚	0	尚	0	尚
尛	1	麼	1	麼
尝	3	嘗&嚐&專	1	嘗
尞	2	尞&燎	1	燎
尟	0	尟	0	尟
尠	1	尟	1	尟
尢	2	尤&尢	0	尢
尣	1	尢	1	尢
尤	0	尤	0	尤
尥	0	尥	0	尥
尦	1	尥	1	尥
尧	1	堯	1	堯
尨	2	龍&尨	0	尨
尩	1	尪	1	尪
尪	0	尪	0	尪
尫	1	尪	1	尪
尬	0	尬	0	尬
尭	1	堯	3	
尯	0	尯	0	尯
尰	2	瘇&尰	0	尰
就	0	就	0	就
尲	0	尲	3	
尳	0	尳	0	尳
尴	1	尷	3	
尵	0	尵	0	尵
尶	1	尷	1	尷
尷	0	尷	0	尷
尸	2	尸&屍	2	尸&屍
尹	0	尹	0	尹
尺	0	尺	0	尺
尻	0	尻	0	尻
尼	0	尼	0	尼
尽	3	儘&盡	3	儘&盡
尾	0	尾	0	尾
尿	0	尿	0	尿
局	0	局	0	局
屁	0	屁	0	屁
层	1	層	1	層
屃	1	屭	1	屭
屄	0	屄	0	屄
居	0	居	0	居
屆	0	屆	0	屆
屇	0	屇	0	屇
屈	0	屈	0	屈
屉	2	屜&屉	1	屜
届	1	屆	1	屆
屋	0	屋	0	屋
屌	0	屌	0	屌
屍	0	屍	0	屍
屎	0	屎	0	屎
屏	0	屏	0	屏
屐	0	屐	0	屐
屑	0	屑	0	屑
屒	0	屒	0	屒
屓	3	眉&屭&贔&㞒	1	㞒
屔	0	屔	0	屔
展	0	展	0	展
屖	2	犀&屖	2	犀&屖
屘	0	屘	0	屘
屙	0	屙	0	屙
屚	2	漏&屚	2	漏&屚
屛	1	屏	1	屏
屜	2	屜&屧	0	屜
屝	2	扉&屝	2	扉&屝
属	1	屬	1	屬
屟	2	屟&屜&屧	3	屜&屧
屠	0	屠	0	屠
屡	1	屢	1	屢
屢	0	屢	0	屢
屣	2	屣&蹝	0	屣
層	0	層	0	層
履	0	履	0	履
屦	1	屨	1	屨
屧	0	屧	0	屧
屨	0	屨	0	屨
屩	0	屩	0	屩
屪	0	屪	0	屪
屫	1	屩	1	屩
屬	0	屬	0	屬
屭	0	屭	0	屭
屮	2	草&屮&艸	0	屮
屯	0	屯	0	屯
屰	0	屰	0	屰
山	0	山	0	山
屳	2	仙&屳	1	仙
屴	0	屴	0	屴
屵	2	𠨲&屵	2	𠨲&屵
屶	1	會	1	會
屷	1	會	3	
屸	0	屸	0	屸
屹	0	屹	0	屹
屺	0	屺	0	屺
屻	0	屻	0	屻
屼	0	屼	0	屼
屽	3	岸&𡷛	3	岸&𡷛
屾	0	屾	0	屾
屿	1	嶼	3	
岀	1	出	1	出
岁	1	歲	1	歲
岂	1	豈	1	豈
岄	0	岄	0	岄
岅	1	阪	1	阪
岆	2	岆&崾	2	岆&崾
岇	0	岇	0	岇
岈	0	岈	0	岈
岉	0	岉	0	岉
岊	0	岊	0	岊
岋	0	岋	0	岋
岌	0	岌	0	岌
岍	0	岍	0	岍
岎	0	岎	0	岎
岏	0	岏	0	岏
岐	0	岐	0	岐
岑	0	岑	0	岑
岒	0	岒	0	岒
岓	0	岓	0	岓
岔	0	岔	0	岔
岕	2	𡵚&岕	1	𡵚
岖	1	嶇	1	嶇
岗	1	崗	1	崗
岘	1	峴	1	峴
岙	1	嶴	3	
岚	1	嵐	1	嵐
岛	1	島	1	島
岜	0	岜	0	岜
岝	0	岝	0	岝
岞	1	岝	1	岝
岟	0	岟	0	岟
岠	0	岠	0	岠
岡	0	岡	0	岡
岢	0	岢	0	岢
岣	0	岣	0	岣
岤	2	穴&岤	0	岤
岥	2	坡&岥	1	坡
岦	0	岦	0	岦
岧	0	岧	0	岧
岨	2	阻&岨	0	岨
岩	2	岩&巖	0	岩
岪	0	岪	0	岪
岫	0	岫	0	岫
岬	0	岬	0	岬
岭	2	嶺&岭	1	嶺
岮	2	陀&岮	2	陀&岮
岯	0	岯	0	岯
岰	0	岰	0	岰
岱	0	岱	0	岱
岲	0	岲	0	岲
岳	2	岳&嶽	2	岳&嶽
岴	1	嶇	1	嶇
岵	0	岵	0	岵
岶	0	岶	0	岶
岷	0	岷	0	岷
岸	0	岸	0	岸
岹	1	岧	1	岧
岺	3	嶺&岭	1	岭
岻	2	㞴&岻	0	岻
岽	1	崠	3	
岾	1	岵	3	
岿	1	巋	3	
峀	3	岫&邦	1	邦
峁	0	峁	0	峁
峃	1	嶨	1	嶨
峄	1	嶧	3	
峆	0	峆	0	峆
峇	0	峇	0	峇
峈	0	峈	0	峈
峉	0	峉	0	峉
峊	2	阜&峊&𡴎	2	阜&峊&𡴎
峋	0	峋	0	峋
峌	2	峌&嵽	0	峌
峍	0	峍	0	峍
峎	0	峎	0	峎
峏	0	峏	0	峏
峐	0	峐	0	峐
峑	0	峑	0	峑
峒	0	峒	0	峒
峓	0	峓	0	峓
峔	0	峔	0	峔
峕	1	旹	3	
峖	0	峖	0	峖
峗	0	峗	0	峗
峘	0	峘	0	峘
峙	0	峙	0	峙
峚	0	峚	0	峚
峛	0	峛	0	峛
峜	2	計&峜	0	峜
峝	3	洞&峒	1	峒
峞	2	峗&峞&嵬	2	峗&峞&嵬
峟	0	峟	0	峟
峠	1	𡶛	3	
峡	1	峽	1	峽
峢	1	峛	1	峛
峣	1	嶢	3	
峤	1	嶠	1	嶠
峥	1	崢	1	崢
峦	1	巒	1	巒
峨	0	峨	0	峨
峩	1	峨	1	峨
峪	0	峪	0	峪
峫	0	峫	0	峫
峬	0	峬	0	峬
峭	0	峭	0	峭
峮	0	峮	0	峮
峯	1	峰	1	峰
峰	0	峰	0	峰
峱	0	峱	0	峱
峲	2	峛&峲	2	峛&峲
峳	0	峳	0	峳
峴	0	峴	0	峴
峵	1	嶸	1	嶸
島	0	島	0	島
峷	0	峷	0	峷
峸	0	峸	0	峸
峹	2	嵞&峹	1	嵞
峺	0	峺	0	峺
峻	0	峻	0	峻
峼	2	峼&𡷥	1	𡷥
峽	0	峽	0	峽
峾	0	峾	0	峾
峿	0	峿	0	峿
崀	0	崀	0	崀
崁	0	崁	0	崁
崂	1	嶗	1	嶗
崃	1	崍	1	崍
崄	1	嶮	3	
崆	0	崆	0	崆
崇	0	崇	0	崇
崈	1	崇	1	崇
崉	0	崉	0	崉
崊	0	崊	0	崊
崋	0	崋	0	崋
崌	0	崌	0	崌
崍	0	崍	0	崍
崎	0	崎	0	崎
崏	2	岷&崏	1	岷
崐	1	崑	1	崑
崑	0	崑	0	崑
崒	0	崒	0	崒
崓	1	崮	1	崮
崔	2	崔&嵟	0	崔
崕	1	崖	1	崖
崖	0	崖	0	崖
崗	2	岡&崗	0	崗
崘	1	崙	1	崙
崙	0	崙	0	崙
崚	0	崚	0	崚
崛	0	崛	0	崛
崜	0	崜	0	崜
崝	2	崢&崝	2	崢&崝
崞	0	崞	0	崞
崟	0	崟	0	崟
崠	0	崠	0	崠
崡	0	崡	0	崡
崢	0	崢	0	崢
崣	0	崣	0	崣
崤	0	崤	0	崤
崥	0	崥	0	崥
崦	0	崦	0	崦
崧	2	嵩&崧	0	崧
崨	2	崨&㠎	0	崨
崩	0	崩	0	崩
崪	1	崒	1	崒
崫	3	崛&𡼿	3	崛&𡼿
崬	0	崬	0	崬
崭	1	嶄	1	嶄
崮	0	崮	0	崮
崯	1	崟	1	崟
崰	0	崰	0	崰
崱	0	崱	0	崱
崲	0	崲	0	崲
崳	0	崳	0	崳
崴	0	崴	0	崴
崵	0	崵	0	崵
崶	0	崶	0	崶
崷	0	崷	0	崷
崸	2	㟅&崸	0	崸
崹	2	嵽&崹	2	嵽&崹
崺	0	崺	0	崺
崻	1	峙	1	峙
崼	0	崼	0	崼
崽	0	崽	0	崽
崾	0	崾	0	崾
崿	0	崿	0	崿
嵀	0	嵀	0	嵀
嵁	0	嵁	0	嵁
嵂	0	嵂	0	嵂
嵃	0	嵃	0	嵃
嵄	0	嵄	0	嵄
嵅	0	嵅	0	嵅
嵆	1	嵇	1	嵇
嵇	0	嵇	0	嵇
嵈	0	嵈	0	嵈
嵉	0	嵉	0	嵉
嵊	0	嵊	0	嵊
嵋	0	嵋	0	嵋
嵌	0	嵌	0	嵌
嵍	0	嵍	0	嵍
嵎	0	嵎	0	嵎
嵏	1	嵕	1	嵕
嵐	0	嵐	0	嵐
嵑	2	嵑&碣	2	嵑&碣
嵒	2	巖&喦&嵒	0	嵒
嵓	3	巖&嵒	3	巖&嵒
嵔	1	㟪	1	㟪
嵕	0	嵕	0	嵕
嵖	0	嵖	0	嵖
嵗	1	歲	1	歲
嵘	1	嶸	1	嶸
嵙	0	嵙	0	嵙
嵚	1	嶔	1	嶔
嵛	0	嵛	0	嵛
嵜	1	㟢	3	
嵝	1	嶁	1	嶁
嵞	2	塗&嵞	0	嵞
嵟	2	崔&嵟	2	崔&嵟
嵠	1	谿	1	谿
嵡	0	嵡	0	嵡
嵢	0	嵢	0	嵢
嵣	0	嵣	0	嵣
嵤	2	嶸&嵤	2	嶸&嵤
嵥	0	嵥	0	嵥
嵦	0	嵦	0	嵦
嵧	0	嵧	0	嵧
嵨	2	塢&嵨	2	塢&嵨
嵩	0	嵩	0	嵩
嵪	0	嵪	0	嵪
嵫	0	嵫	0	嵫
嵬	0	嵬	0	嵬
嵭	0	嵭	0	嵭
嵮	1	巔	1	巔
嵯	0	嵯	0	嵯
嵰	0	嵰	0	嵰
嵱	0	嵱	0	嵱
嵲	0	嵲	0	嵲
嵳	1	嵯	1	嵯
嵴	2	脊&嵴	0	嵴
嵷	0	嵷	0	嵷
嵸	1	嵷	1	嵷
嵹	0	嵹	0	嵹
嵺	2	嵺&嶚	0	嵺
嵻	2	嵻&𡻚	2	嵻&𡻚
嵼	0	嵼	0	嵼
嵽	0	嵽	0	嵽
嵾	0	嵾	0	嵾
嵿	0	嵿	0	嵿
嶀	0	嶀	0	嶀
嶁	0	嶁	0	嶁
嶂	0	嶂	0	嶂
嶃	3	嶄&巉	1	嶄
嶄	2	嶄&巉	0	嶄
嶅	0	嶅	0	嶅
嶆	0	嶆	0	嶆
嶇	0	嶇	0	嶇
嶈	0	嶈	0	嶈
嶉	0	嶉	0	嶉
嶊	0	嶊	0	嶊
嶋	1	島	1	島
嶌	1	島	1	島
嶍	0	嶍	0	嶍
嶏	0	嶏	0	嶏
嶐	2	隆&嶐	2	隆&嶐
嶑	0	嶑	0	嶑
嶒	0	嶒	0	嶒
嶓	0	嶓	0	嶓
嶔	0	嶔	0	嶔
嶕	0	嶕	0	嶕
嶖	1	崦	1	崦
嶗	0	嶗	0	嶗
嶘	2	㟞&嶘	0	嶘
嶙	0	嶙	0	嶙
嶚	2	嵺&嶚	0	嶚
嶛	3	嵺&嶚	1	嶚
嶜	0	嶜	0	嶜
嶝	0	嶝	0	嶝
嶞	0	嶞	0	嶞
嶟	0	嶟	0	嶟
嶠	0	嶠	0	嶠
嶡	2	蹶&嶡	2	蹶&嶡
嶢	0	嶢	0	嶢
嶣	1	嶕	1	嶕
嶤	2	嶤&嶢	1	嶢
嶦	0	嶦	0	嶦
嶧	0	嶧	0	嶧
嶨	2	嶨&礐	0	嶨
嶩	2	峱&嶩	1	峱
嶪	0	嶪	0	嶪
嶫	1	嶪	1	嶪
嶬	2	嶬&㕒	2	嶬&㕒
嶭	2	嵲&嶭	0	嶭
嶮	2	險&嶮	0	嶮
嶯	0	嶯	0	嶯
嶰	0	嶰	0	嶰
嶱	0	嶱	0	嶱
嶲	2	嶲&巂&雟	1	巂
嶳	1	地	1	地
嶴	0	嶴	0	嶴
嶵	0	嶵	0	嶵
嶶	1	徽	3	
嶷	0	嶷	0	嶷
嶸	0	嶸	0	嶸
嶹	2	嶹&島	1	島
嶺	0	嶺	0	嶺
嶻	0	嶻	0	嶻
嶼	0	嶼	0	嶼
嶽	0	嶽	0	嶽
嶾	0	嶾	0	嶾
巀	1	嶻	1	嶻
巁	0	巁	0	巁
巂	2	嶲&巂&雟	0	巂
巃	0	巃	0	巃
巄	1	巃	1	巃
巅	1	巔	3	
巆	2	嶸&巆	0	巆
巇	0	巇	0	巇
巈	0	巈	0	巈
巉	0	巉	0	巉
巊	0	巊	0	巊
巋	0	巋	0	巋
巌	3	岩&巖	1	巖
巍	0	巍	0	巍
巎	1	峱	1	峱
巏	0	巏	0	巏
巐	0	巐	0	巐
巑	0	巑	0	巑
巒	0	巒	0	巒
巓	1	巔	1	巔
巔	0	巔	0	巔
巕	0	巕	0	巕
巖	0	巖	0	巖
巗	1	巖	1	巖
巘	0	巘	0	巘
巙	0	巙	0	巙
巚	2	巘&巚	1	巘
巛	2	坤&川&鬊&巛	2	坤&川&鬊&巛
巜	2	澮&巜	0	巜
川	0	川	0	川
州	0	州	0	州
巟	0	巟	0	巟
巠	0	巠	0	巠
巡	0	巡	0	巡
巢	0	巢	0	巢
巣	1	巢	1	巢
巤	2	巤&鬣	1	鬣
工	0	工	0	工
左	0	左	0	左
巧	0	巧	0	巧
巨	0	巨	0	巨
巩	3	鞏&𢀜	1	鞏
巫	0	巫	0	巫
差	0	差	0	差
巯	1	巰	3	
巰	0	巰	0	巰
己	0	己	0	己
已	0	已	0	已
巳	0	巳	0	巳
巴	0	巴	0	巴
巵	1	卮	1	卮
巶	1	佋	1	佋
巷	0	巷	0	巷
巸	0	巸	0	巸
巹	0	巹	0	巹
巺	1	巽	1	巽
巻	1	卷	1	卷
巽	0	巽	0	巽
巾	0	巾	0	巾
巿	0	巿	0	巿
帀	2	帀&匝	1	匝
币	3	印&幣	1	幣
市	0	市	0	市
布	2	布&佈	0	布
帄	0	帄	0	帄
帅	1	帥	1	帥
帆	0	帆	0	帆
帇	2	疌&帇&𦘒	2	疌&帇
师	1	師	1	師
帉	0	帉	0	帉
帊	0	帊	0	帊
帋	1	紙	1	紙
希	0	希	0	希
帍	0	帍	0	帍
帎	0	帎	0	帎
帏	1	幃	1	幃
帐	1	帳	1	帳
帑	0	帑	0	帑
帒	1	袋	1	袋
帓	2	襪&帓	2	襪&帓
帔	0	帔	0	帔
帕	0	帕	0	帕
帖	0	帖	0	帖
帗	0	帗	0	帗
帘	2	帘&簾	2	帘&簾
帙	0	帙	0	帙
帚	0	帚	0	帚
帛	0	帛	0	帛
帜	1	幟	1	幟
帝	0	帝	0	帝
帞	2	帞&帕&袹	3	帕&袹
帟	0	帟	0	帟
帠	2	臬&帠	0	帠
帡	0	帡	0	帡
帢	0	帢	0	帢
帣	0	帣	0	帣
帤	0	帤	0	帤
帥	0	帥	0	帥
带	1	帶	1	帶
帧	1	幀	1	幀
帨	0	帨	0	帨
帩	0	帩	0	帩
帪	0	帪	0	帪
師	0	師	0	師
帬	2	帬&裙	1	裙
席	2	席&蓆	0	席
帮	1	幫	1	幫
帯	1	帶	1	帶
帰	1	歸	1	歸
帱	1	幬	1	幬
帲	1	帡	1	帡
帳	0	帳	0	帳
帴	0	帴	0	帴
帵	0	帵	0	帵
帶	0	帶	0	帶
帷	0	帷	0	帷
常	0	常	0	常
帹	0	帹	0	帹
帺	2	帺&綥	0	帺
帻	1	幘	1	幘
帼	1	幗	1	幗
帽	0	帽	0	帽
帾	0	帾	0	帾
帿	0	帿	0	帿
幀	0	幀	0	幀
幁	2	幀&順&幁	2	幀&順&幁
幂	3	冪&幎	1	冪
幃	0	幃	0	幃
幄	0	幄	0	幄
幅	0	幅	0	幅
幆	0	幆	0	幆
幇	1	幫	1	幫
幈	1	屏	1	屏
幉	1	蝶	3	
幊	0	幊	0	幊
幋	0	幋	0	幋
幌	0	幌	0	幌
幍	2	絛&㡊&幍	2	絛&㡊&幍
幎	0	幎	0	幎
幏	0	幏	0	幏
幐	0	幐	0	幐
幑	1	徽	1	徽
幒	0	幒	0	幒
幓	2	幓&幧	0	幓
幔	0	幔	0	幔
幕	0	幕	0	幕
幖	0	幖	0	幖
幗	0	幗	0	幗
幘	0	幘	0	幘
幙	2	幕&幙	1	幕
幚	1	幫	1	幫
幛	0	幛	0	幛
幜	0	幜	0	幜
幝	0	幝	0	幝
幞	1	襆	1	襆
幟	0	幟	0	幟
幠	2	幠&𢃀	0	幠
幡	0	幡	0	幡
幢	0	幢	0	幢
幣	0	幣	0	幣
幤	1	幣	1	幣
幦	0	幦	0	幦
幧	0	幧	0	幧
幨	0	幨	0	幨
幩	0	幩	0	幩
幪	2	幪&𢄐	2	幪&𢄐
幫	0	幫	0	幫
幬	0	幬	0	幬
幭	0	幭	0	幭
幮	0	幮	0	幮
幯	0	幯	0	幯
幰	0	幰	0	幰
幱	0	幱	0	幱
干	2	乾&干&幹	2	乾&干&幹
平	0	平	0	平
年	0	年	0	年
幵	0	幵	0	幵
并	2	並&併&并	0	并
幷	1	并	1	并
幸	2	倖&幸	0	幸
幹	0	幹	0	幹
幺	2	么&糸&幺	2	么&糸&幺
幻	0	幻	0	幻
幼	0	幼	0	幼
幽	0	幽	0	幽
幾	0	幾	0	幾
广	2	庵&廣&广	1	廣
庀	0	庀	0	庀
庁	2	廳&庁	2	廳&庁
庂	2	仄&庂	1	仄
広	1	廣	1	廣
庄	2	莊&廡&庄	1	莊
庅	1	麼	1	麼
庆	1	慶	1	慶
庇	0	庇	0	庇
庈	2	庈&㕋	2	庈&㕋
庉	0	庉	0	庉
床	0	床	0	床
庋	0	庋	0	庋
庌	0	庌	0	庌
庍	2	廳&庍&𤴾	0	庍
庎	0	庎	0	庎
序	0	序	0	序
庐	1	廬	1	廬
庑	1	廡	1	廡
庒	1	莊	1	莊
库	1	庫	1	庫
应	1	應	3	
底	0	底	0	底
庖	0	庖	0	庖
店	0	店	0	店
庘	0	庘	0	庘
庙	1	廟	1	廟
庚	0	庚	0	庚
庛	0	庛	0	庛
府	0	府	0	府
庝	3	𠩁&𢈉	1	𠩁
庞	1	龐	1	龐
废	1	廢	1	廢
庠	0	庠	0	庠
庡	0	庡	0	庡
庢	0	庢	0	庢
庣	0	庣	0	庣
庤	0	庤	0	庤
庥	0	庥	0	庥
度	0	度	0	度
座	0	座	0	座
庨	0	庨	0	庨
庩	0	庩	0	庩
庪	2	庋&庪	0	庪
庫	0	庫	0	庫
庬	2	厖&庬	2	厖&庬
庭	0	庭	0	庭
庮	0	庮	0	庮
庯	0	庯	0	庯
庰	0	庰	0	庰
庱	0	庱	0	庱
庲	0	庲	0	庲
庳	0	庳	0	庳
庴	2	廟&庴	2	廟&庴
庵	2	庵&菴	0	庵
庶	0	庶	0	庶
康	0	康	0	康
庸	0	庸	0	庸
庹	0	庹	0	庹
庺	1	松	1	松
庻	1	庶	1	庶
庼	1	廎	1	廎
庽	1	寓	1	寓
庾	0	庾	0	庾
庿	1	廟	1	廟
廀	1	廋	1	廋
廁	0	廁	0	廁
廂	0	廂	0	廂
廃	1	廢	1	廢
廄	0	廄	0	廄
廅	0	廅	0	廅
廆	0	廆	0	廆
廇	0	廇	0	廇
廈	0	廈	0	廈
廉	0	廉	0	廉
廊	0	廊	0	廊
廋	0	廋	0	廋
廌	2	廌&豸	0	廌
廎	0	廎	0	廎
廏	1	廄	1	廄
廐	1	廄	1	廄
廑	0	廑	0	廑
廒	0	廒	0	廒
廓	0	廓	0	廓
廔	0	廔	0	廔
廕	0	廕	0	廕
廖	0	廖	0	廖
廗	2	席&廗	2	席&廗
廘	0	廘	0	廘
廙	0	廙	0	廙
廚	0	廚	0	廚
廛	0	廛	0	廛
廜	0	廜	0	廜
廝	0	廝	0	廝
廞	0	廞	0	廞
廟	0	廟	0	廟
廠	0	廠	0	廠
廡	0	廡	0	廡
廢	0	廢	0	廢
廣	0	廣	0	廣
廥	0	廥	0	廥
廦	0	廦	0	廦
廧	2	牆&廧	0	廧
廨	0	廨	0	廨
廩	0	廩	0	廩
廪	1	廩	1	廩
廫	1	寥	1	寥
廬	0	廬	0	廬
廮	0	廮	0	廮
廯	0	廯	0	廯
廰	1	廳	1	廳
廱	0	廱	0	廱
廲	0	廲	0	廲
廳	0	廳	0	廳
廴	0	廴	0	廴
廵	2	巡&廵	1	巡
延	0	延	0	延
廷	0	廷	0	廷
廸	1	迪	1	迪
廹	1	迫	1	迫
建	0	建	0	建
廻	1	迴	1	迴
廼	3	乃&迺	1	乃
廽	1	迴	1	迴
廾	2	廿&廾	0	廾
廿	0	廿	0	廿
开	3	開&亓&幵	1	開
弁	0	弁	0	弁
异	2	異&异	1	異
弃	1	棄	1	棄
弄	0	弄	0	弄
弅	0	弅	0	弅
弆	2	去&棄&弆	2	去&棄&弆
弇	0	弇	0	弇
弈	0	弈	0	弈
弉	1	奘	3	
弊	0	弊	0	弊
弋	0	弋	0	弋
弌	1	一	1	一
弍	1	二	1	二
弎	2	弎&三	1	三
式	0	式	0	式
弐	1	貳	1	貳
弑	0	弑	0	弑
弒	1	弑	1	弑
弓	2	乃&弓	2	乃&弓
弔	2	吊&弔	0	弔
引	0	引	0	引
弖	1	互	3	
弗	0	弗	0	弗
弘	0	弘	0	弘
弙	0	弙	0	弙
弚	2	弟&弚	0	弚
弛	0	弛	0	弛
弜	0	弜	0	弜
弝	0	弝	0	弝
弞	2	哂&矧&弞	0	弞
弟	0	弟	0	弟
张	1	張	1	張
弡	2	張&弡	2	張&弡
弢	0	弢	0	弢
弣	0	弣	0	弣
弤	0	弤	0	弤
弥	3	彌&瀰	1	彌
弦	0	弦	0	弦
弧	0	弧	0	弧
弨	0	弨	0	弨
弩	0	弩	0	弩
弪	1	弳	3	
弫	0	弫	0	弫
弬	0	弬	0	弬
弭	0	弭	0	弭
弮	0	弮	0	弮
弯	1	彎	1	彎
弰	0	弰	0	弰
弱	0	弱	0	弱
弲	0	弲	0	弲
弳	0	弳	0	弳
弴	0	弴	0	弴
張	0	張	0	張
弶	0	弶	0	弶
強	1	强	1	强
弸	0	弸	0	弸
弹	1	彈	1	彈
强	0	强	0	强
弻	1	弼	1	弼
弼	0	弼	0	弼
弽	2	弽&韘	1	韘
弾	1	彈	1	彈
弿	0	弿	0	弿
彀	0	彀	0	彀
彂	1	發	1	發
彃	0	彃	0	彃
彄	0	彄	0	彄
彆	0	彆	0	彆
彇	0	彇	0	彇
彈	0	彈	0	彈
彉	0	彉	0	彉
彊	2	强&彊	2	强&彊
彋	0	彋	0	彋
彌	0	彌	0	彌
彍	1	彉	1	彉
彎	0	彎	0	彎
彏	0	彏	0	彏
彐	0	彐	0	彐
彑	1	彐	1	彐
归	1	歸	1	歸
当	3	噹&當	3	噹&當
彔	2	錄&彔	0	彔
录	3	錄&彔	1	錄
彖	0	彖	0	彖
彗	0	彗	0	彗
彘	0	彘	0	彘
彙	0	彙	0	彙
彚	1	彙	1	彙
彛	1	彝	1	彝
彜	1	彝	3	
彝	0	彝	0	彝
彞	1	彝	1	彝
彟	1	彠	3	
彠	0	彠	0	彠
彡	0	彡	0	彡
形	0	形	0	形
彣	1	文	1	文
彤	0	彤	0	彤
彥	1	彦	1	彦
彦	0	彦	0	彦
彧	0	彧	0	彧
彨	1	螭	3	
彩	2	彩&綵	0	彩
彪	0	彪	0	彪
彫	0	彫	0	彫
彬	0	彬	0	彬
彭	0	彭	0	彭
彮	0	彮	0	彮
彯	0	彯	0	彯
彰	0	彰	0	彰
影	0	影	0	影
彲	1	螭	1	螭
彳	0	彳	0	彳
彴	0	彴	0	彴
彵	0	彵	0	彵
彶	0	彶	0	彶
彷	0	彷	0	彷
彸	0	彸	0	彸
役	0	役	0	役
彺	0	彺	0	彺
彻	1	徹	1	徹
彼	0	彼	0	彼
彽	0	彽	0	彽
彾	0	彾	0	彾
彿	2	佛&彿	2	佛&彿
往	0	往	0	往
征	2	征&徵	2	征&徵
徂	0	徂	0	徂
徃	1	往	1	往
径	1	徑	1	徑
待	0	待	0	待
徆	0	徆	0	徆
徇	0	徇	0	徇
很	0	很	0	很
徉	0	徉	0	徉
徊	0	徊	0	徊
律	0	律	0	律
後	0	後	0	後
徍	2	往&徍	2	往&徍
徎	0	徎	0	徎
徏	1	陟	1	陟
徐	0	徐	0	徐
徑	0	徑	0	徑
徒	0	徒	0	徒
従	1	從	1	從
徔	1	從	3	
徕	1	徠	1	徠
徖	0	徖	0	徖
得	0	得	0	得
徘	0	徘	0	徘
徙	0	徙	0	徙
徛	0	徛	0	徛
徜	0	徜	0	徜
徝	2	陟&徝	2	陟&徝
從	0	從	0	從
徟	2	倜&徟	2	倜&徟
徠	2	來&徠	0	徠
御	2	御&禦	2	御&禦
徢	0	徢	0	徢
徣	1	借	1	借
徤	1	健	1	健
徥	0	徥	0	徥
徦	2	遐&徦	2	遐&徦
徧	1	遍	1	遍
徨	0	徨	0	徨
復	0	復	0	復
循	0	循	0	循
徫	0	徫	0	徫
徬	2	傍&徬	0	徬
徭	0	徭	0	徭
微	0	微	0	微
徯	0	徯	0	徯
徰	1	征	1	征
徱	1	僄	1	僄
徲	2	徲&𠌬	0	徲
徳	1	德	1	德
徴	1	徵	1	徵
徵	0	徵	0	徵
徶	0	徶	0	徶
德	0	德	0	德
徸	3	㣫&蹱	3	㣫&蹱
徹	0	徹	0	徹
徺	1	僥	3	
徻	0	徻	0	徻
徼	0	徼	0	徼
徽	0	徽	0	徽
徾	0	徾	0	徾
徿	0	徿	0	徿
忀	2	忀&躟	2	忀&躟
忁	2	儤&忁	1	儤
忂	1	躣	1	躣
心	0	心	0	心
必	0	必	0	必
忆	1	憶	1	憶
忇	0	忇	0	忇
忈	1	仁	1	仁
忉	2	剝&忉	2	剝&忉
忊	0	忊	0	忊
忋	0	忋	0	忋
忌	0	忌	0	忌
忍	0	忍	0	忍
忎	1	仁	1	仁
忏	2	懺&忏	1	懺
忐	0	忐	0	忐
忑	0	忑	0	忑
忒	0	忒	0	忒
忓	0	忓	0	忓
忔	0	忔	0	忔
忕	0	忕	0	忕
忖	0	忖	0	忖
志	2	志&誌	0	志
忘	0	忘	0	忘
忙	0	忙	0	忙
忚	0	忚	0	忚
忛	1	帆	1	帆
応	1	應	1	應
忝	0	忝	0	忝
忞	0	忞	0	忞
忟	1	忞	1	忞
忠	0	忠	0	忠
忡	0	忡	0	忡
忢	1	悟	1	悟
忣	0	忣	0	忣
忤	0	忤	0	忤
忥	0	忥	0	忥
忦	0	忦	0	忦
忧	2	憂&忧	1	憂
忨	0	忨	0	忨
忩	1	匆	1	匆
忪	0	忪	0	忪
快	0	快	0	快
忬	3	舒&豫&紓	3	舒&豫&紓
忭	0	忭	0	忭
忮	0	忮	0	忮
忯	2	忯&恀	2	忯&恀
忰	1	悴	1	悴
忱	0	忱	0	忱
忲	1	忕	1	忕
忳	2	忳&憌	2	忳&憌
忴	0	忴	0	忴
念	0	念	0	念
忶	1	𢣒	1	𢣒
忷	2	兇&忷&恟	0	忷
忸	0	忸	0	忸
忹	2	狂&忹	0	忹
忺	0	忺	0	忺
忻	2	斤&欣&忻	2	斤&欣&忻
忼	1	慷	1	慷
忽	0	忽	0	忽
忾	2	愾&忔&忾	1	愾
忿	0	忿	0	忿
怀	2	懷&怀	1	懷
态	1	態	1	態
怂	1	慫	1	慫
怃	1	憮	1	憮
怄	1	慪	1	慪
怅	1	悵	1	悵
怆	1	愴	1	愴
怇	0	怇	0	怇
怈	1	𢘽	1	𢘽
怉	2	抱&怉	2	抱&怉
怊	0	怊	0	怊
怋	2	怋&惛	2	怋&惛
怌	2	懷&怌	2	懷&怌
怍	0	怍	0	怍
怎	0	怎	0	怎
怏	0	怏	0	怏
怐	0	怐	0	怐
怑	0	怑	0	怑
怒	0	怒	0	怒
怓	0	怓	0	怓
怔	0	怔	0	怔
怕	0	怕	0	怕
怖	0	怖	0	怖
怗	0	怗	0	怗
怘	2	固&怘	2	固&怘
怙	0	怙	0	怙
怚	0	怚	0	怚
怛	0	怛	0	怛
怜	2	憐&怜	1	憐
思	0	思	0	思
怞	0	怞	0	怞
怟	0	怟	0	怟
怠	0	怠	0	怠
怡	0	怡	0	怡
怢	2	帙&怢	2	帙&怢
怣	1	尤	1	尤
怤	0	怤	0	怤
急	0	急	0	急
怦	0	怦	0	怦
性	0	性	0	性
怨	0	怨	0	怨
怩	0	怩	0	怩
怪	0	怪	0	怪
怫	2	悖&怫&誖	2	悖&怫&誖
怬	0	怬	0	怬
怭	0	怭	0	怭
怮	0	怮	0	怮
怯	0	怯	0	怯
怰	0	怰	0	怰
怱	3	悤&匆	1	匆
怲	0	怲	0	怲
怳	2	慌&怳	2	慌&怳
怴	0	怴	0	怴
怵	0	怵	0	怵
怶	0	怶	0	怶
怷	2	怸&怷	0	怷
怸	2	怸&悉	1	悉
怹	0	怹	0	怹
总	1	總	1	總
怼	1	懟	1	懟
怽	1	𢗿	1	𢗿
怾	1	恀	3	
怿	1	懌	3	
恀	0	恀	0	恀
恁	2	您&恁	0	恁
恂	0	恂	0	恂
恃	0	恃	0	恃
恄	0	恄	0	恄
恅	0	恅	0	恅
恆	0	恆	0	恆
恇	0	恇	0	恇
恈	0	恈	0	恈
恉	0	恉	0	恉
恊	3	協&愶	3	協&愶
恋	3	戀&甚	1	戀
恌	0	恌	0	恌
恍	0	恍	0	恍
恎	0	恎	0	恎
恏	0	恏	0	恏
恐	0	恐	0	恐
恑	0	恑	0	恑
恒	1	恆	1	恆
恓	2	恤&恓	2	恤&恓
恔	0	恔	0	恔
恕	0	恕	0	恕
恖	1	思	1	思
恗	2	𢖳&恗	2	𢖳&恗
恘	0	恘	0	恘
恙	0	恙	0	恙
恚	0	恚	0	恚
恛	0	恛	0	恛
恜	0	恜	0	恜
恝	0	恝	0	恝
恞	0	恞	0	恞
恟	2	兇&恟	2	兇&恟
恠	1	怪	1	怪
恡	2	恡&吝	1	吝
恢	0	恢	0	恢
恣	0	恣	0	恣
恤	2	卹&恤	0	恤
恥	0	恥	0	恥
恦	0	恦	0	恦
恧	0	恧	0	恧
恨	0	恨	0	恨
恩	0	恩	0	恩
恪	0	恪	0	恪
恫	0	恫	0	恫
恬	0	恬	0	恬
恭	0	恭	0	恭
恮	0	恮	0	恮
息	0	息	0	息
恰	0	恰	0	恰
恱	1	悅	1	悅
恲	0	恲	0	恲
恳	1	懇	1	懇
恴	1	德	1	德
恵	1	惠	1	惠
恶	3	惡&噁	3	惡&噁
恸	1	慟	1	慟
恹	1	懨	1	懨
恺	1	愷	1	愷
恻	1	惻	1	惻
恼	1	惱	1	惱
恽	1	惲	1	惲
恾	2	忙&恾	0	恾
恿	2	勇&恫&恿	2	勇&恫&恿
悀	0	悀	0	悀
悁	0	悁	0	悁
悂	0	悂	0	悂
悃	0	悃	0	悃
悄	0	悄	0	悄
悅	0	悅	0	悅
悆	2	悆&紓	0	悆
悇	0	悇	0	悇
悈	0	悈	0	悈
悉	0	悉	0	悉
悊	2	哲&悊	2	哲&悊
悋	2	悋&吝	1	吝
悌	0	悌	0	悌
悍	0	悍	0	悍
悎	0	悎	0	悎
悏	3	愜&㤲	1	㤲
悐	2	惕&悐	0	悐
悑	1	怖	1	怖
悒	0	悒	0	悒
悓	1	俔	1	俔
悔	0	悔	0	悔
悕	0	悕	0	悕
悖	2	悖&誖	0	悖
悗	0	悗	0	悗
悘	0	悘	0	悘
悙	0	悙	0	悙
悚	2	悚&憡	2	悚&憡
悛	0	悛	0	悛
悜	0	悜	0	悜
悝	0	悝	0	悝
悞	3	悮&誤	1	誤
悟	0	悟	0	悟
悠	0	悠	0	悠
悡	3	㥎&𢤂	1	𢤂
悢	2	恨&悢	0	悢
患	0	患	0	患
悤	2	悤&匆	1	匆
悥	3	念&意	3	念&意
悦	1	悅	1	悅
悧	1	俐	1	俐
您	0	您	0	您
悩	1	惱	1	惱
悪	1	惡	1	惡
悫	1	愨	3	
悬	1	懸	1	懸
悭	1	慳	1	慳
悮	2	悮&誤	1	誤
悯	1	憫	1	憫
悰	0	悰	0	悰
悱	2	悲&悱	0	悱
悲	0	悲	0	悲
悳	3	德&惪	1	惪
悴	0	悴	0	悴
悵	0	悵	0	悵
悶	0	悶	0	悶
悷	0	悷	0	悷
悸	0	悸	0	悸
悹	2	悺&悹	0	悹
悺	2	悺&悹	1	悹
悻	0	悻	0	悻
悼	0	悼	0	悼
悽	0	悽	0	悽
悾	0	悾	0	悾
悿	0	悿	0	悿
惀	0	惀	0	惀
惁	0	惁	0	惁
惂	2	慆&惂	2	慆&惂
惃	0	惃	0	惃
惄	0	惄	0	惄
情	0	情	0	情
惆	0	惆	0	惆
惇	0	惇	0	惇
惈	2	果&惈	0	惈
惉	0	惉	0	惉
惊	2	驚&悢&惊	1	驚
惋	0	惋	0	惋
惌	2	冤&宛&怨&惌	0	惌
惍	0	惍	0	惍
惎	0	惎	0	惎
惏	0	惏	0	惏
惐	0	惐	0	惐
惑	0	惑	0	惑
惒	1	和	1	和
惓	2	倦&惓	2	倦&惓
惔	0	惔	0	惔
惕	0	惕	0	惕
惖	1	惕	1	惕
惗	0	惗	0	惗
惘	0	惘	0	惘
惙	0	惙	0	惙
惚	2	惚&惱	0	惚
惛	0	惛	0	惛
惜	0	惜	0	惜
惝	0	惝	0	惝
惞	1	欣	1	欣
惟	0	惟	0	惟
惠	0	惠	0	惠
惡	0	惡	0	惡
惢	2	蕊&惢	2	蕊&惢
惣	3	揔&總	1	總
惤	2	惤&㡉	2	惤&㡉
惥	1	慂	1	慂
惦	0	惦	0	惦
惧	1	懼	1	懼
惨	1	慘	1	慘
惩	1	懲	1	懲
惪	2	德&惪	0	惪
惫	1	憊	1	憊
惬	1	愜	1	愜
惭	1	慚	1	慚
惮	1	憚	1	憚
惯	1	慣	1	慣
惰	0	惰	0	惰
惱	0	惱	0	惱
惲	0	惲	0	惲
想	0	想	0	想
惴	0	惴	0	惴
惵	0	惵	0	惵
惶	0	惶	0	惶
惷	2	蠢&惷&憃	0	惷
惸	0	惸	0	惸
惹	0	惹	0	惹
惺	0	惺	0	惺
惻	0	惻	0	惻
惼	2	惼&褊	0	惼
惽	2	惽&惛	1	惛
惾	0	惾	0	惾
惿	2	諟&惿	2	諟&惿
愀	0	愀	0	愀
愁	0	愁	0	愁
愂	1	悖	1	悖
愃	0	愃	0	愃
愄	0	愄	0	愄
愅	2	愅&諽	1	諽
愆	2	愆&䇂	0	愆
愇	2	幃&韙&愇	0	愇
愈	0	愈	0	愈
愉	0	愉	0	愉
愊	2	幅&愊	2	幅&愊
愋	0	愋	0	愋
愌	2	𢚾&愌	0	愌
愍	0	愍	0	愍
愎	0	愎	0	愎
意	0	意	0	意
愐	0	愐	0	愐
愑	1	悀	1	悀
愒	0	愒	0	愒
愓	0	愓	0	愓
愔	0	愔	0	愔
愕	0	愕	0	愕
愖	2	忱&愖	0	愖
愗	2	霿&懋&愗	2	霿&懋&愗
愘	2	恪&㤉&愘	2	恪&㤉&愘
愙	1	恪	1	恪
愚	0	愚	0	愚
愛	0	愛	0	愛
愜	0	愜	0	愜
愝	0	愝	0	愝
愞	1	懦	1	懦
感	0	感	0	感
愠	0	愠	0	愠
愡	3	惱&憁	1	憁
愢	0	愢	0	愢
愣	0	愣	0	愣
愤	1	憤	1	憤
愥	1	怏	3	
愦	1	憒	1	憒
愧	0	愧	0	愧
愨	0	愨	0	愨
愩	2	愩&𢦅	0	愩
愪	0	愪	0	愪
愫	0	愫	0	愫
愬	2	訴&愬	2	訴&愬
愭	0	愭	0	愭
愮	0	愮	0	愮
愯	3	𢥠&悚	1	𢥠
愰	2	晃&愰	2	晃&愰
愱	3	嫉&𧪠	1	嫉
愲	0	愲	0	愲
愳	1	懼	1	懼
愴	0	愴	0	愴
愵	2	惄&愵	0	愵
愶	0	愶	0	愶
愷	0	愷	0	愷
愸	3	整&憖	1	憖
愹	1	悀	1	悀
愺	0	愺	0	愺
愻	2	遜&愻	0	愻
愼	1	慎	1	慎
愽	1	博	1	博
愾	0	愾	0	愾
愿	2	愿&願	2	愿&願
慀	0	慀	0	慀
慁	0	慁	0	慁
慂	2	恿&慂	0	慂
慃	0	慃	0	慃
慄	0	慄	0	慄
慅	0	慅	0	慅
慆	2	慆&惂	2	慆&惂
慇	0	慇	0	慇
慈	0	慈	0	慈
慉	0	慉	0	慉
慊	0	慊	0	慊
態	0	態	0	態
慌	0	慌	0	慌
慍	1	愠	1	愠
慎	0	慎	0	慎
慏	0	慏	0	慏
慐	1	愩	3	
慑	1	懾	1	懾
慒	0	慒	0	慒
慓	0	慓	0	慓
慔	0	慔	0	慔
慕	0	慕	0	慕
慖	0	慖	0	慖
慗	0	慗	0	慗
慘	0	慘	0	慘
慙	1	慚	1	慚
慚	0	慚	0	慚
慛	0	慛	0	慛
慜	2	愍&慜	2	愍&慜
慝	0	慝	0	慝
慞	0	慞	0	慞
慟	0	慟	0	慟
慠	2	慠&傲	1	傲
慡	0	慡	0	慡
慢	0	慢	0	慢
慣	0	慣	0	慣
慤	2	慤&愨	1	愨
慥	0	慥	0	慥
慦	0	慦	0	慦
慧	0	慧	0	慧
慨	0	慨	0	慨
慩	1	㦁	1	㦁
慪	0	慪	0	慪
慫	0	慫	0	慫
慬	0	慬	0	慬
慭	1	憖	1	憖
慮	0	慮	0	慮
慯	0	慯	0	慯
慰	0	慰	0	慰
慱	0	慱	0	慱
慲	0	慲	0	慲
慳	0	慳	0	慳
慴	0	慴	0	慴
慵	0	慵	0	慵
慶	0	慶	0	慶
慷	0	慷	0	慷
慸	2	懘&㦅&慸	2	懘&㦅&慸
慹	0	慹	0	慹
慺	0	慺	0	慺
慻	0	慻	0	慻
慼	0	慼	0	慼
慽	1	慼	1	慼
慾	2	慾&欲	0	慾
慿	1	憑	1	憑
憀	0	憀	0	憀
憁	0	憁	0	憁
憂	0	憂	0	憂
憃	0	憃	0	憃
憄	0	憄	0	憄
憅	1	慟	1	慟
憆	1	瞠	1	瞠
憇	1	憩	1	憩
憈	0	憈	0	憈
憉	0	憉	0	憉
憊	0	憊	0	憊
憋	0	憋	0	憋
憌	2	惸&憌	0	憌
憍	0	憍	0	憍
憎	0	憎	0	憎
憏	0	憏	0	憏
憐	0	憐	0	憐
憑	0	憑	0	憑
憒	0	憒	0	憒
憓	2	憓&譓	0	憓
憔	0	憔	0	憔
憕	0	憕	0	憕
憖	0	憖	0	憖
憗	3	整&憖	1	憖
憘	3	喜&憙	3	喜&憙
憙	2	喜&憙	0	憙
憚	0	憚	0	憚
憛	0	憛	0	憛
憜	1	惰	1	惰
憝	0	憝	0	憝
憞	1	憝	1	憝
憟	0	憟	0	憟
憠	1	𠢤	1	𠢤
憡	0	憡	0	憡
憢	2	僥&憢	0	憢
憣	0	憣	0	憣
憤	0	憤	0	憤
憥	2	勞&憥	2	勞&憥
憦	2	憦&憥	0	憦
憧	0	憧	0	憧
憨	0	憨	0	憨
憩	0	憩	0	憩
憪	0	憪	0	憪
憫	0	憫	0	憫
憬	0	憬	0	憬
憭	0	憭	0	憭
憮	0	憮	0	憮
憯	2	慘&憯	0	憯
憰	0	憰	0	憰
憱	0	憱	0	憱
憲	0	憲	0	憲
憳	0	憳	0	憳
憴	2	憴&譝	2	憴&譝
憵	0	憵	0	憵
憶	0	憶	0	憶
憷	2	怵&憷	0	憷
憸	0	憸	0	憸
憹	2	㛴&憹	0	憹
憺	0	憺	0	憺
憻	1	坦	1	坦
憼	2	敬&憼	2	敬&憼
憽	0	憽	0	憽
憾	0	憾	0	憾
憿	0	憿	0	憿
懀	0	懀	0	懀
懁	0	懁	0	懁
懂	0	懂	0	懂
懃	0	懃	0	懃
懄	3	慬&懃	3	慬&懃
懅	0	懅	0	懅
懆	2	慘&懆	0	懆
懇	0	懇	0	懇
懈	0	懈	0	懈
應	0	應	0	應
懊	0	懊	0	懊
懋	0	懋	0	懋
懌	0	懌	0	懌
懍	0	懍	0	懍
懎	0	懎	0	懎
懏	0	懏	0	懏
懐	1	懷	3	
懑	1	懣	1	懣
懒	1	懶	1	懶
懓	1	僾	3	
懔	1	懍	3	
懕	2	懕&厭	1	厭
懖	0	懖	0	懖
懗	0	懗	0	懗
懘	0	懘	0	懘
懙	1	㦛	1	㦛
懚	2	㒚&懚	2	㒚&懚
懛	0	懛	0	懛
懜	2	懵&懜	2	懵&懜
懝	0	懝	0	懝
懞	2	懞&懜	0	懞
懟	0	懟	0	懟
懠	0	懠	0	懠
懡	2	𢣗&懡	0	懡
懢	0	懢	0	懢
懣	0	懣	0	懣
懤	0	懤	0	懤
懥	0	懥	0	懥
懦	0	懦	0	懦
懧	2	懦&懧	1	懦
懨	0	懨	0	懨
懩	0	懩	0	懩
懪	0	懪	0	懪
懫	0	懫	0	懫
懬	0	懬	0	懬
懭	2	懭&懬	2	懭&懬
懮	0	懮	0	懮
懯	2	怤&懯	2	怤&懯
懰	0	懰	0	懰
懱	0	懱	0	懱
懲	0	懲	0	懲
懳	0	懳	0	懳
懴	1	懺	1	懺
懵	0	懵	0	懵
懶	0	懶	0	懶
懷	0	懷	0	懷
懸	0	懸	0	懸
懹	0	懹	0	懹
懺	0	懺	0	懺
懻	0	懻	0	懻
懼	0	懼	0	懼
懽	2	歡&懽	0	懽
懾	0	懾	0	懾
懿	0	懿	0	懿
戀	0	戀	0	戀
戁	2	然&戁	0	戁
戂	0	戂	0	戂
戃	0	戃	0	戃
戄	0	戄	0	戄
戅	1	戇	1	戇
戆	1	戇	3	
戇	0	戇	0	戇
戈	0	戈	0	戈
戉	2	戌&戉	2	戌&戉
戊	2	戊&戌	2	戊&戌
戋	1	戔	3	
戌	0	戌	0	戌
戍	2	戌&戍	2	戌&戍
戎	0	戎	0	戎
戏	1	戲	1	戲
成	0	成	0	成
我	0	我	0	我
戒	0	戒	0	戒
戓	0	戓	0	戓
戔	0	戔	0	戔
戕	0	戕	0	戕
或	0	或	0	或
戗	1	戧	3	
战	1	戰	1	戰
戙	2	㢥&戙	2	㢥&戙
戚	0	戚	0	戚
戛	0	戛	0	戛
戜	2	國&戜	0	戜
戝	1	賊	1	賊
戞	1	戛	1	戛
戟	0	戟	0	戟
戠	0	戠	0	戠
戡	0	戡	0	戡
戢	0	戢	0	戢
戣	0	戣	0	戣
戤	0	戤	0	戤
戥	0	戥	0	戥
戦	1	戰	1	戰
戧	2	創&戧	0	戧
戨	1	㢦	1	㢦
戩	0	戩	0	戩
截	0	截	0	截
戫	2	彧&戫	0	戫
戬	1	戩	1	戩
戭	0	戭	0	戭
戮	2	戮&勠	0	戮
戯	1	戲	1	戲
戰	0	戰	0	戰
戱	1	戲	1	戲
戲	0	戲	0	戲
戳	0	戳	0	戳
戴	0	戴	0	戴
戵	0	戵	0	戵
戶	0	戶	0	戶
户	1	戶	1	戶
戸	1	戶	1	戶
戹	3	厄&阨	3	厄&阨
戺	2	門&戺&巸	0	戺
戻	2	戾&戻	1	戾
戼	1	卯	1	卯
戽	0	戽	0	戽
戾	0	戾	0	戾
房	0	房	0	房
所	0	所	0	所
扁	0	扁	0	扁
扂	0	扂	0	扂
扃	0	扃	0	扃
扅	0	扅	0	扅
扆	0	扆	0	扆
扇	0	扇	0	扇
扈	0	扈	0	扈
扉	0	扉	0	扉
扊	0	扊	0	扊
手	0	手	0	手
才	2	才&纔	0	才
扎	2	扎&紮	0	扎
扏	0	扏	0	扏
扐	2	材&扐&𠠸	2	材&扐&𠠸
扑	2	撲&扑	1	撲
扒	0	扒	0	扒
打	0	打	0	打
扔	0	扔	0	扔
払	1	拂	1	拂
扗	3	在&壯	3	在&壯
托	2	托&託&侂	0	托
扙	0	扙	0	扙
扚	0	扚	0	扚
扛	0	扛	0	扛
扜	0	扜	0	扜
扝	0	扝	0	扝
扞	2	扞&捍	2	扞&捍
扟	0	扟	0	扟
扠	0	扠	0	扠
扡	2	拖&扡&搋	0	扡
扢	0	扢	0	扢
扣	0	扣	0	扣
扤	0	扤	0	扤
扥	2	扥&扽	1	扽
扦	0	扦	0	扦
执	1	執	1	執
扩	1	擴	1	擴
扪	1	捫	1	捫
扫	1	掃	1	掃
扬	1	揚	1	揚
扭	0	扭	0	扭
扮	0	扮	0	扮
扯	0	扯	0	扯
扰	2	擾&扰	1	擾
扱	0	扱	0	扱
扲	2	擒&扲	2	擒&扲
扳	2	扳&攀	2	扳&攀
扴	0	扴	0	扴
扵	1	於	1	於
扶	0	扶	0	扶
扷	2	拔&扷	2	拔&扷
扸	2	折&析&扸	2	折&析&扸
批	0	批	0	批
扺	0	扺	0	扺
扻	2	損&櫛&扻&竷	2	損&櫛&扻&竷
扼	0	扼	0	扼
扽	0	扽	0	扽
找	2	划&找	2	划&找
承	0	承	0	承
技	2	技&𢪊	2	技&𢪊
抁	0	抁	0	抁
抂	2	枉&抂	2	枉&抂
抃	0	抃	0	抃
抄	2	抄&鈔	2	抄&鈔
抅	1	拘	1	拘
抆	2	捫&抆	0	抆
抇	0	抇	0	抇
抈	0	抈	0	抈
抉	0	抉	0	抉
把	0	把	0	把
抋	1	𢱶	1	𢱶
抌	2	枕&舀&抌&抭	0	抌
抍	2	抍&拯	1	拯
抎	0	抎	0	抎
抏	0	抏	0	抏
抐	0	抐	0	抐
抑	0	抑	0	抑
抒	0	抒	0	抒
抓	0	抓	0	抓
抔	0	抔	0	抔
投	0	投	0	投
抖	0	抖	0	抖
抗	0	抗	0	抗
折	2	折&摺	0	折
抙	3	抔&捊&杽	3	抔&捊
抚	1	撫	1	撫
抛	1	拋	1	拋
抜	1	拔	1	拔
抝	1	拗	1	拗
択	1	擇	1	擇
抟	1	摶	1	摶
抠	1	摳	1	摳
抡	3	掄&搶	1	掄
抢	1	搶	1	搶
护	1	護	1	護
报	1	報	1	報
抦	2	柄&抦	2	柄&抦
抧	0	抧	0	抧
抨	0	抨	0	抨
抩	2	𢪈&抩	1	𢪈
抪	0	抪	0	抪
披	0	披	0	披
抬	2	抬&笞	2	抬&笞
抭	2	舀&抭&㧒	2	舀&抭&㧒
抮	0	抮	0	抮
抯	0	抯	0	抯
抰	0	抰	0	抰
抱	0	抱	0	抱
抲	2	荷&抲	2	荷&抲
抳	0	抳	0	抳
抴	0	抴	0	抴
抵	2	抵&扺	0	抵
抶	0	抶	0	抶
抷	0	抷	0	抷
抸	2	挾&抸	2	挾&抸
抹	0	抹	0	抹
抺	0	抺	0	抺
抻	2	押&抻	2	押&抻
押	0	押	0	押
抽	0	抽	0	抽
抾	0	抾	0	抾
抿	2	抿&捪	2	抿&捪
拀	3	祝&柷	1	柷
拁	1	枷	1	枷
拂	0	拂	0	拂
拃	1	拶	1	拶
拄	0	拄	0	拄
担	3	揭&擔&笪	1	擔
拆	0	拆	0	拆
拇	0	拇	0	拇
拈	0	拈	0	拈
拉	0	拉	0	拉
拊	0	拊	0	拊
拋	0	拋	0	拋
拌	0	拌	0	拌
拍	0	拍	0	拍
拎	2	拎&拾	0	拎
拏	2	拿&拏	0	拏
拐	0	拐	0	拐
拑	0	拑	0	拑
拒	0	拒	0	拒
拓	2	托&拓&摭	0	拓
拔	0	拔	0	拔
拕	1	拖	1	拖
拖	0	拖	0	拖
拗	0	拗	0	拗
拘	0	拘	0	拘
拙	0	拙	0	拙
拚	2	拌&拚&翻&𡊄	0	拚
招	0	招	0	招
拜	0	拜	0	拜
拝	1	拜	1	拜
拞	1	抵	1	抵
拟	1	擬	1	擬
拠	1	據	1	據
拡	1	擴	1	擴
拢	1	攏	1	攏
拣	1	揀	1	揀
拤	2	弄&拤	2	弄&拤
拥	3	擁&掤	1	擁
拦	1	攔	1	攔
拧	1	擰	1	擰
拨	1	撥	1	撥
择	1	擇	1	擇
拪	1	遷	1	遷
拫	2	根&拫	0	拫
括	0	括	0	括
拭	0	拭	0	拭
拮	2	拮&揭	2	拮&揭
拯	0	拯	0	拯
拰	0	拰	0	拰
拱	0	拱	0	拱
拲	2	拱&拲	0	拲
拳	0	拳	0	拳
拴	0	拴	0	拴
拵	0	拵	0	拵
拶	0	拶	0	拶
拷	0	拷	0	拷
拸	2	拸&搋	2	拸&搋
拹	2	拉&拹	2	拉&拹
拺	2	拺&㩍	2	拺&㩍
拻	2	豗&拻	0	拻
拼	0	拼	0	拼
拽	0	拽	0	拽
拾	2	十&拾	2	十&拾
拿	2	拿&拏	0	拿
挀	0	挀	0	挀
持	0	持	0	持
挂	2	掛&挂	1	掛
挃	0	挃	0	挃
挄	1	擴	1	擴
挅	2	挅&揣	0	挅
挆	1	挅	1	挅
指	0	指	0	指
挈	0	挈	0	挈
按	0	按	0	按
挊	1	弄	1	弄
挋	2	拒&挋&㨷	2	拒&挋&㨷
挌	2	格&挌	0	挌
挍	2	校&挍	2	校&挍
挎	2	挎&摳	0	挎
挏	0	挏	0	挏
挐	2	拿&拏&挐	2	拿&拏&挐
挑	0	挑	0	挑
挒	2	捩&挒	0	挒
挓	0	挓	0	挓
挔	2	旅&挔	1	旅
挕	2	攝&挕&𢬴	2	攝&挕&𢬴
挖	0	挖	0	挖
挗	1	抉	1	抉
挙	1	舉	1	舉
挚	1	摯	1	摯
挛	1	攣	1	攣
挜	1	掗	1	掗
挝	1	撾	1	撾
挞	1	撻	1	撻
挟	1	挾	1	挾
挠	1	撓	1	撓
挡	1	擋	1	擋
挢	1	撟	3	
挣	1	掙	1	掙
挤	1	擠	1	擠
挥	1	揮	1	揮
挦	1	撏	1	撏
挨	0	挨	0	挨
挩	2	脫&挩&抁	0	挩
挪	0	挪	0	挪
挫	0	挫	0	挫
挬	0	挬	0	挬
挭	0	挭	0	挭
挮	0	挮	0	挮
振	0	振	0	振
挰	0	挰	0	挰
挱	3	挲&𣴷	1	挲
挲	0	挲	0	挲
挳	2	挳&摼	1	摼
挴	0	挴	0	挴
挵	1	弄	1	弄
挶	0	挶	0	挶
挷	3	搒&垹	1	搒
挸	0	挸	0	挸
挹	0	挹	0	挹
挺	2	挺&梃	2	挺&梃
挻	0	挻	0	挻
挼	2	挼&捼	2	挼&捼
挽	2	挽&輓	2	挽&輓
挾	0	挾	0	挾
挿	1	插	1	插
捀	0	捀	0	捀
捁	2	攪&捁	2	攪&捁
捂	0	捂	0	捂
捃	0	捃	0	捃
捄	2	救&捄	2	救&捄
捅	0	捅	0	捅
捆	2	捆&㨡	0	捆
捇	2	刺&捇	0	捇
捈	2	抒&攄&捈	2	抒&攄&捈
捉	0	捉	0	捉
捊	0	捊	0	捊
捋	0	捋	0	捋
捌	0	捌	0	捌
捍	0	捍	0	捍
捎	0	捎	0	捎
捏	2	捏&捻	0	捏
捐	0	捐	0	捐
捑	0	捑	0	捑
捒	2	束&竦&拺&捒&摗	2	束&竦&拺&捒&摗
捓	1	揶	1	揶
捔	0	捔	0	捔
捕	0	捕	0	捕
捖	0	捖	0	捖
捗	0	捗	0	捗
捘	0	捘	0	捘
捙	2	拽&捙	1	拽
捚	0	捚	0	捚
捛	0	捛	0	捛
捜	1	搜	1	搜
捝	1	挩	1	挩
捞	1	撈	1	撈
损	1	損	1	損
捠	1	㙃	3	
捡	1	撿	1	撿
换	1	換	1	換
捣	1	搗	1	搗
捥	2	腕&捥&𢺴	2	腕&捥&𢺴
捦	1	擒	1	擒
捧	0	捧	0	捧
捨	0	捨	0	捨
捩	0	捩	0	捩
捪	2	抆&捪	0	捪
捫	0	捫	0	捫
捬	3	撫&拊	3	撫&拊
捭	0	捭	0	捭
据	2	據&据	2	據&据
捯	2	搗&捯&擣	2	搗&捯&擣
捰	0	捰	0	捰
捱	0	捱	0	捱
捲	0	捲	0	捲
捳	0	捳	0	捳
捴	3	總&摠	3	總&摠
捵	0	捵	0	捵
捶	0	捶	0	捶
捷	0	捷	0	捷
捸	0	捸	0	捸
捹	0	捹	0	捹
捺	0	捺	0	捺
捻	0	捻	0	捻
捼	0	捼	0	捼
捽	0	捽	0	捽
捾	0	捾	0	捾
捿	1	棲	1	棲
掀	0	掀	0	掀
掁	0	掁	0	掁
掂	0	掂	0	掂
掃	0	掃	0	掃
掄	0	掄	0	掄
掅	0	掅	0	掅
掆	2	扛&掆	0	掆
掇	0	掇	0	掇
授	0	授	0	授
掉	0	掉	0	掉
掊	0	掊	0	掊
掋	2	抵&掋	2	抵&掋
掌	0	掌	0	掌
掍	0	掍	0	掍
掎	0	掎	0	掎
掏	0	掏	0	掏
掐	0	掐	0	掐
掑	0	掑	0	掑
排	0	排	0	排
掓	0	掓	0	掓
掔	0	掔	0	掔
掕	0	掕	0	掕
掖	0	掖	0	掖
掗	0	掗	0	掗
掘	0	掘	0	掘
掙	0	掙	0	掙
掚	0	掚	0	掚
掛	2	掛&挂	0	掛
掜	2	捏&掜	2	捏&掜
掝	0	掝	0	掝
掞	0	掞	0	掞
掟	0	掟	0	掟
掠	0	掠	0	掠
採	0	採	0	採
探	0	探	0	探
掣	0	掣	0	掣
掤	0	掤	0	掤
接	0	接	0	接
掦	1	剔	1	剔
控	0	控	0	控
推	0	推	0	推
掩	0	掩	0	掩
措	0	措	0	措
掫	0	掫	0	掫
掬	0	掬	0	掬
掭	0	掭	0	掭
掮	0	掮	0	掮
掯	0	掯	0	掯
掰	0	掰	0	掰
掱	0	掱	0	掱
掲	1	揭	1	揭
掳	1	擄	1	擄
掴	1	摑	1	摑
掶	1	捷	3	
掷	1	擲	1	擲
掸	1	撣	1	撣
掺	1	摻	1	摻
掻	1	搔	3	
掼	1	摜	3	
掽	2	碰&掽	0	掽
掾	0	掾	0	掾
掿	1	搙	1	搙
揀	0	揀	0	揀
揁	1	㧶	1	㧶
揂	2	揫&揂	2	揫&揂
揃	2	籤&揃	0	揃
揄	0	揄	0	揄
揅	0	揅	0	揅
揆	0	揆	0	揆
揇	0	揇	0	揇
揈	2	掬&㧦&揈	2	掬&㧦&揈
揉	0	揉	0	揉
揊	2	撤&揊	0	揊
揋	0	揋	0	揋
揌	2	總&揌	2	總&揌
揍	0	揍	0	揍
揎	0	揎	0	揎
描	0	描	0	描
提	0	提	0	提
揑	1	捏	1	捏
插	0	插	0	插
揓	0	揓	0	揓
揔	2	揔&總&摠	3	總&摠
揕	0	揕	0	揕
揖	0	揖	0	揖
揗	0	揗	0	揗
揘	0	揘	0	揘
揙	0	揙	0	揙
揚	0	揚	0	揚
換	0	換	0	換
揜	0	揜	0	揜
揝	0	揝	0	揝
揞	0	揞	0	揞
揟	0	揟	0	揟
揠	0	揠	0	揠
握	0	握	0	握
揢	2	抲&揢	2	抲&揢
揣	0	揣	0	揣
揤	0	揤	0	揤
揥	0	揥	0	揥
揦	0	揦	0	揦
揧	2	揦&揧	0	揧
揨	0	揨	0	揨
揩	2	揩&楷	0	揩
揪	2	揪&楸	2	揪&楸
揫	2	揫&𩏢	0	揫
揬	0	揬	0	揬
揭	0	揭	0	揭
揮	0	揮	0	揮
揯	0	揯	0	揯
揰	0	揰	0	揰
揱	0	揱	0	揱
揲	0	揲	0	揲
揳	0	揳	0	揳
援	0	援	0	援
揵	0	揵	0	揵
揶	0	揶	0	揶
揷	1	插	1	插
揸	1	摣	1	摣
揹	2	背&揹	0	揹
揺	1	搖	1	搖
揽	1	攬	1	攬
揾	0	揾	0	揾
揿	1	撳	1	撳
搀	1	攙	1	攙
搁	1	擱	1	擱
搂	1	摟	1	摟
搃	3	總&摠	1	總
搄	1	揯	1	揯
搅	1	攪	3	
搆	0	搆	0	搆
搇	1	撳	1	撳
搈	0	搈	0	搈
搉	0	搉	0	搉
搊	0	搊	0	搊
搋	2	搋&扠	0	搋
搌	0	搌	0	搌
損	0	損	0	損
搎	0	搎	0	搎
搏	0	搏	0	搏
搐	0	搐	0	搐
搑	2	軵&搑&擃	2	軵&搑&擃
搒	2	榜&搒	0	搒
搓	0	搓	0	搓
搔	0	搔	0	搔
搕	0	搕	0	搕
搖	0	搖	0	搖
搗	2	搗&擣	0	搗
搘	2	支&搘	0	搘
搙	0	搙	0	搙
搚	2	拉&拹&搚	2	拉&拹&搚
搛	2	搛&𣀊	2	搛&𣀊
搜	0	搜	0	搜
搝	0	搝	0	搝
搞	0	搞	0	搞
搟	2	掀&搟&攇	2	掀&搟&攇
搠	0	搠	0	搠
搡	0	搡	0	搡
搢	0	搢	0	搢
搣	0	搣	0	搣
搤	0	搤	0	搤
搥	0	搥	0	搥
搦	0	搦	0	搦
搧	0	搧	0	搧
搨	0	搨	0	搨
搩	0	搩	0	搩
搪	0	搪	0	搪
搫	0	搫	0	搫
搬	0	搬	0	搬
搭	0	搭	0	搭
搮	2	標&搮	2	標&搮
搯	2	掏&搯	2	掏&搯
搰	0	搰	0	搰
搱	2	搱&摨	2	搱&摨
搲	0	搲	0	搲
搳	0	搳	0	搳
搴	0	搴	0	搴
搵	1	揾	1	揾
搶	0	搶	0	搶
搷	0	搷	0	搷
搸	0	搸	0	搸
搹	2	扼&搹	2	扼&搹
携	1	攜	1	攜
搻	3	拿&搦	3	拿&搦
搼	1	拳	1	拳
搽	0	搽	0	搽
搾	2	搾&榨	0	搾
搿	0	搿	0	搿
摀	0	摀	0	摀
摁	0	摁	0	摁
摂	1	攝	1	攝
摃	2	扛&摃	0	摃
摄	1	攝	1	攝
摅	1	攄	3	
摆	3	擺&襬	3	擺&襬
摇	1	搖	1	搖
摈	1	擯	1	擯
摉	1	搜	3	
摊	1	攤	1	攤
摋	0	摋	0	摋
摌	0	摌	0	摌
摍	0	摍	0	摍
摎	0	摎	0	摎
摏	1	舂	1	舂
摐	0	摐	0	摐
摑	0	摑	0	摑
摒	0	摒	0	摒
摓	0	摓	0	摓
摔	0	摔	0	摔
摕	2	摭&摕	0	摕
摖	0	摖	0	摖
摗	2	駷&摗	2	駷&摗
摘	0	摘	0	摘
摙	0	摙	0	摙
摚	0	摚	0	摚
摛	0	摛	0	摛
摜	2	慣&摜	0	摜
摝	0	摝	0	摝
摞	0	摞	0	摞
摟	0	摟	0	摟
摠	2	總&摠	2	總&摠
摡	0	摡	0	摡
摢	2	摴&摢	2	摴&摢
摣	0	摣	0	摣
摤	3	搶&磢	1	搶
摥	0	摥	0	摥
摦	0	摦	0	摦
摧	0	摧	0	摧
摨	0	摨	0	摨
摩	0	摩	0	摩
摪	2	𢪇&摪	0	摪
摫	0	摫	0	摫
摬	0	摬	0	摬
摭	0	摭	0	摭
摮	2	敲&摮	0	摮
摯	0	摯	0	摯
摰	0	摰	0	摰
摱	0	摱	0	摱
摲	0	摲	0	摲
摳	2	樞&摳	0	摳
摴	0	摴	0	摴
摵	2	摵&𡠽	0	摵
摶	0	摶	0	摶
摷	2	抄&摷	0	摷
摸	2	摸&摹&模	0	摸
摹	2	摸&摹	2	摸&摹
摺	2	拉&摺	2	拉&摺
摻	0	摻	0	摻
摼	0	摼	0	摼
摽	2	標&摽	0	摽
摾	1	弶	1	弶
摿	2	㨱&搖&摿	2	搖&摿
撀	2	撀&𤚼	0	撀
撁	1	牽	1	牽
撂	0	撂	0	撂
撃	1	擊	1	擊
撄	1	攖	1	攖
撅	0	撅	0	撅
撆	1	撇	1	撇
撇	0	撇	0	撇
撈	0	撈	0	撈
撉	0	撉	0	撉
撊	0	撊	0	撊
撋	0	撋	0	撋
撌	0	撌	0	撌
撍	2	篸&撍	2	篸&撍
撎	2	揖&撎	2	揖&撎
撏	0	撏	0	撏
撐	0	撐	0	撐
撑	1	撐	1	撐
撒	0	撒	0	撒
撓	0	撓	0	撓
撔	0	撔	0	撔
撕	0	撕	0	撕
撖	0	撖	0	撖
撗	0	撗	0	撗
撘	2	搭&撘	1	搭
撙	0	撙	0	撙
撚	0	撚	0	撚
撛	0	撛	0	撛
撜	2	拯&撜	0	撜
撝	0	撝	0	撝
撞	0	撞	0	撞
撟	0	撟	0	撟
撠	0	撠	0	撠
撡	3	操&摻	1	操
撢	2	探&撢	0	撢
撣	0	撣	0	撣
撤	0	撤	0	撤
撥	0	撥	0	撥
撦	2	扯&撦	0	撦
撧	2	撧&絕	1	絕
撨	0	撨	0	撨
撩	0	撩	0	撩
撪	1	㨧	1	㨧
撫	0	撫	0	撫
撬	0	撬	0	撬
播	0	播	0	播
撮	0	撮	0	撮
撯	1	擆	1	擆
撰	0	撰	0	撰
撱	2	㨊&撱	2	㨊&撱
撲	0	撲	0	撲
撳	0	撳	0	撳
撴	1	撉	1	撉
撵	1	攆	1	攆
撶	1	劃	3	
撷	1	擷	1	擷
撸	3	增&擼	1	增
撹	1	攪	1	攪
撺	1	攛	1	攛
撻	0	撻	0	撻
撼	0	撼	0	撼
撽	0	撽	0	撽
撾	0	撾	0	撾
撿	0	撿	0	撿
擀	0	擀	0	擀
擁	0	擁	0	擁
擂	0	擂	0	擂
擃	0	擃	0	擃
擄	0	擄	0	擄
擅	0	擅	0	擅
擆	0	擆	0	擆
擇	0	擇	0	擇
擈	3	撲&樸	1	撲
擉	0	擉	0	擉
擊	0	擊	0	擊
擋	0	擋	0	擋
擌	0	擌	0	擌
操	0	操	0	操
擎	0	擎	0	擎
擏	2	擎&擏&檠	2	擎&擏&檠
擐	0	擐	0	擐
擑	1	接	1	接
擒	2	擒&摛	0	擒
擓	0	擓	0	擓
擔	0	擔	0	擔
擕	1	攜	1	攜
擖	0	擖	0	擖
擗	2	擘&擗	2	擘&擗
擘	0	擘	0	擘
擙	0	擙	0	擙
據	0	據	0	據
擛	0	擛	0	擛
擜	1	㩵	1	㩵
擞	1	擻	1	擻
擟	0	擟	0	擟
擠	0	擠	0	擠
擡	1	抬	1	抬
擢	0	擢	0	擢
擣	2	搗&擣&𦦾	0	擣
擤	0	擤	0	擤
擥	2	擥&攬	1	攬
擦	0	擦	0	擦
擧	1	舉	1	舉
擨	0	擨	0	擨
擩	0	擩	0	擩
擪	0	擪	0	擪
擫	1	擪	1	擪
擬	0	擬	0	擬
擭	2	獲&擭	2	獲&擭
擮	3	𢧵&截	1	截
擯	0	擯	0	擯
擰	0	擰	0	擰
擱	0	擱	0	擱
擲	0	擲	0	擲
擳	2	幯&擳	2	幯&擳
擴	0	擴	0	擴
擵	1	摩	1	摩
擶	0	擶	0	擶
擷	0	擷	0	擷
擸	0	擸	0	擸
擹	2	擹&攤	1	攤
擺	0	擺	0	擺
擻	0	擻	0	擻
擼	0	擼	0	擼
擽	0	擽	0	擽
擾	0	擾	0	擾
擿	2	摘&擲&擿	2	摘&擲&擿
攀	0	攀	0	攀
攁	0	攁	0	攁
攂	1	擂	1	擂
攃	0	攃	0	攃
攄	0	攄	0	攄
攅	1	攢	1	攢
攆	0	攆	0	攆
攇	0	攇	0	攇
攈	1	捃	1	捃
攉	2	搉&攉	2	搉&攉
攊	1	擽	1	擽
攋	0	攋	0	攋
攌	0	攌	0	攌
攍	0	攍	0	攍
攎	0	攎	0	攎
攏	0	攏	0	攏
攐	0	攐	0	攐
攑	0	攑	0	攑
攒	1	攢	1	攢
攓	2	搴&攓	2	搴&攓
攔	0	攔	0	攔
攕	0	攕	0	攕
攖	0	攖	0	攖
攗	0	攗	0	攗
攘	0	攘	0	攘
攙	0	攙	0	攙
攛	0	攛	0	攛
攜	0	攜	0	攜
攝	0	攝	0	攝
攞	0	攞	0	攞
攟	3	捃&攗	1	捃
攠	2	摩&攠	0	攠
攡	2	摛&攡	0	攡
攢	0	攢	0	攢
攣	0	攣	0	攣
攤	0	攤	0	攤
攥	0	攥	0	攥
攦	0	攦	0	攦
攧	0	攧	0	攧
攨	1	搲	1	搲
攩	0	攩	0	攩
攪	0	攪	0	攪
攫	0	攫	0	攫
攬	0	攬	0	攬
攭	0	攭	0	攭
攮	0	攮	0	攮
支	2	丈&支	0	支
攰	1	㩻	1	㩻
攱	0	攱	0	攱
攲	0	攲	0	攲
攳	0	攳	0	攳
攴	0	攴	0	攴
攵	3	文&攴	1	攴
收	0	收	0	收
攷	2	考&攷	0	攷
攸	0	攸	0	攸
改	0	改	0	改
攺	2	改&攺	0	攺
攻	0	攻	0	攻
攼	2	攼&㪋	2	攼&㪋
攽	0	攽	0	攽
放	0	放	0	放
政	0	政	0	政
敀	2	迫&敀	0	敀
敁	0	敁	0	敁
敂	2	敂&叩	1	叩
敃	0	敃	0	敃
敄	0	敄	0	敄
故	0	故	0	故
敆	0	敆	0	敆
敇	2	敕&敇	2	敕&敇
效	0	效	0	效
敉	0	敉	0	敉
敊	2	收&豉&敊	2	收&豉&敊
敋	2	摑&挌&敋	2	摑&敋
敌	2	敵&敌	1	敵
敍	1	敘	1	敘
敎	1	教	1	教
敏	0	敏	0	敏
敐	0	敐	0	敐
救	0	救	0	救
敒	0	敒	0	敒
敓	2	奪&敓	0	敓
敔	0	敔	0	敔
敕	0	敕	0	敕
敖	0	敖	0	敖
敗	0	敗	0	敗
敘	0	敘	0	敘
教	0	教	0	教
敚	1	敓	1	敓
敛	1	斂	1	斂
敜	0	敜	0	敜
敝	0	敝	0	敝
敞	0	敞	0	敞
敟	0	敟	0	敟
敠	2	掇&敪&敠	2	掇&敪&敠
敡	0	敡	0	敡
敢	0	敢	0	敢
散	0	散	0	散
敤	0	敤	0	敤
敥	0	敥	0	敥
敦	0	敦	0	敦
敧	2	攲&敧	0	敧
敨	0	敨	0	敨
敩	1	斅	3	
敪	0	敪	0	敪
敫	2	皦&敫	2	皦&敫
敬	0	敬	0	敬
敭	2	敭&揚	1	揚
敮	0	敮	0	敮
敯	2	𢽹&敯	0	敯
数	1	數	1	數
敱	2	敳&敱	1	敳
敲	0	敲	0	敲
敳	2	敳&敱	0	敳
整	0	整	0	整
敵	0	敵	0	敵
敶	2	陣&陳&敶	0	敶
敷	0	敷	0	敷
數	0	數	0	數
敹	0	敹	0	敹
敺	2	毆&驅&敺	0	敺
敻	0	敻	0	敻
敼	0	敼	0	敼
敽	0	敽	3	
敾	1	繕	3	
敿	2	敽&敿	0	敿
斀	0	斀	0	斀
斁	0	斁	0	斁
斂	0	斂	0	斂
斃	0	斃	0	斃
斄	0	斄	0	斄
斅	2	斅&學&教	3	學&教
斆	1	斅	3	
文	0	文	0	文
斈	1	學	1	學
斉	1	齊	1	齊
斊	1	齊	1	齊
斋	1	齋	1	齋
斌	2	彬&斌	2	彬&斌
斍	1	覺	1	覺
斎	1	齋	1	齋
斐	0	斐	0	斐
斑	2	斑&䃑	2	斑&䃑
斒	2	斑&斒	2	斑&斒
斓	1	斕	1	斕
斔	2	鍾&斔&斞	1	斞
斕	0	斕	0	斕
斖	2	亹&斖	1	亹
斗	2	斗&鬥	2	斗&鬥
斘	0	斘	0	斘
料	0	料	0	料
斚	1	斝	1	斝
斛	0	斛	0	斛
斜	0	斜	0	斜
斝	0	斝	0	斝
斞	0	斞	0	斞
斟	0	斟	0	斟
斠	0	斠	0	斠
斡	0	斡	0	斡
斢	2	黈&斢	0	斢
斣	0	斣	0	斣
斤	0	斤	0	斤
斥	0	斥	0	斥
斦	0	斦	0	斦
斧	0	斧	0	斧
斨	2	折&斨	2	折&斨
斩	1	斬	1	斬
斪	0	斪	0	斪
斫	0	斫	0	斫
斬	0	斬	0	斬
断	1	斷	1	斷
斮	0	斮	0	斮
斯	0	斯	0	斯
新	0	新	0	新
斱	1	斫	1	斫
斲	0	斲	0	斲
斳	2	芹&斳	2	芹&斳
斴	3	𤏞&粼	1	粼
斵	1	斲	1	斲
斶	0	斶	0	斶
斷	0	斷	0	斷
斸	2	欘&钃&斸	0	斸
方	0	方	0	方
斺	2	𣃘&斺	2	𣃘&斺
斻	2	航&斻	0	斻
於	0	於	0	於
施	0	施	0	施
斾	1	旆	1	旆
斿	2	斿&旒	0	斿
旁	0	旁	0	旁
旂	0	旂	0	旂
旃	0	旃	0	旃
旄	0	旄	0	旄
旅	0	旅	0	旅
旆	0	旆	0	旆
旇	0	旇	0	旇
旈	1	旒	1	旒
旉	1	敷	1	敷
旊	1	瓬	1	瓬
旋	2	旋&鏇	2	旋&鏇
旌	0	旌	0	旌
旍	2	旌&旍	1	旌
旎	0	旎	0	旎
族	0	族	0	族
旐	0	旐	0	旐
旑	1	旖	1	旖
旒	0	旒	0	旒
旓	0	旓	0	旓
旔	0	旔	0	旔
旖	0	旖	0	旖
旗	0	旗	0	旗
旘	1	幟	1	幟
旙	1	旛	3	
旚	0	旚	0	旚
旛	0	旛	0	旛
旜	2	旜&旃	1	旃
旝	0	旝	0	旝
旞	0	旞	0	旞
旟	0	旟	0	旟
无	2	無&无	1	無
旡	0	旡	0	旡
既	0	既	0	既
旣	1	既	1	既
旤	3	禍&𣄸	1	𣄸
日	0	日	0	日
旦	0	旦	0	旦
旧	3	臼&舅&舊	1	舊
旨	0	旨	0	旨
早	0	早	0	早
旪	1	協	1	協
旫	0	旫	0	旫
旬	0	旬	0	旬
旭	0	旭	0	旭
旮	2	旭&旮	2	旭&旮
旯	0	旯	0	旯
旰	0	旰	0	旰
旱	0	旱	0	旱
旲	0	旲	0	旲
旳	2	的&旳	2	的&旳
旴	2	旭&旴	0	旴
旵	0	旵	0	旵
时	1	時	1	時
旷	1	曠	1	曠
旸	1	暘	1	暘
旹	2	旹&時	1	時
旺	0	旺	0	旺
旻	0	旻	0	旻
旼	2	旼&旻	0	旼
旽	2	暾&旽	2	暾&旽
旾	1	春	1	春
旿	2	晤&旿	0	旿
昀	0	昀	0	昀
昁	1	𥄔	1	𥄔
昂	0	昂	0	昂
昃	0	昃	0	昃
昄	0	昄	0	昄
昅	1	㬤	1	㬤
昆	2	崑&昆	0	昆
昇	0	昇	0	昇
昈	0	昈	0	昈
昉	0	昉	0	昉
昊	2	昊&昦	2	昊&昦
昋	2	炅&昋	2	炅&昋
昌	0	昌	0	昌
昍	0	昍	0	昍
明	0	明	0	明
昏	2	厥&昏	0	昏
昐	0	昐	0	昐
昑	0	昑	0	昑
昒	0	昒	0	昒
易	0	易	0	易
昔	0	昔	0	昔
昕	0	昕	0	昕
昖	1	㫟	1	㫟
昗	1	昃	1	昃
昘	3	曼&訪&昉	3	曼&訪&昉
昙	1	曇	1	曇
昚	1	慎	1	慎
昛	2	昧&昛	2	昧&昛
昜	2	易&昜	0	昜
昝	0	昝	0	昝
昞	3	炳&昉&昺	3	炳&昉&昺
星	0	星	0	星
映	0	映	0	映
昡	0	昡	0	昡
昢	0	昢	0	昢
昣	0	昣	0	昣
昤	0	昤	0	昤
春	0	春	0	春
昦	2	昊&昦	2	昊&昦
昧	0	昧	0	昧
昨	0	昨	0	昨
昩	0	昩	0	昩
昪	0	昪	0	昪
昫	2	煦&昫	2	煦&昫
昬	1	昏	1	昏
昭	2	昭&佋	0	昭
昮	0	昮	0	昮
是	0	是	0	是
昰	3	夏&是	3	夏&是
昱	0	昱	0	昱
昲	0	昲	0	昲
昳	0	昳	0	昳
昴	2	昂&昴	0	昴
昵	0	昵	0	昵
昶	0	昶	0	昶
昷	3	温&𥁕&𣌬	1	𥁕
昸	1	冬	1	冬
昹	0	昹	0	昹
昺	2	炳&昺	2	炳&昺
昻	1	昂	1	昂
昼	1	晝	1	晝
昽	1	曨	1	曨
显	1	顯	3	
昿	1	曠	3	
晀	0	晀	0	晀
晁	0	晁	0	晁
時	0	時	0	時
晃	0	晃	0	晃
晄	1	晃	1	晃
晅	0	晅	0	晅
晆	0	晆	0	晆
晇	2	旴&晇	2	旴&晇
晈	1	皎	1	皎
晉	0	晉	0	晉
晊	0	晊	0	晊
晋	1	晉	1	晉
晌	2	晌&晑	0	晌
晍	1	曈	1	曈
晎	0	晎	0	晎
晏	0	晏	0	晏
晐	0	晐	0	晐
晑	0	晑	0	晑
晒	1	曬	1	曬
晓	1	曉	1	曉
晔	1	曄	1	曄
晕	1	暈	1	暈
晖	1	暉	3	
晗	0	晗	0	晗
晘	2	旱&晘	2	旱&晘
晙	0	晙	0	晙
晚	0	晚	0	晚
晛	0	晛	0	晛
晜	2	昆&晜	0	晜
晝	2	晝&畫	0	晝
晞	0	晞	0	晞
晟	2	晟&𠕠	2	晟&𠕠
晠	1	晟	1	晟
晡	0	晡	0	晡
晢	2	晢&䀸	0	晢
晣	1	晢	1	晢
晤	0	晤	0	晤
晥	2	皖&晥	1	皖
晦	0	晦	0	晦
晧	1	皓	1	皓
晨	0	晨	0	晨
晩	1	晚	1	晚
晪	0	晪	0	晪
晫	0	晫	0	晫
晬	0	晬	0	晬
晭	1	㫶	1	㫶
普	0	普	0	普
景	2	影&景	0	景
晰	0	晰	0	晰
晱	2	睒&晱	2	睒&晱
晲	2	晛&晲	2	晛&晲
晳	2	晳&晰&皙	3	晰&皙
晴	0	晴	0	晴
晵	0	晵	0	晵
晶	0	晶	0	晶
晷	0	晷	0	晷
晸	0	晸	0	晸
晹	0	晹	0	晹
智	0	智	0	智
晻	2	暗&晻	2	暗&晻
晼	0	晼	0	晼
晽	0	晽	0	晽
晾	2	晾&暻	2	晾&暻
晿	0	晿	0	晿
暀	2	旺&暀	0	暀
暁	1	曉	1	曉
暂	1	暫	1	暫
暄	2	暄&煖	0	暄
暅	2	暅&晅	1	晅
暆	0	暆	0	暆
暇	0	暇	0	暇
暈	0	暈	0	暈
暉	0	暉	0	暉
暊	0	暊	0	暊
暋	2	暋&敃	2	暋&敃
暌	0	暌	0	暌
暍	0	暍	0	暍
暎	1	映	1	映
暏	1	曙	1	曙
暐	0	暐	0	暐
暑	0	暑	0	暑
暒	1	晴	1	晴
暓	2	𣊃&瞀&暓	2	瞀&暓
暔	0	暔	0	暔
暕	0	暕	0	暕
暖	0	暖	0	暖
暗	2	暗&晻	0	暗
暘	0	暘	0	暘
暙	0	暙	0	暙
暚	0	暚	0	暚
暛	0	暛	0	暛
暜	3	普&替	1	替
暝	0	暝	0	暝
暞	1	曒	1	曒
暟	2	皚&暟	0	暟
暠	0	暠	0	暠
暡	0	暡	0	暡
暢	0	暢	0	暢
暣	0	暣	0	暣
暤	2	暤&皞	1	皞
暥	0	暥	0	暥
暦	1	曆	1	曆
暧	1	曖	1	曖
暨	0	暨	0	暨
暩	0	暩	0	暩
暪	0	暪	0	暪
暫	0	暫	0	暫
暬	2	褻&暬	0	暬
暭	3	暤&皞	1	皞
暮	0	暮	0	暮
暯	0	暯	0	暯
暰	0	暰	0	暰
暱	0	暱	0	暱
暲	0	暲	0	暲
暳	0	暳	0	暳
暴	2	暴&曝	0	暴
暵	0	暵	0	暵
暶	0	暶	0	暶
暷	0	暷	0	暷
暸	0	暸	0	暸
暹	0	暹	0	暹
暺	2	㫜&暺	0	暺
暻	2	景&暻	2	景&暻
暼	0	暼	0	暼
暽	0	暽	0	暽
暾	0	暾	0	暾
暿	1	熹	1	熹
曀	0	曀	0	曀
曁	1	暨	1	暨
曂	0	曂	0	曂
曃	0	曃	0	曃
曄	0	曄	0	曄
曅	1	曄	1	曄
曆	0	曆	0	曆
曇	0	曇	0	曇
曈	0	曈	0	曈
曉	0	曉	0	曉
曊	2	昲&曊	0	曊
曋	0	曋	0	曋
曌	2	照&曌	0	曌
曍	1	皞	1	皞
曎	1	燡	1	燡
曏	0	曏	0	曏
曐	1	星	1	星
曑	2	曑&參	1	參
曒	2	曒&皦	0	曒
曓	2	曓&暴	1	暴
曔	0	曔	0	曔
曕	0	曕	0	曕
曖	0	曖	0	曖
曗	1	曄	1	曄
曘	0	曘	0	曘
曙	0	曙	0	曙
曚	0	曚	0	曚
曛	0	曛	0	曛
曜	0	曜	0	曜
曝	0	曝	0	曝
曞	0	曞	0	曞
曟	1	晨	1	晨
曠	0	曠	0	曠
曡	1	疊	1	疊
曣	2	晏&曣	0	曣
曤	2	𣉒&曤	2	𣉒&曤
曥	0	曥	0	曥
曦	0	曦	0	曦
曧	0	曧	0	曧
曨	0	曨	0	曨
曩	0	曩	0	曩
曪	0	曪	0	曪
曫	0	曫	0	曫
曬	0	曬	0	曬
曭	0	曭	0	曭
曮	0	曮	0	曮
曯	1	燭	1	燭
曰	0	曰	0	曰
曱	0	曱	0	曱
曲	2	曲&麴	0	曲
曳	0	曳	0	曳
更	0	更	0	更
曵	1	曳	1	曳
曶	0	曶	0	曶
曷	0	曷	0	曷
書	2	晝&書	0	書
曹	0	曹	0	曹
曺	1	曹	1	曹
曻	1	昇	3	
曼	0	曼	0	曼
曽	1	曾	1	曾
曾	0	曾	0	曾
替	0	替	0	替
最	0	最	0	最
朁	2	替&朁	2	替&朁
朂	1	勗	3	
會	0	會	0	會
朄	0	朄	0	朄
朅	0	朅	0	朅
朆	0	朆	0	朆
朇	2	裨&朇	0	朇
月	0	月	0	月
有	0	有	0	有
朊	0	朊	0	朊
朋	0	朋	0	朋
朌	1	頒	1	頒
服	0	服	0	服
朎	0	朎	0	朎
朏	2	朏&胐	0	朏
朐	2	朐&胊	0	朐
朑	1	屜	3	
朒	0	朒	0	朒
朓	0	朓	0	朓
朔	0	朔	0	朔
朕	0	朕	0	朕
朖	1	朗	1	朗
朗	0	朗	0	朗
朘	0	朘	0	朘
朙	1	明	1	明
朚	2	盲&朚	0	朚
望	0	望	0	望
朜	1	㬿	1	㬿
朝	0	朝	0	朝
朞	3	期&稘	1	期
期	2	期&稘	0	期
朠	0	朠	0	朠
朡	0	朡	0	朡
朢	2	望&朢	1	望
朣	0	朣	0	朣
朤	3	朗&照&耀	1	朗
朥	1	癆	3	
朦	0	朦	0	朦
朧	0	朧	0	朧
木	0	木	0	木
朩	1	木	3	
未	0	未	0	未
末	0	末	0	末
本	0	本	0	本
札	0	札	0	札
朮	2	朮&術	0	朮
术	2	术&朮&術&秫	1	術
朱	2	朱&硃	2	朱&硃
朲	0	朲	0	朲
朳	0	朳	0	朳
朴	2	朴&樸	2	朴&樸
朵	0	朵	0	朵
朶	1	朵	1	朵
朷	2	朸&朷	2	朸&朷
朸	0	朸	0	朸
朹	2	朹&簋	0	朹
机	2	几&機&机	1	機
朻	0	朻	0	朻
朼	2	匕&枇&朼	2	匕&朼
朽	0	朽	0	朽
朾	2	打&朾	0	朾
朿	2	束&朿	0	朿
杀	1	殺	1	殺
杂	3	朵&雜	1	雜
权	1	權	1	權
杄	1	櫏	1	櫏
杅	0	杅	0	杅
杆	2	桿&杆	0	杆
杇	2	圬&朽&杅&杇	0	杇
杈	2	權&杈	2	權&杈
杉	0	杉	0	杉
杊	1	𣖼	1	𣖼
杋	0	杋	0	杋
杌	0	杌	0	杌
杍	2	李&梓&杍	1	梓
李	0	李	0	李
杏	0	杏	0	杏
材	0	材	0	材
村	0	村	0	村
杒	2	軔&杒	0	杒
杓	0	杓	0	杓
杔	0	杔	0	杔
杕	0	杕	0	杕
杖	0	杖	0	杖
杗	0	杗	0	杗
杘	0	杘	0	杘
杙	0	杙	0	杙
杚	2	概&杚	0	杚
杛	0	杛	0	杛
杜	0	杜	0	杜
杝	2	籬&杝	2	籬&杝
杞	0	杞	0	杞
束	0	束	0	束
杠	2	槓&杠	0	杠
条	1	條	1	條
杤	1	𣜜	3	
来	1	來	1	來
杦	1	板	3	
杨	1	楊	1	楊
杩	1	榪	3	
杪	0	杪	0	杪
杫	0	杫	0	杫
杬	0	杬	0	杬
杭	0	杭	0	杭
杮	1	𣏕	1	𣏕
杯	2	杯&盃	0	杯
杰	2	傑&杰	0	杰
東	0	東	0	東
杲	2	杲&𠕖	2	杲&𠕖
杳	0	杳	0	杳
杴	0	杴	0	杴
杵	0	杵	0	杵
杶	0	杶	0	杶
杷	0	杷	0	杷
杸	0	杸	0	杸
杹	0	杹	0	杹
杺	0	杺	0	杺
杻	2	杶&杻	0	杻
杼	0	杼	0	杼
杽	2	杻&杽	0	杽
松	2	松&鬆	2	松&鬆
板	2	板&闆	2	板&闆
枀	3	松&榕&鬆	3	松&榕
极	2	極&极	1	極
枂	0	枂	0	枂
枃	0	枃	0	枃
构	2	枸&構&构	1	構
枅	0	枅	0	枅
枆	2	枆&㮘	1	㮘
枇	0	枇	0	枇
枈	2	枇&枈	2	枇&枈
枉	0	枉	0	枉
枊	2	抑&柳&枊	2	抑&柳&枊
枋	0	枋	0	枋
枌	0	枌	0	枌
枍	0	枍	0	枍
枎	2	枎&柎	2	枎&柎
枏	3	楠&柟	1	柟
析	0	析	0	析
枑	0	枑	0	枑
枒	2	椰&枒	0	枒
枓	0	枓	0	枓
枔	0	枔	0	枔
枕	0	枕	0	枕
枖	0	枖	0	枖
林	0	林	0	林
枘	0	枘	0	枘
枙	2	軛&枙	0	枙
枚	0	枚	0	枚
枛	0	枛	0	枛
果	0	果	0	果
枝	0	枝	0	枝
枞	1	樅	1	樅
枟	2	檀&枟	2	檀&枟
枢	1	樞	1	樞
枣	1	棗	1	棗
枤	1	杕	3	
枥	1	櫪	3	
枧	1	梘	1	梘
枨	1	棖	3	
枩	1	鬆	3	
枪	1	槍	1	槍
枫	1	楓	1	楓
枬	1	栴	3	
枭	1	梟	1	梟
枮	2	椹&枮	2	椹&枮
枯	0	枯	0	枯
枰	0	枰	0	枰
枱	2	檯&柌&枱	0	枱
枲	0	枲	0	枲
枳	0	枳	0	枳
枴	0	枴	0	枴
枵	0	枵	0	枵
架	0	架	0	架
枷	0	枷	0	枷
枸	2	拘&枸	0	枸
枹	0	枹	0	枹
枺	0	枺	0	枺
枻	0	枻	0	枻
枼	0	枼	0	枼
枽	3	桑&枼	1	枼
枾	1	柿	1	柿
枿	1	櫱	1	櫱
柀	0	柀	0	柀
柁	2	舵&柁	2	舵&柁
柂	2	柁&柂	2	柁&柂
柃	0	柃	0	柃
柄	0	柄	0	柄
柅	0	柅	0	柅
柆	0	柆	0	柆
柇	0	柇	0	柇
柈	2	盤&柈&槃	2	盤&柈&槃
柉	0	柉	0	柉
柊	0	柊	0	柊
柋	0	柋	0	柋
柌	0	柌	0	柌
柍	0	柍	0	柍
柎	0	柎	0	柎
柏	0	柏	0	柏
某	2	某&梅	0	某
柑	0	柑	0	柑
柒	2	七&漆&柒	0	柒
染	0	染	0	染
柔	0	柔	0	柔
柕	3	杼&楙	1	楙
柖	0	柖	0	柖
柗	1	松	1	松
柘	0	柘	0	柘
柙	0	柙	0	柙
柚	0	柚	0	柚
柛	2	神&柛	2	神&柛
柜	2	櫃&柜	1	櫃
柝	0	柝	0	柝
柞	0	柞	0	柞
柟	2	楠&柟	2	楠&柟
柠	3	檸&楮	1	檸
柡	0	柡	0	柡
柢	0	柢	0	柢
柣	0	柣	0	柣
柤	2	柤&樝	2	柤&樝
查	0	查	0	查
柦	0	柦	0	柦
柧	2	柧&枛	2	柧&枛
柨	0	柨	0	柨
柩	0	柩	0	柩
柪	0	柪	0	柪
柫	0	柫	0	柫
柬	2	東&柬	2	東&柬
柭	2	柫&柭	0	柭
柮	0	柮	0	柮
柯	0	柯	0	柯
柰	2	奈&柰	0	柰
柱	0	柱	0	柱
柲	0	柲	0	柲
柳	0	柳	0	柳
柴	0	柴	0	柴
柵	0	柵	0	柵
柶	0	柶	0	柶
柷	0	柷	0	柷
柸	2	杯&柸	2	杯&柸
柹	3	柿&𣏕	3	柿&𣏕
柺	2	枴&柺	1	枴
査	1	查	1	查
柼	0	柼	0	柼
柽	1	檉	1	檉
柾	1	柩	1	柩
柿	0	柿	0	柿
栀	1	梔	1	梔
栁	1	柳	1	柳
栂	1	梅	1	梅
栄	1	榮	1	榮
栅	1	柵	1	柵
栆	1	棗	1	棗
标	1	標	1	標
栈	1	棧	1	棧
栉	1	櫛	1	櫛
栊	1	櫳	3	
栋	1	棟	1	棟
栌	1	櫨	3	
栎	1	櫟	3	
栏	1	欄	1	欄
栐	1	柡	1	柡
树	1	樹	1	樹
栒	2	栒&簨	2	栒&簨
栓	0	栓	0	栓
栔	0	栔	0	栔
栕	3	棺&桭	3	棺&桭
栖	2	棲&栖	1	棲
栗	0	栗	0	栗
栘	2	移&栘	2	移&栘
栙	0	栙	0	栙
栚	0	栚	0	栚
栛	0	栛	0	栛
栜	0	栜	0	栜
栝	2	括&栝	0	栝
栞	2	栞&刊	0	栞
栟	0	栟	0	栟
栠	0	栠	0	栠
校	0	校	0	校
栢	1	柏	1	柏
栣	1	栠	1	栠
栤	0	栤	0	栤
栥	0	栥	0	栥
栦	0	栦	0	栦
栧	1	枻	1	枻
栨	0	栨	0	栨
栩	0	栩	0	栩
株	0	株	0	株
栫	0	栫	0	栫
栬	0	栬	0	栬
栭	0	栭	0	栭
栮	2	栭&栮	0	栮
栯	0	栯	0	栯
栰	2	栰&筏&橃	3	筏&橃
栱	0	栱	0	栱
栲	0	栲	0	栲
栳	0	栳	0	栳
栴	0	栴	0	栴
栵	0	栵	0	栵
栶	0	栶	0	栶
样	2	樣&样	1	樣
核	0	核	0	核
根	0	根	0	根
栺	0	栺	0	栺
栻	0	栻	0	栻
格	0	格	0	格
栽	0	栽	0	栽
栾	1	欒	1	欒
栿	0	栿	0	栿
桀	0	桀	0	桀
桁	0	桁	0	桁
桂	0	桂	0	桂
桃	0	桃	0	桃
桄	0	桄	0	桄
桅	0	桅	0	桅
框	0	框	0	框
桇	0	桇	0	桇
案	0	案	0	案
桉	2	案&桉	2	案&桉
桊	0	桊	0	桊
桋	0	桋	0	桋
桌	2	卓&桌	0	桌
桍	0	桍	0	桍
桎	0	桎	0	桎
桏	0	桏	0	桏
桐	0	桐	0	桐
桑	0	桑	0	桑
桒	1	桑	1	桑
桓	0	桓	0	桓
桔	0	桔	0	桔
桕	1	𣓌	1	𣓌
桖	0	桖	0	桖
桗	1	𣑫	1	𣑫
桘	3	椎&槌	1	槌
桙	3	杅&㭌	1	㭌
桝	1	椒	3	
桞	1	柳	3	
桟	1	棧	3	
桠	1	椏	1	椏
桡	1	橈	1	橈
桢	1	楨	1	楨
档	1	檔	1	檔
桤	1	榿	1	榿
桥	1	橋	1	橋
桦	1	樺	1	樺
桧	1	檜	3	
桨	1	槳	1	槳
桩	1	樁	1	樁
桪	1	樳	3	
桫	0	桫	0	桫
桬	2	桫&桬	2	桫&桬
桭	0	桭	0	桭
桮	2	杯&桮	0	桮
桯	2	楹&桯	2	楹&桯
桰	1	栝	1	栝
桱	0	桱	0	桱
桲	0	桲	0	桲
桳	2	軬&桳&㮥	2	軬&桳&㮥
桴	0	桴	0	桴
桵	0	桵	0	桵
桶	2	桶&甬	2	桶&甬
桷	0	桷	0	桷
桸	0	桸	0	桸
桹	0	桹	0	桹
桺	1	柳	1	柳
桻	0	桻	0	桻
桼	2	漆&桼	0	桼
桽	0	桽	0	桽
桾	0	桾	0	桾
桿	2	桿&杆	0	桿
梀	2	栜&梀	2	栜&梀
梁	0	梁	0	梁
梂	0	梂	0	梂
梃	2	挺&梃	2	挺&梃
梄	1	槱	1	槱
梅	0	梅	0	梅
梆	0	梆	0	梆
梇	0	梇	0	梇
梈	0	梈	0	梈
梉	0	梉	0	梉
梊	2	摕&梊	2	摕&梊
梋	0	梋	0	梋
梌	0	梌	0	梌
梎	0	梎	0	梎
梏	0	梏	0	梏
梐	0	梐	0	梐
梑	0	梑	0	梑
梒	0	梒	0	梒
梓	0	梓	0	梓
梔	0	梔	0	梔
梕	1	杒	1	杒
梖	0	梖	0	梖
梗	0	梗	0	梗
梘	2	筧&梘	0	梘
梙	1	槵	1	槵
梚	0	梚	0	梚
梛	0	梛	0	梛
梜	0	梜	0	梜
條	0	條	0	條
梞	0	梞	0	梞
梟	0	梟	0	梟
梠	0	梠	0	梠
梡	0	梡	0	梡
梢	0	梢	0	梢
梣	0	梣	0	梣
梤	2	棻&梤	2	棻&梤
梥	1	松	1	松
梦	1	夢	1	夢
梧	0	梧	0	梧
梨	0	梨	0	梨
梩	2	梩&㭒	2	梩&㭒
梪	2	豆&梪	1	豆
梫	0	梫	0	梫
梬	0	梬	0	梬
梭	0	梭	0	梭
梮	2	梮&檋	2	梮&檋
梯	0	梯	0	梯
械	0	械	0	械
梱	0	梱	0	梱
梲	0	梲	0	梲
梳	0	梳	0	梳
梴	0	梴	0	梴
梵	0	梵	0	梵
梶	0	梶	0	梶
梷	0	梷	0	梷
梸	1	梨	1	梨
梹	1	檳	1	檳
梼	1	檮	3	
梾	1	棶	3	
梿	1	槤	3	
检	1	檢	1	檢
棁	1	梲	1	梲
棂	1	欞	1	欞
棃	1	梨	1	梨
棄	0	棄	0	棄
棅	1	柄	1	柄
棆	0	棆	0	棆
棇	0	棇	0	棇
棈	0	棈	0	棈
棉	0	棉	0	棉
棊	1	棋	1	棋
棋	0	棋	0	棋
棌	0	棌	0	棌
棍	0	棍	0	棍
棎	0	棎	0	棎
棏	2	棏&㭙	1	㭙
棐	0	棐	0	棐
棑	2	排&棑	2	排&棑
棒	0	棒	0	棒
棓	0	棓	0	棓
棔	0	棔	0	棔
棕	0	棕	0	棕
棖	0	棖	0	棖
棗	0	棗	0	棗
棘	0	棘	0	棘
棙	0	棙	0	棙
棚	0	棚	0	棚
棛	0	棛	0	棛
棜	0	棜	0	棜
棝	0	棝	0	棝
棞	2	梱&棞	2	梱&棞
棟	2	棟&楝	0	棟
棠	0	棠	0	棠
棡	0	棡	0	棡
棢	1	輞	1	輞
棣	0	棣	0	棣
棤	0	棤	0	棤
棥	2	樊&楙&棥	2	樊&楙&棥
棦	0	棦	0	棦
棧	0	棧	0	棧
棨	0	棨	0	棨
棩	0	棩	0	棩
棪	0	棪	0	棪
棫	0	棫	0	棫
棬	2	棬&桊	0	棬
棭	2	掖&棭	2	掖&棭
森	0	森	0	森
棯	2	棯&㰂	2	棯&㰂
棰	0	棰	0	棰
棱	2	稜&棱	2	稜&棱
棲	0	棲	0	棲
棳	0	棳	0	棳
棴	0	棴	0	棴
棵	0	棵	0	棵
棶	0	棶	0	棶
棷	0	棷	0	棷
棸	0	棸	0	棸
棹	2	桌&棹&櫂	0	棹
棺	0	棺	0	棺
棻	0	棻	0	棻
棼	0	棼	0	棼
棽	0	棽	0	棽
棾	0	棾	0	棾
棿	3	輗&隉	3	輗&隉
椀	1	碗	1	碗
椁	1	槨	1	槨
椂	0	椂	0	椂
椃	0	椃	0	椃
椄	2	接&椄	2	接&椄
椅	0	椅	0	椅
椆	0	椆	0	椆
椇	0	椇	0	椇
椈	0	椈	0	椈
椉	1	乘	1	乘
椊	0	椊	0	椊
椋	0	椋	0	椋
椌	2	控&椌	2	控&椌
植	0	植	0	植
椎	0	椎	0	椎
椏	2	丫&椏	0	椏
椐	0	椐	0	椐
椑	0	椑	0	椑
椒	0	椒	0	椒
椓	0	椓	0	椓
椔	0	椔	0	椔
椕	0	椕	0	椕
椖	1	棚	3	
椗	2	碇&椗	1	碇
椘	1	楚	1	楚
椚	0	椚	3	
検	1	檢	1	檢
椝	1	規	3	
椞	0	椞	0	椞
椟	1	櫝	1	櫝
椠	1	槧	1	槧
椢	1	槶	3	
椤	1	欏	1	欏
椥	0	椥	0	椥
椦	1	棬	3	
椪	0	椪	0	椪
椫	1	樿	3	
椭	1	橢	1	橢
椮	1	槮	1	槮
椯	2	椯&𣛹	0	椯
椰	0	椰	0	椰
椱	0	椱	0	椱
椲	2	楎&椲	0	椲
椳	0	椳	0	椳
椴	0	椴	0	椴
椵	2	椵&椴	2	椵&椴
椶	2	椶&棕	1	棕
椷	2	函&椷	0	椷
椸	0	椸	0	椸
椹	2	椹&葚	2	椹&葚
椺	0	椺	0	椺
椻	0	椻	0	椻
椼	0	椼	0	椼
椽	0	椽	0	椽
椾	3	棧&箋&牋	3	棧&箋&牋
椿	0	椿	0	椿
楀	0	楀	0	楀
楁	0	楁	0	楁
楂	0	楂	0	楂
楃	1	幄	1	幄
楄	0	楄	0	楄
楅	0	楅	0	楅
楆	0	楆	0	楆
楇	2	輠&楇	0	楇
楈	0	楈	0	楈
楉	0	楉	0	楉
楊	0	楊	0	楊
楋	0	楋	0	楋
楌	0	楌	0	楌
楍	2	楍&本	1	本
楎	0	楎	0	楎
楏	0	楏	0	楏
楐	1	庎	1	庎
楑	0	楑	0	楑
楒	2	總&楒	2	總&楒
楓	0	楓	0	楓
楔	0	楔	0	楔
楕	1	橢	1	橢
楖	2	櫛&楖	2	櫛&楖
楗	2	鍵&楗	0	楗
楘	0	楘	0	楘
楙	0	楙	0	楙
楚	0	楚	0	楚
楛	0	楛	0	楛
楜	0	楜	0	楜
楝	0	楝	0	楝
楞	2	愣&楞&稜&棱	2	愣&楞&稜&棱
楟	0	楟	0	楟
楠	0	楠	0	楠
楡	1	榆	1	榆
楢	0	楢	0	楢
楣	0	楣	0	楣
楤	1	棇	1	棇
楥	2	援&楥	2	援&楥
楦	2	楦&楥	2	楦&楥
楧	1	柍	1	柍
楨	0	楨	0	楨
楩	0	楩	0	楩
楪	2	碟&楪	0	楪
楫	0	楫	0	楫
楬	0	楬	0	楬
業	0	業	0	業
楮	0	楮	0	楮
楯	0	楯	0	楯
楰	0	楰	0	楰
楱	0	楱	0	楱
楲	0	楲	0	楲
楳	1	梅	1	梅
楴	0	楴	0	楴
極	0	極	0	極
楶	0	楶	0	楶
楷	0	楷	0	楷
楸	0	楸	0	楸
楹	0	楹	0	楹
楺	2	楺&煣	2	楺&煣
楻	2	艎&楻	0	楻
楼	1	樓	1	樓
楽	1	樂	1	樂
概	2	槩&概	0	概
榃	0	榃	0	榃
榄	1	欖	1	欖
榅	0	榅	0	榅
榆	0	榆	0	榆
榇	3	梓&櫬	1	櫬
榈	1	櫚	1	櫚
榉	1	櫸	1	櫸
榍	2	楔&榍	0	榍
榎	2	榎&檟	1	檟
榏	2	榏&艗	0	榏
榐	0	榐	0	榐
榑	2	榑&欂	2	榑&欂
榒	0	榒	0	榒
榓	0	榓	0	榓
榔	0	榔	0	榔
榕	0	榕	0	榕
榖	2	穀&榖&㝅	0	榖
榗	0	榗	0	榗
榘	1	矩	1	矩
榙	0	榙	0	榙
榚	0	榚	0	榚
榛	0	榛	0	榛
榜	0	榜	0	榜
榝	0	榝	0	榝
榞	0	榞	0	榞
榟	1	梓	1	梓
榠	2	茗&榠	0	榠
榡	2	素&榡	0	榡
榢	1	架	1	架
榣	0	榣	0	榣
榤	0	榤	0	榤
榥	0	榥	0	榥
榦	0	榦	0	榦
榧	2	榧&棑	2	榧&棑
榨	0	榨	0	榨
榩	0	榩	0	榩
榪	0	榪	0	榪
榫	0	榫	0	榫
榬	0	榬	0	榬
榭	0	榭	0	榭
榮	0	榮	0	榮
榯	0	榯	0	榯
榰	0	榰	0	榰
榱	0	榱	0	榱
榲	1	榅	1	榅
榳	0	榳	0	榳
榴	0	榴	0	榴
榵	0	榵	0	榵
榶	0	榶	0	榶
榷	2	榷&㰌	0	榷
榸	0	榸	0	榸
榹	0	榹	0	榹
榺	2	滕&榺	0	榺
榻	0	榻	0	榻
榼	0	榼	0	榼
榽	0	榽	0	榽
榾	0	榾	0	榾
榿	0	榿	0	榿
槀	1	槁	1	槁
槁	0	槁	0	槁
槂	0	槂	0	槂
槃	2	盤&槃	2	盤&槃
槄	0	槄	0	槄
槅	0	槅	0	槅
槆	2	橁&槆	1	橁
槇	1	槙	1	槙
槈	2	耨&槈	1	耨
槉	0	槉	0	槉
槊	0	槊	0	槊
構	0	構	0	構
槌	2	椎&槌	0	槌
槍	0	槍	0	槍
槎	2	楂&槎	0	槎
槏	2	廉&槏	2	廉&槏
槐	0	槐	0	槐
槑	1	梅	1	梅
槒	1	慉	1	慉
槓	0	槓	0	槓
槔	0	槔	0	槔
槕	1	桌	1	桌
槖	1	橐	1	橐
槗	1	橋	1	橋
様	3	樣&橡	1	橡
槙	0	槙	0	槙
槚	1	檟	1	檟
槛	1	檻	1	檻
槜	1	檇	3	
槞	1	櫳	3	
槟	1	檳	1	檳
槠	1	櫧	3	
槡	1	桑	1	桑
槢	0	槢	0	槢
槣	0	槣	0	槣
槤	0	槤	0	槤
槥	0	槥	0	槥
槦	0	槦	0	槦
槧	0	槧	0	槧
槨	0	槨	0	槨
槩	2	槩&概	0	槩
槪	1	概	1	概
槫	0	槫	0	槫
槬	0	槬	0	槬
槭	0	槭	0	槭
槮	0	槮	0	槮
槯	0	槯	0	槯
槰	2	𣟀&槰	0	槰
槱	0	槱	0	槱
槲	0	槲	0	槲
槳	0	槳	0	槳
槴	0	槴	0	槴
槵	0	槵	0	槵
槶	2	簂&槶	0	槶
槷	2	楔&槸&槷	2	楔&槸&槷
槸	0	槸	0	槸
槹	1	槔	1	槔
槺	1	䆲	1	䆲
槻	0	槻	0	槻
槼	2	規&槼	1	規
槽	0	槽	0	槽
槾	2	鏝&槾	2	鏝&槾
槿	0	槿	0	槿
樀	0	樀	0	樀
樁	0	樁	0	樁
樂	0	樂	0	樂
樃	1	桹	1	桹
樄	0	樄	0	樄
樅	0	樅	0	樅
樆	2	樆&㰚	2	樆&㰚
樇	0	樇	0	樇
樈	0	樈	0	樈
樉	0	樉	0	樉
樊	0	樊	0	樊
樋	0	樋	0	樋
樌	0	樌	0	樌
樍	0	樍	0	樍
樎	0	樎	0	樎
樏	2	樏&欙	2	樏&欙
樐	1	櫓	1	櫓
樑	1	梁	1	梁
樒	1	榓	1	榓
樓	0	樓	0	樓
樔	0	樔	0	樔
樕	0	樕	0	樕
樖	0	樖	0	樖
樗	2	樺&樗	2	樺&樗
樘	2	撐&樘	2	撐&樘
標	0	標	0	標
樚	2	櫝&樚	2	櫝&樚
樛	0	樛	0	樛
樜	2	柘&樜	0	樜
樝	0	樝	0	樝
樞	0	樞	0	樞
樟	0	樟	0	樟
樠	0	樠	0	樠
模	0	模	0	模
樢	2	蔦&樢	0	樢
樣	2	樣&橡	0	樣
樤	2	樤&條	1	條
樥	0	樥	0	樥
樦	2	樦&䇠	0	樦
樧	1	榝	1	榝
樨	0	樨	0	樨
権	1	權	1	權
横	1	橫	1	橫
樫	0	樫	3	
樬	1	棇	1	棇
樭	1	棋	3	
樮	1	槱	3	
樯	1	檣	1	檣
樱	1	櫻	1	櫻
樲	0	樲	0	樲
樳	0	樳	0	樳
樴	0	樴	0	樴
樵	0	樵	0	樵
樶	1	𣖱	1	𣖱
樷	1	叢	1	叢
樸	0	樸	0	樸
樹	0	樹	0	樹
樺	0	樺	0	樺
樻	0	樻	0	樻
樼	2	榛&樼	0	樼
樽	0	樽	0	樽
樾	0	樾	0	樾
樿	0	樿	0	樿
橀	0	橀	0	橀
橁	2	杶&橁	0	橁
橂	0	橂	0	橂
橃	0	橃	0	橃
橄	0	橄	0	橄
橅	2	橅&模	1	模
橆	2	無&橆	2	無&橆
橇	0	橇	0	橇
橈	0	橈	0	橈
橉	0	橉	0	橉
橊	1	榴	1	榴
橋	0	橋	0	橋
橌	0	橌	0	橌
橍	0	橍	0	橍
橎	0	橎	0	橎
橏	0	橏	0	橏
橐	0	橐	0	橐
橑	0	橑	0	橑
橒	0	橒	0	橒
橓	1	蕣	1	蕣
橔	2	橔&𧝋	2	橔&𧝋
橕	2	樘&橕	0	橕
橖	0	橖	0	橖
橗	0	橗	0	橗
橘	0	橘	0	橘
橙	2	凳&橙	2	凳&橙
橚	0	橚	0	橚
橛	0	橛	0	橛
橜	1	橛	1	橛
橝	0	橝	0	橝
橞	2	槥&橞	2	槥&橞
機	0	機	0	機
橠	0	橠	0	橠
橡	0	橡	0	橡
橢	0	橢	0	橢
橣	0	橣	0	橣
橤	2	蕊&橤	0	橤
橥	1	櫫	1	櫫
橦	0	橦	0	橦
橧	0	橧	0	橧
橨	0	橨	0	橨
橩	0	橩	0	橩
橪	0	橪	0	橪
橫	0	橫	0	橫
橬	2	梣&橬	2	梣&橬
橭	0	橭	0	橭
橮	2	柳&橮	2	柳&橮
橯	0	橯	0	橯
橰	2	槔&橰	1	槔
橱	1	櫥	1	櫥
橶	2	撠&橶	0	橶
橹	1	櫓	1	櫓
橺	1	橌	3	
橼	1	櫞	1	櫞
橽	0	橽	0	橽
橾	2	操&橾	2	操&橾
橿	0	橿	0	橿
檀	0	檀	0	檀
檁	0	檁	0	檁
檂	0	檂	0	檂
檃	0	檃	0	檃
檄	0	檄	0	檄
檅	2	槥&檅	1	槥
檆	1	杉	1	杉
檇	0	檇	0	檇
檈	0	檈	0	檈
檉	0	檉	0	檉
檊	2	杆&檊	2	杆&檊
檋	0	檋	0	檋
檌	2	𢶀&檌	0	檌
檍	0	檍	0	檍
檎	0	檎	0	檎
檏	1	樸	1	樸
檐	2	簷&檐	1	簷
檑	0	檑	0	檑
檒	2	風&檒	0	檒
檓	0	檓	0	檓
檔	0	檔	0	檔
檕	0	檕	0	檕
檖	0	檖	0	檖
檗	0	檗	0	檗
檘	3	枰&檗	3	枰&檗
檙	2	朾&檙	0	檙
檚	2	楚&檚	0	檚
檛	0	檛	0	檛
檜	0	檜	0	檜
檝	2	檝&楫	1	楫
檞	0	檞	0	檞
檟	0	檟	0	檟
檠	0	檠	0	檠
檡	0	檡	0	檡
檢	0	檢	0	檢
檣	0	檣	0	檣
檤	0	檤	0	檤
檥	2	檥&艤	0	檥
檦	0	檦	0	檦
檧	0	檧	0	檧
檨	0	檨	0	檨
檩	1	檁	1	檁
檪	1	櫟	1	櫟
檫	0	檫	0	檫
檬	0	檬	0	檬
檭	0	檭	0	檭
檮	0	檮	0	檮
檯	0	檯	0	檯
檰	2	棉&檰	2	棉&檰
檱	1	棋	1	棋
檲	0	檲	0	檲
檳	0	檳	0	檳
檴	2	樺&檴	2	樺&檴
檵	0	檵	0	檵
檶	2	杴&檶	1	杴
檷	0	檷	0	檷
檸	0	檸	0	檸
檹	0	檹	0	檹
檺	0	檺	0	檺
檻	0	檻	0	檻
檼	2	檃&檼	0	檼
檽	2	檽&㮕	0	檽
檾	0	檾	0	檾
檿	1	𣝓	1	𣝓
櫀	1	棋	1	棋
櫁	1	榓	1	榓
櫂	0	櫂	0	櫂
櫃	2	匱&櫃	0	櫃
櫄	1	杶	1	杶
櫅	0	櫅	0	櫅
櫆	0	櫆	0	櫆
櫇	0	櫇	0	櫇
櫈	1	凳	1	凳
櫊	1	閣	3	
櫋	0	櫋	0	櫋
櫌	2	櫌&耰	0	櫌
櫍	0	櫍	0	櫍
櫎	0	櫎	0	櫎
櫏	0	櫏	0	櫏
櫐	2	櫐&蘽	2	櫐&蘽
櫑	0	櫑	0	櫑
櫒	1	𣘤	1	𣘤
櫓	0	櫓	0	櫓
櫔	0	櫔	0	櫔
櫕	1	欑	1	欑
櫖	0	櫖	0	櫖
櫗	0	櫗	0	櫗
櫘	3	槥&橞	1	槥
櫙	0	櫙	0	櫙
櫚	0	櫚	0	櫚
櫛	0	櫛	0	櫛
櫜	0	櫜	0	櫜
櫝	0	櫝	0	櫝
櫞	0	櫞	0	櫞
櫟	0	櫟	0	櫟
櫠	0	櫠	0	櫠
櫡	2	櫡&箸	0	櫡
櫢	0	櫢	0	櫢
櫣	0	櫣	0	櫣
櫥	0	櫥	0	櫥
櫧	0	櫧	0	櫧
櫨	0	櫨	0	櫨
櫩	1	檐	1	檐
櫪	0	櫪	0	櫪
櫫	0	櫫	0	櫫
櫬	0	櫬	0	櫬
櫭	0	櫭	0	櫭
櫮	0	櫮	0	櫮
櫯	0	櫯	0	櫯
櫰	0	櫰	0	櫰
櫱	0	櫱	0	櫱
櫲	0	櫲	0	櫲
櫳	0	櫳	0	櫳
櫴	2	攋&櫴	0	櫴
櫵	1	樵	3	
櫶	0	櫶	0	櫶
櫸	0	櫸	0	櫸
櫹	0	櫹	0	櫹
櫺	0	櫺	0	櫺
櫻	0	櫻	0	櫻
櫼	0	櫼	0	櫼
櫽	2	櫽&檃&檼	3	檃&檼
櫾	2	柚&櫾	0	櫾
櫿	0	櫿	0	櫿
欀	0	欀	0	欀
欁	1	農	1	農
欂	0	欂	0	欂
欃	0	欃	0	欃
欄	0	欄	0	欄
欆	0	欆	0	欆
欇	0	欇	0	欇
欈	0	欈	0	欈
欉	2	叢&欉	2	叢&欉
權	0	權	0	權
欋	0	欋	0	欋
欍	1	柩	3	
欎	1	鬱	1	鬱
欏	0	欏	0	欏
欐	0	欐	0	欐
欑	0	欑	0	欑
欒	0	欒	0	欒
欓	0	欓	0	欓
欔	0	欔	0	欔
欖	0	欖	0	欖
欗	2	欄&欗	0	欗
欘	0	欘	0	欘
欙	0	欙	0	欙
欚	0	欚	0	欚
欛	2	欛&杷	1	杷
欜	0	欜	0	欜
欝	1	鬱	1	鬱
欞	2	櫺&欞	0	欞
欟	1	罐	3	
欠	0	欠	0	欠
次	0	次	0	次
欢	3	歡&歎	1	歡
欣	0	欣	0	欣
欤	1	歟	1	歟
欥	2	欥&遹	2	欥&遹
欦	2	欦&𣢺	2	欦&𣢺
欧	1	歐	1	歐
欨	0	欨	0	欨
欩	0	欩	0	欩
欪	0	欪	0	欪
欫	0	欫	0	欫
欬	2	咳&欬	0	欬
欭	0	欭	0	欭
欮	2	欮&瘚	2	欮&瘚
欯	0	欯	0	欯
欰	0	欰	0	欰
欱	0	欱	0	欱
欲	2	慾&欲	0	欲
欳	2	喟&欳	2	喟&欳
欴	0	欴	0	欴
欵	1	款	1	款
欶	0	欶	0	欶
欷	2	唏&欷	0	欷
欸	0	欸	0	欸
欹	2	攲&欹	2	攲&欹
欺	0	欺	0	欺
欻	0	欻	0	欻
欼	2	歠&欼	2	歠&欼
欽	0	欽	0	欽
款	0	款	0	款
欿	0	欿	0	欿
歀	3	款&隸	1	款
歁	0	歁	0	歁
歂	2	喘&歂	0	歂
歃	0	歃	0	歃
歄	0	歄	0	歄
歅	0	歅	0	歅
歆	0	歆	0	歆
歇	0	歇	0	歇
歈	0	歈	0	歈
歉	0	歉	0	歉
歊	0	歊	0	歊
歋	0	歋	0	歋
歌	0	歌	0	歌
歍	0	歍	0	歍
歎	0	歎	0	歎
歏	2	歎&歏	2	歎&歏
歐	0	歐	0	歐
歑	2	呼&歑	2	呼&歑
歒	2	敵&歊&歒	2	敵&歊&歒
歓	1	歡	1	歡
歔	0	歔	3	
歕	2	噴&歕	0	歕
歖	2	喜&㰻&歖	2	喜&㰻&歖
歗	1	嘯	1	嘯
歘	2	歘&欻	1	欻
歙	0	歙	0	歙
歚	1	繕	3	
歛	2	斂&歛	2	斂&歛
歜	0	歜	0	歜
歝	1	斁	1	斁
歞	0	歞	0	歞
歟	0	歟	0	歟
歠	0	歠	0	歠
歡	0	歡	0	歡
止	0	止	0	止
正	0	正	0	正
此	0	此	0	此
步	0	步	0	步
武	0	武	0	武
歧	0	歧	0	歧
歨	1	步	1	步
歩	1	步	1	步
歪	0	歪	0	歪
歫	0	歫	0	歫
歬	2	歬&前	1	前
歭	0	歭	0	歭
歮	1	澀	1	澀
歯	1	齒	1	齒
歰	2	歰&澀	1	澀
歱	2	歱&踵	1	踵
歲	0	歲	0	歲
歳	1	歲	1	歲
歴	1	歷	1	歷
歵	2	賾&歵	2	賾&歵
歶	2	魚&歶	0	歶
歷	0	歷	0	歷
歸	0	歸	0	歸
歹	2	歹&𣦵	0	歹
歺	2	歺&歹&𣦵	3	歹&𣦵
死	0	死	0	死
歼	1	殲	1	殲
歽	2	折&歽	0	歽
歾	2	殁&歾	0	歾
歿	3	殁&歾	1	殁
殀	0	殀	0	殀
殁	2	殁&歾	0	殁
殂	0	殂	0	殂
殃	0	殃	0	殃
殄	0	殄	0	殄
殅	2	夝&殅	2	夝&殅
殆	0	殆	0	殆
殇	1	殤	1	殤
殈	0	殈	0	殈
殉	0	殉	0	殉
殊	0	殊	0	殊
残	1	殘	1	殘
殌	0	殌	0	殌
殍	0	殍	0	殍
殎	0	殎	0	殎
殏	0	殏	0	殏
殐	0	殐	0	殐
殑	0	殑	0	殑
殒	1	殞	1	殞
殓	1	殮	1	殮
殔	0	殔	0	殔
殕	0	殕	0	殕
殖	0	殖	0	殖
殗	0	殗	0	殗
殘	0	殘	0	殘
殙	0	殙	0	殙
殚	1	殫	1	殫
殛	0	殛	0	殛
殜	0	殜	0	殜
殝	0	殝	0	殝
殞	0	殞	0	殞
殟	0	殟	0	殟
殠	2	臭&殠	0	殠
殡	1	殯	1	殯
殢	0	殢	0	殢
殣	0	殣	0	殣
殤	0	殤	0	殤
殥	0	殥	0	殥
殦	0	殦	0	殦
殧	0	殧	0	殧
殨	0	殨	0	殨
殩	0	殩	0	殩
殪	0	殪	0	殪
殫	0	殫	0	殫
殬	2	斁&殬	2	斁&殬
殭	0	殭	0	殭
殮	0	殮	0	殮
殯	0	殯	0	殯
殰	0	殰	0	殰
殱	1	殲	1	殲
殲	0	殲	0	殲
殳	0	殳	0	殳
殴	1	毆	1	毆
段	0	段	0	段
殶	0	殶	0	殶
殷	0	殷	0	殷
殸	2	磬&聲&殸	2	磬&聲&殸
殹	0	殹	0	殹
殺	0	殺	0	殺
殻	1	殼	1	殼
殼	0	殼	0	殼
殽	0	殽	0	殽
殾	0	殾	0	殾
殿	0	殿	0	殿
毀	0	毀	0	毀
毁	1	毀	1	毀
毂	1	轂	1	轂
毃	2	敲&毃	1	敲
毄	0	毄	0	毄
毅	0	毅	0	毅
毆	0	毆	0	毆
毇	0	毇	0	毇
毈	0	毈	0	毈
毉	2	醫&毉	2	醫&毉
毊	0	毊	0	毊
毋	2	毋&母	2	毋&母
毌	0	毌	0	毌
母	0	母	0	母
毎	1	每	1	每
每	0	每	0	每
毐	0	毐	0	毐
毑	2	姐&毑	0	毑
毒	0	毒	0	毒
毓	2	毓&育	0	毓
比	0	比	0	比
毕	1	畢	1	畢
毖	0	毖	0	毖
毗	0	毗	0	毗
毘	2	毗&毘	1	毗
毙	1	斃	3	
毚	0	毚	0	毚
毛	0	毛	0	毛
毞	0	毞	0	毞
毠	2	毠&𧛣	2	毠&𧛣
毡	1	氈	1	氈
毢	0	毢	0	毢
毣	0	毣	0	毣
毤	2	毤&毻	1	毻
毥	0	毥	0	毥
毦	0	毦	0	毦
毧	0	毧	0	毧
毨	0	毨	0	毨
毩	2	毩&毱	1	毱
毪	0	毪	0	毪
毫	0	毫	0	毫
毬	0	毬	0	毬
毭	0	毭	0	毭
毯	0	毯	0	毯
毰	0	毰	0	毰
毱	0	毱	0	毱
毲	0	毲	0	毲
毳	0	毳	0	毳
毴	1	屄	1	屄
毵	1	毿	3	
毶	1	毿	3	
毷	0	毷	0	毷
毸	0	毸	0	毸
毹	0	毹	0	毹
毺	1	毹	1	毹
毻	0	毻	0	毻
毼	0	毼	0	毼
毽	0	毽	0	毽
毾	0	毾	0	毾
毿	0	毿	0	毿
氀	0	氀	0	氀
氁	0	氁	0	氁
氂	2	犛&氂	0	氂
氃	0	氃	0	氃
氄	0	氄	0	氄
氅	0	氅	0	氅
氆	0	氆	0	氆
氇	1	氌	3	
氈	0	氈	0	氈
氉	0	氉	0	氉
氊	1	氈	1	氈
氋	0	氋	0	氋
氌	0	氌	0	氌
氍	0	氍	0	氍
氎	1	㲲	3	
氏	0	氏	0	氏
氐	0	氐	0	氐
民	0	民	0	民
氒	2	厥&氒	2	厥&氒
氓	0	氓	0	氓
气	2	乞&氣&气	1	氣
氕	0	氕	0	氕
氖	0	氖	0	氖
気	1	氣	1	氣
氘	0	氘	0	氘
氙	0	氙	0	氙
氚	0	氚	0	氚
氛	0	氛	0	氛
氜	2	陽&氜	2	陽&氜
氝	0	氝	0	氝
氟	0	氟	0	氟
氠	0	氠	0	氠
氡	0	氡	0	氡
氢	1	氫	1	氫
氣	2	氣&餼	0	氣
氤	0	氤	0	氤
氥	0	氥	0	氥
氦	0	氦	0	氦
氧	0	氧	0	氧
氨	0	氨	0	氨
氩	1	氬	1	氬
氪	0	氪	0	氪
氫	0	氫	0	氫
氬	0	氬	0	氬
氭	2	氡&氭	0	氭
氮	0	氮	0	氮
氯	0	氯	0	氯
氰	0	氰	0	氰
氱	2	氧&氱	0	氱
氲	0	氲	0	氲
氳	1	氲	1	氲
水	0	水	0	水
氶	2	承&拯&氶	2	承&拯&氶
氷	1	冰	1	冰
永	0	永	0	永
氹	0	氹	0	氹
氻	2	泐&氻	2	泐&氻
氼	1	溺	1	溺
氽	0	氽	3	
氾	0	氾	0	氾
氿	0	氿	0	氿
汀	0	汀	0	汀
汁	0	汁	0	汁
求	0	求	0	求
汃	0	汃	0	汃
汄	1	㳁	1	㳁
汅	1	沔	1	沔
汆	0	汆	0	汆
汇	3	匯&彙	3	匯&彙
汉	1	漢	1	漢
汊	0	汊	0	汊
汋	0	汋	0	汋
汌	0	汌	0	汌
汍	0	汍	0	汍
汎	0	汎	0	汎
汏	2	汰&汏	2	汰&汏
汐	0	汐	0	汐
汑	0	汑	0	汑
汒	0	汒	0	汒
汓	1	泅	1	泅
汔	2	汽&汔	0	汔
汕	0	汕	0	汕
汖	3	池&流&𣎵	3	池&流&𣎵
汗	0	汗	0	汗
汘	0	汘	0	汘
汙	0	汙	0	汙
汚	3	汙&污	1	污
汛	0	汛	0	汛
汜	2	氾&汜	2	氾&汜
汝	0	汝	0	汝
汞	0	汞	0	汞
江	0	江	0	江
池	0	池	0	池
污	2	汙&污	1	汙
汣	1	氿	3	
汤	1	湯	1	湯
汥	0	汥	0	汥
汦	2	坁&汦&泯	2	汦&泯
汧	0	汧	0	汧
汨	2	汨&汩	0	汨
汩	0	汩	2	汩&汩
汪	0	汪	0	汪
汫	2	阱&汫	2	阱&汫
汬	3	淨&阱	3	淨&阱
汭	0	汭	0	汭
汮	2	洵&汮	2	洵&汮
汯	0	汯	0	汯
汰	0	汰	0	汰
汱	2	汰&汱	0	汱
汲	0	汲	0	汲
汳	0	汳	0	汳
汴	2	汴&汳	0	汴
汵	2	涵&涔&淦&汵	2	涵&涔&淦&汵
汶	0	汶	0	汶
汷	0	汷	0	汷
汸	2	方&滂&汸&淓	0	汸
汹	1	洶	1	洶
決	0	決	0	決
汻	2	滸&汻	2	滸&汻
汼	0	汼	0	汼
汽	0	汽	0	汽
汾	0	汾	0	汾
汿	0	汿	0	汿
沀	2	汿&沀	1	汿
沁	0	沁	0	沁
沂	0	沂	0	沂
沃	0	沃	0	沃
沄	2	沄&澐	0	沄
沅	0	沅	0	沅
沆	0	沆	0	沆
沇	0	沇	0	沇
沈	2	沈&沉&瀋	2	沈&瀋
沉	2	沈&沉	2	沈&沉
沊	0	沊	0	沊
沋	0	沋	0	沋
沌	0	沌	0	沌
沍	2	涸&冱&沍	2	涸&沍
沎	0	沎	0	沎
沏	0	沏	0	沏
沐	0	沐	0	沐
沑	0	沑	0	沑
沒	1	没	1	没
沓	0	沓	0	沓
沔	0	沔	0	沔
沕	0	沕	0	沕
沖	0	沖	0	沖
沗	3	添&滂	3	添&滂
沘	0	沘	0	沘
沙	0	沙	0	沙
沚	0	沚	0	沚
沛	0	沛	0	沛
沜	2	沜&泮	0	沜
沝	0	沝	0	沝
沞	0	沞	0	沞
沟	2	溝&泃&沟	1	溝
沠	1	派	3	
没	0	没	0	没
沢	1	澤	1	澤
沣	1	灃	1	灃
沤	1	漚	1	漚
沥	1	瀝	1	瀝
沦	1	淪	1	淪
沧	1	滄	3	
沨	1	渢	3	
沩	1	潙	1	潙
沪	1	滬	1	滬
沫	0	沫	0	沫
沬	2	沫&沬	2	沫&沬
沭	0	沭	0	沭
沮	0	沮	0	沮
沯	3	砅&𣸐	1	𣸐
沰	0	沰	0	沰
沱	0	沱	0	沱
沲	2	沲&沱	1	沱
河	0	河	0	河
沴	0	沴	0	沴
沵	3	沶&沴&濔	1	沴
沶	0	沶	0	沶
沷	0	沷	0	沷
沸	2	沸&𩰾	0	沸
油	0	油	0	油
沺	0	沺	0	沺
治	0	治	0	治
沼	0	沼	0	沼
沽	0	沽	0	沽
沾	2	沾&霑	0	沾
沿	0	沿	0	沿
泀	0	泀	0	泀
況	0	況	0	況
泂	0	泂	0	泂
泃	0	泃	0	泃
泄	2	泄&洩	0	泄
泅	0	泅	0	泅
泆	0	泆	0	泆
泇	0	泇	0	泇
泈	1	汷	1	汷
泉	0	泉	0	泉
泊	0	泊	0	泊
泋	2	泋&𣸀	2	泋&𣸀
泌	0	泌	0	泌
泍	0	泍	0	泍
泎	1	灂	1	灂
泏	0	泏	0	泏
泐	0	泐	0	泐
泑	0	泑	0	泑
泒	0	泒	0	泒
泓	0	泓	0	泓
泔	0	泔	0	泔
法	0	法	0	法
泖	0	泖	0	泖
泗	0	泗	0	泗
泘	3	浮&滹	3	浮&滹
泙	0	泙	0	泙
泚	0	泚	0	泚
泛	0	泛	0	泛
泜	0	泜	0	泜
泝	2	溯&泝	0	泝
泞	2	濘&泞	1	濘
泟	3	征&浾	1	浾
泠	0	泠	0	泠
泡	0	泡	0	泡
波	0	波	0	波
泣	0	泣	0	泣
泤	1	洍	1	洍
泥	2	泥&屔	0	泥
泦	2	泦&𨸰	0	泦
泧	0	泧	0	泧
注	2	注&註	0	注
泩	0	泩	0	泩
泪	1	淚	1	淚
泫	0	泫	0	泫
泬	0	泬	0	泬
泭	2	桴&泭	0	泭
泮	0	泮	0	泮
泯	0	泯	0	泯
泰	0	泰	0	泰
泱	0	泱	0	泱
泲	2	濟&泲	2	濟&泲
泳	0	泳	0	泳
泴	1	盥	1	盥
泵	0	泵	0	泵
泶	1	澩	3	
泷	1	瀧	1	瀧
泸	1	瀘	1	瀘
泹	0	泹	0	泹
泺	1	濼	1	濼
泻	1	瀉	1	瀉
泼	1	潑	1	潑
泽	1	澤	1	澤
泾	1	涇	1	涇
泿	0	泿	0	泿
洀	2	盤&洀	2	盤&洀
洁	2	潔&洁	1	潔
洂	1	液	1	液
洃	2	溲&洃	2	溲&洃
洄	0	洄	0	洄
洅	0	洅	0	洅
洆	0	洆	0	洆
洇	2	湮&洇	0	洇
洈	0	洈	0	洈
洉	0	洉	0	洉
洊	0	洊	0	洊
洋	0	洋	0	洋
洌	0	洌	0	洌
洍	0	洍	0	洍
洎	0	洎	0	洎
洏	0	洏	0	洏
洐	0	洐	0	洐
洑	2	洑&澓	2	洑&澓
洒	2	洗&灑&洒	2	灑&洒
洓	2	漬&洓	0	洓
洔	2	沚&洔	0	洔
洕	0	洕	0	洕
洖	0	洖	0	洖
洗	0	洗	0	洗
洘	0	洘	0	洘
洙	0	洙	0	洙
洚	0	洚	0	洚
洛	0	洛	0	洛
洜	1	洛	1	洛
洝	0	洝	0	洝
洞	0	洞	0	洞
洟	2	涕&洟	0	洟
洠	2	涘&洠	2	涘&洠
洡	2	洡&䣂	2	洡&䣂
洢	0	洢	0	洢
洣	0	洣	0	洣
洤	1	泉	1	泉
津	0	津	0	津
洦	2	洦&泊	1	泊
洧	0	洧	0	洧
洨	0	洨	0	洨
洩	2	泄&洩	2	泄&洩
洪	0	洪	0	洪
洫	2	血&洫	2	血&洫
洬	0	洬	0	洬
洭	0	洭	0	洭
洮	0	洮	0	洮
洯	2	潔&洯	2	潔&洯
洰	0	洰	0	洰
洱	0	洱	0	洱
洲	0	洲	0	洲
洳	0	洳	0	洳
洴	0	洴	0	洴
洵	0	洵	0	洵
洶	0	洶	0	洶
洷	2	涇&洷&㴛	2	涇&洷&㴛
洸	0	洸	0	洸
洹	0	洹	0	洹
洺	0	洺	0	洺
活	0	活	0	活
洼	2	窪&洼&漥	1	窪
洽	0	洽	0	洽
派	0	派	0	派
洿	2	汙&洿	0	洿
浀	2	曲&浀	0	浀
流	0	流	0	流
浂	2	泆&浂	2	泆&浂
浃	1	浹	1	浹
浄	1	淨	1	淨
浅	1	淺	1	淺
浆	1	漿	1	漿
浇	1	澆	1	澆
浈	1	湞	1	湞
浉	1	溮	3	
浊	1	濁	1	濁
测	1	測	1	測
浍	1	澮	1	澮
济	1	濟	1	濟
浏	1	瀏	1	瀏
浐	1	滻	1	滻
浑	1	渾	1	渾
浒	1	滸	3	
浓	1	濃	1	濃
浔	1	潯	1	潯
浕	1	濜	1	濜
浖	0	浖	0	浖
浗	0	浗	0	浗
浘	0	浘	0	浘
浙	0	浙	0	浙
浚	0	浚	0	浚
浛	0	浛	0	浛
浜	2	濱&浜	2	濱&浜
浝	0	浝	0	浝
浞	0	浞	0	浞
浟	0	浟	0	浟
浠	0	浠	0	浠
浡	0	浡	0	浡
浢	0	浢	0	浢
浣	2	浣&澣	0	浣
浤	2	汯&浤	2	汯&浤
浥	0	浥	0	浥
浦	0	浦	0	浦
浧	2	浧&塣	0	浧
浨	0	浨	0	浨
浩	0	浩	0	浩
浪	0	浪	0	浪
浫	0	浫	0	浫
浬	0	浬	0	浬
浭	0	浭	0	浭
浮	0	浮	0	浮
浯	0	浯	0	浯
浰	0	浰	0	浰
浱	1	漘	1	漘
浲	1	漨	1	漨
浳	0	浳	0	浳
浴	0	浴	0	浴
浵	0	浵	0	浵
浶	0	浶	0	浶
海	0	海	0	海
浸	0	浸	0	浸
浹	0	浹	0	浹
浺	0	浺	0	浺
浻	0	浻	0	浻
浼	0	浼	0	浼
浽	0	浽	0	浽
浾	0	浾	0	浾
浿	0	浿	0	浿
涀	0	涀	0	涀
涁	1	滲	1	滲
涂	2	塗&途&涂	2	塗&涂
涃	0	涃	0	涃
涄	0	涄	0	涄
涅	0	涅	0	涅
涆	0	涆	0	涆
涇	0	涇	0	涇
消	0	消	0	消
涉	0	涉	0	涉
涊	0	涊	0	涊
涋	0	涋	0	涋
涌	2	湧&涌	2	湧&涌
涍	0	涍	0	涍
涎	0	涎	0	涎
涏	0	涏	0	涏
涐	0	涐	0	涐
涑	2	漱&涑	2	漱&涑
涒	0	涒	0	涒
涓	0	涓	0	涓
涔	0	涔	0	涔
涕	0	涕	0	涕
涖	2	蒞&涖	1	蒞
涗	0	涗	0	涗
涘	0	涘	0	涘
涙	1	淚	1	淚
涚	1	涗	1	涗
涛	1	濤	1	濤
涝	1	澇	1	澇
涞	1	淶	1	淶
涟	1	漣	1	漣
涠	1	潿	1	潿
涡	1	渦	1	渦
涢	1	溳	3	
涣	1	渙	1	渙
涤	1	滌	3	
涥	1	淳	3	
润	1	潤	1	潤
涧	1	澗	1	澗
涨	1	漲	1	漲
涩	1	澀	1	澀
涪	0	涪	0	涪
涫	0	涫	0	涫
涬	0	涬	0	涬
涭	2	濤&涭	2	濤&涭
涮	0	涮	0	涮
涯	0	涯	0	涯
涰	1	啜	1	啜
涱	1	漲	1	漲
液	0	液	0	液
涳	0	涳	0	涳
涴	0	涴	0	涴
涵	0	涵	0	涵
涶	2	唾&涶	2	唾&涶
涷	2	凍&涷&湅	2	凍&涷&湅
涸	0	涸	0	涸
涹	2	渦&浽&涹	2	渦&浽&涹
涺	0	涺	0	涺
涻	0	涻	0	涻
涼	0	涼	0	涼
涽	0	涽	0	涽
涾	0	涾	0	涾
涿	0	涿	0	涿
淀	2	澱&淀	2	澱&淀
淁	2	潗&淁	2	潗&淁
淂	2	得&淂	2	得&淂
淃	0	淃	0	淃
淄	0	淄	0	淄
淅	0	淅	0	淅
淆	0	淆	0	淆
淇	0	淇	0	淇
淈	0	淈	0	淈
淉	2	澡&祼&淉	2	澡&祼&淉
淊	0	淊	0	淊
淋	0	淋	0	淋
淌	0	淌	0	淌
淍	2	凋&淍	2	凋&淍
淎	0	淎	0	淎
淏	0	淏	0	淏
淐	0	淐	0	淐
淑	0	淑	0	淑
淒	0	淒	0	淒
淓	2	汸&淓	0	淓
淔	0	淔	0	淔
淕	0	淕	0	淕
淖	0	淖	0	淖
淗	2	泦&淗	1	泦
淘	0	淘	0	淘
淙	0	淙	0	淙
淚	0	淚	0	淚
淛	2	浙&淛	2	浙&淛
淜	0	淜	0	淜
淝	0	淝	0	淝
淞	0	淞	0	淞
淟	0	淟	0	淟
淠	0	淠	0	淠
淡	0	淡	0	淡
淢	0	淢	0	淢
淣	0	淣	0	淣
淤	0	淤	0	淤
淥	0	淥	0	淥
淦	0	淦	0	淦
淧	1	㴵	1	㴵
淨	0	淨	0	淨
淩	0	淩	0	淩
淪	0	淪	0	淪
淫	0	淫	0	淫
淬	0	淬	0	淬
淭	0	淭	0	淭
淮	0	淮	0	淮
淯	0	淯	0	淯
淰	0	淰	0	淰
深	0	深	0	深
淲	2	滸&滹&滮&淲	2	滸&滹&滮&淲
淳	0	淳	0	淳
淴	0	淴	0	淴
淵	0	淵	0	淵
淶	0	淶	0	淶
混	0	混	0	混
淸	1	清	1	清
淹	0	淹	0	淹
淺	0	淺	0	淺
添	0	添	0	添
淼	0	淼	0	淼
淽	0	淽	0	淽
淾	3	㱃&飲	1	飲
淿	3	汨&泊	1	泊
渀	0	渀	0	渀
渁	1	淵	1	淵
渂	3	岷&汶	3	岷&汶
渃	0	渃	0	渃
渄	0	渄	0	渄
清	0	清	0	清
渆	1	淵	1	淵
渇	1	渴	1	渴
済	1	濟	1	濟
渉	1	涉	1	涉
渊	1	淵	1	淵
渋	1	澀	1	澀
渌	1	淥	1	淥
渍	1	漬	1	漬
渎	1	瀆	1	瀆
渐	1	漸	1	漸
渑	1	澠	1	澠
渒	1	㵺	1	㵺
渓	1	溪	1	溪
渔	1	漁	1	漁
渖	1	瀋	1	瀋
渗	1	滲	1	滲
渘	0	渘	0	渘
渙	0	渙	0	渙
渚	0	渚	0	渚
減	0	減	0	減
渜	0	渜	0	渜
渝	0	渝	0	渝
渞	0	渞	0	渞
渟	0	渟	0	渟
渠	0	渠	0	渠
渡	0	渡	0	渡
渢	0	渢	0	渢
渣	0	渣	0	渣
渤	0	渤	0	渤
渥	0	渥	0	渥
渦	0	渦	0	渦
渧	2	啼&滴&渧	2	啼&滴&渧
渨	0	渨	0	渨
温	0	温	0	温
渪	1	濡	1	濡
渫	0	渫	0	渫
測	0	測	0	測
渭	0	渭	0	渭
渮	2	渮&菏	1	菏
港	0	港	0	港
渰	0	渰	0	渰
渱	0	渱	0	渱
渲	0	渲	0	渲
渳	0	渳	0	渳
渴	0	渴	0	渴
渵	0	渵	0	渵
渶	0	渶	0	渶
渷	1	沇	1	沇
游	2	游&遊	0	游
渹	0	渹	0	渹
渺	0	渺	0	渺
渻	0	渻	0	渻
渼	0	渼	0	渼
渽	0	渽	0	渽
渾	0	渾	0	渾
渿	2	梁&渿	2	梁&渿
湀	0	湀	0	湀
湁	0	湁	0	湁
湂	0	湂	0	湂
湃	0	湃	0	湃
湄	0	湄	0	湄
湅	0	湅	0	湅
湆	2	湆&湇	2	湆&湇
湇	0	湇	0	湇
湈	0	湈	0	湈
湉	0	湉	0	湉
湊	0	湊	0	湊
湋	0	湋	0	湋
湌	3	飧&餐	1	餐
湍	0	湍	0	湍
湎	0	湎	0	湎
湏	2	須&湏	2	須&湏
湐	3	洦&泊	1	泊
湑	0	湑	0	湑
湒	2	潗&濈&湒	2	潗&濈&湒
湓	0	湓	0	湓
湔	0	湔	0	湔
湕	0	湕	0	湕
湖	0	湖	0	湖
湗	1	葑	1	葑
湘	0	湘	0	湘
湙	1	㴒	1	㴒
湚	0	湚	0	湚
湛	0	湛	0	湛
湜	0	湜	0	湜
湝	0	湝	0	湝
湞	0	湞	0	湞
湟	0	湟	0	湟
湠	0	湠	0	湠
湡	0	湡	0	湡
湢	0	湢	0	湢
湣	0	湣	0	湣
湤	0	湤	0	湤
湥	0	湥	0	湥
湦	0	湦	0	湦
湧	2	湧&涌	0	湧
湨	0	湨	0	湨
湩	0	湩	0	湩
湪	2	渜&湪	2	渜&湪
湫	0	湫	0	湫
湬	1	湫	1	湫
湭	3	泅&𦵩	3	泅&𦵩
湮	0	湮	0	湮
湯	0	湯	0	湯
湰	1	漋	1	漋
湱	0	湱	0	湱
湲	0	湲	0	湲
湳	0	湳	0	湳
湴	0	湴	0	湴
湵	0	湵	0	湵
湶	1	泉	1	泉
湷	2	湷&𣻛	2	湷&𣻛
湸	0	湸	0	湸
湹	2	瀍&湹	1	瀍
湺	1	涎	1	涎
湻	1	淳	1	淳
湼	1	涅	1	涅
湽	1	淄	1	淄
湾	1	灣	1	灣
湿	1	濕	1	濕
満	1	滿	1	滿
溁	1	濚	3	
溃	1	潰	1	潰
溅	1	濺	1	濺
溆	1	漵	1	漵
溇	1	漊	3	
溈	1	潙	1	潙
溉	0	溉	0	溉
溍	0	溍	0	溍
溎	0	溎	0	溎
溏	0	溏	0	溏
源	0	源	0	源
溑	0	溑	0	溑
溒	0	溒	0	溒
溓	2	黏&溓	2	黏&溓
溔	0	溔	0	溔
溕	3	濛&𣹞	1	濛
準	0	準	0	準
溗	0	溗	0	溗
溘	0	溘	0	溘
溙	2	汰&漆&溙	2	汰&漆&溙
溚	0	溚	0	溚
溛	2	溛&漥&窊	2	溛&漥&窊
溜	0	溜	0	溜
溝	0	溝	0	溝
溞	0	溞	0	溞
溟	0	溟	0	溟
溠	0	溠	0	溠
溡	0	溡	0	溡
溢	0	溢	0	溢
溣	0	溣	0	溣
溤	2	馮&溤	2	馮&溤
溥	0	溥	0	溥
溦	0	溦	0	溦
溧	0	溧	0	溧
溨	2	渽&溨	1	渽
溩	0	溩	0	溩
溪	0	溪	0	溪
溫	1	温	1	温
溬	1	㳾	1	㳾
溭	0	溭	0	溭
溮	0	溮	0	溮
溯	2	溯&泝&𣸛	0	溯
溰	0	溰	0	溰
溱	0	溱	0	溱
溲	0	溲	0	溲
溳	0	溳	0	溳
溴	0	溴	0	溴
溵	2	濦&溵	2	濦&溵
溶	0	溶	0	溶
溷	0	溷	0	溷
溸	2	溯&泝&溸	2	溯&泝&溸
溹	0	溹	0	溹
溺	0	溺	0	溺
溻	0	溻	0	溻
溼	2	溼&濕	0	溼
溽	0	溽	0	溽
溾	0	溾	0	溾
溿	2	沜&溿	1	沜
滀	0	滀	0	滀
滁	0	滁	0	滁
滂	0	滂	0	滂
滃	0	滃	0	滃
滄	0	滄	0	滄
滅	0	滅	0	滅
滆	0	滆	0	滆
滇	0	滇	0	滇
滈	0	滈	0	滈
滉	0	滉	0	滉
滊	0	滊	0	滊
滋	0	滋	0	滋
滌	0	滌	0	滌
滍	0	滍	0	滍
滎	0	滎	0	滎
滏	0	滏	0	滏
滐	0	滐	0	滐
滑	0	滑	0	滑
滒	0	滒	0	滒
滓	0	滓	0	滓
滔	0	滔	0	滔
滕	0	滕	0	滕
滖	2	滖&浽	2	滖&浽
滗	1	潷	1	潷
滘	0	滘	0	滘
滙	1	匯	1	匯
滚	0	滚	0	滚
滛	1	淫	1	淫
滜	0	滜	0	滜
滝	1	瀧	1	瀧
滞	1	滯	1	滯
滟	1	灩	1	灩
滠	1	灄	1	灄
满	1	滿	1	滿
滢	1	瀅	1	瀅
滣	1	漘	1	漘
滤	1	濾	1	濾
滥	1	濫	1	濫
滦	1	灤	1	灤
滨	1	濱	1	濱
滩	1	灘	1	灘
滪	1	澦	1	澦
滫	0	滫	0	滫
滬	0	滬	0	滬
滭	0	滭	0	滭
滮	0	滮	0	滮
滯	0	滯	0	滯
滰	0	滰	0	滰
滱	0	滱	0	滱
滲	0	滲	0	滲
滳	2	滴&滳	2	滴&滳
滴	0	滴	0	滴
滵	0	滵	0	滵
滶	0	滶	0	滶
滷	0	滷	0	滷
滸	0	滸	0	滸
滹	0	滹	0	滹
滺	0	滺	0	滺
滻	0	滻	0	滻
滼	2	泛&滼	2	泛&滼
滽	0	滽	0	滽
滾	1	滚	1	滚
滿	0	滿	0	滿
漀	0	漀	0	漀
漁	0	漁	0	漁
漂	0	漂	0	漂
漃	0	漃	0	漃
漄	1	涯	1	涯
漅	0	漅	0	漅
漆	0	漆	0	漆
漇	0	漇	0	漇
漈	0	漈	0	漈
漉	0	漉	0	漉
漊	0	漊	0	漊
漋	0	漋	0	漋
漌	0	漌	0	漌
漍	0	漍	0	漍
漎	2	潀&漎	2	潀&漎
漏	0	漏	0	漏
漐	0	漐	0	漐
漑	1	溉	1	溉
漒	0	漒	0	漒
漓	2	漓&灕	2	漓&灕
演	0	演	0	演
漕	0	漕	0	漕
漖	0	漖	0	漖
漗	0	漗	0	漗
漘	0	漘	0	漘
漙	0	漙	0	漙
漚	0	漚	0	漚
漛	0	漛	0	漛
漜	0	漜	0	漜
漝	0	漝	0	漝
漞	2	汩&漞	2	汩&漞
漟	0	漟	0	漟
漠	0	漠	0	漠
漡	2	湯&漡	2	湯&漡
漢	0	漢	0	漢
漣	2	漣&瀾	0	漣
漤	0	漤	0	漤
漥	2	窪&漥	1	窪
漦	0	漦	0	漦
漧	2	乾&漧	1	乾
漨	0	漨	0	漨
漩	0	漩	0	漩
漪	0	漪	0	漪
漫	0	漫	0	漫
漬	0	漬	0	漬
漭	0	漭	0	漭
漮	0	漮	0	漮
漯	0	漯	0	漯
漰	0	漰	0	漰
漱	0	漱	0	漱
漲	0	漲	0	漲
漳	0	漳	0	漳
漴	2	漴&𩃕	2	漴&𩃕
漵	0	漵	0	漵
漶	0	漶	0	漶
漷	0	漷	0	漷
漸	0	漸	0	漸
漹	0	漹	0	漹
漺	0	漺	0	漺
漻	0	漻	0	漻
漼	0	漼	0	漼
漽	1	𣹲	1	𣹲
漾	0	漾	0	漾
漿	0	漿	0	漿
潀	0	潀	0	潀
潁	0	潁	0	潁
潂	1	洪	1	洪
潃	2	滫&潃	0	潃
潄	1	漱	1	漱
潅	1	灌	1	灌
潆	1	瀠	3	
潇	1	瀟	1	瀟
潈	1	潀	3	
潉	1	混	3	
潊	1	漵	1	漵
潋	1	瀲	1	瀲
潍	1	濰	1	濰
潎	0	潎	0	潎
潏	0	潏	0	潏
潐	0	潐	0	潐
潑	0	潑	0	潑
潒	0	潒	0	潒
潓	0	潓	0	潓
潔	0	潔	0	潔
潕	0	潕	0	潕
潖	0	潖	0	潖
潗	0	潗	0	潗
潘	0	潘	0	潘
潙	0	潙	0	潙
潚	0	潚	0	潚
潛	0	潛	0	潛
潜	1	潛	1	潛
潝	0	潝	0	潝
潞	0	潞	0	潞
潟	0	潟	0	潟
潠	0	潠	0	潠
潡	0	潡	0	潡
潢	0	潢	0	潢
潣	0	潣	0	潣
潤	0	潤	0	潤
潥	0	潥	0	潥
潦	2	潦&澇	2	潦&澇
潧	2	溱&潧	0	潧
潨	1	潀	1	潀
潩	0	潩	0	潩
潪	2	潪&𤁰	2	潪&𤁰
潫	0	潫	0	潫
潬	0	潬	0	潬
潭	2	潭&潯	0	潭
潮	0	潮	0	潮
潯	0	潯	0	潯
潰	0	潰	0	潰
潱	1	洇	1	洇
潲	0	潲	0	潲
潳	0	潳	0	潳
潴	1	瀦	1	瀦
潵	0	潵	0	潵
潶	0	潶	0	潶
潷	0	潷	0	潷
潸	0	潸	0	潸
潹	1	潺	1	潺
潺	0	潺	0	潺
潻	0	潻	0	潻
潼	0	潼	0	潼
潽	0	潽	0	潽
潾	0	潾	0	潾
潿	0	潿	0	潿
澀	0	澀	0	澀
澁	1	澀	1	澀
澂	2	澄&澂	2	澄&澂
澃	2	潁&澃	2	潁&澃
澄	0	澄	0	澄
澅	0	澅	0	澅
澆	0	澆	0	澆
澇	0	澇	0	澇
澈	0	澈	0	澈
澉	0	澉	0	澉
澊	0	澊	0	澊
澋	0	澋	0	澋
澌	0	澌	0	澌
澍	0	澍	0	澍
澎	0	澎	0	澎
澏	1	浛	1	浛
澐	0	澐	0	澐
澑	1	溜	1	溜
澒	2	汞&澒	0	澒
澓	0	澓	0	澓
澔	2	浩&澔	0	澔
澕	0	澕	0	澕
澖	0	澖	0	澖
澗	0	澗	0	澗
澘	1	潸	1	潸
澙	1	潟	3	
澚	1	澳	3	
澛	1	瀂	3	
澜	1	瀾	1	瀾
澝	1	濘	3	
澞	0	澞	0	澞
澟	1	凜	1	凜
澠	0	澠	0	澠
澡	0	澡	0	澡
澢	0	澢	0	澢
澣	2	浣&澣	2	浣&澣
澤	0	澤	0	澤
澥	0	澥	0	澥
澦	0	澦	0	澦
澧	0	澧	0	澧
澨	0	澨	0	澨
澩	0	澩	0	澩
澪	0	澪	0	澪
澫	2	漫&藕&澫	0	澫
澬	0	澬	0	澬
澭	2	澭&灉	2	澭&灉
澮	0	澮	0	澮
澯	0	澯	0	澯
澰	2	瀲&澰	2	瀲&澰
澱	0	澱	0	澱
澲	0	澲	0	澲
澳	0	澳	0	澳
澴	0	澴	0	澴
澵	1	瀙	1	瀙
澶	0	澶	0	澶
澷	1	漫	1	漫
澸	0	澸	0	澸
澹	0	澹	0	澹
澺	0	澺	0	澺
澻	0	澻	0	澻
澼	0	澼	0	澼
澽	0	澽	0	澽
澾	0	澾	0	澾
澿	2	凚&澿	0	澿
激	0	激	0	激
濁	0	濁	0	濁
濂	0	濂	0	濂
濃	0	濃	0	濃
濄	0	濄	0	濄
濅	1	浸	1	浸
濆	0	濆	0	濆
濇	2	澀&濇	0	濇
濈	0	濈	0	濈
濉	2	睢&濉	2	睢&濉
濊	0	濊	0	濊
濋	0	濋	0	濋
濌	0	濌	0	濌
濍	0	濍	0	濍
濎	0	濎	0	濎
濏	0	濏	0	濏
濐	2	渚&濐	0	濐
濑	1	瀨	1	瀨
濒	1	瀕	1	瀕
濓	1	濂	1	濂
濔	0	濔	0	濔
濕	2	溼&漯&濕	0	濕
濖	0	濖	0	濖
濗	0	濗	0	濗
濘	0	濘	0	濘
濙	2	瀅&濙	0	濙
濚	2	濚&濴&瀯	3	濴&瀯
濛	0	濛	0	濛
濜	0	濜	0	濜
濝	0	濝	0	濝
濞	0	濞	0	濞
濟	0	濟	0	濟
濠	0	濠	0	濠
濡	0	濡	0	濡
濢	0	濢	0	濢
濣	0	濣	0	濣
濤	0	濤	0	濤
濥	0	濥	0	濥
濦	0	濦	0	濦
濧	0	濧	0	濧
濨	0	濨	0	濨
濩	0	濩	0	濩
濪	2	濪&㵾	1	㵾
濫	0	濫	0	濫
濬	0	濬	0	濬
濭	0	濭	0	濭
濮	0	濮	0	濮
濯	0	濯	0	濯
濰	0	濰	0	濰
濱	0	濱	0	濱
濲	2	瀔&濲	1	瀔
濳	1	潛	1	潛
濴	0	濴	0	濴
濵	1	濱	1	濱
濶	1	闊	1	闊
濷	0	濷	0	濷
濸	1	滄	3	
濺	0	濺	0	濺
濻	2	濻&瀢	1	瀢
濼	0	濼	0	濼
濽	1	灒	1	灒
濾	0	濾	0	濾
濿	2	濿&砅	1	砅
瀀	0	瀀	0	瀀
瀁	2	漾&瀁	0	瀁
瀂	2	瀂&滷	1	滷
瀃	0	瀃	0	瀃
瀄	0	瀄	0	瀄
瀅	0	瀅	0	瀅
瀆	0	瀆	0	瀆
瀇	0	瀇	0	瀇
瀈	0	瀈	0	瀈
瀉	0	瀉	0	瀉
瀊	0	瀊	0	瀊
瀋	0	瀋	0	瀋
瀌	0	瀌	0	瀌
瀍	0	瀍	0	瀍
瀎	0	瀎	0	瀎
瀏	0	瀏	0	瀏
瀐	1	瀸	1	瀸
瀑	0	瀑	0	瀑
瀒	1	濇	1	濇
瀓	3	澄&澂	3	澄&澂
瀔	0	瀔	0	瀔
瀕	0	瀕	0	瀕
瀖	0	瀖	0	瀖
瀗	0	瀗	0	瀗
瀘	0	瀘	0	瀘
瀙	0	瀙	0	瀙
瀚	0	瀚	0	瀚
瀛	0	瀛	0	瀛
瀜	0	瀜	0	瀜
瀝	0	瀝	0	瀝
瀞	2	瀞&淨	1	淨
瀟	0	瀟	0	瀟
瀠	0	瀠	0	瀠
瀡	0	瀡	0	瀡
瀢	0	瀢	0	瀢
瀣	0	瀣	0	瀣
瀤	0	瀤	0	瀤
瀥	1	滈	1	滈
瀦	0	瀦	0	瀦
瀧	0	瀧	0	瀧
瀨	0	瀨	0	瀨
瀩	0	瀩	0	瀩
瀪	2	瀪&㶗	1	㶗
瀫	0	瀫	0	瀫
瀬	1	瀨	1	瀨
瀮	1	霖	3	
瀯	0	瀯	0	瀯
瀰	0	瀰	0	瀰
瀱	0	瀱	0	瀱
瀲	0	瀲	0	瀲
瀳	0	瀳	0	瀳
瀴	0	瀴	0	瀴
瀵	0	瀵	0	瀵
瀶	2	臨&瀶	0	瀶
瀷	0	瀷	0	瀷
瀸	0	瀸	0	瀸
瀹	0	瀹	0	瀹
瀺	0	瀺	0	瀺
瀻	0	瀻	0	瀻
瀼	0	瀼	0	瀼
瀽	0	瀽	0	瀽
瀾	0	瀾	0	瀾
瀿	0	瀿	0	瀿
灀	2	霜&灀	1	霜
灁	2	淵&灁	2	淵&灁
灂	0	灂	0	灂
灃	0	灃	0	灃
灄	0	灄	0	灄
灅	0	灅	0	灅
灆	2	濫&灆	2	濫&灆
灇	1	潀	1	潀
灈	0	灈	0	灈
灉	0	灉	0	灉
灊	0	灊	0	灊
灋	2	灋&法	1	法
灌	0	灌	0	灌
灍	1	㵐	1	㵐
灎	1	灩	1	灩
灏	1	灝	1	灝
灑	0	灑	0	灑
灒	0	灒	0	灒
灓	0	灓	0	灓
灔	1	灩	1	灩
灕	0	灕	0	灕
灖	0	灖	0	灖
灗	0	灗	0	灗
灘	0	灘	0	灘
灙	0	灙	0	灙
灚	0	灚	0	灚
灛	0	灛	0	灛
灜	1	瀛	3	
灝	0	灝	0	灝
灞	0	灞	0	灞
灟	0	灟	0	灟
灠	2	濫&灠	2	濫&灠
灡	0	灡	0	灡
灢	0	灢	0	灢
灣	0	灣	0	灣
灤	0	灤	0	灤
灥	2	泉&灥	2	泉&灥
灦	0	灦	0	灦
灧	1	灩	1	灩
灨	0	灨	0	灨
灩	0	灩	0	灩
灪	0	灪	0	灪
火	0	火	0	火
灬	1	火	1	火
灭	1	滅	1	滅
灮	1	光	1	光
灯	1	燈	1	燈
灰	0	灰	0	灰
灱	2	熇&灱	0	灱
灲	1	灱	1	灱
灳	1	輝	1	輝
灴	2	烘&灴	2	烘&灴
灵	1	靈	1	靈
灶	0	灶	0	灶
灷	2	燼&灷	0	灷
灸	0	灸	0	灸
灹	2	燠&灹	2	燠&灹
灺	0	灺	0	灺
灻	1	赤	1	赤
灼	0	灼	0	灼
災	0	災	0	災
灾	1	災	1	災
灿	1	燦	1	燦
炀	1	煬	1	煬
炁	2	炁&氣	1	氣
炂	0	炂	0	炂
炃	2	焚&炃	2	焚&炃
炄	0	炄	0	炄
炅	2	炔&炅	2	炔&炅
炆	0	炆	0	炆
炇	1	𤆝	1	𤆝
炈	2	坄&炈	1	坄
炉	1	爐	1	爐
炊	0	炊	0	炊
炋	0	炋	0	炋
炌	1	烗	1	烗
炍	1	叛	1	叛
炎	0	炎	0	炎
炏	3	炎&烗	3	炎&烗
炐	2	烽&炐	2	烽&炐
炑	0	炑	0	炑
炒	0	炒	0	炒
炓	0	炓	0	炓
炔	0	炔	0	炔
炕	0	炕	0	炕
炖	2	燉&炖	0	炖
炗	1	光	1	光
炘	2	炘&焮	0	炘
炙	0	炙	0	炙
炚	2	光&炚	2	光&炚
炛	3	光&耿	1	光
炜	1	煒	1	煒
炝	1	熗	3	
炟	0	炟	0	炟
炠	0	炠	0	炠
炡	0	炡	0	炡
炢	2	炢&烼	2	炢&烼
炣	0	炣	0	炣
炤	2	昭&照&炤	2	昭&照&炤
炥	2	炥&𤉹	0	炥
炦	0	炦	0	炦
炧	1	灺	1	灺
炨	1	灺	1	灺
炩	0	炩	0	炩
炪	2	拙&炪	2	拙&炪
炫	0	炫	0	炫
炬	0	炬	0	炬
炭	0	炭	0	炭
炮	0	炮	0	炮
炯	0	炯	0	炯
炰	2	炮&炰&缹	0	炰
炱	0	炱	0	炱
炲	1	炱	1	炱
炳	0	炳	0	炳
炴	2	炔&炴	2	炔&炴
炵	0	炵	0	炵
炶	1	煔	1	煔
炷	0	炷	0	炷
炸	0	炸	0	炸
点	1	點	1	點
為	1	爲	1	爲
炻	0	炻	0	炻
炼	1	煉	1	煉
炽	1	熾	1	熾
炾	0	炾	0	炾
炿	1	烐	3	
烀	0	烀	0	烀
烁	1	爍	1	爍
烂	1	爛	1	爛
烃	1	烴	3	
烄	0	烄	0	烄
烅	0	烅	0	烅
烆	0	烆	0	烆
烇	0	烇	0	烇
烈	0	烈	0	烈
烉	1	煥	1	煥
烊	2	烊&煬	2	烊&煬
烋	2	休&烋	0	烋
烌	0	烌	0	烌
烍	0	烍	0	烍
烎	2	㶣&烎	1	㶣
烏	0	烏	0	烏
烐	0	烐	0	烐
烑	0	烑	0	烑
烒	0	烒	0	烒
烓	0	烓	0	烓
烔	0	烔	0	烔
烕	1	滅	1	滅
烖	2	烖&災	1	災
烗	0	烗	0	烗
烘	0	烘	0	烘
烙	0	烙	0	烙
烚	0	烚	0	烚
烛	2	燭&爞&烛	1	燭
烜	2	烜&爟	0	烜
烝	0	烝	0	烝
烞	2	爆&烞	2	爆&烞
烟	3	煙&菸	1	煙
烠	0	烠	0	烠
烡	2	光&烡	1	光
烢	2	坼&烢	2	坼&烢
烣	1	恢	1	恢
烤	0	烤	0	烤
烦	1	煩	1	煩
烧	1	燒	1	燒
烨	1	燁	1	燁
烩	1	燴	1	燴
烫	1	燙	1	燙
烬	1	燼	1	燼
热	1	熱	1	熱
烮	1	烈	1	烈
烯	0	烯	0	烯
烰	0	烰	0	烰
烱	2	炯&烱	1	炯
烲	1	焎	1	焎
烳	0	烳	0	烳
烴	0	烴	0	烴
烵	1	灼	1	灼
烶	0	烶	0	烶
烷	0	烷	0	烷
烸	0	烸	0	烸
烹	0	烹	0	烹
烺	0	烺	0	烺
烻	0	烻	0	烻
烼	0	烼	0	烼
烽	0	烽	0	烽
烾	1	赤	1	赤
烿	0	烿	0	烿
焀	0	焀	0	焀
焁	0	焁	0	焁
焂	2	倏&焂	2	倏&焂
焃	2	赫&焃	2	赫&焃
焄	0	焄	0	焄
焅	2	熇&焅	2	熇&焅
焆	2	炔&焆	2	炔&焆
焇	2	銷&焇	2	銷&焇
焈	1	熙	1	熙
焉	0	焉	0	焉
焊	0	焊	0	焊
焋	2	𣴣&焋	2	𣴣&焋
焌	0	焌	0	焌
焍	0	焍	0	焍
焎	0	焎	0	焎
焏	1	亟	1	亟
焐	0	焐	0	焐
焑	1	煙	3	
焓	0	焓	0	焓
焔	1	焰	1	焰
焕	1	煥	1	煥
焖	1	燜	1	燜
焗	0	焗	0	焗
焘	1	燾	3	
焙	0	焙	0	焙
焚	0	焚	0	焚
焛	0	焛	0	焛
焜	0	焜	0	焜
焝	0	焝	0	焝
焞	0	焞	0	焞
焟	0	焟	0	焟
焠	0	焠	0	焠
無	0	無	0	無
焢	0	焢	0	焢
焣	2	炒&焣&㷅	2	炒&焣&㷅
焤	1	腐	1	腐
焥	0	焥	0	焥
焦	0	焦	0	焦
焧	2	焧&熜	1	熜
焨	2	焆&焨	2	焆&焨
焪	2	焪&焢	0	焪
焫	2	爇&焫	0	焫
焬	2	焲&焬	2	焲&焬
焭	2	焭&煢&橩	3	煢&橩
焮	2	炘&焮	0	焮
焯	0	焯	0	焯
焰	2	焰&燄	0	焰
焱	2	焰&焱&焲	2	焰&焱&焲
焲	0	焲	0	焲
焳	1	爝	1	爝
焴	1	煜	1	煜
焵	0	焵	0	焵
然	2	然&燃	0	然
焷	2	焙&焷	2	焙&焷
焸	0	焸	0	焸
焹	1	焵	3	
焺	0	焺	0	焺
焼	1	燒	1	燒
焽	1	焸	3	
煁	0	煁	0	煁
煂	0	煂	0	煂
煃	0	煃	0	煃
煄	0	煄	0	煄
煅	2	煅&鍛	1	鍛
煆	0	煆	0	煆
煇	0	煇	0	煇
煈	0	煈	0	煈
煉	2	煉&鍊	0	煉
煊	3	暄&煖	3	暄&煖
煋	0	煋	0	煋
煌	0	煌	0	煌
煍	0	煍	0	煍
煎	0	煎	0	煎
煏	2	煏&𤐧	1	𤐧
煐	0	煐	0	煐
煑	1	煮	1	煮
煒	0	煒	0	煒
煓	0	煓	0	煓
煔	2	杉&煔	0	煔
煕	1	熙	3	
煖	2	暖&煖	0	煖
煗	2	煗&暖&煖	3	暖&煖
煘	0	煘	0	煘
煙	0	煙	0	煙
煚	0	煚	0	煚
煛	2	煚&㷡&煛	2	煚&㷡&煛
煜	0	煜	0	煜
煝	0	煝	0	煝
煞	2	殺&煞	0	煞
煟	0	煟	0	煟
煠	0	煠	0	煠
煡	2	燼&煡	2	燼&煡
煢	0	煢	0	煢
煣	0	煣	0	煣
煤	0	煤	0	煤
煥	0	煥	0	煥
煦	0	煦	0	煦
照	0	照	0	照
煨	0	煨	0	煨
煩	0	煩	0	煩
煪	0	煪	0	煪
煫	1	燧	1	燧
煬	0	煬	0	煬
煭	1	烈	1	烈
煮	0	煮	0	煮
煯	0	煯	0	煯
煰	2	燥&煰	1	燥
煱	0	煱	3	
煲	0	煲	0	煲
煳	1	糊	3	
煴	0	煴	0	煴
煸	0	煸	0	煸
煹	0	煹	0	煹
煺	3	退&㷟	1	㷟
煻	0	煻	0	煻
煼	2	煼&炒	1	炒
煽	0	煽	0	煽
煾	3	煴&𤇯	3	煴&𤇯
煿	2	煿&爆	1	爆
熀	2	晃&熀&燁&愰	2	晃&熀&燁&愰
熁	0	熁	0	熁
熂	0	熂	0	熂
熃	1	𤋄	1	𤋄
熄	0	熄	0	熄
熅	1	煴	1	煴
熆	0	熆	0	熆
熇	0	熇	0	熇
熈	1	熙	1	熙
熉	0	熉	0	熉
熊	0	熊	0	熊
熋	2	熊&熋	2	熊&熋
熌	2	熌&煔	1	煔
熍	1	焪	1	焪
熎	0	熎	0	熎
熏	0	熏	0	熏
熐	0	熐	0	熐
熑	0	熑	0	熑
熒	0	熒	0	熒
熓	0	熓	0	熓
熔	2	熔&鎔	2	熔&鎔
熕	0	熕	3	
熖	1	焰	1	焰
熗	0	熗	0	熗
熘	1	溜	3	
熙	0	熙	0	熙
熚	0	熚	0	熚
熛	0	熛	0	熛
熜	0	熜	0	熜
熝	0	熝	0	熝
熞	0	熞	0	熞
熟	0	熟	0	熟
熠	0	熠	0	熠
熡	0	熡	0	熡
熢	1	烽	1	烽
熣	0	熣	0	熣
熤	0	熤	0	熤
熥	0	熥	0	熥
熦	1	爝	1	爝
熧	0	熧	0	熧
熨	0	熨	0	熨
熩	0	熩	0	熩
熪	0	熪	0	熪
熫	1	炙	1	炙
熬	0	熬	0	熬
熭	0	熭	0	熭
熮	0	熮	0	熮
熯	2	焊&熯	0	熯
熰	0	熰	0	熰
熱	0	熱	0	熱
熲	0	熲	0	熲
熳	0	熳	0	熳
熴	1	焜	3	
熵	0	熵	0	熵
熶	3	撮&爨	1	爨
熷	0	熷	0	熷
熸	0	熸	0	熸
熹	0	熹	0	熹
熺	1	熹	1	熹
熻	0	熻	0	熻
熼	0	熼	0	熼
熽	0	熽	0	熽
熾	0	熾	0	熾
熿	0	熿	0	熿
燀	0	燀	0	燀
燁	0	燁	0	燁
燂	2	燂&燖	0	燂
燃	0	燃	0	燃
燄	2	焰&燄	0	燄
燅	2	燅&燖	0	燅
燆	2	熇&燆	2	熇&燆
燇	2	焌&燇	0	燇
燈	0	燈	0	燈
燉	0	燉	0	燉
燊	0	燊	0	燊
燋	0	燋	0	燋
燌	3	焚&炃	3	焚&炃
燍	0	燍	0	燍
燎	0	燎	0	燎
燏	0	燏	0	燏
燐	0	燐	0	燐
燑	1	烔	1	烔
燒	0	燒	0	燒
燓	2	燓&焚	1	焚
燔	2	焚&燔	2	焚&燔
燕	0	燕	0	燕
燖	2	燂&燖	0	燖
燗	3	爤&爛	1	爛
燘	0	燘	0	燘
燙	0	燙	0	燙
燚	0	燚	0	燚
燛	2	煚&燛	0	燛
燜	0	燜	0	燜
營	0	營	0	營
燠	0	燠	0	燠
燡	0	燡	0	燡
燢	0	燢	0	燢
燣	0	燣	0	燣
燤	0	燤	0	燤
燥	0	燥	0	燥
燦	0	燦	0	燦
燧	0	燧	0	燧
燨	2	燨&爔	2	燨&爔
燩	0	燩	0	燩
燪	1	熜	1	熜
燫	2	燫&熑	1	熑
燬	0	燬	0	燬
燭	0	燭	0	燭
燮	0	燮	0	燮
燯	1	爧	1	爧
燰	2	煨&燰	1	煨
燱	0	燱	0	燱
燲	0	燲	0	燲
燳	1	照	1	照
燴	0	燴	0	燴
燵	0	燵	3	
燶	0	燶	3	
燸	2	暖&燸	2	暖&燸
燹	0	燹	0	燹
燺	1	熇	1	熇
燻	0	燻	0	燻
燼	0	燼	0	燼
燽	2	燾&燽	0	燽
燾	0	燾	0	燾
燿	0	燿	0	燿
爀	1	赫	1	赫
爁	0	爁	0	爁
爂	0	爂	0	爂
爃	2	熒&爃	2	熒&爃
爄	0	爄	0	爄
爅	0	爅	0	爅
爆	0	爆	0	爆
爇	0	爇	0	爇
爈	0	爈	0	爈
爉	0	爉	0	爉
爊	0	爊	0	爊
爋	1	熏	1	熏
爌	2	晃&爌	0	爌
爍	0	爍	0	爍
爏	1	㷴	1	㷴
爐	0	爐	0	爐
爑	3	樵&焦&爝	1	爝
爒	2	燎&爒	0	爒
爓	2	焰&爓&𦢨	0	爓
爔	2	曦&爔	2	曦&爔
爕	1	燮	1	燮
爖	0	爖	0	爖
爗	2	爗&燁	1	燁
爙	0	爙	0	爙
爚	0	爚	0	爚
爛	0	爛	0	爛
爜	0	爜	0	爜
爝	0	爝	0	爝
爞	2	爞&烔	2	爞&烔
爟	0	爟	0	爟
爡	0	爡	0	爡
爢	0	爢	0	爢
爣	0	爣	0	爣
爤	2	爤&爛	1	爛
爥	1	燭	1	燭
爦	2	爁&爦	2	爁&爦
爧	0	爧	0	爧
爨	0	爨	0	爨
爩	0	爩	0	爩
爪	2	爪&瓜	2	爪&瓜
爫	1	爪	1	爪
爬	0	爬	0	爬
爭	0	爭	0	爭
爮	0	爮	0	爮
爯	2	再&爯	0	爯
爰	0	爰	0	爰
爱	1	愛	1	愛
爲	0	爲	0	爲
爴	2	爴&摑&攫	3	摑&攫
爵	0	爵	0	爵
父	0	父	0	父
爷	1	爺	1	爺
爸	0	爸	0	爸
爹	0	爹	0	爹
爺	0	爺	0	爺
爻	0	爻	0	爻
爼	1	俎	1	俎
爽	0	爽	0	爽
爾	0	爾	0	爾
爿	0	爿	0	爿
牀	1	床	1	床
牁	0	牁	0	牁
牂	0	牂	0	牂
牃	2	牃&楪	1	楪
牄	0	牄	0	牄
牅	1	墉	1	墉
牆	0	牆	0	牆
片	0	片	0	片
版	2	板&版	2	板&版
牉	2	判&牉	2	判&牉
牊	2	㸛&牊	2	㸛&牊
牋	2	箋&牋	2	箋&牋
牌	0	牌	0	牌
牍	1	牘	1	牘
牎	3	囪&窗	3	囪&窗
牏	0	牏	0	牏
牐	2	閘&牐	0	牐
牑	0	牑	0	牑
牒	0	牒	0	牒
牓	2	榜&牓	0	牓
牔	0	牔	0	牔
牕	1	窗	1	窗
牖	0	牖	0	牖
牗	3	牖&墉	1	牖
牘	0	牘	0	牘
牙	0	牙	0	牙
牚	0	牚	0	牚
牛	0	牛	0	牛
牝	0	牝	0	牝
牞	0	牞	0	牞
牟	0	牟	0	牟
牠	2	牠&㸰	0	牠
牡	2	壯&牡	0	牡
牢	0	牢	0	牢
牣	0	牣	0	牣
牤	0	牤	0	牤
牥	0	牥	0	牥
牦	2	犛&牦	1	犛
牧	0	牧	0	牧
牨	3	犅&𤘣	3	犅&𤘣
物	0	物	0	物
牪	0	牪	0	牪
牫	2	伐&戕&牫	2	伐&戕&牫
牬	0	牬	0	牬
牭	0	牭	0	牭
牮	0	牮	0	牮
牯	0	牯	0	牯
牰	0	牰	0	牰
牱	1	牁	1	牁
牲	0	牲	0	牲
牳	0	牳	0	牳
牴	0	牴	0	牴
牵	1	牽	1	牽
牶	0	牶	0	牶
牷	0	牷	0	牷
牸	0	牸	0	牸
特	0	特	0	特
牺	1	犧	1	犧
牻	0	牻	0	牻
牼	0	牼	0	牼
牽	0	牽	0	牽
牾	0	牾	0	牾
牿	0	牿	0	牿
犀	0	犀	0	犀
犁	0	犁	0	犁
犂	1	犁	1	犁
犃	0	犃	0	犃
犄	0	犄	0	犄
犅	0	犅	0	犅
犆	2	特&犆	2	特&犆
犇	1	奔	1	奔
犈	0	犈	0	犈
犉	0	犉	0	犉
犊	1	犢	1	犢
犋	0	犋	0	犋
犌	0	犌	0	犌
犍	0	犍	0	犍
犎	0	犎	0	犎
犏	0	犏	0	犏
犐	0	犐	0	犐
犑	0	犑	0	犑
犒	0	犒	0	犒
犓	0	犓	0	犓
犔	0	犔	0	犔
犕	0	犕	0	犕
犖	0	犖	0	犖
犗	0	犗	0	犗
犘	0	犘	0	犘
犙	0	犙	0	犙
犚	0	犚	0	犚
犛	0	犛	0	犛
犜	0	犜	0	犜
犝	0	犝	0	犝
犞	0	犞	0	犞
犟	2	强&犟	0	犟
犠	1	犧	1	犧
犡	0	犡	0	犡
犢	0	犢	0	犢
犣	0	犣	0	犣
犤	0	犤	0	犤
犥	0	犥	0	犥
犦	0	犦	0	犦
犧	0	犧	0	犧
犨	0	犨	0	犨
犩	0	犩	0	犩
犪	0	犪	0	犪
犫	2	犫&犨	1	犨
犬	0	犬	0	犬
犮	2	友&犬&犮	0	犮
犯	0	犯	0	犯
犰	0	犰	0	犰
犱	2	犱&𤞁	1	𤞁
犲	1	豺	1	豺
犳	2	豹&犳	0	犳
犴	2	犴&豻&𤜵	0	犴
犵	0	犵	0	犵
状	1	狀	1	狀
犷	1	獷	1	獷
犸	1	獁	1	獁
犹	2	猶&犹	1	猶
犺	0	犺	0	犺
犻	0	犻	0	犻
犼	0	犼	0	犼
犽	0	犽	0	犽
犾	2	狄&犾&㹜	1	㹜
犿	2	犿&獾	2	犿&獾
狀	0	狀	0	狀
狁	0	狁	0	狁
狂	0	狂	0	狂
狃	0	狃	0	狃
狄	0	狄	0	狄
狅	2	狂&狅	1	狂
狆	0	狆	0	狆
狇	0	狇	0	狇
狈	1	狽	1	狽
狉	0	狉	0	狉
狊	0	狊	0	狊
狋	0	狋	0	狋
狌	2	猩&狌	2	猩&狌
狍	2	麃&狍	0	狍
狎	0	狎	0	狎
狏	3	𤜣&𤝛&𤝻	3	𤜣&𤝛&𤝻
狐	0	狐	0	狐
狑	0	狑	0	狑
狒	0	狒	0	狒
狓	0	狓	0	狓
狔	0	狔	0	狔
狕	0	狕	0	狕
狖	2	狖&貁	0	狖
狗	2	狗&豿	0	狗
狘	0	狘	0	狘
狙	0	狙	0	狙
狚	0	狚	0	狚
狛	2	貊&狛	0	狛
狜	0	狜	0	狜
狝	3	獮&獼	1	獼
狞	1	獰	1	獰
狟	2	狟&貆	0	狟
狠	2	狠&貌&豤	2	狠&貌&豤
狡	0	狡	0	狡
狢	1	貉	1	貉
狣	0	狣	0	狣
狤	0	狤	0	狤
狥	1	徇	1	徇
狦	0	狦	0	狦
狧	2	舐&狧&𤠟	0	狧
狨	0	狨	0	狨
狩	0	狩	0	狩
狪	0	狪	0	狪
狫	0	狫	0	狫
独	1	獨	1	獨
狭	1	狹	1	狹
狮	1	獅	3	
狯	1	獪	1	獪
狰	1	猙	1	猙
狱	1	獄	1	獄
狲	1	猻	1	猻
狳	0	狳	0	狳
狴	0	狴	0	狴
狵	3	尨&𧱓	3	尨&𧱓
狶	2	狶&豨	0	狶
狷	0	狷	0	狷
狸	2	狸&貍	2	狸&貍
狹	0	狹	0	狹
狺	0	狺	0	狺
狻	0	狻	0	狻
狼	0	狼	0	狼
狽	0	狽	0	狽
狾	2	狾&猘	0	狾
狿	0	狿	0	狿
猀	0	猀	0	猀
猁	0	猁	0	猁
猂	1	悍	1	悍
猃	1	獫	1	獫
猄	0	猄	0	猄
猅	0	猅	0	猅
猆	2	奜&猆	2	奜&猆
猇	0	猇	0	猇
猈	0	猈	0	猈
猉	0	猉	0	猉
猊	0	猊	0	猊
猋	0	猋	0	猋
猌	0	猌	0	猌
猍	2	猍&貍&𧳟	3	貍&𧳟
猎	2	獵&㹱&猎	1	獵
猏	2	猏&豜	0	猏
猐	2	猐&羌	1	羌
猑	0	猑	0	猑
猒	2	厭&饜&猒	0	猒
猓	0	猓	0	猓
猔	0	猔	0	猔
猕	1	獼	1	獼
猖	0	猖	0	猖
猗	0	猗	0	猗
猘	2	狾&猘	0	猘
猙	0	猙	0	猙
猚	2	蜼&猚	2	蜼&猚
猛	0	猛	0	猛
猜	0	猜	0	猜
猝	0	猝	0	猝
猞	0	猞	0	猞
猟	1	獵	3	
猡	1	玀	1	玀
猢	0	猢	0	猢
猣	0	猣	0	猣
猤	0	猤	0	猤
猥	0	猥	0	猥
猦	0	猦	0	猦
猧	0	猧	0	猧
猨	2	猨&猿&蝯	3	猿&蝯
猩	0	猩	0	猩
猪	1	豬	1	豬
猫	1	貓	1	貓
猬	1	蝟	1	蝟
猭	0	猭	0	猭
献	1	獻	1	獻
猯	1	貒	1	貒
猰	0	猰	0	猰
猱	2	猱&𧳨	0	猱
猲	0	猲	0	猲
猳	2	猳&豭	2	猳&豭
猴	0	猴	0	猴
猵	0	猵	0	猵
猶	0	猶	0	猶
猷	0	猷	0	猷
猸	0	猸	0	猸
猺	0	猺	0	猺
猻	0	猻	0	猻
猼	0	猼	0	猼
猽	1	𧱴	1	𧱴
猾	0	猾	0	猾
猿	2	猿&蝯	0	猿
獀	0	獀	0	獀
獁	0	獁	0	獁
獂	2	獂&豲	2	獂&豲
獃	0	獃	0	獃
獄	0	獄	0	獄
獅	0	獅	0	獅
獆	2	獆&嗥	1	嗥
獇	1	猐	3	
獉	0	獉	0	獉
獊	0	獊	0	獊
獋	1	嗥	1	嗥
獌	0	獌	0	獌
獍	0	獍	0	獍
獎	0	獎	0	獎
獏	1	貘	1	貘
獐	0	獐	0	獐
獑	0	獑	0	獑
獒	0	獒	0	獒
獓	2	獒&獓	2	獒&獓
獔	3	獆&嗥	1	嗥
獕	0	獕	0	獕
獖	2	豶&獖	2	豶&獖
獗	0	獗	0	獗
獘	2	弊&獘	2	弊&獘
獙	0	獙	0	獙
獚	0	獚	0	獚
獛	0	獛	0	獛
獜	0	獜	0	獜
獝	0	獝	0	獝
獞	0	獞	0	獞
獟	0	獟	0	獟
獠	0	獠	0	獠
獡	0	獡	0	獡
獢	0	獢	0	獢
獣	1	獸	3	
獥	0	獥	0	獥
獦	2	獵&獦	0	獦
獧	2	狷&獧	0	獧
獨	0	獨	0	獨
獩	0	獩	0	獩
獪	0	獪	0	獪
獫	0	獫	0	獫
獬	0	獬	0	獬
獭	1	獺	1	獺
獮	0	獮	0	獮
獯	0	獯	0	獯
獰	0	獰	0	獰
獱	2	獱&猵	1	猵
獲	0	獲	0	獲
獳	0	獳	0	獳
獴	0	獴	0	獴
獵	0	獵	0	獵
獶	0	獶	0	獶
獷	0	獷	0	獷
獸	0	獸	0	獸
獹	0	獹	0	獹
獺	0	獺	0	獺
獻	0	獻	0	獻
獼	0	獼	0	獼
獽	0	獽	0	獽
獾	0	獾	0	獾
獿	0	獿	0	獿
玀	0	玀	0	玀
玁	0	玁	0	玁
玂	0	玂	0	玂
玃	0	玃	0	玃
玄	0	玄	0	玄
玅	2	妙&玅	0	玅
玆	2	茲&玆	2	茲&玆
率	0	率	0	率
玈	0	玈	0	玈
玉	0	玉	0	玉
玊	2	玊&珛	0	玊
王	2	壬&王&玉	0	王
玌	2	玌&㺩	1	㺩
玍	0	玍	0	玍
玎	0	玎	0	玎
玏	1	𤨕	1	𤨕
玐	0	玐	0	玐
玑	1	璣	1	璣
玒	0	玒	0	玒
玓	0	玓	0	玓
玔	0	玔	0	玔
玕	0	玕	0	玕
玖	2	九&玖	0	玖
玗	0	玗	0	玗
玘	0	玘	0	玘
玙	1	璵	3	
玚	1	瑒	3	
玛	1	瑪	1	瑪
玜	1	玒	1	玒
玝	0	玝	0	玝
玞	1	砆	1	砆
玟	2	玟&玫	0	玟
玠	0	玠	0	玠
玡	0	玡	0	玡
玢	0	玢	0	玢
玣	1	㺹	1	㺹
玤	0	玤	0	玤
玥	0	玥	0	玥
玦	0	玦	0	玦
玧	2	璊&玧	2	璊&玧
玨	0	玨	0	玨
玩	0	玩	0	玩
玪	2	玪&琳&瑊	3	琳&瑊
玫	0	玫	0	玫
玬	0	玬	0	玬
玭	0	玭	0	玭
玮	1	瑋	1	瑋
环	1	環	1	環
现	1	現	1	現
玱	1	瑲	3	
玲	0	玲	0	玲
玳	0	玳	0	玳
玴	2	玴&𤤺	1	𤤺
玵	2	玕&玵	2	玕&玵
玶	0	玶	0	玶
玷	0	玷	0	玷
玸	0	玸	0	玸
玹	0	玹	0	玹
玺	1	璽	1	璽
玻	0	玻	0	玻
玼	0	玼	0	玼
玽	0	玽	0	玽
玾	0	玾	0	玾
玿	0	玿	0	玿
珀	0	珀	0	珀
珁	1	瓷	1	瓷
珂	0	珂	0	珂
珃	0	珃	0	珃
珄	0	珄	0	珄
珅	0	珅	0	珅
珆	2	珆&㺿	2	珆&㺿
珇	0	珇	0	珇
珈	0	珈	0	珈
珉	2	珉&玟	1	玟
珊	0	珊	0	珊
珋	2	珋&𤥗	2	珋&𤥗
珌	0	珌	0	珌
珍	0	珍	0	珍
珎	1	珍	1	珍
珏	1	玨	1	玨
珐	1	琺	1	琺
珑	1	瓏	1	瓏
珒	0	珒	0	珒
珓	0	珓	0	珓
珔	0	珔	0	珔
珕	0	珕	0	珕
珖	0	珖	0	珖
珗	0	珗	0	珗
珘	0	珘	0	珘
珙	2	珙&玒	0	珙
珚	0	珚	0	珚
珛	0	珛	0	珛
珜	0	珜	0	珜
珝	0	珝	0	珝
珞	0	珞	0	珞
珟	2	珟&𤥔	0	珟
珠	0	珠	0	珠
珡	1	琴	1	琴
珢	0	珢	0	珢
珣	0	珣	0	珣
珤	1	寶	1	寶
珥	0	珥	0	珥
珦	0	珦	0	珦
珧	0	珧	0	珧
珨	0	珨	0	珨
珩	0	珩	0	珩
珪	2	圭&珪	2	圭&珪
珫	0	珫	0	珫
珬	0	珬	0	珬
班	0	班	0	班
珮	0	珮	0	珮
珰	1	璫	3	
珲	1	琿	1	琿
珳	2	玟&珳	1	玟
珴	0	珴	0	珴
珵	0	珵	0	珵
珶	0	珶	0	珶
珷	1	碔	1	碔
珸	2	珸&㻍	2	珸&㻍
珹	0	珹	0	珹
珺	0	珺	0	珺
珻	2	玫&珻	1	玫
珼	2	瑁&珼	0	珼
珽	0	珽	0	珽
現	0	現	0	現
珿	0	珿	0	珿
琀	0	琀	0	琀
琁	2	琁&璿	0	琁
琂	0	琂	0	琂
球	0	球	0	球
琄	0	琄	0	琄
琅	0	琅	0	琅
理	0	理	0	理
琇	0	琇	0	琇
琈	0	琈	0	琈
琉	0	琉	0	琉
琊	0	琊	0	琊
琋	0	琋	0	琋
琌	2	陵&琌	0	琌
琍	0	琍	0	琍
琎	1	璡	1	璡
琏	1	璉	1	璉
琐	1	瑣	1	瑣
琑	3	瑣&璅	1	瑣
琔	1	𤩱	1	𤩱
琕	3	玭&鞞	3	玭&鞞
琖	0	琖	0	琖
琗	2	琗&璱	2	琗&璱
琘	3	珉&玟	1	玟
琙	0	琙	0	琙
琚	0	琚	0	琚
琛	0	琛	0	琛
琜	1	𤦃	1	𤦃
琝	2	珉&玟&琝	2	玟&琝
琞	2	琞&聖	1	聖
琟	2	鳿&琟	2	鳿&琟
琠	2	瑱&琠	2	瑱&琠
琡	0	琡	0	琡
琢	0	琢	0	琢
琣	2	琫&琣	2	琫&琣
琤	0	琤	0	琤
琥	0	琥	0	琥
琦	0	琦	0	琦
琧	0	琧	0	琧
琨	0	琨	0	琨
琩	0	琩	0	琩
琪	0	琪	0	琪
琫	0	琫	0	琫
琬	0	琬	0	琬
琭	0	琭	0	琭
琮	0	琮	0	琮
琯	0	琯	0	琯
琰	0	琰	0	琰
琱	0	琱	0	琱
琲	0	琲	0	琲
琳	0	琳	0	琳
琴	0	琴	0	琴
琵	0	琵	0	琵
琶	0	琶	0	琶
琸	0	琸	0	琸
琹	1	琴	1	琴
琺	0	琺	0	琺
琼	1	瓊	1	瓊
琽	0	琽	0	琽
琾	1	玠	1	玠
琿	0	琿	0	琿
瑀	0	瑀	0	瑀
瑁	0	瑁	0	瑁
瑂	0	瑂	0	瑂
瑄	0	瑄	0	瑄
瑅	1	珶	1	珶
瑆	0	瑆	0	瑆
瑇	2	瑇&玳	1	玳
瑈	0	瑈	0	瑈
瑉	3	珉&玟	1	玟
瑊	0	瑊	0	瑊
瑋	0	瑋	0	瑋
瑌	3	碝&瓀	1	瓀
瑍	2	𤥺&瑍	0	瑍
瑎	0	瑎	0	瑎
瑏	0	瑏	0	瑏
瑐	0	瑐	0	瑐
瑑	0	瑑	0	瑑
瑒	0	瑒	0	瑒
瑓	0	瑓	0	瑓
瑔	0	瑔	0	瑔
瑕	0	瑕	0	瑕
瑖	0	瑖	0	瑖
瑗	0	瑗	0	瑗
瑘	1	琊	1	琊
瑙	0	瑙	0	瑙
瑚	0	瑚	0	瑚
瑛	0	瑛	0	瑛
瑜	0	瑜	0	瑜
瑝	0	瑝	0	瑝
瑞	0	瑞	0	瑞
瑟	0	瑟	0	瑟
瑠	1	琉	1	琉
瑡	0	瑡	0	瑡
瑢	0	瑢	0	瑢
瑣	0	瑣	0	瑣
瑤	0	瑤	0	瑤
瑥	0	瑥	0	瑥
瑦	0	瑦	0	瑦
瑧	0	瑧	0	瑧
瑨	2	瑨&璡	1	璡
瑩	0	瑩	0	瑩
瑪	0	瑪	0	瑪
瑫	0	瑫	0	瑫
瑬	0	瑬	0	瑬
瑭	0	瑭	0	瑭
瑮	0	瑮	0	瑮
瑯	0	瑯	0	瑯
瑰	0	瑰	0	瑰
瑱	0	瑱	0	瑱
瑲	0	瑲	0	瑲
瑳	0	瑳	0	瑳
瑴	1	玨	1	玨
瑵	0	瑵	0	瑵
瑶	1	瑤	1	瑤
瑷	1	璦	1	璦
瑸	1	璸	3	
瑹	0	瑹	0	瑹
瑺	0	瑺	0	瑺
瑻	1	琨	1	琨
瑼	0	瑼	0	瑼
瑽	0	瑽	0	瑽
瑾	0	瑾	0	瑾
瑿	0	瑿	0	瑿
璀	0	璀	0	璀
璁	0	璁	0	璁
璂	3	綦&𤪌	1	𤪌
璃	0	璃	0	璃
璄	1	璟	1	璟
璅	0	璅	0	璅
璆	0	璆	0	璆
璇	2	琁&璇&璿	2	琁&璇&璿
璈	0	璈	0	璈
璉	0	璉	0	璉
璊	0	璊	0	璊
璋	0	璋	0	璋
璌	1	𡐔	1	𡐔
璎	1	瓔	1	瓔
璏	0	璏	0	璏
璐	0	璐	0	璐
璑	0	璑	0	璑
璒	0	璒	0	璒
璓	1	琇	1	琇
璔	0	璔	0	璔
璕	0	璕	0	璕
璖	1	璩	1	璩
璗	0	璗	0	璗
璘	0	璘	0	璘
璙	0	璙	0	璙
璚	2	瓊&玦&璚	2	瓊&玦&璚
璛	2	玊&璛	2	玊&璛
璜	0	璜	0	璜
璝	2	璝&瑰&𤪿	3	瑰&𤪿
璞	0	璞	0	璞
璟	0	璟	0	璟
璠	0	璠	0	璠
璡	0	璡	0	璡
璢	1	琉	1	琉
璣	0	璣	0	璣
璥	0	璥	0	璥
璦	0	璦	0	璦
璧	0	璧	0	璧
璨	0	璨	0	璨
璩	0	璩	0	璩
璪	0	璪	0	璪
璫	0	璫	0	璫
璬	0	璬	0	璬
璭	2	琯&璭	2	琯&璭
璮	0	璮	0	璮
璯	0	璯	0	璯
環	0	環	0	環
璱	0	璱	0	璱
璲	0	璲	0	璲
璳	0	璳	0	璳
璵	0	璵	0	璵
璶	0	璶	0	璶
璷	0	璷	0	璷
璸	2	玭&璸	0	璸
璹	0	璹	0	璹
璺	0	璺	3	
璻	0	璻	0	璻
璼	0	璼	0	璼
璽	0	璽	0	璽
璾	0	璾	0	璾
璿	0	璿	0	璿
瓀	0	瓀	0	瓀
瓁	0	瓁	0	瓁
瓂	0	瓂	0	瓂
瓃	0	瓃	0	瓃
瓄	0	瓄	0	瓄
瓅	0	瓅	0	瓅
瓆	0	瓆	0	瓆
瓇	1	瑈	1	瑈
瓈	2	瓈&璃	1	璃
瓉	1	瓚	1	瓚
瓊	0	瓊	0	瓊
瓋	0	瓋	0	瓋
瓌	1	瑰	1	瑰
瓍	0	瓍	0	瓍
瓎	1	㻝	1	㻝
瓏	0	瓏	0	瓏
瓐	0	瓐	0	瓐
瓑	2	瓑&瓅	1	瓅
瓒	1	瓚	1	瓚
瓓	0	瓓	0	瓓
瓔	0	瓔	0	瓔
瓕	0	瓕	0	瓕
瓖	0	瓖	0	瓖
瓗	2	瓊&瓗	0	瓗
瓘	0	瓘	0	瓘
瓙	0	瓙	0	瓙
瓚	0	瓚	0	瓚
瓛	0	瓛	0	瓛
瓜	0	瓜	0	瓜
瓝	2	瓝&㼎	2	瓝&㼎
瓞	0	瓞	0	瓞
瓟	2	匏&瓝&瓟	2	匏&瓝&瓟
瓠	0	瓠	0	瓠
瓡	0	瓡	0	瓡
瓢	0	瓢	0	瓢
瓣	0	瓣	0	瓣
瓤	0	瓤	0	瓤
瓥	2	瓥&㼖	0	瓥
瓦	2	瓦&耳	0	瓦
瓨	0	瓨	0	瓨
瓪	0	瓪	0	瓪
瓫	1	盆	1	盆
瓬	0	瓬	0	瓬
瓭	2	甔&瓭	2	甔&瓭
瓮	2	甕&瓮&罋	1	甕
瓯	1	甌	1	甌
瓳	0	瓳	0	瓳
瓴	0	瓴	0	瓴
瓵	0	瓵	0	瓵
瓶	0	瓶	0	瓶
瓷	0	瓷	0	瓷
瓹	0	瓹	0	瓹
瓺	0	瓺	0	瓺
瓻	0	瓻	0	瓻
瓽	0	瓽	0	瓽
瓾	2	𤬿&瓾	0	瓾
瓿	0	瓿	0	瓿
甀	0	甀	0	甀
甁	1	瓶	1	瓶
甂	0	甂	0	甂
甃	0	甃	0	甃
甄	0	甄	0	甄
甆	1	瓷	1	瓷
甇	2	罌&甇	1	罌
甈	0	甈	0	甈
甉	0	甉	0	甉
甊	0	甊	0	甊
甋	0	甋	0	甋
甌	0	甌	0	甌
甍	0	甍	0	甍
甎	2	甎&磚&𤮍	3	磚&𤮍
甏	0	甏	0	甏
甐	0	甐	0	甐
甑	0	甑	0	甑
甒	0	甒	0	甒
甓	0	甓	0	甓
甔	0	甔	0	甔
甕	2	甕&瓮&罋	0	甕
甖	2	甖&罌	0	甖
甗	0	甗	0	甗
甘	0	甘	0	甘
甙	0	甙	3	
甚	0	甚	0	甚
甛	1	甜	1	甜
甜	0	甜	0	甜
甝	2	甝&䖑	2	甝&䖑
甞	1	嘗	1	嘗
生	0	生	0	生
甠	3	姓&笙&夝	3	姓&笙
甡	0	甡	0	甡
產	1	産	1	産
産	0	産	0	産
甤	2	甤&蕤	1	蕤
甥	0	甥	0	甥
甦	2	甦&穌	0	甦
甧	0	甧	0	甧
用	0	用	0	用
甩	0	甩	0	甩
甪	2	角&甪	0	甪
甫	0	甫	0	甫
甬	0	甬	0	甬
甭	2	棄&甭	2	棄&甭
甮	2	甭&甮	2	甭&甮
甯	0	甯	0	甯
田	0	田	0	田
由	0	由	0	由
甲	2	甲&鉀	2	甲&鉀
申	0	申	0	申
电	3	曳&電	1	電
甶	0	甶	0	甶
男	0	男	0	男
甸	0	甸	0	甸
甹	0	甹	0	甹
町	0	町	0	町
画	1	畫	1	畫
甽	2	甽&畎	2	甽&畎
甾	0	甾	0	甾
甿	0	甿	0	甿
畀	0	畀	0	畀
畁	3	畀&𢍁	1	畀
畂	3	畝&㙀	3	畝&㙀
畃	0	畃	0	畃
畄	1	留	1	留
畅	1	暢	1	暢
畆	1	畝	1	畝
畇	0	畇	0	畇
畈	0	畈	0	畈
畉	2	畉&𤱽	2	畉&𤱽
畊	2	畊&耕	1	耕
畋	0	畋	0	畋
界	0	界	0	界
畍	1	界	1	界
畎	0	畎	0	畎
畏	0	畏	0	畏
畐	0	畐	0	畐
畒	1	畝	1	畝
畔	0	畔	0	畔
畕	2	疆&畕	2	疆&畕
畖	0	畖	0	畖
畗	3	享&福&答&畐	3	享&福&答&畐
畘	0	畘	0	畘
留	0	留	0	留
畚	0	畚	0	畚
畛	0	畛	0	畛
畜	0	畜	0	畜
畝	0	畝	0	畝
畞	1	畝	1	畝
畟	0	畟	0	畟
畠	1	甾	1	甾
畡	1	垓	1	垓
畢	0	畢	0	畢
畣	2	答&畣	1	答
畤	0	畤	0	畤
略	0	略	0	略
畦	0	畦	0	畦
畧	1	略	1	略
畨	1	番	1	番
番	2	番&蹯	0	番
畫	0	畫	0	畫
畬	0	畬	0	畬
畭	1	畬	1	畬
畮	2	畮&畝	1	畝
畯	0	畯	0	畯
異	0	異	0	異
畱	1	留	1	留
畲	1	畬	1	畬
畴	1	疇	1	疇
畵	1	畫	1	畫
當	0	當	0	當
畷	0	畷	0	畷
畸	0	畸	0	畸
畹	0	畹	0	畹
畺	1	疆	1	疆
畻	1	塍	1	塍
畼	2	暢&畼	0	畼
畽	2	畽&䵯	0	畽
畾	2	壘&雷&畾	0	畾
畿	0	畿	0	畿
疀	0	疀	0	疀
疁	0	疁	0	疁
疃	2	疃&畽	1	畽
疄	0	疄	0	疄
疅	1	疆	1	疆
疆	0	疆	0	疆
疇	0	疇	0	疇
疈	1	副	1	副
疉	1	疊	1	疊
疊	0	疊	0	疊
疋	2	匹&正&疋&雅	2	匹&正&疋&雅
疌	0	疌	0	疌
疍	0	疍	3	
疎	2	疎&疏	1	疏
疏	0	疏	0	疏
疐	0	疐	0	疐
疑	0	疑	0	疑
疒	0	疒	0	疒
疓	2	㽱&疓	2	㽱&疓
疔	2	疔&疒	2	疔&疒
疕	0	疕	0	疕
疖	1	癤	1	癤
疗	1	療	1	療
疘	0	疘	0	疘
疙	2	疙&𤵀	0	疙
疚	0	疚	0	疚
疛	0	疛	0	疛
疜	0	疜	0	疜
疝	0	疝	0	疝
疞	3	㽳&N00474	1	N00474
疟	1	瘧	3	
疠	1	癘	1	癘
疡	1	瘍	3	
疢	0	疢	0	疢
疣	2	疣&𩑣	0	疣
疤	0	疤	0	疤
疥	0	疥	0	疥
疦	0	疦	0	疦
疧	0	疧	0	疧
疨	2	瘕&疨	2	瘕&疨
疩	1	瘁	1	瘁
疪	2	痹&疪	1	痹
疫	0	疫	0	疫
疬	1	癧	3	
疭	1	瘲	3	
疮	1	瘡	1	瘡
疯	1	瘋	1	瘋
疰	0	疰	0	疰
疱	2	皰&疱	0	疱
疲	0	疲	0	疲
疳	0	疳	0	疳
疴	1	痾	1	痾
疵	0	疵	0	疵
疶	0	疶	0	疶
疷	3	疧&胝	1	胝
疸	0	疸	0	疸
疹	2	疹&疢	0	疹
疺	0	疺	0	疺
疻	0	疻	0	疻
疼	0	疼	0	疼
疽	0	疽	0	疽
疾	0	疾	0	疾
疿	2	痱&疿	2	痱&疿
痀	0	痀	0	痀
痁	2	店&痁	2	店&痁
痂	0	痂	0	痂
痃	0	痃	0	痃
痄	0	痄	0	痄
病	0	病	0	病
痆	0	痆	0	痆
症	2	症&癥	2	症&癥
痈	1	癰	1	癰
痉	1	痙	1	痙
痊	0	痊	0	痊
痋	2	疼&痋	0	痋
痌	0	痌	0	痌
痍	0	痍	0	痍
痎	0	痎	0	痎
痏	0	痏	0	痏
痐	2	蛔&痐	2	蛔&痐
痑	0	痑	0	痑
痒	2	瘍&癢&痒	1	癢
痓	0	痓	0	痓
痔	0	痔	0	痔
痕	0	痕	0	痕
痖	1	啞	3	
痗	0	痗	0	痗
痘	0	痘	0	痘
痙	0	痙	0	痙
痚	0	痚	0	痚
痛	0	痛	0	痛
痜	2	禿&痜	1	禿
痝	0	痝	0	痝
痞	0	痞	0	痞
痟	0	痟	0	痟
痠	2	酸&痠	0	痠
痡	2	痡&㾈&𤸵	2	痡&㾈&𤸵
痢	0	痢	0	痢
痣	0	痣	0	痣
痤	0	痤	0	痤
痥	0	痥	0	痥
痦	0	痦	0	痦
痧	0	痧	0	痧
痨	1	癆	1	癆
痩	1	瘦	1	瘦
痪	0	痪	3	
痫	1	癇	1	癇
痬	2	瘍&痬	2	瘍&痬
痭	0	痭	0	痭
痮	1	脹	1	脹
痯	0	痯	0	痯
痰	0	痰	0	痰
痱	0	痱	0	痱
痲	0	痲	0	痲
痳	2	痲&痳	2	痲&痳
痴	0	痴	0	痴
痵	2	悸&痵	1	悸
痶	0	痶	0	痶
痷	2	痷&𨂁	2	痷&𨂁
痸	2	痸&𤸪	2	痸&𤸪
痹	0	痹	0	痹
痺	2	痺&痹	2	痺&痹
痻	0	痻	0	痻
痼	0	痼	0	痼
痽	2	痽&𤷎	2	痽&𤷎
痾	0	痾	0	痾
痿	0	痿	0	痿
瘀	0	瘀	0	瘀
瘁	0	瘁	0	瘁
瘂	2	瘂&啞	1	啞
瘃	0	瘃	0	瘃
瘄	1	厝	1	厝
瘅	1	癉	1	癉
瘆	1	瘮	3	
瘇	0	瘇	0	瘇
瘈	0	瘈	0	瘈
瘉	2	瘉&癒	2	瘉&癒
瘊	0	瘊	0	瘊
瘋	0	瘋	0	瘋
瘌	0	瘌	0	瘌
瘍	0	瘍	0	瘍
瘎	0	瘎	0	瘎
瘏	0	瘏	0	瘏
瘐	0	瘐	0	瘐
瘑	0	瘑	0	瘑
瘒	0	瘒	0	瘒
瘓	2	痪&瘓	0	瘓
瘔	2	苦&瘔	1	苦
瘕	0	瘕	0	瘕
瘖	0	瘖	0	瘖
瘗	1	瘞	3	
瘘	1	瘻	3	
瘙	0	瘙	0	瘙
瘚	0	瘚	0	瘚
瘛	0	瘛	0	瘛
瘜	0	瘜	0	瘜
瘝	0	瘝	0	瘝
瘞	0	瘞	0	瘞
瘟	0	瘟	0	瘟
瘠	0	瘠	0	瘠
瘡	2	創&瘡	0	瘡
瘢	0	瘢	0	瘢
瘣	0	瘣	0	瘣
瘤	0	瘤	0	瘤
瘥	0	瘥	0	瘥
瘦	0	瘦	0	瘦
瘧	0	瘧	0	瘧
瘨	0	瘨	0	瘨
瘩	0	瘩	0	瘩
瘪	1	癟	1	癟
瘫	1	癱	1	癱
瘬	1	脹	1	脹
瘭	0	瘭	0	瘭
瘮	2	瘮&㾕	1	㾕
瘯	0	瘯	0	瘯
瘰	0	瘰	0	瘰
瘱	0	瘱	0	瘱
瘲	0	瘲	0	瘲
瘳	0	瘳	0	瘳
瘴	0	瘴	0	瘴
瘵	0	瘵	0	瘵
瘶	1	嗽	1	嗽
瘷	3	瘀&㾊	3	瘀&㾊
瘸	0	瘸	0	瘸
瘹	0	瘹	0	瘹
瘺	0	瘺	0	瘺
瘻	2	瘻&瘺	1	瘺
瘼	0	瘼	0	瘼
瘽	0	瘽	0	瘽
瘾	1	癮	1	癮
瘿	1	癭	1	癭
癀	0	癀	0	癀
癁	2	𤸑&癁	2	𤸑&癁
療	0	療	0	療
癃	0	癃	0	癃
癄	3	憔&㾭	3	憔&㾭
癅	1	瘤	1	瘤
癆	0	癆	0	癆
癇	0	癇	0	癇
癈	0	癈	0	癈
癉	0	癉	0	癉
癊	0	癊	0	癊
癋	0	癋	0	癋
癌	0	癌	0	癌
癍	0	癍	3	
癎	1	癇	1	癇
癏	1	瘝	1	瘝
癐	0	癐	0	癐
癑	2	膿&癑	0	癑
癒	2	瘉&癒	2	瘉&癒
癓	0	癓	0	癓
癔	0	癔	0	癔
癕	1	癰	1	癰
癖	0	癖	0	癖
癗	0	癗	0	癗
癘	2	癘&癩	0	癘
癙	0	癙	0	癙
癚	0	癚	0	癚
癛	2	凜&癛	2	凜&癛
癜	0	癜	0	癜
癝	3	凜&癛	1	癛
癞	1	癩	3	
癟	0	癟	0	癟
癠	0	癠	0	癠
癡	1	痴	1	痴
癢	0	癢	0	癢
癣	1	癬	1	癬
癤	0	癤	0	癤
癥	0	癥	0	癥
癧	2	癧&㿛	1	㿛
癨	0	癨	0	癨
癩	0	癩	0	癩
癪	0	癪	0	癪
癫	1	癲	1	癲
癬	0	癬	0	癬
癭	2	廮&癭	0	癭
癮	0	癮	0	癮
癯	1	臞	1	臞
癰	0	癰	0	癰
癱	0	癱	0	癱
癲	0	癲	0	癲
癴	1	癵	1	癵
癵	0	癵	0	癵
癶	0	癶	0	癶
癸	0	癸	0	癸
癹	0	癹	0	癹
発	1	發	3	
登	0	登	0	登
發	0	發	0	發
白	0	白	0	白
百	0	百	0	百
癿	0	癿	0	癿
皀	2	貌&皀	0	皀
皁	2	皂&草&皁	2	草&皁
皂	2	皂&草&皁	0	皂
皃	2	皃&兒&完&貌	3	兒&完&貌
的	0	的	0	的
皅	2	葩&皅	2	葩&皅
皆	0	皆	0	皆
皇	0	皇	0	皇
皈	0	皈	0	皈
皉	2	玼&皉	2	玼&皉
皊	0	皊	0	皊
皋	0	皋	0	皋
皌	0	皌	0	皌
皍	1	即	1	即
皎	0	皎	0	皎
皏	0	皏	0	皏
皐	1	皋	1	皋
皑	1	皚	1	皚
皒	0	皒	0	皒
皓	0	皓	0	皓
皔	1	𤽂	1	𤽂
皕	0	皕	0	皕
皖	0	皖	0	皖
皗	0	皗	0	皗
皘	0	皘	0	皘
皙	0	皙	0	皙
皚	0	皚	0	皚
皛	0	皛	0	皛
皜	2	皓&暠&皜	1	皓
皝	0	皝	0	皝
皞	0	皞	0	皞
皟	0	皟	0	皟
皠	0	皠	0	皠
皡	1	皞	1	皞
皢	2	曉&皢	0	皢
皣	0	皣	0	皣
皤	0	皤	0	皤
皥	1	皞	3	
皦	2	皎&皦	2	皎&皦
皧	0	皧	0	皧
皨	1	星	1	星
皩	1	皝	1	皝
皪	0	皪	0	皪
皫	0	皫	0	皫
皬	1	㿥	1	㿥
皭	0	皭	0	皭
皮	0	皮	0	皮
皯	0	皯	0	皯
皰	0	皰	0	皰
皱	1	皺	1	皺
皲	1	皸	1	皸
皳	1	毬	1	毬
皴	0	皴	0	皴
皵	0	皵	0	皵
皶	1	皻	1	皻
皷	1	鼓	1	鼓
皸	0	皸	0	皸
皹	1	皸	1	皸
皺	0	皺	0	皺
皻	0	皻	0	皻
皼	1	鼓	1	鼓
皽	0	皽	0	皽
皾	2	皾&韇	2	皾&韇
皿	2	四&皿	2	四&皿
盀	0	盀	0	盀
盁	1	盈	1	盈
盂	0	盂	0	盂
盃	2	杯&盃	0	盃
盄	0	盄	0	盄
盅	0	盅	0	盅
盆	0	盆	0	盆
盇	1	盍	1	盍
盈	0	盈	0	盈
盉	0	盉	0	盉
益	0	益	0	益
盋	2	盋&缽	1	缽
盌	1	碗	1	碗
盍	0	盍	0	盍
盎	0	盎	0	盎
盏	1	盞	1	盞
盐	1	鹽	1	鹽
监	1	監	1	監
盒	0	盒	0	盒
盓	0	盓	0	盓
盔	0	盔	0	盔
盕	1	䀀	1	䀀
盖	1	蓋	1	蓋
盗	1	盜	1	盜
盘	1	盤	1	盤
盙	1	簠	1	簠
盚	0	盚	0	盚
盛	0	盛	0	盛
盜	0	盜	0	盜
盝	0	盝	0	盝
盞	0	盞	0	盞
盟	0	盟	0	盟
盠	0	盠	0	盠
盡	0	盡	0	盡
盢	0	盢	0	盢
監	0	監	0	監
盤	0	盤	0	盤
盥	0	盥	0	盥
盦	0	盦	0	盦
盧	0	盧	0	盧
盨	0	盨	0	盨
盩	0	盩	0	盩
盪	0	盪	0	盪
盫	1	盦	1	盦
盬	0	盬	0	盬
盭	0	盭	0	盭
目	0	目	0	目
盯	0	盯	0	盯
盰	0	盰	0	盰
盱	0	盱	0	盱
盲	0	盲	0	盲
盳	2	望&盲&盳	2	望&盲&盳
直	0	直	0	直
盵	0	盵	0	盵
盶	0	盶	0	盶
盷	0	盷	0	盷
相	0	相	0	相
盹	0	盹	0	盹
盺	0	盺	0	盺
盻	2	盼&盻	2	盼&盻
盼	0	盼	0	盼
盽	1	䀱	1	䀱
盾	0	盾	0	盾
盿	0	盿	0	盿
眀	2	明&眀	2	明&眀
省	0	省	0	省
眂	2	視&眂	2	視&眂
眃	0	眃	0	眃
眄	0	眄	0	眄
眅	0	眅	0	眅
眆	0	眆	0	眆
眇	0	眇	0	眇
眈	0	眈	0	眈
眉	0	眉	0	眉
眊	0	眊	0	眊
看	0	看	0	看
眍	1	瞘	3	
眎	3	示&視	3	示&視
眏	0	眏	0	眏
眐	0	眐	0	眐
眑	0	眑	0	眑
眒	0	眒	0	眒
眓	0	眓	0	眓
眔	1	𥄳	1	𥄳
眕	0	眕	0	眕
眖	0	眖	0	眖
眗	2	瞿&䀠&眗	2	瞿&䀠&眗
眘	1	慎	1	慎
眙	0	眙	0	眙
眚	0	眚	0	眚
眛	0	眛	0	眛
眜	2	蔑&眜	2	蔑&眜
眝	0	眝	0	眝
眞	1	真	1	真
真	0	真	0	真
眠	0	眠	0	眠
眡	2	眡&視	1	視
眢	0	眢	0	眢
眣	0	眣	0	眣
眤	3	昵&眱&䁥	3	昵&眱&䁥
眥	0	眥	0	眥
眦	1	眥	1	眥
眧	0	眧	0	眧
眨	0	眨	0	眨
眩	0	眩	0	眩
眪	0	眪	0	眪
眫	3	胖&眯	3	胖&眯
眬	1	矓	3	
眭	2	眭&𥉖	2	眭&𥉖
眮	0	眮	0	眮
眯	2	瞇&眯&𥌃	0	眯
眰	2	眣&眰&𧠫	2	眣&眰&𧠫
眱	2	眱&睇	2	眱&睇
眲	0	眲	0	眲
眳	0	眳	0	眳
眴	0	眴	0	眴
眵	0	眵	0	眵
眶	0	眶	0	眶
眷	2	眷&養	0	眷
眸	0	眸	0	眸
眹	0	眹	0	眹
眺	0	眺	0	眺
眻	0	眻	0	眻
眼	0	眼	0	眼
眽	0	眽	0	眽
眾	0	眾	0	眾
眿	1	眽	1	眽
着	1	著	1	著
睁	1	睜	1	睜
睂	1	眉	1	眉
睃	0	睃	0	睃
睄	2	瞧&睄	2	瞧&睄
睅	0	睅	0	睅
睆	0	睆	0	睆
睇	0	睇	0	睇
睈	0	睈	0	睈
睉	0	睉	0	睉
睊	0	睊	0	睊
睋	0	睋	0	睋
睌	0	睌	0	睌
睍	0	睍	0	睍
睎	0	睎	0	睎
睏	0	睏	0	睏
睐	1	睞	1	睞
睑	1	瞼	1	瞼
睒	0	睒	0	睒
睓	1	㥏	1	㥏
睔	0	睔	0	睔
睕	0	睕	0	睕
睖	0	睖	0	睖
睗	0	睗	0	睗
睘	1	瞏	1	瞏
睙	0	睙	0	睙
睚	2	睚&䝽	0	睚
睛	0	睛	0	睛
睜	0	睜	0	睜
睝	0	睝	0	睝
睞	0	睞	0	睞
睟	0	睟	0	睟
睠	2	眷&睠	1	眷
睡	0	睡	0	睡
睢	2	睢&雎	2	睢&雎
督	0	督	0	督
睤	1	睥	1	睥
睥	0	睥	0	睥
睦	0	睦	0	睦
睧	0	睧	0	睧
睨	0	睨	0	睨
睩	0	睩	0	睩
睪	0	睪	0	睪
睫	0	睫	0	睫
睬	0	睬	0	睬
睭	0	睭	0	睭
睮	0	睮	0	睮
睯	0	睯	0	睯
睰	0	睰	0	睰
睱	2	暇&睱	2	暇&睱
睲	0	睲	0	睲
睳	2	眭&睳	2	眭&睳
睴	2	暉&睴	0	睴
睵	0	睵	0	睵
睶	0	睶	0	睶
睷	0	睷	0	睷
睸	0	睸	0	睸
睹	0	睹	0	睹
睺	0	睺	0	睺
睻	1	䁔	1	䁔
睼	0	睼	0	睼
睽	0	睽	0	睽
睾	2	睪&皋&睾	2	睪&皋&睾
睿	0	睿	0	睿
瞀	0	瞀	0	瞀
瞁	0	瞁	0	瞁
瞂	0	瞂	0	瞂
瞃	0	瞃	0	瞃
瞄	0	瞄	0	瞄
瞅	0	瞅	0	瞅
瞆	1	瞶	3	
瞇	0	瞇	0	瞇
瞈	0	瞈	0	瞈
瞉	0	瞉	0	瞉
瞊	0	瞊	0	瞊
瞋	0	瞋	0	瞋
瞌	0	瞌	0	瞌
瞍	0	瞍	0	瞍
瞎	0	瞎	0	瞎
瞏	0	瞏	0	瞏
瞐	0	瞐	0	瞐
瞑	2	眠&瞑	2	眠&瞑
瞒	1	瞞	1	瞞
瞔	0	瞔	0	瞔
瞕	0	瞕	0	瞕
瞖	0	瞖	0	瞖
瞗	2	雎&瞗	2	雎&瞗
瞘	2	瞘&䁱	0	瞘
瞙	0	瞙	0	瞙
瞚	2	瞬&瞚	0	瞚
瞛	0	瞛	0	瞛
瞜	0	瞜	0	瞜
瞝	0	瞝	0	瞝
瞞	0	瞞	0	瞞
瞟	0	瞟	0	瞟
瞠	0	瞠	0	瞠
瞡	0	瞡	0	瞡
瞢	0	瞢	0	瞢
瞣	0	瞣	0	瞣
瞤	2	瞬&瞤	0	瞤
瞥	0	瞥	0	瞥
瞦	0	瞦	0	瞦
瞧	0	瞧	0	瞧
瞨	0	瞨	0	瞨
瞩	1	矚	1	矚
瞪	0	瞪	0	瞪
瞫	0	瞫	0	瞫
瞬	0	瞬	0	瞬
瞭	0	瞭	0	瞭
瞮	0	瞮	0	瞮
瞯	2	瞯&瞷	1	瞷
瞰	0	瞰	0	瞰
瞱	0	瞱	0	瞱
瞲	0	瞲	0	瞲
瞳	0	瞳	0	瞳
瞴	0	瞴	0	瞴
瞵	0	瞵	0	瞵
瞶	0	瞶	0	瞶
瞷	0	瞷	0	瞷
瞸	0	瞸	0	瞸
瞹	2	曖&瞹	2	曖&瞹
瞺	0	瞺	0	瞺
瞻	0	瞻	0	瞻
瞼	0	瞼	0	瞼
瞽	0	瞽	0	瞽
瞾	1	照	1	照
瞿	0	瞿	0	瞿
矀	1	覹	1	覹
矁	1	瞅	1	瞅
矂	0	矂	0	矂
矃	0	矃	0	矃
矄	0	矄	0	矄
矅	3	曜&𥌺	3	曜&𥌺
矆	0	矆	0	矆
矇	0	矇	0	矇
矈	0	矈	3	
矉	0	矉	0	矉
矊	2	矊&矏	0	矊
矋	1	𧢝	3	
矌	0	矌	0	矌
矍	0	矍	0	矍
矎	0	矎	0	矎
矏	0	矏	0	矏
矐	0	矐	0	矐
矑	0	矑	0	矑
矒	1	瞢	1	瞢
矓	0	矓	0	矓
矔	0	矔	0	矔
矕	0	矕	0	矕
矖	2	矖&䚕	1	䚕
矗	0	矗	0	矗
矘	0	矘	0	矘
矙	2	瞰&矙	0	矙
矚	0	矚	0	矚
矛	0	矛	0	矛
矜	0	矜	0	矜
矝	1	矜	1	矜
矞	0	矞	0	矞
矟	1	槊	1	槊
矠	2	捔&矠	0	矠
矡	2	钁&矡	2	钁&矡
矢	0	矢	0	矢
矣	0	矣	0	矣
矤	2	矧&矤	2	矧&矤
知	0	知	0	知
矦	1	侯	1	侯
矧	0	矧	0	矧
矨	2	矮&矨	2	矮&矨
矩	0	矩	0	矩
矪	0	矪	0	矪
矫	1	矯	1	矯
矬	0	矬	0	矬
短	0	短	0	短
矮	0	矮	0	矮
矯	0	矯	0	矯
矰	0	矰	0	矰
矱	2	矱&彠	0	矱
矲	0	矲	0	矲
石	0	石	0	石
矴	2	矴&碇	1	碇
矵	1	砌	1	砌
矶	1	磯	1	磯
矷	0	矷	0	矷
矸	0	矸	0	矸
矹	0	矹	0	矹
矺	2	矺&磔	0	矺
矻	2	矻&硈	2	矻&硈
矼	0	矼	0	矼
矽	0	矽	0	矽
矾	1	礬	1	礬
矿	1	礦	1	礦
砀	1	碭	1	碭
码	1	碼	1	碼
砂	2	沙&砂	2	沙&砂
砃	0	砃	0	砃
砄	0	砄	0	砄
砅	2	砅&砯	0	砅
砆	0	砆	0	砆
砇	3	珉&玟	1	玟
砈	2	砨&砈	0	砈
砉	0	砉	0	砉
砊	0	砊	0	砊
砋	0	砋	0	砋
砌	0	砌	0	砌
砍	0	砍	0	砍
砎	0	砎	0	砎
砏	0	砏	0	砏
砐	0	砐	0	砐
砑	0	砑	0	砑
砒	0	砒	0	砒
砓	0	砓	0	砓
研	0	研	0	研
砕	1	碎	1	碎
砖	1	磚	1	磚
砗	1	硨	3	
砙	0	砙	0	砙
砚	1	硯	1	硯
砛	1	玪	3	
砜	1	碸	1	碸
砝	0	砝	0	砝
砟	0	砟	0	砟
砠	2	岨&砠	2	岨&砠
砡	0	砡	0	砡
砢	0	砢	0	砢
砣	2	砣&堶	0	砣
砤	1	砣	1	砣
砥	0	砥	0	砥
砦	2	寨&砦	0	砦
砧	2	砧&椹	0	砧
砨	0	砨	0	砨
砩	0	砩	0	砩
砪	0	砪	0	砪
砫	0	砫	0	砫
砬	0	砬	0	砬
砭	0	砭	0	砭
砮	0	砮	0	砮
砯	0	砯	0	砯
砰	0	砰	0	砰
砱	0	砱	0	砱
砲	0	砲	0	砲
砳	2	礐&砳	2	礐&砳
破	0	破	0	破
砵	0	砵	0	砵
砶	1	珀	1	珀
砷	0	砷	0	砷
砸	0	砸	0	砸
砺	1	礪	1	礪
砻	1	礱	1	礱
砾	1	礫	1	礫
砿	1	礦	3	
础	1	礎	1	礎
硁	1	硜	3	
硂	1	銓	1	銓
硃	0	硃	0	硃
硄	0	硄	0	硄
硅	2	矽&砉&硅	2	砉&硅
硆	1	礘	1	礘
硇	0	硇	0	硇
硈	2	確&硈	0	硈
硉	0	硉	0	硉
硊	0	硊	0	硊
硋	1	礙	1	礙
硌	0	硌	0	硌
硍	0	硍	0	硍
硎	0	硎	0	硎
硏	3	研&硯	1	研
硐	0	硐	0	硐
硑	3	瓶&研&砰	3	瓶&研&砰
硒	0	硒	0	硒
硓	1	栳	3	
硔	2	谼&硔	2	谼&硔
硕	1	碩	1	碩
硖	1	硤	1	硤
硗	1	磽	3	
硙	1	磑	1	磑
硚	1	礄	1	礄
硛	1	跡	3	
硜	2	磬&硜	0	硜
硝	0	硝	0	硝
硞	0	硞	0	硞
硟	0	硟	0	硟
硠	0	硠	0	硠
硡	1	𥐪	1	𥐪
硢	0	硢	0	硢
硣	0	硣	0	硣
硤	2	峽&硤	0	硤
硥	2	硥&礱	2	硥&礱
硦	1	𥦌	1	𥦌
硧	2	硐&硧	2	硐&硧
硨	0	硨	0	硨
硩	0	硩	0	硩
硪	0	硪	0	硪
硫	0	硫	0	硫
硬	0	硬	0	硬
硭	2	硭&𥐞	0	硭
确	2	確&确	2	確&确
硯	0	硯	0	硯
硰	0	硰	0	硰
硱	0	硱	0	硱
硲	1	峪	1	峪
硵	1	磠	3	
硶	2	磣&硶	2	磣&硶
硷	1	鹼	1	鹼
硸	0	硸	0	硸
硹	0	硹	0	硹
硺	2	琢&硺	0	硺
硻	2	硜&硻	2	硜&硻
硼	0	硼	0	硼
硽	0	硽	0	硽
硾	0	硾	0	硾
硿	0	硿	0	硿
碀	0	碀	0	碀
碁	2	碁&棋	1	棋
碂	0	碂	0	碂
碃	0	碃	0	碃
碄	0	碄	0	碄
碅	0	碅	0	碅
碆	2	碆&磻	2	碆&磻
碇	0	碇	0	碇
碈	3	䃉&玟	1	玟
碉	0	碉	0	碉
碊	2	棧&濺&碊	2	棧&濺&碊
碋	0	碋	0	碋
碌	0	碌	0	碌
碍	1	礙	1	礙
碎	0	碎	0	碎
碏	0	碏	0	碏
碐	0	碐	0	碐
碑	0	碑	0	碑
碒	1	崟	1	崟
碓	0	碓	0	碓
碔	0	碔	0	碔
碕	0	碕	0	碕
碖	0	碖	0	碖
碗	2	碗&𧯡	2	碗&𧯡
碘	0	碘	0	碘
碙	0	碙	0	碙
碚	0	碚	0	碚
碛	1	磧	1	磧
碜	1	磣	1	磣
碝	2	碝&礝	1	礝
碞	2	嵒&碞	2	嵒&碞
碟	0	碟	0	碟
碠	0	碠	0	碠
碡	0	碡	0	碡
碢	2	砣&碢	1	砣
碣	0	碣	0	碣
碤	0	碤	0	碤
碥	0	碥	0	碥
碦	0	碦	0	碦
碧	0	碧	0	碧
碨	0	碨	0	碨
碩	0	碩	0	碩
碪	2	砧&椹&碪	2	砧&椹&碪
碫	2	鍛&碫	2	鍛&碫
碬	0	碬	0	碬
碭	0	碭	0	碭
碮	2	隄&碮	2	隄&碮
碯	2	碯&瑙	1	瑙
碰	0	碰	0	碰
碱	1	鹼	1	鹼
碲	0	碲	0	碲
碳	0	碳	0	碳
碴	0	碴	0	碴
碷	1	楯	3	
碸	0	碸	0	碸
碹	1	䃠	3	
確	0	確	0	確
碻	2	確&碻	2	確&碻
碼	2	瑪&碼	0	碼
碽	0	碽	0	碽
碾	0	碾	0	碾
碿	0	碿	0	碿
磀	1	𥑺	1	𥑺
磁	0	磁	0	磁
磂	3	硫&鎦	3	硫&鎦
磃	0	磃	0	磃
磄	0	磄	0	磄
磅	0	磅	0	磅
磆	0	磆	0	磆
磇	1	砒	1	砒
磈	0	磈	0	磈
磉	0	磉	0	磉
磊	0	磊	0	磊
磋	0	磋	0	磋
磌	0	磌	0	磌
磍	0	磍	0	磍
磎	2	谿&磎	1	谿
磏	0	磏	0	磏
磐	0	磐	0	磐
磑	0	磑	0	磑
磒	1	隕	1	隕
磓	0	磓	0	磓
磔	0	磔	0	磔
磕	0	磕	0	磕
磖	2	砬&磖	2	砬&磖
磙	1	𥕦	1	𥕦
磚	0	磚	0	磚
磛	0	磛	0	磛
磜	1	砌	1	砌
磝	2	磝&磽	2	磝&磽
磞	2	磅&磞	2	磅&磞
磟	0	磟	0	磟
磠	0	磠	0	磠
磡	0	磡	0	磡
磢	0	磢	0	磢
磣	0	磣	0	磣
磤	0	磤	0	磤
磥	2	磊&磥	0	磥
磦	2	㟽&磦	2	㟽&磦
磧	0	磧	0	磧
磨	0	磨	0	磨
磩	0	磩	0	磩
磪	0	磪	0	磪
磫	0	磫	0	磫
磬	0	磬	0	磬
磭	0	磭	0	磭
磯	0	磯	0	磯
磰	1	墡	1	墡
磱	3	𥒪&䃕	1	𥒪
磲	0	磲	0	磲
磳	0	磳	0	磳
磴	0	磴	0	磴
磵	1	澗	1	澗
磶	0	磶	0	磶
磷	0	磷	0	磷
磸	1	碇	1	碇
磹	2	簟&磹	2	簟&磹
磺	0	磺	0	磺
磻	0	磻	0	磻
磼	0	磼	0	磼
磽	0	磽	0	磽
磾	0	磾	0	磾
磿	0	磿	0	磿
礀	1	澗	1	澗
礁	0	礁	0	礁
礄	0	礄	0	礄
礅	0	礅	0	礅
礆	1	險	1	險
礇	0	礇	0	礇
礈	3	墜&硾	3	墜&硾
礉	2	磽&礉	0	礉
礊	2	碦&礊	0	礊
礋	0	礋	0	礋
礌	2	磊&礌&礧	2	磊&礌&礧
礍	1	碣	1	碣
礎	0	礎	0	礎
礏	0	礏	0	礏
礐	2	嶨&礐&觷	0	礐
礑	0	礑	0	礑
礒	0	礒	0	礒
礓	0	礓	0	礓
礔	2	霹&礔	2	霹&礔
礕	1	礔	1	礔
礖	1	嶼	3	
礗	0	礗	0	礗
礘	0	礘	0	礘
礙	0	礙	0	礙
礚	2	磕&礚	0	礚
礛	0	礛	0	礛
礜	0	礜	0	礜
礝	0	礝	0	礝
礞	0	礞	0	礞
礟	3	礮&砲	1	砲
礠	1	磁	1	磁
礡	1	礴	3	
礣	0	礣	0	礣
礤	0	礤	0	礤
礥	0	礥	0	礥
礦	0	礦	0	礦
礧	0	礧	0	礧
礨	2	礧&礨	2	礧&礨
礩	0	礩	0	礩
礪	0	礪	0	礪
礫	0	礫	0	礫
礬	0	礬	0	礬
礭	0	礭	0	礭
礮	2	礮&砲	1	砲
礯	0	礯	0	礯
礰	2	磿&礰	0	礰
礱	0	礱	0	礱
礲	2	礲&礱	1	礱
礴	0	礴	0	礴
礵	0	礵	0	礵
礶	1	罐	1	罐
礷	1	礛	1	礛
礸	2	礤&礸	0	礸
礹	2	巖&礹	2	巖&礹
示	0	示	0	示
礼	1	禮	1	禮
礽	0	礽	0	礽
社	0	社	0	社
礿	2	礿&禴	0	礿
祀	0	祀	0	祀
祁	0	祁	0	祁
祂	0	祂	0	祂
祃	1	禡	3	
祄	2	祄&衸	0	祄
祅	2	妖&祆&祅	2	祆&祅
祆	0	祆	0	祆
祇	2	祇&祗	0	祇
祈	0	祈	0	祈
祉	0	祉	0	祉
祊	0	祊	0	祊
祋	0	祋	0	祋
祌	0	祌	0	祌
祍	1	衽	3	
祎	1	禕	3	
祏	0	祏	0	祏
祐	0	祐	0	祐
祑	0	祑	0	祑
祒	0	祒	0	祒
祓	0	祓	0	祓
祔	0	祔	0	祔
祕	0	祕	0	祕
祖	0	祖	0	祖
祗	2	祇&祗	0	祗
祘	3	算&筭	3	算&筭
祙	1	魅	1	魅
祚	0	祚	0	祚
祛	0	祛	0	祛
祜	0	祜	0	祜
祝	0	祝	0	祝
神	0	神	0	神
祟	0	祟	0	祟
祠	0	祠	0	祠
祡	0	祡	0	祡
祢	1	禰	1	禰
祣	2	旅&祣	0	祣
祤	0	祤	0	祤
祥	0	祥	0	祥
祦	0	祦	0	祦
祧	0	祧	0	祧
票	0	票	0	票
祩	0	祩	0	祩
祪	0	祪	0	祪
祫	0	祫	0	祫
祬	1	祗	1	祗
祭	0	祭	0	祭
祮	1	祰	1	祰
祯	1	禎	1	禎
祰	0	祰	0	祰
祱	0	祱	0	祱
祲	0	祲	0	祲
祳	0	祳	0	祳
祴	0	祴	0	祴
祵	1	捆	1	捆
祶	1	禘	1	禘
祷	1	禱	1	禱
祸	1	禍	1	禍
祹	0	祹	0	祹
祺	0	祺	0	祺
祻	0	祻	0	祻
祼	0	祼	0	祼
祽	0	祽	0	祽
祾	0	祾	0	祾
祿	1	禄	1	禄
禀	1	稟	1	稟
禁	0	禁	0	禁
禂	2	稠&禂	0	禂
禃	0	禃	0	禃
禄	0	禄	0	禄
禅	1	禪	1	禪
禆	1	裨	3	
禇	1	褚	1	褚
禈	0	禈	0	禈
禉	3	𥙫&槱	1	槱
禊	0	禊	0	禊
禋	0	禋	0	禋
禌	0	禌	0	禌
禍	0	禍	0	禍
禎	0	禎	0	禎
福	0	福	0	福
禐	0	禐	0	禐
禑	2	祦&禑	0	禑
禒	0	禒	0	禒
禓	0	禓	0	禓
禔	0	禔	0	禔
禕	0	禕	0	禕
禖	0	禖	0	禖
禗	0	禗	0	禗
禘	0	禘	0	禘
禙	1	背	3	
禚	0	禚	0	禚
禛	0	禛	0	禛
禜	2	榮&禜	0	禜
禝	2	稷&禝	1	稷
禞	1	祰	1	祰
禟	0	禟	0	禟
禠	0	禠	0	禠
禡	0	禡	0	禡
禢	0	禢	0	禢
禤	0	禤	0	禤
禥	1	祺	1	祺
禦	0	禦	0	禦
禧	0	禧	0	禧
禨	0	禨	0	禨
禩	2	禩&祀	1	祀
禪	0	禪	0	禪
禫	0	禫	0	禫
禬	0	禬	0	禬
禭	0	禭	0	禭
禮	0	禮	0	禮
禯	0	禯	0	禯
禰	0	禰	0	禰
禱	0	禱	0	禱
禲	0	禲	0	禲
禳	0	禳	0	禳
禴	2	礿&禴	0	禴
禵	2	禔&禵	1	禔
禶	0	禶	0	禶
禷	0	禷	0	禷
禸	2	厹&禸	0	禸
禹	0	禹	0	禹
禺	0	禺	0	禺
离	2	離&离	1	離
禼	0	禼	3	
禽	0	禽	0	禽
禾	0	禾	0	禾
禿	0	禿	0	禿
秀	0	秀	0	秀
私	0	私	0	私
秂	2	禿&秂	2	禿&秂
秃	1	禿	1	禿
秄	2	耔&秄	2	耔&秄
秅	0	秅	0	秅
秆	1	稈	1	稈
秇	3	執&藝	3	執&藝
秈	0	秈	0	秈
秉	0	秉	0	秉
秊	1	年	1	年
秋	2	秋&鞦	2	秋&鞦
秌	1	秋	1	秋
种	2	種&种	2	種&种
秎	0	秎	0	秎
秏	0	秏	0	秏
秐	1	耘	1	耘
科	0	科	0	科
秒	0	秒	0	秒
秓	0	秓	0	秓
秔	1	粳	1	粳
秕	0	秕	0	秕
秖	0	秖	0	秖
秗	1	飫	1	飫
秘	2	祕&秘	2	祕&秘
秙	0	秙	0	秙
秚	0	秚	0	秚
秛	0	秛	0	秛
秜	0	秜	0	秜
秝	0	秝	0	秝
秞	0	秞	0	秞
租	0	租	0	租
秠	0	秠	0	秠
秡	0	秡	0	秡
秢	2	齡&秢	2	齡&秢
秣	0	秣	0	秣
秤	2	秤&稱	2	秤&稱
秥	0	秥	0	秥
秦	0	秦	0	秦
秧	0	秧	0	秧
秨	2	祚&秨	2	祚&秨
秩	0	秩	0	秩
秪	0	秪	0	秪
秫	0	秫	0	秫
秬	0	秬	0	秬
秭	0	秭	0	秭
秮	2	秮&秳	0	秮
积	1	積	1	積
称	1	稱	1	稱
秱	0	秱	0	秱
秲	2	蒔&秲	2	蒔&秲
秳	0	秳	0	秳
秵	0	秵	0	秵
秶	2	秶&粢	1	粢
秷	0	秷	0	秷
秸	0	秸	0	秸
秹	0	秹	0	秹
秺	2	秅&秺	2	秅&秺
移	0	移	0	移
秼	1	秣	3	
秽	1	穢	1	穢
秾	1	穠	3	
秿	0	秿	0	秿
稀	0	稀	0	稀
稁	3	稾&稿	1	稿
稂	0	稂	0	稂
稃	0	稃	0	稃
稄	0	稄	0	稄
稅	0	稅	0	稅
稆	1	穭	1	穭
稇	2	稇&稛	0	稇
稈	0	稈	0	稈
稉	1	粳	1	粳
稊	0	稊	0	稊
程	0	程	0	程
稌	0	稌	0	稌
稍	0	稍	0	稍
税	1	稅	1	稅
稏	0	稏	0	稏
稐	0	稐	0	稐
稑	2	稑&穋	2	稑&穋
稒	0	稒	0	稒
稓	0	稓	0	稓
稔	0	稔	0	稔
稕	0	稕	0	稕
稖	1	䎧	1	䎧
稗	0	稗	0	稗
稘	2	期&稘&萁	0	稘
稙	0	稙	0	稙
稚	0	稚	0	稚
稛	0	稛	0	稛
稜	0	稜	0	稜
稝	0	稝	0	稝
稞	0	稞	0	稞
稟	0	稟	0	稟
稠	0	稠	0	稠
稡	0	稡	0	稡
稢	0	稢	0	稢
稣	1	穌	1	穌
稤	1	掠	3	
稦	0	稦	0	稦
稧	0	稧	0	稧
稨	0	稨	0	稨
稩	0	稩	0	稩
稪	0	稪	0	稪
稫	2	福&稫	2	福&稫
稬	2	稬&糯	1	糯
稭	2	稭&秸&䕸	3	秸&䕸
種	0	種	0	種
稯	0	稯	0	稯
稰	0	稰	0	稰
稱	0	稱	0	稱
稲	1	稻	1	稻
稳	1	穩	3	
稴	0	稴	0	稴
稵	0	稵	0	稵
稶	1	稢	1	稢
稷	0	稷	0	稷
稸	1	蓄	1	蓄
稹	0	稹	0	稹
稺	2	稺&稚	1	稚
稻	0	稻	0	稻
稼	0	稼	0	稼
稽	0	稽	0	稽
稾	2	稾&稿	1	稿
稿	0	稿	0	稿
穀	0	穀	0	穀
穁	0	穁	0	穁
穂	1	穗	1	穗
穄	0	穄	0	穄
穅	1	糠	1	糠
穆	0	穆	0	穆
穇	0	穇	0	穇
穈	2	穈&虋	0	穈
穉	1	稚	1	稚
穊	0	穊	0	穊
穋	2	稑&穋&𦫶	0	穋
穌	0	穌	0	穌
積	0	積	0	積
穎	0	穎	0	穎
穏	1	穩	1	穩
穐	1	龝	3	
穑	1	穡	1	穡
穓	0	穓	0	穓
穔	2	穬&穔	2	穬&穔
穕	0	穕	0	穕
穖	0	穖	0	穖
穗	0	穗	0	穗
穘	2	藃&穘	2	藃&穘
穙	0	穙	0	穙
穚	0	穚	0	穚
穛	0	穛	0	穛
穜	0	穜	0	穜
穞	1	穭	3	
穟	0	穟	0	穟
穠	0	穠	0	穠
穡	0	穡	0	穡
穢	0	穢	0	穢
穣	1	穰	1	穰
穤	3	稬&糯	1	糯
穥	0	穥	0	穥
穦	0	穦	0	穦
穧	0	穧	0	穧
穨	0	穨	0	穨
穩	0	穩	0	穩
穪	1	稱	1	稱
穫	0	穫	0	穫
穬	0	穬	0	穬
穭	0	穭	0	穭
穮	0	穮	0	穮
穯	1	穡	1	穡
穰	0	穰	0	穰
穱	0	穱	0	穱
穲	0	穲	0	穲
穳	0	穳	0	穳
穴	0	穴	0	穴
穵	0	穵	0	穵
究	2	究&宄	0	究
穷	1	窮	1	窮
穸	0	穸	0	穸
穹	0	穹	0	穹
空	0	空	0	空
穻	2	宇&穻	2	宇&穻
穼	2	穼&𥥿	2	穼&𥥿
穽	2	穽&阱	1	阱
穾	2	突&穾&窔	2	突&穾&窔
穿	0	穿	0	穿
窀	0	窀	0	窀
突	0	突	0	突
窂	2	窂&牢	1	牢
窃	1	竊	1	竊
窄	0	窄	0	窄
窅	2	冥&窅	2	冥&窅
窆	0	窆	0	窆
窇	0	窇	0	窇
窈	0	窈	0	窈
窉	0	窉	0	窉
窊	2	窪&漥&窊	0	窊
窋	2	窟&窋	0	窋
窌	0	窌	0	窌
窍	1	竅	1	竅
窎	1	窵	3	
窏	0	窏	0	窏
窐	2	漥&窐	0	窐
窑	1	窯	1	窯
窒	0	窒	0	窒
窓	2	窓&窗	1	窗
窔	0	窔	0	窔
窕	0	窕	0	窕
窖	0	窖	0	窖
窗	0	窗	0	窗
窘	0	窘	0	窘
窙	2	窙&宯	2	窙&宯
窚	2	宬&窚	1	宬
窛	2	寇&窛	1	寇
窜	1	竄	1	竄
窝	1	窩	1	窩
窞	0	窞	0	窞
窟	2	窟&堀	0	窟
窠	0	窠	0	窠
窡	0	窡	0	窡
窢	0	窢	0	窢
窣	0	窣	0	窣
窤	0	窤	0	窤
窥	1	窺	1	窺
窦	1	竇	1	竇
窧	1	罩	3	
窨	2	響&窨	2	響&窨
窩	0	窩	0	窩
窪	0	窪	0	窪
窫	2	窫&㝣&穵	2	窫&㝣&穵
窬	0	窬	0	窬
窭	1	窶	3	
窮	0	窮	0	窮
窯	0	窯	0	窯
窰	2	窰&窯	1	窯
窱	0	窱	0	窱
窲	0	窲	0	窲
窳	2	窊&窳	0	窳
窴	2	冥&窴	0	窴
窵	0	窵	0	窵
窶	0	窶	0	窶
窷	0	窷	0	窷
窸	0	窸	0	窸
窹	2	寤&窹	2	寤&窹
窺	0	窺	0	窺
窻	2	窻&窗	1	窗
窼	2	窠&窼	2	窠&窼
窽	1	窾	1	窾
窾	0	窾	0	窾
窿	0	窿	0	窿
竀	0	竀	0	竀
竁	0	竁	0	竁
竂	2	竂&寮	1	寮
竃	1	竈	3	
竄	0	竄	0	竄
竅	0	竅	0	竅
竆	1	窮	1	窮
竇	0	竇	0	竇
竈	2	竈&灶	1	灶
竉	0	竉	0	竉
竊	0	竊	0	竊
立	0	立	0	立
竌	0	竌	0	竌
竎	0	竎	0	竎
竐	1	䇍	1	䇍
竑	0	竑	0	竑
竒	1	奇	1	奇
竖	1	豎	3	
竗	1	妙	1	妙
竘	0	竘	0	竘
站	0	站	0	站
竚	2	竚&佇	1	佇
竛	0	竛	0	竛
竜	2	竜&龍	1	龍
竝	1	並	1	並
竞	3	競&竟	1	競
竟	0	竟	0	竟
章	0	章	0	章
竢	1	俟	1	俟
竣	0	竣	0	竣
竤	2	竑&竤	1	竑
童	0	童	0	童
竦	0	竦	0	竦
竧	0	竧	0	竧
竨	0	竨	0	竨
竩	1	誼	1	誼
竪	2	竪&豎	1	豎
竫	0	竫	0	竫
竬	0	竬	0	竬
竭	0	竭	0	竭
竮	0	竮	0	竮
端	0	端	0	端
竱	0	竱	0	竱
竲	0	竲	0	竲
竳	0	竳	0	竳
竴	0	竴	0	竴
竵	0	竵	0	竵
競	0	競	0	競
竷	0	竷	0	竷
竸	1	競	1	競
竹	0	竹	0	竹
竺	2	竺&篤	0	竺
竻	2	筋&竻	2	筋&竻
竼	3	篷&𦪪	3	篷&𦪪
竽	0	竽	0	竽
竾	2	竾&篪	1	篪
竿	0	竿	0	竿
笀	2	芒&笀	2	芒&笀
笁	2	竺&篤&笁	1	竺
笂	1	芄	3	
笃	1	篤	1	篤
笄	0	笄	0	笄
笅	2	笅&筊	1	筊
笆	0	笆	0	笆
笇	2	笇&算	0	笇
笈	0	笈	0	笈
笉	0	笉	0	笉
笊	0	笊	0	笊
笋	1	筍	1	筍
笌	0	笌	0	笌
笍	0	笍	0	笍
笎	0	笎	0	笎
笏	0	笏	0	笏
笐	2	笐&𥮕	0	笐
笑	0	笑	0	笑
笒	2	笒&筨	2	笒&筨
笓	2	笓&篦	0	笓
笔	1	筆	1	筆
笕	1	筧	1	筧
笖	0	笖	0	笖
笗	0	笗	0	笗
笘	0	笘	0	笘
笙	0	笙	0	笙
笚	2	笝&笚&筪	2	笝&笚&筪
笛	0	笛	0	笛
笜	0	笜	0	笜
笝	0	笝	0	笝
笞	0	笞	0	笞
笟	3	笊&箍	1	箍
笠	0	笠	0	笠
笡	0	笡	0	笡
笢	0	笢	0	笢
笣	0	笣	0	笣
笤	0	笤	0	笤
笥	0	笥	0	笥
符	0	符	0	符
笧	3	𥬰&冊	1	冊
笨	0	笨	0	笨
笩	2	茷&笩	2	茷&笩
笪	0	笪	0	笪
笫	0	笫	0	笫
第	0	第	0	第
笭	0	笭	0	笭
笮	0	笮	0	笮
笯	0	笯	0	笯
笰	0	笰	0	笰
笱	0	笱	0	笱
笲	0	笲	0	笲
笳	0	笳	0	笳
笴	0	笴	0	笴
笵	0	笵	0	笵
笶	2	笶&矢	1	矢
笸	0	笸	0	笸
笺	1	箋	1	箋
笻	1	筇	3	
笼	1	籠	1	籠
笾	1	籩	3	
笿	0	笿	0	笿
筀	0	筀	0	筀
筁	1	䒼	1	䒼
筂	1	篪	1	篪
筃	2	茵&筃	2	茵&筃
筄	0	筄	0	筄
筅	0	筅	0	筅
筆	0	筆	0	筆
筇	0	筇	3	
筈	2	栝&筈	0	筈
等	0	等	0	等
筊	2	珓&筊	0	筊
筋	0	筋	0	筋
筌	0	筌	0	筌
筍	0	筍	0	筍
筎	0	筎	0	筎
筏	0	筏	0	筏
筐	0	筐	0	筐
筑	2	築&筑	0	筑
筒	0	筒	0	筒
筓	1	笄	1	笄
答	0	答	0	答
筕	0	筕	0	筕
策	0	策	0	策
筗	0	筗	0	筗
筘	0	筘	0	筘
筙	1	箂	3	
筚	1	篳	3	
筛	1	篩	1	篩
筜	1	簹	3	
筝	1	箏	1	箏
筞	1	策	1	策
筟	0	筟	0	筟
筠	0	筠	0	筠
筡	0	筡	0	筡
筢	0	筢	0	筢
筣	2	籬&筣	2	籬&筣
筤	0	筤	0	筤
筥	0	筥	0	筥
筦	2	管&筦	0	筦
筧	0	筧	0	筧
筨	0	筨	0	筨
筩	0	筩	0	筩
筪	2	匣&筪	2	匣&筪
筫	2	質&筫	1	質
筬	0	筬	0	筬
筭	2	算&筭	0	筭
筮	0	筮	0	筮
筯	1	箸	1	箸
筰	0	筰	0	筰
筱	0	筱	0	筱
筲	0	筲	0	筲
筳	0	筳	0	筳
筴	2	策&筴	0	筴
筵	0	筵	0	筵
筶	0	筶	0	筶
筷	0	筷	0	筷
筸	2	簳&筸	2	簳&筸
筹	1	籌	1	籌
筺	1	筐	3	
筼	1	篔	3	
签	3	簽&籤	3	簽&籤
筿	1	篠	3	
简	1	簡	1	簡
箁	2	箁&䈬	0	箁
箂	0	箂	0	箂
箃	0	箃	0	箃
箄	2	箄&𣝁	0	箄
箅	0	箅	0	箅
箆	1	篦	1	篦
箇	2	個&箇	2	個&箇
箈	0	箈	0	箈
箉	0	箉	0	箉
箊	0	箊	0	箊
箋	0	箋	0	箋
箌	2	罩&箌&𠟅	2	罩&箌&𠟅
箍	0	箍	0	箍
箎	2	箎&篪	2	箎&篪
箏	0	箏	0	箏
箐	0	箐	0	箐
箑	0	箑	0	箑
箒	1	帚	1	帚
箓	3	簏&籙	1	簏
箔	0	箔	0	箔
箕	0	箕	0	箕
箖	0	箖	0	箖
算	0	算	0	算
箘	2	菌&箘	0	箘
箙	0	箙	0	箙
箚	1	劄	3	
箛	0	箛	0	箛
箜	0	箜	0	箜
箝	0	箝	0	箝
箞	0	箞	0	箞
箟	1	箘	1	箘
箠	0	箠	0	箠
管	0	管	0	管
箢	0	箢	0	箢
箣	2	箣&策	1	策
箤	0	箤	0	箤
箥	1	笸	1	笸
箦	1	簀	3	
箧	1	篋	1	篋
箨	1	籜	3	
箩	1	籮	1	籮
箪	1	簞	1	簞
箫	1	簫	1	簫
箬	0	箬	0	箬
箭	0	箭	0	箭
箮	0	箮	0	箮
箯	0	箯	0	箯
箰	2	筍&箰	1	筍
箱	0	箱	0	箱
箲	1	筅	1	筅
箳	0	箳	0	箳
箴	0	箴	0	箴
箵	0	箵	0	箵
箶	0	箶	0	箶
箷	2	椸&箷	2	椸&箷
箸	0	箸	0	箸
箹	0	箹	0	箹
箺	0	箺	0	箺
箻	1	𥭐	1	𥭐
箼	0	箼	0	箼
箽	2	箽&𥳘	2	箽&𥳘
箾	0	箾	0	箾
箿	0	箿	0	箿
節	0	節	0	節
篁	0	篁	0	篁
篂	0	篂	0	篂
篃	0	篃	0	篃
範	0	範	0	範
篅	0	篅	0	篅
篆	0	篆	0	篆
篇	0	篇	0	篇
篈	0	篈	0	篈
築	0	築	0	築
篊	0	篊	0	篊
篋	0	篋	0	篋
篌	0	篌	0	篌
篍	0	篍	0	篍
篎	0	篎	0	篎
篏	1	嵌	3	
篐	1	箍	3	
篑	1	簣	1	簣
篒	1	饐	3	
篓	1	簍	1	簍
篔	0	篔	0	篔
篕	0	篕	0	篕
篖	0	篖	0	篖
篗	2	籆&籰&篗	1	籆
篘	0	篘	0	篘
篙	0	篙	0	篙
篚	2	匪&篚	2	匪&篚
篛	2	篛&箬	2	篛&箬
篜	0	篜	0	篜
篝	0	篝	0	篝
篞	0	篞	0	篞
篟	0	篟	0	篟
篠	2	筱&篠	0	篠
篡	0	篡	0	篡
篢	0	篢	0	篢
篣	0	篣	0	篣
篤	0	篤	0	篤
篥	0	篥	0	篥
篦	0	篦	0	篦
篧	0	篧	0	篧
篨	0	篨	0	篨
篩	0	篩	0	篩
篪	0	篪	0	篪
篫	0	篫	0	篫
篬	0	篬	0	篬
篭	1	籠	1	籠
篮	1	籃	1	籃
篯	1	籛	3	
篰	0	篰	0	篰
篱	2	籬&篱	1	籬
篲	2	彗&篲	2	彗&篲
篳	0	篳	0	篳
篴	2	笛&篴	0	篴
篵	0	篵	0	篵
篶	0	篶	0	篶
篷	0	篷	0	篷
篸	0	篸	0	篸
篹	0	篹	0	篹
篺	0	篺	0	篺
篻	0	篻	0	篻
篼	0	篼	0	篼
篽	0	篽	0	篽
篾	0	篾	0	篾
篿	0	篿	0	篿
簀	0	簀	0	簀
簁	0	簁	0	簁
簂	2	幗&簂	0	簂
簃	0	簃	0	簃
簄	0	簄	0	簄
簅	0	簅	0	簅
簆	0	簆	0	簆
簇	0	簇	0	簇
簈	1	箳	1	箳
簉	0	簉	0	簉
簊	0	簊	0	簊
簋	0	簋	0	簋
簌	0	簌	0	簌
簍	0	簍	0	簍
簎	0	簎	0	簎
簏	0	簏	0	簏
簐	0	簐	0	簐
簑	2	簑&蓑	1	蓑
簒	1	篡	1	篡
簔	1	蓑	3	
簕	0	簕	0	簕
簖	1	籪	1	籪
簗	1	築	3	
簘	1	簫	1	簫
簙	0	簙	0	簙
簚	3	幦&幭	1	幭
簛	1	簁	1	簁
簜	2	蕩&簜	2	蕩&簜
簝	0	簝	0	簝
簞	0	簞	0	簞
簟	0	簟	0	簟
簠	0	簠	0	簠
簡	0	簡	0	簡
簢	0	簢	0	簢
簣	0	簣	0	簣
簤	1	䈆	1	䈆
簥	0	簥	0	簥
簦	0	簦	0	簦
簧	0	簧	0	簧
簨	0	簨	0	簨
簩	0	簩	0	簩
簪	0	簪	0	簪
簫	0	簫	0	簫
簬	0	簬	0	簬
簭	2	筮&簭	0	簭
簮	1	簪	1	簪
簰	0	簰	0	簰
簳	2	笴&簳	0	簳
簴	1	虡	1	虡
簵	1	簬	1	簬
簶	0	簶	0	簶
簷	2	簷&檐	0	簷
簸	0	簸	0	簸
簹	0	簹	0	簹
簺	0	簺	0	簺
簻	0	簻	0	簻
簼	2	篝&簼	1	篝
簽	2	簽&籤	0	簽
簾	0	簾	0	簾
簿	0	簿	0	簿
籀	0	籀	0	籀
籁	1	籟	1	籟
籃	0	籃	0	籃
籄	1	簣	1	簣
籅	0	籅	0	籅
籆	0	籆	0	籆
籇	2	篙&籇	1	篙
籈	0	籈	0	籈
籉	0	籉	0	籉
籊	0	籊	0	籊
籋	2	籋&䉲	0	籋
籌	0	籌	0	籌
籍	0	籍	0	籍
籐	0	籐	0	籐
籑	2	籑&撰&饌	3	撰&饌
籒	1	籀	1	籀
籓	0	籓	0	籓
籔	0	籔	0	籔
籕	3	抽&籀	1	抽
籖	1	籤	1	籤
籗	2	籱&篧&籗	2	篧&籗
籘	1	籐	1	籐
籙	0	籙	0	籙
籚	2	櫨&籚	2	櫨&籚
籛	0	籛	0	籛
籜	0	籜	0	籜
籝	1	籯	1	籯
籞	2	篽&籞	0	籞
籟	0	籟	0	籟
籠	0	籠	0	籠
籢	2	籢&奩	0	籢
籣	0	籣	0	籣
籤	0	籤	0	籤
籥	0	籥	0	籥
籦	0	籦	0	籦
籧	0	籧	0	籧
籨	1	籢	3	
籩	0	籩	0	籩
籪	0	籪	0	籪
籫	0	籫	0	籫
籬	0	籬	0	籬
籭	2	籭&簁	1	簁
籮	0	籮	0	籮
籯	0	籯	0	籯
籰	2	籆&籰	2	籆&籰
籱	2	籱&罩&篧	3	罩&篧
籲	0	籲	0	籲
米	0	米	0	米
籴	1	糴	1	糴
籵	1	蹯	3	
籶	1	籸	1	籸
籷	2	籷&䊞	2	籷&䊞
籸	0	籸	0	籸
籹	2	妝&籹	0	籹
籺	2	籺&麧	2	籺&麧
类	1	類	1	類
籼	1	秈	1	秈
籽	0	籽	0	籽
籿	0	籿	0	籿
粀	0	粀	0	粀
粁	0	粁	0	粁
粂	1	齋	3	
粃	3	紕&秕	3	紕&秕
粄	2	飯&粄	0	粄
粅	0	粅	0	粅
粆	0	粆	0	粆
粇	1	糠	1	糠
粈	2	糅&粈	2	糅&粈
粉	0	粉	0	粉
粊	0	粊	0	粊
粋	1	粹	1	粹
粌	0	粌	0	粌
粍	0	粍	0	粍
粑	0	粑	0	粑
粒	0	粒	0	粒
粓	1	泔	1	泔
粔	0	粔	0	粔
粕	0	粕	0	粕
粖	0	粖	0	粖
粗	0	粗	0	粗
粘	2	黏&粘	2	黏&粘
粙	1	䅢	1	䅢
粚	2	粚&黐	1	黐
粛	1	肅	1	肅
粜	1	糶	1	糶
粝	1	糲	1	糲
粞	0	粞	0	粞
粟	0	粟	0	粟
粠	1	䉺	1	䉺
粡	0	粡	0	粡
粢	2	粢&餈	0	粢
粣	0	粣	0	粣
粤	0	粤	0	粤
粥	2	粥&鬻	0	粥
粦	1	燐	1	燐
粧	1	妝	1	妝
粨	0	粨	0	粨
粪	1	糞	3	
粫	1	糯	3	
粬	1	麯	3	
粮	1	糧	1	糧
粯	0	粯	0	粯
粰	2	稃&粰	0	粰
粱	0	粱	0	粱
粲	0	粲	0	粲
粳	0	粳	0	粳
粴	0	粴	0	粴
粵	1	粤	1	粤
粶	0	粶	0	粶
粷	0	粷	0	粷
粸	0	粸	0	粸
粹	0	粹	0	粹
粺	0	粺	0	粺
粻	0	粻	0	粻
粼	0	粼	0	粼
粽	0	粽	0	粽
精	0	精	0	精
粿	0	粿	0	粿
糁	1	糝	3	
糂	1	糝	1	糝
糃	2	餳&糃	2	餳&糃
糄	0	糄	0	糄
糅	0	糅	0	糅
糆	3	麵&𥻩	3	麵&𥻩
糇	1	餱	1	餱
糈	0	糈	0	糈
糉	1	粽	1	粽
糊	0	糊	0	糊
糋	0	糋	0	糋
糌	0	糌	0	糌
糍	2	糍&餈	1	餈
糏	0	糏	0	糏
糐	2	糐&𥼼	2	糐&𥼼
糑	0	糑	0	糑
糒	0	糒	0	糒
糓	2	糓&穀	1	穀
糔	0	糔	0	糔
糕	0	糕	0	糕
糖	0	糖	0	糖
糗	0	糗	0	糗
糙	0	糙	0	糙
糚	1	妝	1	妝
糛	1	糖	1	糖
糜	0	糜	0	糜
糝	0	糝	0	糝
糞	0	糞	0	糞
糟	0	糟	0	糟
糠	0	糠	0	糠
糡	1	糨	1	糨
糢	0	糢	0	糢
糣	2	糣&糝	1	糝
糤	1	饊	1	饊
糥	1	糯	1	糯
糦	1	饎	1	饎
糧	0	糧	0	糧
糨	0	糨	0	糨
糩	1	𥢶	1	𥢶
糪	0	糪	0	糪
糫	0	糫	0	糫
糬	0	糬	0	糬
糭	1	粽	3	
糮	0	糮	0	糮
糯	0	糯	0	糯
糰	0	糰	0	糰
糱	0	糱	0	糱
糲	0	糲	0	糲
糳	1	𥽿	1	𥽿
糴	0	糴	0	糴
糵	2	糵&糱	1	糱
糶	0	糶	0	糶
糷	0	糷	0	糷
糸	2	糸&絲	2	糸&絲
糹	0	糹	3	
糺	2	糺&糾	1	糾
系	2	係&系&繫	2	系&繫
糼	3	功&幼	1	功
糽	0	糽	0	糽
糾	0	糾	0	糾
糿	3	功&幼	1	幼
紀	0	紀	0	紀
紁	2	衩&紁	0	紁
紂	0	紂	0	紂
紃	0	紃	0	紃
約	0	約	0	約
紅	0	紅	0	紅
紆	0	紆	0	紆
紇	0	紇	0	紇
紈	0	紈	0	紈
紉	0	紉	0	紉
紊	0	紊	0	紊
紋	0	紋	0	紋
紌	0	紌	0	紌
納	0	納	0	納
紎	2	緇&紎	0	紎
紏	2	糾&黈&斢&紏	2	糾&黈&斢&紏
紐	0	紐	0	紐
紑	0	紑	0	紑
紒	2	結&紒	2	結&紒
紓	0	紓	0	紓
純	0	純	0	純
紕	0	紕	0	紕
紖	0	紖	0	紖
紗	0	紗	0	紗
紘	0	紘	0	紘
紙	0	紙	0	紙
級	0	級	0	級
紛	0	紛	0	紛
紜	0	紜	0	紜
紝	0	紝	0	紝
紞	0	紞	0	紞
紟	0	紟	0	紟
素	0	素	0	素
紡	0	紡	0	紡
索	0	索	0	索
紣	1	綷	3	
紤	0	紤	0	紤
紥	1	紮	1	紮
紦	1	紀	1	紀
紧	1	緊	1	緊
紨	0	紨	0	紨
紩	0	紩	0	紩
紪	1	緀	1	緀
紫	0	紫	0	紫
紬	2	紬&𦂈	0	紬
紭	1	紘	1	紘
紮	0	紮	0	紮
累	2	累&纍	2	累&纍
細	0	細	0	細
紱	0	紱	0	紱
紲	0	紲	0	紲
紳	0	紳	0	紳
紴	2	䋔&紴	2	䋔&紴
紵	0	紵	0	紵
紶	0	紶	0	紶
紷	0	紷	0	紷
紸	0	紸	0	紸
紹	0	紹	0	紹
紺	0	紺	0	紺
紻	0	紻	0	紻
紼	0	紼	0	紼
紽	0	紽	0	紽
紾	0	紾	0	紾
紿	0	紿	0	紿
絀	2	絀&黜	0	絀
絁	2	絕&絁	0	絁
終	0	終	0	終
絃	0	絃	0	絃
組	0	組	0	組
絅	0	絅	0	絅
絆	0	絆	0	絆
絇	0	絇	0	絇
絈	3	帞&帕	1	帕
絉	0	絉	0	絉
絊	0	絊	0	絊
絋	3	紘&纊	1	紘
経	1	經	1	經
絍	2	絍&紝	1	紝
絎	0	絎	0	絎
絏	0	絏	0	絏
結	0	結	0	結
絑	2	朱&絑	2	朱&絑
絒	0	絒	0	絒
絓	0	絓	0	絓
絔	2	帕&絔	2	帕&絔
絕	0	絕	0	絕
絖	2	絖&纊	0	絖
絗	0	絗	0	絗
絘	0	絘	0	絘
絙	2	緪&絙	0	絙
絚	3	緪&絙	1	緪
絛	0	絛	0	絛
絜	0	絜	0	絜
絝	2	絝&褲	1	褲
絞	0	絞	0	絞
絟	0	絟	0	絟
絠	0	絠	0	絠
絡	0	絡	0	絡
絢	0	絢	0	絢
絣	0	絣	0	絣
絤	1	線	1	線
絥	0	絥	0	絥
給	0	給	0	給
絧	0	絧	0	絧
絨	0	絨	0	絨
絩	0	絩	0	絩
絪	0	絪	0	絪
絫	2	累&縲&絫&纍	2	累&縲&絫&纍
絬	2	褻&絬	2	褻&絬
絭	0	絭	0	絭
絮	0	絮	0	絮
絯	0	絯	0	絯
絰	0	絰	0	絰
統	0	統	0	統
絲	0	絲	0	絲
絳	0	絳	0	絳
絴	0	絴	0	絴
絵	1	繪	1	繪
絶	1	絕	1	絕
絷	1	縶	1	縶
絸	2	絸&繭	1	繭
絹	0	絹	0	絹
絺	0	絺	0	絺
絻	2	冕&絻	0	絻
絼	2	紖&絼	1	紖
絽	0	絽	0	絽
絾	0	絾	0	絾
絿	0	絿	0	絿
綀	0	綀	0	綀
綁	0	綁	0	綁
綂	1	統	1	統
綃	0	綃	0	綃
綄	0	綄	0	綄
綅	0	綅	0	綅
綆	0	綆	0	綆
綇	2	綇&䋶	1	䋶
綈	0	綈	0	綈
綉	1	繡	1	繡
綊	0	綊	0	綊
綋	1	紘	1	紘
綌	0	綌	0	綌
綍	2	紼&綍	0	綍
綎	0	綎	0	綎
綏	0	綏	0	綏
綐	0	綐	0	綐
綑	0	綑	0	綑
綒	0	綒	0	綒
經	0	經	0	經
綔	0	綔	0	綔
綕	1	織	1	織
綖	0	綖	0	綖
綗	3	絅&𦀝	1	𦀝
綘	1	縫	1	縫
継	1	繼	1	繼
続	1	續	3	
綜	0	綜	0	綜
綝	0	綝	0	綝
綞	0	綞	0	綞
綟	0	綟	0	綟
綠	0	綠	0	綠
綡	0	綡	0	綡
綢	0	綢	0	綢
綣	0	綣	0	綣
綤	2	綤&紹	1	紹
綥	2	綦&綥	0	綥
綦	0	綦	0	綦
綧	0	綧	0	綧
綨	2	綨&綦	1	綦
綩	0	綩	0	綩
綪	0	綪	0	綪
綫	2	綫&線	1	線
綬	0	綬	0	綬
維	0	維	0	維
綮	0	綮	0	綮
綯	0	綯	0	綯
綰	0	綰	0	綰
綱	0	綱	0	綱
網	2	網&网	0	網
綳	1	繃	1	繃
綴	0	綴	0	綴
綵	0	綵	0	綵
綶	2	縲&裹&綶	2	裹&綶
綷	0	綷	0	綷
綸	0	綸	0	綸
綹	0	綹	0	綹
綺	0	綺	0	綺
綻	0	綻	0	綻
綼	0	綼	0	綼
綽	0	綽	0	綽
綾	0	綾	0	綾
綿	0	綿	0	綿
緀	0	緀	0	緀
緁	0	緁	0	緁
緂	2	緂&𦃖	2	緂&𦃖
緃	0	緃	0	緃
緄	0	緄	0	緄
緅	0	緅	0	緅
緆	0	緆	0	緆
緇	0	緇	0	緇
緈	0	緈	0	緈
緉	0	緉	0	緉
緊	0	緊	0	緊
緋	0	緋	0	緋
緌	0	緌	0	緌
緍	1	緡	1	緡
緎	0	緎	0	緎
総	2	總&総	2	總&総
緐	1	繁	3	
緑	1	綠	1	綠
緒	0	緒	0	緒
緓	0	緓	3	
緔	0	緔	3	
緖	1	緒	1	緒
緗	0	緗	0	緗
緘	0	緘	0	緘
緙	0	緙	0	緙
線	0	線	0	線
緛	0	緛	0	緛
緜	1	綿	1	綿
緝	0	緝	0	緝
緞	2	緞&𩏇	0	緞
緟	0	緟	0	緟
締	0	締	0	締
緡	0	緡	0	緡
緢	0	緢	0	緢
緣	0	緣	0	緣
緤	2	緤&紲	1	紲
緥	1	褓	1	褓
緦	0	緦	0	緦
緧	0	緧	0	緧
編	0	編	0	編
緩	0	緩	0	緩
緪	0	緪	0	緪
緫	3	總&𦇎	1	總
緬	0	緬	0	緬
緭	0	緭	0	緭
緮	2	𦂊&緮	0	緮
緯	0	緯	0	緯
緰	2	緰&繻	0	緰
緱	0	緱	0	緱
緲	0	緲	0	緲
緳	0	緳	0	緳
練	2	練&鍊	0	練
緵	0	緵	0	緵
緶	0	緶	0	緶
緷	0	緷	0	緷
緸	2	絪&緸	0	緸
緹	0	緹	0	緹
緺	0	緺	0	緺
緻	0	緻	0	緻
緼	1	縕	1	縕
緽	3	䞓&赬	1	赬
緾	1	纏	1	纏
緿	1	紿	1	紿
縀	3	緞&䪗&𩏇	3	緞&䪗&𩏇
縁	1	緣	1	緣
縂	1	總	1	總
縃	2	胥&縃	0	縃
縄	1	繩	1	繩
縆	1	緪	1	緪
縈	0	縈	0	縈
縉	0	縉	0	縉
縊	0	縊	0	縊
縋	0	縋	0	縋
縌	0	縌	0	縌
縍	2	幫&縍	0	縍
縎	0	縎	0	縎
縏	0	縏	0	縏
縐	0	縐	0	縐
縑	0	縑	0	縑
縒	0	縒	0	縒
縓	0	縓	0	縓
縔	0	縔	0	縔
縕	0	縕	0	縕
縖	0	縖	0	縖
縗	0	縗	0	縗
縘	1	繫	1	繫
縙	0	縙	0	縙
縚	2	絛&縚	0	縚
縛	0	縛	0	縛
縜	0	縜	0	縜
縝	0	縝	0	縝
縞	0	縞	0	縞
縟	0	縟	0	縟
縠	0	縠	0	縠
縡	2	縡&繒	0	縡
縢	0	縢	0	縢
縣	0	縣	0	縣
縤	0	縤	0	縤
縥	0	縥	0	縥
縦	1	縱	1	縱
縧	2	縧&絛	1	絛
縩	2	縩&䌨	0	縩
縪	0	縪	0	縪
縫	0	縫	0	縫
縬	2	戚&縬	0	縬
縭	0	縭	0	縭
縮	0	縮	0	縮
縯	0	縯	0	縯
縰	2	縰&纚	0	縰
縱	0	縱	0	縱
縲	0	縲	0	縲
縳	0	縳	0	縳
縴	0	縴	0	縴
縵	0	縵	0	縵
縶	0	縶	0	縶
縷	0	縷	0	縷
縸	0	縸	0	縸
縹	0	縹	0	縹
縺	0	縺	0	縺
縻	0	縻	0	縻
縼	0	縼	0	縼
總	0	總	0	總
績	0	績	0	績
縿	2	繅&縿	2	繅&縿
繀	0	繀	0	繀
繁	0	繁	0	繁
繂	0	繂	0	繂
繃	0	繃	0	繃
繄	0	繄	0	繄
繅	0	繅	0	繅
繆	0	繆	0	繆
繇	0	繇	0	繇
繈	0	繈	0	繈
繉	0	繉	0	繉
繊	1	纖	3	
繋	1	繫	3	
繌	1	緵	3	
繍	1	繡	1	繡
繎	0	繎	0	繎
繏	1	𦇗	1	𦇗
繐	0	繐	0	繐
繑	0	繑	0	繑
繒	0	繒	0	繒
繓	0	繓	0	繓
織	0	織	0	織
繕	0	繕	0	繕
繖	2	傘&繖	0	繖
繗	0	繗	0	繗
繘	0	繘	0	繘
繙	0	繙	0	繙
繚	0	繚	0	繚
繛	2	繛&綽	1	綽
繜	0	繜	0	繜
繝	0	繝	0	繝
繞	0	繞	0	繞
繟	0	繟	0	繟
繠	2	蕊&繠	2	蕊&繠
繡	0	繡	0	繡
繢	2	緇&繢	0	繢
繣	0	繣	0	繣
繤	1	纂	1	纂
繥	2	嬉&繥	0	繥
繦	1	繈	1	繈
繨	0	繨	0	繨
繩	0	繩	0	繩
繪	0	繪	0	繪
繫	0	繫	0	繫
繬	0	繬	0	繬
繭	0	繭	0	繭
繮	1	韁	1	韁
繯	0	繯	0	繯
繰	2	繅&繰	0	繰
繱	1	𦇎	1	𦇎
繲	0	繲	0	繲
繳	0	繳	0	繳
繴	0	繴	0	繴
繵	2	纏&繵	0	繵
繶	0	繶	0	繶
繷	0	繷	0	繷
繸	0	繸	0	繸
繹	0	繹	0	繹
繺	0	繺	0	繺
繻	0	繻	0	繻
繼	0	繼	0	繼
繽	0	繽	0	繽
繾	0	繾	0	繾
繿	1	襤	1	襤
纀	0	纀	0	纀
纁	0	纁	0	纁
纂	0	纂	0	纂
纃	0	纃	3	
纄	1	鑝	1	鑝
纅	0	纅	0	纅
纆	0	纆	0	纆
纇	0	纇	0	纇
纈	0	纈	0	纈
纉	1	纘	1	纘
纊	0	纊	0	纊
纋	0	纋	0	纋
續	0	續	0	續
纍	0	纍	0	纍
纎	1	纖	1	纖
纏	0	纏	0	纏
纐	1	絞	3	
纑	0	纑	0	纑
纒	1	纏	1	纏
纓	0	纓	0	纓
纔	0	纔	0	纔
纕	0	纕	0	纕
纖	0	纖	0	纖
纗	0	纗	0	纗
纘	0	纘	0	纘
纙	0	纙	0	纙
纚	0	纚	0	纚
纛	0	纛	0	纛
纜	0	纜	0	纜
纝	1	縲	1	縲
纞	0	纞	0	纞
纟	1	糹	3	
纠	1	糾	1	糾
纡	1	紆	3	
红	1	紅	1	紅
纣	1	紂	1	紂
纤	3	纖&縴	3	纖&縴
纥	1	紇	1	紇
约	1	約	1	約
级	1	級	1	級
纨	1	紈	1	紈
纩	1	纊	1	纊
纪	1	紀	1	紀
纫	1	紉	1	紉
纬	1	緯	1	緯
纭	1	紜	1	紜
纮	1	紘	3	
纯	1	純	1	純
纰	1	紕	3	
纱	1	紗	1	紗
纲	1	綱	1	綱
纳	1	納	1	納
纴	1	紝	1	紝
纵	1	縱	1	縱
纶	1	綸	1	綸
纷	1	紛	1	紛
纸	1	紙	1	紙
纹	1	紋	1	紋
纺	1	紡	1	紡
纻	1	紵	3	
纼	1	紖	1	紖
纽	1	紐	3	
纾	1	紓	1	紓
线	1	線	1	線
绀	1	紺	1	紺
绁	3	紲&絏	1	紲
绂	1	紱	1	紱
练	1	練	3	
组	1	組	1	組
绅	1	紳	1	紳
细	1	細	1	細
织	1	織	1	織
终	1	終	1	終
绉	1	縐	1	縐
绊	1	絆	1	絆
绋	1	紼	1	紼
绌	1	絀	1	絀
绍	1	紹	1	紹
绎	1	繹	1	繹
经	1	經	1	經
绐	1	紿	3	
绑	1	綁	3	
绒	1	絨	1	絨
结	1	結	1	結
绔	3	絝&褲	1	褲
绕	1	繞	1	繞
绖	1	絰	1	絰
绗	1	絎	1	絎
绘	1	繪	1	繪
给	1	給	1	給
绚	1	絢	1	絢
绛	1	絳	1	絳
络	1	絡	1	絡
绝	1	絕	1	絕
绞	1	絞	1	絞
统	1	統	1	統
绠	1	綆	1	綆
绡	1	綃	3	
绢	1	絹	1	絹
绣	1	繡	1	繡
绤	1	綌	3	
绥	1	綏	1	綏
绦	3	縧&絛	1	絛
继	1	繼	1	繼
绨	1	綈	1	綈
绩	1	績	1	績
绪	1	緒	1	緒
绫	1	綾	1	綾
绬	1	緓	3	
续	1	續	1	續
绮	1	綺	1	綺
绯	1	緋	1	緋
绰	1	綽	1	綽
绱	1	緔	3	
绲	1	緄	3	
绳	1	繩	1	繩
维	1	維	1	維
绵	1	綿	1	綿
绶	1	綬	1	綬
绷	1	繃	1	繃
绸	1	綢	1	綢
绹	1	綯	3	
绺	1	綹	1	綹
绻	1	綣	3	
综	1	綜	3	
绽	1	綻	1	綻
绾	1	綰	1	綰
绿	1	綠	1	綠
缀	1	綴	1	綴
缁	1	緇	1	緇
缂	1	緙	1	緙
缃	1	緗	1	緗
缄	1	緘	1	緘
缅	1	緬	1	緬
缆	1	纜	1	纜
缇	1	緹	1	緹
缈	1	緲	1	緲
缉	1	緝	1	緝
缊	1	縕	1	縕
缋	1	繢	3	
缌	1	緦	1	緦
缍	1	綞	3	
缎	1	緞	1	緞
缏	1	緶	3	
缐	1	線	3	
缑	1	緱	1	緱
缒	1	縋	1	縋
缓	1	緩	1	緩
缔	1	締	1	締
缕	1	縷	1	縷
编	1	編	1	編
缗	1	緡	1	緡
缘	1	緣	1	緣
缙	1	縉	1	縉
缚	1	縛	3	
缛	1	縟	1	縟
缜	1	縝	1	縝
缝	1	縫	1	縫
缞	1	縗	1	縗
缟	1	縞	1	縞
缠	1	纏	1	纏
缡	1	縭	1	縭
缢	1	縊	1	縊
缣	1	縑	3	
缤	1	繽	1	繽
缥	1	縹	3	
缦	1	縵	1	縵
缧	1	縲	1	縲
缨	1	纓	1	纓
缩	1	縮	1	縮
缪	1	繆	1	繆
缫	1	繅	1	繅
缬	1	纈	1	纈
缭	1	繚	1	繚
缮	1	繕	1	繕
缯	1	繒	1	繒
缰	1	韁	1	韁
缱	1	繾	1	繾
缲	1	繰	3	
缳	1	繯	1	繯
缴	1	繳	1	繳
缵	1	纘	1	纘
缶	2	缶&罐	0	缶
缷	1	卸	1	卸
缸	0	缸	0	缸
缹	2	炮&缹	0	缹
缺	0	缺	0	缺
缻	2	缻&缶	1	缶
缼	1	欠	3	
缽	0	缽	0	缽
缾	0	缾	0	缾
缿	0	缿	0	缿
罁	1	缸	1	缸
罂	1	罌	1	罌
罃	2	罃&罌	0	罃
罄	0	罄	0	罄
罅	0	罅	0	罅
罆	2	罐&罆	1	罐
罇	2	罇&樽	1	樽
罈	0	罈	0	罈
罊	0	罊	0	罊
罋	2	甕&瓮&罋	1	甕
罌	0	罌	0	罌
罍	0	罍	0	罍
罎	1	罈	1	罈
罏	0	罏	0	罏
罐	0	罐	0	罐
网	2	網&网	1	網
罓	1	岡	3	
罔	2	網&罔&网	0	罔
罕	0	罕	0	罕
罗	1	羅	1	羅
罘	2	罘&罦	2	罘&罦
罙	3	冞&𥥍	1	冞
罚	1	罰	1	罰
罛	0	罛	0	罛
罜	0	罜	0	罜
罝	0	罝	0	罝
罞	0	罞	0	罞
罟	0	罟	0	罟
罠	2	緡&罠	0	罠
罡	2	岡&罡	0	罡
罢	1	罷	1	罷
罣	0	罣	0	罣
罤	2	晜&罤	2	晜&罤
罥	0	罥	0	罥
罦	0	罦	0	罦
罧	0	罧	0	罧
罨	0	罨	0	罨
罩	0	罩	0	罩
罪	0	罪	0	罪
罫	0	罫	0	罫
罬	0	罬	0	罬
罭	0	罭	0	罭
置	0	置	0	置
罯	0	罯	0	罯
罰	0	罰	0	罰
罱	0	罱	0	罱
署	0	署	0	署
罳	0	罳	0	罳
罴	1	羆	1	羆
罵	0	罵	0	罵
罶	0	罶	0	罶
罷	0	罷	0	罷
罸	1	罰	1	罰
罹	0	罹	0	罹
罺	0	罺	0	罺
罻	0	罻	0	罻
罼	0	罼	0	罼
罽	0	罽	0	罽
罾	0	罾	0	罾
罿	0	罿	0	罿
羀	1	罶	1	罶
羁	1	羈	1	羈
羂	2	羂&罥	1	罥
羃	2	冪&羃	2	冪&羃
羄	1	䍜	1	䍜
羅	0	羅	0	羅
羆	0	羆	0	羆
羇	2	羈&羇	1	羈
羈	0	羈	0	羈
羉	0	羉	0	羉
羊	0	羊	0	羊
羋	0	羋	0	羋
羌	0	羌	0	羌
羍	2	幸&羍	0	羍
美	0	美	0	美
羏	2	祥&羏	2	祥&羏
羐	1	羑	1	羑
羑	0	羑	0	羑
羒	0	羒	0	羒
羓	0	羓	0	羓
羔	0	羔	0	羔
羕	0	羕	0	羕
羖	0	羖	0	羖
羗	3	羌&羑	3	羌&羑
羘	0	羘	0	羘
羙	3	美&羔	3	美&羔
羚	0	羚	0	羚
羛	2	義&羛	2	義&羛
羜	0	羜	0	羜
羝	0	羝	0	羝
羞	0	羞	0	羞
羟	1	羥	1	羥
羠	0	羠	0	羠
羡	2	羨&羡	1	羨
羢	0	羢	0	羢
羣	1	群	1	群
群	0	群	0	群
羥	0	羥	0	羥
羦	2	羦&萈	0	羦
羧	0	羧	0	羧
羨	0	羨	0	羨
義	0	義	0	義
羪	1	養	3	
羫	2	腔&羫	2	腔&羫
羬	0	羬	0	羬
羭	0	羭	0	羭
羮	1	羹	1	羹
羯	0	羯	0	羯
羰	0	羰	0	羰
羱	0	羱	0	羱
羲	0	羲	0	羲
羳	0	羳	0	羳
羴	2	羴&羶	1	羶
羵	0	羵	0	羵
羶	0	羶	0	羶
羷	0	羷	0	羷
羸	0	羸	0	羸
羹	0	羹	0	羹
羺	0	羺	0	羺
羻	0	羻	0	羻
羼	0	羼	0	羼
羽	0	羽	0	羽
羾	0	羾	0	羾
羿	0	羿	0	羿
翀	0	翀	0	翀
翁	2	翁&𩔚	0	翁
翂	0	翂	0	翂
翃	0	翃	0	翃
翄	1	翅	1	翅
翅	0	翅	0	翅
翆	1	翠	1	翠
翇	0	翇	0	翇
翈	0	翈	0	翈
翉	0	翉	0	翉
翊	0	翊	0	翊
翋	2	翌&翋	2	翌&翋
翌	0	翌	0	翌
翍	2	披&翍	0	翍
翎	0	翎	0	翎
翏	0	翏	0	翏
翐	0	翐	0	翐
翑	2	翑&翵	0	翑
習	0	習	0	習
翓	0	翓	0	翓
翔	0	翔	0	翔
翕	0	翕	0	翕
翖	1	翕	1	翕
翗	0	翗	0	翗
翘	1	翹	1	翹
翙	1	翽	3	
翚	1	翬	1	翬
翛	2	倏&翛	0	翛
翜	0	翜	0	翜
翝	1	翃	1	翃
翞	0	翞	0	翞
翟	0	翟	0	翟
翠	0	翠	0	翠
翡	0	翡	0	翡
翢	2	纛&翢	2	纛&翢
翣	0	翣	0	翣
翤	1	翅	1	翅
翥	0	翥	0	翥
翦	2	剪&箭&翦	0	翦
翧	0	翧	0	翧
翨	2	翅&翨	0	翨
翩	0	翩	0	翩
翪	0	翪	0	翪
翫	0	翫	0	翫
翬	0	翬	0	翬
翭	0	翭	0	翭
翮	0	翮	0	翮
翯	0	翯	0	翯
翰	0	翰	0	翰
翱	0	翱	0	翱
翲	0	翲	0	翲
翳	0	翳	0	翳
翴	0	翴	0	翴
翵	2	翭&翵	0	翵
翶	1	翱	1	翱
翷	0	翷	0	翷
翸	0	翸	0	翸
翹	0	翹	0	翹
翺	1	翱	1	翱
翻	0	翻	0	翻
翼	0	翼	0	翼
翽	0	翽	0	翽
翾	0	翾	0	翾
翿	0	翿	0	翿
耀	0	耀	0	耀
老	0	老	0	老
考	0	考	0	考
耄	0	耄	0	耄
者	0	者	0	者
耆	0	耆	0	耆
耇	0	耇	0	耇
耈	1	耇	1	耇
耉	1	耇	1	耇
耊	1	耋	1	耋
耋	0	耋	0	耋
而	0	而	0	而
耍	0	耍	0	耍
耎	2	需&耎	2	需&耎
耏	2	耐&耏	0	耏
耐	0	耐	0	耐
耑	0	耑	0	耑
耒	0	耒	0	耒
耓	0	耓	0	耓
耔	0	耔	0	耔
耕	0	耕	0	耕
耖	0	耖	0	耖
耗	0	耗	0	耗
耘	0	耘	0	耘
耙	0	耙	0	耙
耚	0	耚	0	耚
耛	2	耛&枱	2	耛&枱
耜	0	耜	0	耜
耝	3	刞&耡	1	刞
耞	2	枷&耞	0	耞
耟	0	耟	0	耟
耠	0	耠	0	耠
耡	2	鋤&耡	2	鋤&耡
耢	1	橯	3	
耣	1	稐	1	稐
耤	0	耤	0	耤
耥	0	耥	0	耥
耦	0	耦	0	耦
耧	1	耬	3	
耨	0	耨	0	耨
耩	0	耩	0	耩
耪	0	耪	0	耪
耫	0	耫	0	耫
耬	0	耬	0	耬
耭	0	耭	0	耭
耮	1	橯	1	橯
耯	1	穫	1	穫
耰	0	耰	0	耰
耱	0	耱	0	耱
耲	0	耲	0	耲
耳	0	耳	0	耳
耴	2	取&耴	0	耴
耵	0	耵	0	耵
耶	2	爺&耶&邪	0	耶
耷	0	耷	0	耷
耸	1	聳	1	聳
耹	0	耹	0	耹
耺	0	耺	0	耺
耻	1	恥	1	恥
耼	1	聃	1	聃
耽	0	耽	0	耽
耾	0	耾	0	耾
耿	0	耿	0	耿
聀	1	職	1	職
聁	1	盼	3	
聂	1	聶	1	聶
聃	0	聃	0	聃
聄	0	聄	0	聄
聅	0	聅	0	聅
聆	0	聆	0	聆
聇	0	聇	0	聇
聈	0	聈	0	聈
聉	0	聉	0	聉
聊	0	聊	0	聊
聋	1	聾	1	聾
职	1	職	3	
聍	1	聹	1	聹
聎	0	聎	0	聎
聏	2	恧&聏	2	恧&聏
聐	0	聐	0	聐
聑	0	聑	0	聑
聒	0	聒	0	聒
聓	1	婿	3	
联	1	聯	1	聯
聕	0	聕	0	聕
聖	0	聖	0	聖
聗	2	聗&𦖩	2	聗&𦖩
聘	0	聘	0	聘
聙	0	聙	0	聙
聚	0	聚	0	聚
聛	0	聛	0	聛
聜	2	聜&䏄	0	聜
聝	2	聝&馘	0	聝
聞	0	聞	0	聞
聟	3	壻&婿	1	婿
聠	0	聠	0	聠
聡	1	聰	1	聰
聣	1	睨	3	
聤	0	聤	0	聤
聥	0	聥	0	聥
聦	1	聰	1	聰
聧	0	聧	0	聧
聨	1	聯	1	聯
聩	1	聵	1	聵
聪	1	聰	1	聰
聫	1	聯	1	聯
聬	0	聬	0	聬
聭	2	聭&媿	1	媿
聮	3	䏈&聯	1	聯
聯	0	聯	0	聯
聰	0	聰	0	聰
聱	0	聱	0	聱
聲	0	聲	0	聲
聳	0	聳	0	聳
聴	1	聽	1	聽
聵	0	聵	0	聵
聶	0	聶	0	聶
職	0	職	0	職
聸	0	聸	0	聸
聹	0	聹	0	聹
聺	0	聺	0	聺
聻	0	聻	0	聻
聼	1	聽	1	聽
聽	0	聽	0	聽
聾	0	聾	0	聾
聿	0	聿	0	聿
肁	1	肇	1	肇
肂	0	肂	0	肂
肃	1	肅	1	肅
肄	0	肄	0	肄
肅	0	肅	0	肅
肆	2	四&肆	0	肆
肇	0	肇	0	肇
肈	1	肇	1	肇
肉	0	肉	0	肉
肊	1	臆	1	臆
肋	0	肋	0	肋
肌	0	肌	0	肌
肍	0	肍	0	肍
肎	2	肎&肯	1	肯
肏	0	肏	0	肏
肐	2	胳&肐	0	肐
肑	2	𥭖&肑	2	𥭖&肑
肒	0	肒	0	肒
肓	0	肓	0	肓
肔	1	胣	1	胣
肕	0	肕	0	肕
肖	0	肖	0	肖
肗	0	肗	0	肗
肘	0	肘	0	肘
肙	0	肙	0	肙
肚	0	肚	0	肚
肛	0	肛	0	肛
肜	0	肜	0	肜
肝	0	肝	0	肝
肞	2	𦡫&肞	0	肞
肟	0	肟	0	肟
肠	1	腸	1	腸
股	0	股	0	股
肢	0	肢	0	肢
肣	0	肣	0	肣
肤	1	膚	1	膚
肥	0	肥	0	肥
肦	1	頒	1	頒
肧	1	胚	1	胚
肨	0	肨	0	肨
肩	0	肩	0	肩
肪	0	肪	0	肪
肫	0	肫	0	肫
肬	1	疣	1	疣
肭	0	肭	0	肭
肮	2	骯&亢&肮	1	骯
肯	0	肯	0	肯
肰	2	然&肰	0	肰
肱	0	肱	0	肱
育	0	育	0	育
肳	2	吻&肳	1	吻
肴	0	肴	0	肴
肵	0	肵	0	肵
肶	1	膍	1	膍
肷	1	服	1	服
肸	0	肸	0	肸
肹	2	肹&肸	1	肸
肺	0	肺	0	肺
肻	1	肯	3	
肾	1	腎	1	腎
肿	1	腫	1	腫
胀	1	脹	1	脹
胁	1	脅	1	脅
胂	0	胂	0	胂
胃	0	胃	0	胃
胄	2	冑&胄	0	胄
胅	0	胅	0	胅
胆	2	膽&膻&胆	1	膽
胇	2	肺&胇	2	肺&胇
胈	0	胈	0	胈
胉	0	胉	0	胉
胊	0	胊	0	胊
胋	0	胋	0	胋
背	0	背	0	背
胍	0	胍	0	胍
胎	0	胎	0	胎
胏	0	胏	0	胏
胐	0	胐	0	胐
胑	2	肢&胑	0	胑
胒	2	膩&胒	2	膩&胒
胓	0	胓	0	胓
胔	2	瘠&胔&骴	0	胔
胕	2	腑&膚&胕	0	胕
胖	2	胖&䏺	0	胖
胗	2	疹&胗	0	胗
胘	0	胘	0	胘
胙	0	胙	0	胙
胚	0	胚	0	胚
胛	0	胛	0	胛
胜	2	勝&胜	0	胜
胝	2	胝&胵	0	胝
胞	0	胞	0	胞
胟	3	拇&脢	1	拇
胠	0	胠	0	胠
胡	2	胡&鬍&衚	2	胡&鬍
胢	1	䯊	1	䯊
胣	0	胣	0	胣
胤	0	胤	0	胤
胥	0	胥	0	胥
胦	0	胦	0	胦
胧	1	朧	1	朧
胨	1	腖	3	
胪	1	臚	1	臚
胫	1	脛	1	脛
胭	0	胭	0	胭
胮	0	胮	0	胮
胯	0	胯	0	胯
胰	0	胰	0	胰
胱	0	胱	0	胱
胲	0	胲	0	胲
胳	0	胳	0	胳
胴	0	胴	0	胴
胵	2	胵&𦟔	2	胵&𦟔
胶	2	膠&胶	0	胶
胷	1	胸	1	胸
胸	0	胸	0	胸
胹	0	胹	0	胹
胺	0	胺	0	胺
胻	0	胻	0	胻
胼	0	胼	0	胼
能	0	能	0	能
胾	0	胾	0	胾
胿	0	胿	0	胿
脀	0	脀	0	脀
脁	0	脁	0	脁
脂	0	脂	0	脂
脃	1	脆	1	脆
脄	2	脄&脢	1	脢
脅	0	脅	0	脅
脆	0	脆	0	脆
脇	1	脅	1	脅
脈	0	脈	0	脈
脉	1	脈	1	脈
脊	0	脊	0	脊
脋	1	脅	3	
脍	1	膾	1	膾
脏	3	臟&髒	3	臟&髒
脐	1	臍	1	臍
脑	1	腦	1	腦
脓	1	膿	1	膿
脔	3	跡&臠	1	臠
脕	0	脕	0	脕
脖	0	脖	0	脖
脗	3	䐇&吻	1	吻
脘	0	脘	0	脘
脙	0	脙	0	脙
脚	1	腳	1	腳
脛	0	脛	0	脛
脜	2	柔&脂&脜	2	柔&脂&脜
脝	0	脝	0	脝
脞	0	脞	0	脞
脟	2	脟&臠	0	脟
脠	0	脠	0	脠
脡	0	脡	0	脡
脢	0	脢	0	脢
脣	0	脣	0	脣
脤	2	脣&脤	0	脤
脥	2	頰&脥	0	脥
脦	0	脦	0	脦
脧	0	脧	0	脧
脨	3	膌&𦠁	3	膌&𦠁
脩	2	修&脩	0	脩
脪	0	脪	0	脪
脫	0	脫	0	脫
脬	0	脬	0	脬
脭	0	脭	0	脭
脮	0	脮	0	脮
脯	0	脯	0	脯
脰	0	脰	0	脰
脱	1	脫	1	脫
脳	1	腦	1	腦
脴	1	痞	1	痞
脶	1	腡	1	腡
脸	1	臉	1	臉
脹	0	脹	0	脹
脺	2	脆&脺	2	脆&脺
脻	0	脻	0	脻
脼	0	脼	0	脼
脽	0	脽	0	脽
脾	0	脾	0	脾
脿	1	臕	1	臕
腀	0	腀	0	腀
腁	1	胼	1	胼
腂	0	腂	0	腂
腃	2	睠&腃	0	腃
腄	0	腄	0	腄
腅	0	腅	0	腅
腆	0	腆	0	腆
腇	2	腇&餧&脮	2	腇&餧&脮
腈	0	腈	0	腈
腉	0	腉	0	腉
腊	2	臘&腊	2	臘&腊
腋	0	腋	0	腋
腌	2	醃&腌	2	醃&腌
腍	0	腍	0	腍
腎	0	腎	0	腎
腏	0	腏	0	腏
腐	0	腐	0	腐
腑	0	腑	0	腑
腒	0	腒	0	腒
腓	2	痱&腓	2	痱&腓
腔	0	腔	0	腔
腕	0	腕	0	腕
腖	0	腖	3	
腗	1	脾	3	
腘	1	膕	1	膕
腛	0	腛	0	腛
腜	0	腜	0	腜
腝	2	胹&臡&腝	2	胹&臡&腝
腞	2	腞&腯	2	腞&腯
腟	2	胵&腟	2	胵&腟
腠	0	腠	0	腠
腡	0	腡	0	腡
腢	0	腢	0	腢
腣	0	腣	0	腣
腤	0	腤	0	腤
腥	0	腥	0	腥
腦	0	腦	0	腦
腧	0	腧	0	腧
腨	0	腨	0	腨
腩	0	腩	0	腩
腪	0	腪	0	腪
腫	0	腫	0	腫
腬	0	腬	0	腬
腭	1	齶	1	齶
腮	0	腮	0	腮
腯	0	腯	0	腯
腰	0	腰	0	腰
腱	2	腱&𥴤	0	腱
腲	0	腲	0	腲
腳	0	腳	0	腳
腴	0	腴	0	腴
腵	2	腶&腵	2	腶&腵
腶	0	腶	0	腶
腷	0	腷	0	腷
腸	0	腸	0	腸
腹	0	腹	0	腹
腺	0	腺	0	腺
腻	1	膩	1	膩
腼	1	靦	3	
腽	1	膃	1	膃
腾	1	騰	1	騰
腿	0	腿	0	腿
膀	0	膀	0	膀
膁	0	膁	0	膁
膂	2	呂&膂	0	膂
膃	0	膃	0	膃
膄	1	瘦	1	瘦
膅	0	膅	0	膅
膆	2	嗉&膆	2	嗉&膆
膇	0	膇	0	膇
膈	0	膈	0	膈
膉	0	膉	0	膉
膊	0	膊	0	膊
膋	2	膋&膫	0	膋
膌	2	瘠&膌	0	膌
膍	0	膍	0	膍
膎	0	膎	0	膎
膏	0	膏	0	膏
膐	1	膂	1	膂
膑	1	臏	1	臏
膒	0	膒	0	膒
膓	1	腸	1	腸
膔	0	膔	0	膔
膕	0	膕	0	膕
膖	2	胮&䏺&膖	0	膖
膗	0	膗	0	膗
膘	0	膘	0	膘
膙	0	膙	0	膙
膚	0	膚	0	膚
膛	0	膛	0	膛
膜	0	膜	0	膜
膝	0	膝	0	膝
膞	0	膞	0	膞
膟	0	膟	0	膟
膠	0	膠	0	膠
膡	0	膡	0	膡
膢	0	膢	0	膢
膣	0	膣	0	膣
膦	0	膦	0	膦
膧	0	膧	0	膧
膨	0	膨	0	膨
膩	0	膩	0	膩
膪	1	䐱	1	䐱
膫	0	膫	0	膫
膬	2	脆&膬	1	脆
膭	0	膭	0	膭
膮	0	膮	0	膮
膯	2	涒&膯&𦡪	2	涒&膯&𦡪
膰	0	膰	0	膰
膱	0	膱	0	膱
膲	0	膲	0	膲
膳	0	膳	0	膳
膴	0	膴	0	膴
膵	0	膵	0	膵
膶	0	膶	3	
膷	0	膷	0	膷
膸	0	膸	0	膸
膹	0	膹	0	膹
膺	0	膺	0	膺
膻	2	羶&膻	2	羶&膻
膼	0	膼	0	膼
膽	0	膽	0	膽
膾	0	膾	0	膾
膿	0	膿	0	膿
臀	0	臀	0	臀
臁	0	臁	0	臁
臂	0	臂	0	臂
臃	0	臃	0	臃
臄	1	𧮫	1	𧮫
臅	0	臅	0	臅
臆	0	臆	0	臆
臇	0	臇	0	臇
臈	2	臘&臈	0	臈
臉	0	臉	0	臉
臊	0	臊	0	臊
臋	1	臀	1	臀
臌	0	臌	0	臌
臍	0	臍	0	臍
臎	0	臎	0	臎
臏	2	臏&髕	0	臏
臐	0	臐	0	臐
臑	0	臑	0	臑
臒	0	臒	0	臒
臓	1	臟	1	臟
臔	0	臔	0	臔
臕	2	膘&臕	0	臕
臖	0	臖	0	臖
臗	2	臗&髖	0	臗
臘	0	臘	0	臘
臙	2	胭&臙	1	胭
臚	0	臚	0	臚
臛	2	臛&𦞦	2	臛&𦞦
臜	1	臢	1	臢
臝	2	臝&裸	2	臝&裸
臞	0	臞	0	臞
臟	0	臟	0	臟
臠	0	臠	0	臠
臡	0	臡	0	臡
臢	0	臢	0	臢
臣	0	臣	0	臣
臤	2	賢&臤	2	賢&臤
臥	0	臥	0	臥
臦	0	臦	0	臦
臧	0	臧	0	臧
臨	0	臨	0	臨
臩	0	臩	0	臩
自	0	自	0	自
臫	2	𥃧&臫	0	臫
臬	2	臬&洎	0	臬
臭	0	臭	0	臭
臮	2	暨&臮	0	臮
臯	1	皋	1	皋
臰	1	臭	1	臭
臱	0	臱	0	臱
臲	0	臲	0	臲
至	0	至	0	至
致	2	緻&致	0	致
臵	1	𢓜	1	𢓜
臶	0	臶	0	臶
臷	2	耋&臷	2	耋&臷
臸	0	臸	0	臸
臹	2	修&臹	2	修&臹
臺	0	臺	0	臺
臻	0	臻	0	臻
臼	0	臼	0	臼
臽	0	臽	0	臽
臾	0	臾	0	臾
臿	0	臿	0	臿
舀	0	舀	0	舀
舁	0	舁	0	舁
舂	0	舂	0	舂
舃	1	舄	1	舄
舄	0	舄	0	舄
舅	0	舅	0	舅
舆	1	輿	1	輿
與	0	與	0	與
興	0	興	0	興
舉	0	舉	0	舉
舊	0	舊	0	舊
舋	2	釁&舋	2	釁&舋
舌	2	舌&𠯑	2	舌&𠯑
舍	2	捨&舍	2	捨&舍
舎	1	舍	1	舍
舏	0	舏	0	舏
舐	0	舐	0	舐
舑	2	舑&䑙	0	舑
舒	0	舒	0	舒
舓	1	舐	1	舐
舔	0	舔	0	舔
舕	0	舕	0	舕
舖	2	舖&鋪	1	鋪
舗	1	舖	3	
舘	1	館	1	館
舙	2	話&舙	2	話&舙
舚	2	䑙&舚	0	舚
舛	0	舛	0	舛
舜	0	舜	0	舜
舝	2	轄&舝	0	舝
舞	0	舞	0	舞
舟	0	舟	0	舟
舠	0	舠	0	舠
舡	2	船&舡	2	船&舡
舢	0	舢	0	舢
舣	1	艤	3	
舤	3	帆&舧&𦨲	3	舧&𦨲
舥	0	舥	0	舥
舦	0	舦	0	舦
舧	2	舧&𦨲	1	𦨲
舨	0	舨	0	舨
舩	1	船	1	船
航	0	航	0	航
舫	0	舫	0	舫
般	0	般	0	般
舭	0	舭	0	舭
舯	0	舯	0	舯
舰	1	艦	3	
舱	1	艙	3	
舲	0	舲	0	舲
舳	0	舳	0	舳
舴	0	舴	0	舴
舵	0	舵	0	舵
舶	0	舶	0	舶
舷	0	舷	0	舷
舸	0	舸	0	舸
船	0	船	0	船
舺	0	舺	0	舺
舻	1	艫	1	艫
舼	0	舼	0	舼
舽	0	舽	0	舽
舿	0	舿	0	舿
艀	0	艀	0	艀
艁	2	艁&造	1	造
艂	2	舽&艂	2	舽&艂
艃	0	艃	0	艃
艄	0	艄	0	艄
艅	0	艅	0	艅
艆	0	艆	0	艆
艇	0	艇	0	艇
艈	1	毓	3	
艉	0	艉	0	艉
艊	1	舶	1	舶
艋	0	艋	0	艋
艌	0	艌	0	艌
艎	0	艎	0	艎
艏	0	艏	0	艏
艐	0	艐	0	艐
艑	0	艑	0	艑
艒	0	艒	0	艒
艓	0	艓	0	艓
艕	0	艕	0	艕
艖	0	艖	0	艖
艗	0	艗	0	艗
艘	2	艘&㮴	0	艘
艙	0	艙	0	艙
艚	0	艚	0	艚
艛	0	艛	0	艛
艜	0	艜	0	艜
艞	2	䑬&艞	2	䑬&艞
艟	0	艟	0	艟
艠	1	筏	3	
艡	0	艡	0	艡
艢	1	檣	1	檣
艣	0	艣	0	艣
艤	2	檥&艤	0	艤
艥	1	楫	1	楫
艦	0	艦	0	艦
艧	2	雘&艧	2	雘&艧
艨	0	艨	0	艨
艩	0	艩	0	艩
艪	1	艣	1	艣
艫	0	艫	0	艫
艬	0	艬	0	艬
艭	0	艭	0	艭
艮	2	民&艮&銀	0	艮
良	0	良	0	良
艰	1	艱	1	艱
艱	0	艱	0	艱
色	0	色	0	色
艳	1	豔	1	豔
艴	0	艴	0	艴
艵	0	艵	0	艵
艶	1	豔	1	豔
艷	2	艷&豔	1	豔
艸	2	竹&草&艸	2	竹&草&艸
艺	1	藝	1	藝
艻	2	棘&扐&艻	2	棘&扐&艻
艼	0	艼	0	艼
艽	0	艽	0	艽
艾	2	刈&艾	0	艾
艿	0	艿	0	艿
芀	2	芀&艻	0	芀
芁	1	𦫶	1	𦫶
节	1	節	1	節
芃	0	芃	0	芃
芄	0	芄	0	芄
芅	0	芅	0	芅
芆	2	艾&芆	2	艾&芆
芇	0	芇	0	芇
芈	1	羋	3	
芉	2	稈&羊&羋&芉	2	稈&羊&羋&芉
芊	0	芊	0	芊
芋	0	芋	0	芋
芌	1	芋	1	芋
芍	0	芍	0	芍
芎	0	芎	0	芎
芏	0	芏	0	芏
芐	0	芐	0	芐
芑	0	芑	0	芑
芒	0	芒	0	芒
芓	0	芓	0	芓
芔	2	世&卉&芔	2	世&卉&芔
芕	3	芍&荽	3	芍&荽
芖	2	艾&芖	0	芖
芗	1	薌	1	薌
芘	2	比&芘	0	芘
芙	0	芙	0	芙
芚	0	芚	0	芚
芛	0	芛	0	芛
芜	2	蕪&芜	1	蕪
芝	0	芝	0	芝
芞	0	芞	0	芞
芟	0	芟	0	芟
芠	0	芠	0	芠
芡	0	芡	0	芡
芢	0	芢	0	芢
芣	0	芣	0	芣
芤	0	芤	0	芤
芥	0	芥	0	芥
芦	3	蘆&芐	1	蘆
芧	2	苧&茅&芧	2	苧&茅&芧
芨	0	芨	0	芨
芩	2	芩&荶	2	芩&荶
芪	0	芪	0	芪
芫	0	芫	0	芫
芬	0	芬	0	芬
芭	0	芭	0	芭
芮	0	芮	0	芮
芯	0	芯	0	芯
芰	0	芰	0	芰
花	2	花&華	0	花
芲	3	花&蒼	1	花
芳	0	芳	0	芳
芴	0	芴	0	芴
芵	0	芵	0	芵
芶	2	苟&芶	1	苟
芷	0	芷	0	芷
芸	2	藝&芸&蕓	2	芸&蕓
芹	0	芹	0	芹
芺	0	芺	0	芺
芻	0	芻	0	芻
芼	0	芼	0	芼
芽	0	芽	0	芽
芾	0	芾	0	芾
芿	0	芿	0	芿
苀	0	苀	0	苀
苁	3	從&蓯	1	從
苂	2	㶣&苂	1	㶣
苃	0	苃	0	苃
苄	0	苄	0	苄
苇	1	葦	1	葦
苈	1	藶	1	藶
苉	0	苉	0	苉
苊	0	苊	0	苊
苋	1	莧	1	莧
苌	1	萇	3	
苍	1	蒼	1	蒼
苎	1	薴	3	
苏	3	囌&蘇	3	囌&蘇
苐	3	第&荑&𦯔	3	第&荑&𦯔
苑	0	苑	0	苑
苒	0	苒	0	苒
苓	0	苓	0	苓
苔	0	苔	0	苔
苕	0	苕	0	苕
苖	2	苗&苖	2	苗&苖
苗	0	苗	0	苗
苘	2	檾&苘	2	檾&苘
苙	0	苙	0	苙
苚	0	苚	0	苚
苛	0	苛	0	苛
苜	0	苜	0	苜
苝	0	苝	0	苝
苞	0	苞	0	苞
苟	0	苟	0	苟
苠	0	苠	0	苠
苡	0	苡	0	苡
苢	1	苡	1	苡
苣	0	苣	0	苣
苤	2	芣&苤	0	苤
若	0	若	0	若
苦	0	苦	0	苦
苧	2	苧&薴	0	苧
苨	0	苨	0	苨
苩	2	葩&苩	2	葩&苩
苪	0	苪	0	苪
苫	0	苫	0	苫
苬	0	苬	0	苬
苭	0	苭	0	苭
苮	0	苮	0	苮
苯	0	苯	0	苯
苰	0	苰	0	苰
英	0	英	0	英
苲	0	苲	0	苲
苳	0	苳	0	苳
苴	0	苴	0	苴
苵	0	苵	0	苵
苶	0	苶	0	苶
苷	0	苷	0	苷
苸	0	苸	0	苸
苹	2	萍&蘋&苹	1	蘋
苺	0	苺	0	苺
苻	2	符&苻	2	符&苻
苼	2	蕤&苼	2	蕤&苼
苽	2	苽&菰&𦬔	3	菰&𦬔
苾	2	苾&蔤	2	苾&蔤
苿	1	菋	1	菋
茀	0	茀	0	茀
茁	0	茁	0	茁
茂	0	茂	0	茂
范	2	範&范	2	範&范
茄	0	茄	0	茄
茅	0	茅	0	茅
茆	2	茅&茆	0	茆
茇	0	茇	0	茇
茈	0	茈	0	茈
茉	0	茉	0	茉
茊	1	茲	1	茲
茋	3	菧&𦰘	1	𦰘
茌	0	茌	0	茌
茍	2	苟&茍	2	苟&茍
茎	1	莖	1	莖
茏	1	蘢	1	蘢
茐	1	蔥	3	
茑	1	蔦	3	
茒	1	苑	3	
茔	1	塋	1	塋
茕	1	煢	1	煢
茖	0	茖	0	茖
茗	0	茗	0	茗
茘	1	荔	1	荔
茙	0	茙	0	茙
茚	0	茚	0	茚
茛	0	茛	0	茛
茜	0	茜	0	茜
茝	0	茝	0	茝
茞	0	茞	0	茞
茟	2	筆&茟	2	筆&茟
茠	0	茠	0	茠
茡	2	茡&芓	1	芓
茢	0	茢	0	茢
茣	1	䓊	1	䓊
茤	2	芻&芰&茤	2	芻&芰&茤
茥	0	茥	0	茥
茦	2	茦&莿	1	莿
茧	2	繭&茧	1	繭
茨	0	茨	0	茨
茩	0	茩	0	茩
茪	2	光&茪	2	光&茪
茫	0	茫	0	茫
茬	0	茬	0	茬
茭	0	茭	0	茭
茮	2	椒&茮	0	茮
茯	0	茯	0	茯
茰	3	N00152&萸	1	萸
茱	0	茱	0	茱
茲	2	茲&玆	0	茲
茳	0	茳	0	茳
茴	0	茴	0	茴
茵	0	茵	0	茵
茶	0	茶	0	茶
茷	2	茂&茷	2	茂&茷
茸	0	茸	0	茸
茹	0	茹	0	茹
茺	0	茺	0	茺
茻	0	茻	0	茻
茼	0	茼	0	茼
茽	0	茽	0	茽
茾	0	茾	0	茾
茿	0	茿	0	茿
荀	0	荀	0	荀
荁	0	荁	0	荁
荂	2	華&荂	2	華&荂
荃	0	荃	0	荃
荄	0	荄	0	荄
荅	2	答&荅	2	答&荅
荆	1	荊	1	荊
荇	0	荇	0	荇
荈	0	荈	0	荈
草	2	草&艸	0	草
荊	0	荊	0	荊
荋	0	荋	0	荋
荌	0	荌	0	荌
荍	2	荍&蕎	2	荍&蕎
荎	0	荎	0	荎
荏	0	荏	0	荏
荐	2	荐&薦	0	荐
荑	0	荑	0	荑
荒	0	荒	0	荒
荓	0	荓	0	荓
荔	0	荔	0	荔
荕	2	筋&荕	1	筋
荖	2	差&荖	2	差&荖
荗	2	茂&荗	0	荗
荘	1	莊	1	莊
荙	1	薘	1	薘
荚	1	莢	3	
荛	1	蕘	3	
荜	1	蓽	3	
荝	1	萴	3	
荞	1	蕎	1	蕎
荟	1	薈	1	薈
荠	1	薺	1	薺
荡	1	蕩	1	蕩
荢	1	茡	3	
荣	1	榮	1	榮
荤	1	葷	1	葷
荥	1	滎	1	滎
荦	1	犖	1	犖
荧	1	熒	1	熒
荨	1	蕁	1	蕁
荩	1	藎	1	藎
荪	1	蓀	1	蓀
荫	1	蔭	1	蔭
荬	1	蕒	1	蕒
荭	1	葒	1	葒
荮	1	葤	3	
药	1	藥	1	藥
荰	0	荰	0	荰
荱	0	荱	0	荱
荲	0	荲	0	荲
荳	0	荳	0	荳
荴	0	荴	0	荴
荵	0	荵	0	荵
荶	0	荶	0	荶
荷	0	荷	0	荷
荸	0	荸	0	荸
荹	0	荹	0	荹
荺	2	筠&荺	2	筠&荺
荻	0	荻	0	荻
荼	0	荼	0	荼
荽	0	荽	0	荽
荾	2	荽&荾	0	荾
荿	0	荿	0	荿
莀	2	農&莀	2	農&莀
莁	2	筮&莁	2	筮&莁
莂	0	莂	0	莂
莃	0	莃	0	莃
莄	0	莄	0	莄
莅	1	蒞	1	蒞
莆	0	莆	0	莆
莇	0	莇	0	莇
莈	0	莈	0	莈
莉	0	莉	0	莉
莊	0	莊	0	莊
莋	0	莋	0	莋
莌	0	莌	0	莌
莍	0	莍	0	莍
莎	0	莎	0	莎
莏	2	莎&莏	2	莎&莏
莐	0	莐	0	莐
莑	2	蓬&莑	2	蓬&莑
莒	0	莒	0	莒
莓	0	莓	0	莓
莔	0	莔	0	莔
莕	2	荇&莕	2	荇&莕
莖	0	莖	0	莖
莗	0	莗	0	莗
莘	0	莘	0	莘
莙	0	莙	0	莙
莚	2	筵&莚	0	莚
莛	0	莛	0	莛
莜	2	莜&蓧	1	蓧
莝	0	莝	0	莝
莞	0	莞	0	莞
莟	2	菡&莟	2	菡&莟
莠	0	莠	0	莠
莡	0	莡	0	莡
莢	0	莢	0	莢
莣	0	莣	0	莣
莤	0	莤	0	莤
莥	0	莥	0	莥
莦	0	莦	0	莦
莧	0	莧	0	莧
莨	0	莨	0	莨
莩	0	莩	0	莩
莪	0	莪	0	莪
莫	2	暮&莫	0	莫
莬	2	葂&莬	2	葂&莬
莭	2	節&莭	0	莭
莮	0	莮	0	莮
莯	0	莯	0	莯
莰	0	莰	0	莰
莱	1	萊	3	
莲	1	蓮	3	
莳	1	蒔	1	蒔
莴	1	萵	1	萵
莵	1	菟	3	
莶	1	薟	3	
获	3	獲&穫	3	獲&穫
莸	1	蕕	1	蕕
莹	1	瑩	1	瑩
莺	1	鶯	1	鶯
莼	1	蓴	3	
莽	0	莽	0	莽
莾	1	莽	1	莽
莿	2	刺&莿	0	莿
菀	0	菀	0	菀
菁	0	菁	0	菁
菂	0	菂	0	菂
菃	0	菃	0	菃
菄	0	菄	0	菄
菅	2	管&菅	2	管&菅
菆	2	叢&菆	0	菆
菇	0	菇	0	菇
菈	0	菈	0	菈
菉	0	菉	0	菉
菊	0	菊	0	菊
菋	0	菋	0	菋
菌	0	菌	0	菌
菍	2	蔥&棯&菍	2	蔥&棯&菍
菎	0	菎	0	菎
菏	2	荷&渮&菏	0	菏
菐	2	業&菐	2	業&菐
菑	0	菑	0	菑
菒	1	果	1	果
菓	1	果	1	果
菔	0	菔	0	菔
菕	0	菕	0	菕
菖	0	菖	0	菖
菗	0	菗	0	菗
菘	0	菘	0	菘
菙	0	菙	0	菙
菚	0	菚	0	菚
菛	0	菛	0	菛
菜	0	菜	0	菜
菝	0	菝	0	菝
菞	2	莉&黎&菞	2	莉&黎&菞
菟	2	兔&菟	0	菟
菠	0	菠	0	菠
菡	0	菡	0	菡
菢	0	菢	0	菢
菣	0	菣	0	菣
菤	0	菤	0	菤
菥	0	菥	0	菥
菦	1	芹	1	芹
菧	2	菧&𦰘	0	菧
菨	2	翣&菨	2	翣&菨
菩	0	菩	0	菩
菪	0	菪	0	菪
菫	2	董&堇&菫	1	堇
菬	0	菬	0	菬
菭	2	苔&菭	2	苔&菭
菮	0	菮	0	菮
華	2	華&崋	0	華
菰	0	菰	0	菰
菱	2	菱&蔆	0	菱
菲	0	菲	0	菲
菳	2	芩&菳	2	芩&菳
菴	2	庵&菴	0	菴
菵	0	菵	0	菵
菶	0	菶	0	菶
菷	1	帚	3	
菸	0	菸	0	菸
菹	0	菹	0	菹
菺	0	菺	0	菺
菻	0	菻	0	菻
菼	0	菼	0	菼
菽	0	菽	0	菽
菾	0	菾	0	菾
菿	0	菿	0	菿
萀	0	萀	0	萀
萁	2	箕&萁	0	萁
萂	1	䒩	1	䒩
萃	0	萃	0	萃
萄	0	萄	0	萄
萅	1	春	1	春
萆	0	萆	0	萆
萇	0	萇	0	萇
萈	0	萈	0	萈
萉	0	萉	0	萉
萊	0	萊	0	萊
萋	0	萋	0	萋
萌	0	萌	0	萌
萍	0	萍	0	萍
萎	0	萎	0	萎
萏	0	萏	0	萏
萐	0	萐	0	萐
萑	0	萑	0	萑
萒	0	萒	3	
萓	0	萓	0	萓
萔	1	苕	1	苕
萕	1	薺	1	薺
萖	1	莞	1	莞
萗	1	策	1	策
萘	0	萘	0	萘
萚	1	蘀	1	蘀
萛	2	莫&萛&𦱱	2	萛&𦱱
萝	1	蘿	1	蘿
萞	1	蓖	3	
萟	3	藝&蓺	1	藝
萠	1	萌	1	萌
萡	1	箔	3	
萣	0	萣	0	萣
萤	1	螢	1	螢
营	1	營	1	營
萦	1	縈	1	縈
萧	1	蕭	1	蕭
萨	1	薩	1	薩
萩	2	荻&萩	0	萩
萪	0	萪	0	萪
萫	2	薌&萫	2	薌&萫
萬	0	萬	0	萬
萭	2	矩&萭	2	矩&萭
萮	0	萮	0	萮
萯	0	萯	0	萯
萰	0	萰	0	萰
萱	0	萱	0	萱
萲	0	萲	0	萲
萳	0	萳	0	萳
萴	0	萴	0	萴
萵	0	萵	0	萵
萶	2	春&萶	2	春&萶
萷	2	梢&萷	2	梢&萷
萸	2	N00152&萸	0	萸
萹	2	篇&萹	2	篇&萹
萺	0	萺	0	萺
萻	0	萻	0	萻
萼	0	萼	0	萼
落	0	落	0	落
萾	1	䕦	1	䕦
萿	0	萿	0	萿
葀	0	葀	0	葀
葁	1	薑	1	薑
葂	0	葂	0	葂
葃	0	葃	0	葃
葄	0	葄	0	葄
葅	2	菹&葅	0	葅
葆	0	葆	0	葆
葇	0	葇	0	葇
葈	2	枲&葈	2	枲&葈
葉	0	葉	0	葉
葊	1	菴	1	菴
葋	0	葋	0	葋
葌	0	葌	0	葌
葍	0	葍	0	葍
葎	0	葎	0	葎
葏	0	葏	0	葏
葐	0	葐	0	葐
葑	0	葑	0	葑
葒	0	葒	0	葒
葓	1	葒	1	葒
葔	0	葔	0	葔
葕	1	莚	1	莚
葖	0	葖	0	葖
著	0	著	0	著
葘	1	菑	1	菑
葙	2	箱&葙	2	箱&葙
葚	0	葚	0	葚
葛	0	葛	0	葛
葜	0	葜	0	葜
葝	0	葝	0	葝
葞	0	葞	0	葞
葟	0	葟	0	葟
葠	2	參&苫&葠	2	參&苫&葠
葡	0	葡	0	葡
葢	1	蓋	1	蓋
董	0	董	0	董
葤	0	葤	0	葤
葥	0	葥	0	葥
葦	0	葦	0	葦
葧	0	葧	0	葧
葨	0	葨	0	葨
葩	0	葩	0	葩
葪	2	薊&葪	2	薊&葪
葫	0	葫	0	葫
葬	0	葬	0	葬
葭	2	葭&蕸	2	葭&蕸
葮	2	椴&葮	0	葮
葯	2	藥&葯	2	藥&葯
葰	0	葰	0	葰
葱	1	蔥	1	蔥
葲	0	葲	0	葲
葳	0	葳	0	葳
葴	0	葴	0	葴
葵	0	葵	0	葵
葶	0	葶	0	葶
葷	0	葷	0	葷
葸	0	葸	0	葸
葹	0	葹	0	葹
葺	0	葺	0	葺
葻	0	葻	0	葻
葼	0	葼	0	葼
葽	0	葽	0	葽
葾	0	葾	0	葾
葿	0	葿	0	葿
蒀	0	蒀	0	蒀
蒁	0	蒁	0	蒁
蒂	0	蒂	0	蒂
蒃	1	篆	1	篆
蒄	0	蒄	0	蒄
蒇	1	蕆	3	
蒈	0	蒈	0	蒈
蒉	1	蕢	3	
蒋	1	蔣	1	蔣
蒌	1	蔞	3	
蒍	0	蒍	0	蒍
蒎	0	蒎	0	蒎
蒏	1	醟	3	
蒐	0	蒐	0	蒐
蒑	0	蒑	0	蒑
蒒	0	蒒	0	蒒
蒓	1	蓴	1	蓴
蒔	0	蒔	0	蒔
蒕	1	蒀	1	蒀
蒖	0	蒖	0	蒖
蒗	0	蒗	0	蒗
蒘	0	蒘	0	蒘
蒙	2	濛&矇&蒙&懞	2	蒙&懞
蒚	0	蒚	0	蒚
蒛	0	蒛	0	蒛
蒜	0	蒜	0	蒜
蒝	0	蒝	0	蒝
蒞	0	蒞	0	蒞
蒟	0	蒟	0	蒟
蒠	0	蒠	0	蒠
蒡	0	蒡	0	蒡
蒢	0	蒢	0	蒢
蒣	0	蒣	0	蒣
蒤	0	蒤	0	蒤
蒥	0	蒥	0	蒥
蒧	0	蒧	0	蒧
蒨	2	茜&蒨	0	蒨
蒩	0	蒩	0	蒩
蒪	0	蒪	0	蒪
蒫	0	蒫	0	蒫
蒬	0	蒬	0	蒬
蒭	2	蒭&芻	1	芻
蒮	0	蒮	0	蒮
蒯	2	蒯&𦳋	0	蒯
蒰	0	蒰	0	蒰
蒱	2	蒲&蒱	2	蒲&蒱
蒲	0	蒲	0	蒲
蒳	0	蒳	0	蒳
蒴	0	蒴	0	蒴
蒵	0	蒵	0	蒵
蒶	0	蒶	0	蒶
蒷	3	芸&蕓	3	芸&蕓
蒸	0	蒸	0	蒸
蒹	0	蒹	0	蒹
蒺	0	蒺	0	蒺
蒻	0	蒻	0	蒻
蒼	0	蒼	0	蒼
蒽	0	蒽	0	蒽
蒾	0	蒾	0	蒾
蒿	0	蒿	0	蒿
蓀	0	蓀	0	蓀
蓁	2	榛&蓁	0	蓁
蓂	0	蓂	0	蓂
蓃	2	藪&蓃	2	藪&蓃
蓄	0	蓄	0	蓄
蓅	0	蓅	0	蓅
蓆	0	蓆	0	蓆
蓇	0	蓇	0	蓇
蓈	1	稂	1	稂
蓉	0	蓉	0	蓉
蓊	0	蓊	0	蓊
蓋	0	蓋	0	蓋
蓌	0	蓌	0	蓌
蓍	0	蓍	0	蓍
蓎	0	蓎	0	蓎
蓏	0	蓏	0	蓏
蓐	0	蓐	0	蓐
蓑	2	衰&蓑	0	蓑
蓒	0	蓒	0	蓒
蓓	0	蓓	0	蓓
蓔	0	蓔	0	蓔
蓕	1	茥	1	茥
蓖	0	蓖	0	蓖
蓗	0	蓗	0	蓗
蓘	0	蓘	0	蓘
蓙	1	塵	3	
蓚	3	蓧&蓨	1	蓨
蓛	2	蔌&蓛	0	蓛
蓝	1	藍	1	藍
蓞	1	萏	3	
蓟	1	薊	1	薊
蓠	1	蘺	3	
蓣	1	蕷	1	蕷
蓤	1	蔆	1	蔆
蓥	1	鎣	3	
蓦	1	驀	1	驀
蓧	0	蓧	0	蓧
蓨	0	蓨	0	蓨
蓩	0	蓩	0	蓩
蓪	0	蓪	0	蓪
蓫	0	蓫	0	蓫
蓬	0	蓬	0	蓬
蓭	1	庵	1	庵
蓮	0	蓮	0	蓮
蓯	0	蓯	0	蓯
蓰	0	蓰	0	蓰
蓱	2	萍&蓱	0	蓱
蓲	0	蓲	0	蓲
蓳	0	蓳	0	蓳
蓴	0	蓴	0	蓴
蓵	0	蓵	0	蓵
蓶	0	蓶	0	蓶
蓷	0	蓷	0	蓷
蓸	0	蓸	0	蓸
蓹	2	篽&蓹&蘌	2	篽&蓹&蘌
蓺	2	藝&埶&蓺	0	蓺
蓻	2	蓻&蓺&蘜	2	蓻&蓺&蘜
蓼	0	蓼	0	蓼
蓽	2	篳&蓽	0	蓽
蓾	0	蓾	0	蓾
蓿	0	蓿	0	蓿
蔀	0	蔀	0	蔀
蔁	0	蔁	0	蔁
蔂	2	蔂&虆	0	蔂
蔃	0	蔃	0	蔃
蔄	0	蔄	0	蔄
蔅	1	妍	1	妍
蔆	0	蔆	0	蔆
蔇	0	蔇	0	蔇
蔈	0	蔈	0	蔈
蔉	1	蓘	1	蓘
蔊	0	蔊	0	蔊
蔋	2	𦵦&蔋	1	𦵦
蔌	0	蔌	0	蔌
蔍	2	蔍&麤	2	蔍&麤
蔎	0	蔎	0	蔎
蔏	0	蔏	0	蔏
蔐	1	荻	1	荻
蔑	2	蔑&衊	0	蔑
蔒	2	葷&蔒	1	葷
蔓	0	蔓	0	蔓
蔔	0	蔔	0	蔔
蔕	2	蒂&蔕	0	蔕
蔖	0	蔖	0	蔖
蔗	0	蔗	0	蔗
蔘	0	蔘	0	蔘
蔙	0	蔙	0	蔙
蔚	0	蔚	0	蔚
蔛	0	蔛	0	蔛
蔜	0	蔜	0	蔜
蔝	0	蔝	0	蔝
蔞	0	蔞	0	蔞
蔟	0	蔟	0	蔟
蔠	0	蔠	0	蔠
蔡	0	蔡	0	蔡
蔢	0	蔢	0	蔢
蔣	0	蔣	0	蔣
蔤	0	蔤	0	蔤
蔥	0	蔥	0	蔥
蔦	0	蔦	0	蔦
蔧	0	蔧	0	蔧
蔨	0	蔨	0	蔨
蔩	0	蔩	0	蔩
蔪	0	蔪	0	蔪
蔫	0	蔫	0	蔫
蔬	0	蔬	0	蔬
蔭	0	蔭	0	蔭
蔮	2	幗&蔮	0	蔮
蔯	0	蔯	0	蔯
蔰	0	蔰	0	蔰
蔱	0	蔱	0	蔱
蔲	1	蔻	1	蔻
蔳	1	蒨	1	蒨
蔴	1	麻	1	麻
蔵	1	藏	1	藏
蔷	1	薔	1	薔
蔸	0	蔸	0	蔸
蔹	1	蘞	1	蘞
蔺	1	藺	3	
蔻	0	蔻	0	蔻
蔼	1	藹	1	藹
蔽	0	蔽	0	蔽
蔾	0	蔾	0	蔾
蔿	1	蒍	1	蒍
蕀	0	蕀	0	蕀
蕁	0	蕁	0	蕁
蕂	0	蕂	0	蕂
蕃	0	蕃	0	蕃
蕄	0	蕄	0	蕄
蕅	2	藕&蕅	1	藕
蕆	0	蕆	0	蕆
蕇	0	蕇	0	蕇
蕈	0	蕈	0	蕈
蕉	0	蕉	0	蕉
蕊	0	蕊	0	蕊
蕋	1	蕊	1	蕊
蕌	2	藟&蕌	2	藟&蕌
蕍	0	蕍	0	蕍
蕎	0	蕎	0	蕎
蕏	1	藸	1	藸
蕐	1	華	1	華
蕑	2	簡&蕑	2	簡&蕑
蕒	0	蕒	0	蕒
蕓	0	蕓	0	蕓
蕔	0	蕔	0	蕔
蕕	0	蕕	0	蕕
蕖	0	蕖	0	蕖
蕗	2	蕗&虂	2	蕗&虂
蕘	0	蕘	0	蕘
蕙	0	蕙	0	蕙
蕚	1	萼	1	萼
蕛	0	蕛	0	蕛
蕜	0	蕜	0	蕜
蕝	0	蕝	0	蕝
蕞	0	蕞	0	蕞
蕟	1	䉬	1	䉬
蕠	0	蕠	0	蕠
蕡	0	蕡	0	蕡
蕢	0	蕢	0	蕢
蕣	0	蕣	0	蕣
蕤	0	蕤	0	蕤
蕥	0	蕥	0	蕥
蕦	0	蕦	0	蕦
蕧	0	蕧	0	蕧
蕨	0	蕨	0	蕨
蕩	0	蕩	0	蕩
蕪	0	蕪	0	蕪
蕫	2	董&蕫	2	董&蕫
蕬	0	蕬	0	蕬
蕭	0	蕭	0	蕭
蕮	0	蕮	0	蕮
蕯	2	薩&蕯	1	薩
蕰	1	薀	1	薀
蕱	0	蕱	0	蕱
蕲	1	蘄	1	蘄
蕳	0	蕳	3	
蕴	1	藴	1	藴
蕵	2	蕵&薞	1	薞
蕶	2	蘦&蕶	2	蘦&蕶
蕷	0	蕷	0	蕷
蕸	0	蕸	0	蕸
蕹	0	蕹	0	蕹
蕺	0	蕺	0	蕺
蕻	0	蕻	0	蕻
蕼	0	蕼	0	蕼
蕽	2	農&蕽	0	蕽
蕾	0	蕾	0	蕾
蕿	1	萱	1	萱
薀	2	藴&薀	1	藴
薁	0	薁	0	薁
薂	2	芍&薂	2	芍&薂
薃	0	薃	0	薃
薄	2	簿&薄	0	薄
薅	0	薅	0	薅
薆	0	薆	0	薆
薇	0	薇	0	薇
薈	0	薈	0	薈
薉	0	薉	0	薉
薊	0	薊	0	薊
薋	0	薋	0	薋
薌	2	香&薌	0	薌
薍	0	薍	0	薍
薎	2	蔑&薎	1	蔑
薏	0	薏	0	薏
薐	0	薐	0	薐
薑	0	薑	0	薑
薒	0	薒	0	薒
薓	2	薓&蔘&葠	3	蔘&葠
薔	0	薔	0	薔
薕	0	薕	0	薕
薖	0	薖	0	薖
薗	1	園	1	園
薘	0	薘	0	薘
薙	0	薙	0	薙
薚	0	薚	0	薚
薛	0	薛	0	薛
薜	0	薜	0	薜
薝	2	簷&薝	2	簷&薝
薞	0	薞	0	薞
薟	2	蘞&薟	0	薟
薠	2	蘋&薠	0	薠
薡	0	薡	0	薡
薢	0	薢	0	薢
薣	0	薣	0	薣
薤	0	薤	0	薤
薥	2	薥&䕽	2	薥&䕽
薦	2	荐&薦	0	薦
薧	0	薧	0	薧
薨	0	薨	0	薨
薩	0	薩	0	薩
薪	0	薪	0	薪
薫	1	薰	1	薰
薬	1	藥	1	藥
薭	1	稗	3	
薮	1	藪	1	藪
薯	2	薯&藷	0	薯
薰	0	薰	0	薰
薱	0	薱	0	薱
薲	2	薲&蘋	1	蘋
薳	0	薳	0	薳
薴	0	薴	0	薴
薵	0	薵	0	薵
薶	2	埋&薶	2	埋&薶
薷	2	葇&薷	2	葇&薷
薸	0	薸	0	薸
薹	0	薹	0	薹
薺	0	薺	0	薺
薻	1	藻	1	藻
薼	1	蔯	1	蔯
薽	0	薽	0	薽
薾	0	薾	0	薾
薿	0	薿	0	薿
藀	0	藀	0	藀
藁	3	槁&稿	3	槁&稿
藂	0	藂	0	藂
藃	0	藃	0	藃
藄	0	藄	0	藄
藅	0	藅	0	藅
藆	0	藆	0	藆
藇	0	藇	0	藇
藈	0	藈	0	藈
藉	0	藉	0	藉
藊	0	藊	0	藊
藋	0	藋	0	藋
藌	2	藌&蔤	1	蔤
藍	0	藍	0	藍
藎	0	藎	0	藎
藏	0	藏	0	藏
藐	0	藐	0	藐
藑	0	藑	0	藑
藒	0	藒	0	藒
藓	1	蘚	1	蘚
藕	0	藕	0	藕
藖	0	藖	0	藖
藗	0	藗	0	藗
藘	0	藘	0	藘
藙	0	藙	0	藙
藚	0	藚	0	藚
藛	0	藛	0	藛
藜	0	藜	0	藜
藝	2	藝&埶	0	藝
藞	0	藞	0	藞
藟	0	藟	0	藟
藠	0	藠	0	藠
藡	2	荻&藡	2	荻&藡
藢	0	藢	0	藢
藣	0	藣	0	藣
藤	0	藤	0	藤
藥	0	藥	0	藥
藦	0	藦	0	藦
藧	0	藧	0	藧
藨	0	藨	0	藨
藩	0	藩	0	藩
藪	0	藪	0	藪
藫	0	藫	0	藫
藬	0	藬	0	藬
藭	0	藭	0	藭
藮	2	藮&樵	1	樵
藯	0	藯	0	藯
藰	0	藰	0	藰
藱	0	藱	0	藱
藲	2	櫙&藲	0	藲
藳	1	稿	1	稿
藴	0	藴	0	藴
藵	1	葆	3	
藶	0	藶	0	藶
藷	0	藷	0	藷
藸	0	藸	0	藸
藹	0	藹	0	藹
藺	0	藺	0	藺
藻	0	藻	0	藻
藼	1	萱	1	萱
藽	0	藽	0	藽
藾	0	藾	0	藾
藿	0	藿	0	藿
蘀	0	蘀	0	蘀
蘁	0	蘁	0	蘁
蘂	2	蘂&蕊	1	蕊
蘃	3	蘂&蕊	1	蕊
蘄	0	蘄	0	蘄
蘅	0	蘅	0	蘅
蘆	0	蘆	0	蘆
蘇	0	蘇	0	蘇
蘈	0	蘈	0	蘈
蘉	0	蘉	0	蘉
蘊	1	藴	1	藴
蘋	0	蘋	0	蘋
蘌	2	蘌&籞	0	蘌
蘍	1	薰	1	薰
蘎	2	蘎&驥	1	驥
蘏	1	絅	1	絅
蘐	1	萱	1	萱
蘑	0	蘑	0	蘑
蘒	1	蘒	3	
蘓	1	蘇	1	蘇
蘖	1	櫱	1	櫱
蘗	2	薜&蘗	2	薜&蘗
蘘	0	蘘	0	蘘
蘙	0	蘙	0	蘙
蘚	0	蘚	0	蘚
蘛	2	蘛&萮	2	蘛&萮
蘜	2	菊&蘜	2	菊&蘜
蘝	1	蘞	1	蘞
蘞	0	蘞	0	蘞
蘟	0	蘟	0	蘟
蘠	0	蘠	0	蘠
蘡	0	蘡	0	蘡
蘢	0	蘢	0	蘢
蘣	0	蘣	0	蘣
蘤	0	蘤	0	蘤
蘥	0	蘥	0	蘥
蘦	0	蘦	0	蘦
蘧	0	蘧	0	蘧
蘨	1	𧄎	1	𧄎
蘩	0	蘩	0	蘩
蘪	0	蘪	0	蘪
蘫	0	蘫	0	蘫
蘬	0	蘬	0	蘬
蘭	0	蘭	0	蘭
蘮	0	蘮	0	蘮
蘯	1	蕩	1	蕩
蘱	0	蘱	0	蘱
蘲	2	蔂&蘲	1	蔂
蘳	0	蘳	0	蘳
蘴	2	葑&蘴	2	葑&蘴
蘵	0	蘵	0	蘵
蘶	0	蘶	0	蘶
蘷	1	夔	3	
蘸	0	蘸	0	蘸
蘹	0	蘹	0	蘹
蘺	0	蘺	0	蘺
蘻	0	蘻	0	蘻
蘼	0	蘼	0	蘼
蘽	2	虆&蘽	0	蘽
蘾	0	蘾	0	蘾
蘿	0	蘿	0	蘿
虀	2	虀&齏	1	齏
虁	1	夔	3	
虂	0	虂	0	虂
虃	0	虃	0	虃
虆	2	蔂&虆	0	虆
虇	0	虇	0	虇
虈	0	虈	0	虈
虉	2	虉&𧅖	1	𧅖
虊	1	䖂	1	䖂
虋	0	虋	0	虋
虌	0	虌	0	虌
虍	0	虍	0	虍
虎	0	虎	0	虎
虏	1	虜	1	虜
虐	0	虐	0	虐
虑	2	慮&虙&虑	1	慮
虒	0	虒	0	虒
虓	0	虓	0	虓
虔	0	虔	0	虔
處	0	處	0	處
虖	2	乎&呼&虖	0	虖
虗	1	虚	1	虚
虘	0	虘	0	虘
虙	0	虙	0	虙
虚	0	虚	0	虚
虛	1	虚	1	虚
虜	0	虜	0	虜
虝	1	虎	1	虎
虞	0	虞	0	虞
號	0	號	0	號
虠	2	號&虠	2	號&虠
虡	0	虡	0	虡
虢	0	虢	0	虢
虣	2	暴&虣	0	虣
虤	0	虤	0	虤
虥	0	虥	0	虥
虦	1	虥	1	虥
虧	0	虧	0	虧
虨	0	虨	0	虨
虩	2	𧈅&虩	0	虩
虪	0	虪	0	虪
虫	2	虫&蟲	1	蟲
虬	3	虯&𧈝	1	虯
虭	2	虭&蛁	2	虭&蛁
虮	2	虮&蟣	1	蟣
虯	0	虯	0	虯
虰	0	虰	0	虰
虱	2	虱&蝨	2	虱&蝨
虲	1	蝦	3	
虳	0	虳	0	虳
虴	2	蚱&虴	0	虴
虵	1	蛇	1	蛇
虶	0	虶	0	虶
虷	0	虷	0	虷
虸	0	虸	0	虸
虹	0	虹	0	虹
虺	0	虺	0	虺
虻	0	虻	0	虻
虼	0	虼	0	虼
虽	1	雖	1	雖
虾	1	蝦	1	蝦
虿	1	蠆	1	蠆
蚀	1	蝕	1	蝕
蚁	1	蟻	1	蟻
蚂	1	螞	1	螞
蚃	1	䖮	3	
蚄	2	蚌&蚄	2	蚌&蚄
蚅	0	蚅	0	蚅
蚆	0	蚆	0	蚆
蚇	0	蚇	0	蚇
蚈	0	蚈	0	蚈
蚉	1	蚊	1	蚊
蚊	0	蚊	0	蚊
蚋	0	蚋	0	蚋
蚌	0	蚌	0	蚌
蚍	0	蚍	0	蚍
蚎	0	蚎	0	蚎
蚏	1	蚎	1	蚎
蚐	0	蚐	0	蚐
蚑	0	蚑	0	蚑
蚒	3	彤&赨	3	彤&赨
蚓	2	蚓&螾	0	蚓
蚔	0	蚔	0	蚔
蚕	2	蠶&蚕	1	蠶
蚖	0	蚖	0	蚖
蚗	2	蚗&𧎯	0	蚗
蚘	2	蛔&蚘	2	蛔&蚘
蚙	0	蚙	0	蚙
蚚	0	蚚	0	蚚
蚛	0	蚛	0	蚛
蚜	0	蚜	0	蚜
蚝	2	蠔&蛓&蚝	1	蠔
蚞	0	蚞	0	蚞
蚟	0	蚟	0	蚟
蚠	1	蚡	1	蚡
蚡	2	蚡&鼢	0	蚡
蚢	0	蚢	0	蚢
蚣	2	蚣&蜙	2	蚣&蜙
蚤	0	蚤	0	蚤
蚥	0	蚥	0	蚥
蚦	1	蚺	1	蚺
蚧	0	蚧	0	蚧
蚨	0	蚨	0	蚨
蚩	0	蚩	0	蚩
蚪	0	蚪	0	蚪
蚫	1	鮑	1	鮑
蚬	1	蜆	1	蜆
蚭	0	蚭	0	蚭
蚮	0	蚮	0	蚮
蚯	0	蚯	0	蚯
蚰	0	蚰	0	蚰
蚱	0	蚱	0	蚱
蚲	0	蚲	0	蚲
蚳	0	蚳	0	蚳
蚴	0	蚴	0	蚴
蚵	0	蚵	0	蚵
蚶	0	蚶	0	蚶
蚷	2	蚷&螶	2	蚷&螶
蚸	0	蚸	0	蚸
蚹	0	蚹	0	蚹
蚺	0	蚺	0	蚺
蚻	0	蚻	0	蚻
蚼	0	蚼	0	蚼
蚽	2	𧉈&蚽	2	𧉈&蚽
蚾	2	蚽&蚾	2	蚽&蚾
蚿	0	蚿	0	蚿
蛀	0	蛀	0	蛀
蛁	0	蛁	0	蛁
蛂	0	蛂	0	蛂
蛃	0	蛃	0	蛃
蛄	0	蛄	0	蛄
蛅	0	蛅	0	蛅
蛆	0	蛆	0	蛆
蛇	0	蛇	0	蛇
蛈	0	蛈	0	蛈
蛉	0	蛉	0	蛉
蛊	3	蠱&盅	1	蠱
蛋	0	蛋	0	蛋
蛌	0	蛌	0	蛌
蛍	1	螢	1	螢
蛎	1	蠣	1	蠣
蛏	1	蟶	1	蟶
蛐	0	蛐	0	蛐
蛑	2	蟊&蛑	2	蟊&蛑
蛒	0	蛒	0	蛒
蛓	0	蛓	0	蛓
蛔	0	蛔	0	蛔
蛕	2	蛔&蛕	2	蛔&蛕
蛖	0	蛖	0	蛖
蛗	0	蛗	0	蛗
蛘	0	蛘	0	蛘
蛙	0	蛙	0	蛙
蛚	0	蛚	0	蛚
蛛	0	蛛	0	蛛
蛜	0	蛜	0	蛜
蛝	2	蚿&蛝	0	蛝
蛞	2	蛞&蛥	0	蛞
蛟	0	蛟	0	蛟
蛠	1	珕	1	珕
蛡	0	蛡	0	蛡
蛢	0	蛢	0	蛢
蛣	0	蛣	0	蛣
蛤	0	蛤	0	蛤
蛥	0	蛥	0	蛥
蛦	0	蛦	0	蛦
蛧	0	蛧	0	蛧
蛨	0	蛨	0	蛨
蛩	0	蛩	0	蛩
蛪	0	蛪	0	蛪
蛫	0	蛫	0	蛫
蛬	2	蛬&蛩	0	蛬
蛭	0	蛭	0	蛭
蛮	1	蠻	1	蠻
蛰	1	蟄	1	蟄
蛱	1	蛺	1	蛺
蛲	1	蟯	1	蟯
蛳	1	螄	1	螄
蛴	1	蠐	1	蠐
蛵	0	蛵	0	蛵
蛶	0	蛶	0	蛶
蛷	0	蛷	0	蛷
蛸	0	蛸	0	蛸
蛹	0	蛹	0	蛹
蛺	0	蛺	0	蛺
蛻	0	蛻	0	蛻
蛼	0	蛼	0	蛼
蛽	2	貝&蛽	1	貝
蛾	0	蛾	0	蛾
蛿	1	蜭	1	蜭
蜀	0	蜀	0	蜀
蜁	2	蜁&䗠	2	蜁&䗠
蜂	0	蜂	0	蜂
蜃	0	蜃	0	蜃
蜄	2	蜃&蜄	2	蜃&蜄
蜅	0	蜅	0	蜅
蜆	0	蜆	0	蜆
蜇	0	蜇	0	蜇
蜈	0	蜈	0	蜈
蜉	0	蜉	0	蜉
蜊	0	蜊	0	蜊
蜋	2	螂&蜋	2	螂&蜋
蜌	0	蜌	0	蜌
蜍	0	蜍	0	蜍
蜎	0	蜎	0	蜎
蜏	0	蜏	0	蜏
蜐	0	蜐	0	蜐
蜑	0	蜑	0	蜑
蜒	2	蜒&蜑	2	蜒&蜑
蜓	0	蜓	0	蜓
蜔	0	蜔	0	蜔
蜕	1	蛻	1	蛻
蜖	1	蛔	1	蛔
蜗	1	蝸	1	蝸
蜘	0	蜘	0	蜘
蜙	0	蜙	0	蜙
蜚	0	蜚	0	蜚
蜛	0	蜛	0	蜛
蜜	0	蜜	0	蜜
蜝	1	蜞	1	蜞
蜞	0	蜞	0	蜞
蜟	0	蜟	0	蜟
蜠	0	蜠	0	蜠
蜡	2	蠟&蜡	2	蠟&蜡
蜢	0	蜢	0	蜢
蜣	0	蜣	0	蜣
蜤	2	蜥&蜤	2	蜥&蜤
蜥	0	蜥	0	蜥
蜦	0	蜦	0	蜦
蜧	2	蜦&蜧	2	蜦&蜧
蜨	2	蝶&蜨	0	蜨
蜩	0	蜩	0	蜩
蜪	0	蜪	0	蜪
蜫	1	䖵	1	䖵
蜬	0	蜬	0	蜬
蜭	0	蜭	0	蜭
蜮	2	蟈&蜮	0	蜮
蜯	1	蚌	1	蚌
蜰	0	蜰	0	蜰
蜱	0	蜱	0	蜱
蜲	0	蜲	0	蜲
蜳	0	蜳	0	蜳
蜴	0	蜴	0	蜴
蜵	2	蜎&蜵	0	蜵
蜶	2	蟀&蜶	2	蟀&蜶
蜷	0	蜷	0	蜷
蜸	0	蜸	0	蜸
蜹	1	蚋	1	蚋
蜺	0	蜺	0	蜺
蜻	0	蜻	0	蜻
蜼	0	蜼	0	蜼
蜽	0	蜽	0	蜽
蜾	0	蜾	0	蜾
蜿	0	蜿	0	蜿
蝀	0	蝀	0	蝀
蝁	0	蝁	0	蝁
蝂	0	蝂	0	蝂
蝃	0	蝃	0	蝃
蝄	1	蛧	1	蛧
蝅	1	蠶	1	蠶
蝆	2	蛘&蝆	0	蝆
蝇	1	蠅	1	蠅
蝈	1	蟈	1	蟈
蝉	1	蟬	1	蟬
蝌	0	蝌	0	蝌
蝍	0	蝍	0	蝍
蝎	2	虹&蠍&蝎	1	蠍
蝏	0	蝏	0	蝏
蝐	2	瑁&蝐	2	瑁&蝐
蝑	0	蝑	0	蝑
蝒	0	蝒	0	蝒
蝓	0	蝓	0	蝓
蝔	0	蝔	0	蝔
蝕	0	蝕	0	蝕
蝖	0	蝖	0	蝖
蝗	0	蝗	0	蝗
蝘	0	蝘	0	蝘
蝙	0	蝙	0	蝙
蝚	0	蝚	0	蝚
蝛	0	蝛	0	蝛
蝜	0	蝜	0	蝜
蝝	0	蝝	0	蝝
蝞	0	蝞	0	蝞
蝟	0	蝟	0	蝟
蝠	0	蝠	0	蝠
蝡	2	蠕&蝡	0	蝡
蝢	0	蝢	0	蝢
蝣	0	蝣	0	蝣
蝤	2	蝣&蝤	2	蝣&蝤
蝥	2	蝥&蟊	0	蝥
蝦	0	蝦	0	蝦
蝧	0	蝧	0	蝧
蝨	0	蝨	0	蝨
蝩	0	蝩	0	蝩
蝪	2	蜴&蝪	2	蜴&蝪
蝫	2	蝫&蠩	0	蝫
蝬	0	蝬	0	蝬
蝭	0	蝭	0	蝭
蝮	0	蝮	0	蝮
蝯	2	猿&蝯	1	猿
蝰	0	蝰	0	蝰
蝱	2	蝱&虻	1	虻
蝲	0	蝲	0	蝲
蝳	0	蝳	0	蝳
蝴	0	蝴	0	蝴
蝵	2	蟗&蝵	0	蝵
蝶	0	蝶	0	蝶
蝷	2	蚸&蝷	2	蚸&蝷
蝸	0	蝸	0	蝸
蝹	0	蝹	0	蝹
蝺	0	蝺	0	蝺
蝻	0	蝻	0	蝻
蝼	1	螻	1	螻
蝽	1	踳	1	踳
蝾	1	蠑	1	蠑
螀	1	螿	3	
螁	2	蛻&蛝&螁	2	蛻&螁
螂	0	螂	0	螂
螃	0	螃	0	螃
螄	0	螄	0	螄
螅	2	蟋&蛓&螅	2	蟋&蛓&螅
螆	0	螆	3	
螇	0	螇	0	螇
螈	2	蚖&螈	0	螈
螉	0	螉	0	螉
螊	0	螊	0	螊
螋	0	螋	0	螋
螌	0	螌	0	螌
融	0	融	0	融
螎	1	融	1	融
螏	0	螏	0	螏
螐	0	螐	0	螐
螑	0	螑	0	螑
螒	0	螒	0	螒
螓	0	螓	0	螓
螔	0	螔	0	螔
螕	0	螕	0	螕
螖	0	螖	0	螖
螗	0	螗	0	螗
螘	2	蟻&螘	1	蟻
螙	1	蠹	1	蠹
螚	0	螚	0	螚
螛	0	螛	0	螛
螜	0	螜	0	螜
螝	2	虺&螝	0	螝
螞	0	螞	0	螞
螟	0	螟	0	螟
螠	0	螠	0	螠
螡	1	蚊	1	蚊
螢	0	螢	0	螢
螣	0	螣	0	螣
螤	2	鍾&斔&螤	1	鍾
螥	1	瘡	3	
螧	1	蝦	3	
螨	1	蟎	3	
螪	0	螪	0	螪
螫	0	螫	0	螫
螬	0	螬	0	螬
螭	0	螭	0	螭
螮	0	螮	0	螮
螯	0	螯	0	螯
螰	0	螰	0	螰
螱	1	𧐇	1	𧐇
螲	0	螲	0	螲
螳	0	螳	0	螳
螴	0	螴	0	螴
螵	0	螵	0	螵
螶	0	螶	0	螶
螷	0	螷	0	螷
螸	0	螸	0	螸
螹	0	螹	0	螹
螺	0	螺	0	螺
螻	0	螻	0	螻
螼	0	螼	0	螼
螽	0	螽	0	螽
螾	0	螾	0	螾
螿	0	螿	0	螿
蟀	0	蟀	0	蟀
蟁	1	蚊	1	蚊
蟂	0	蟂	0	蟂
蟃	0	蟃	0	蟃
蟄	0	蟄	0	蟄
蟅	0	蟅	0	蟅
蟆	2	蟆&𧕥	0	蟆
蟇	1	蟆	1	蟆
蟈	0	蟈	0	蟈
蟉	0	蟉	0	蟉
蟊	0	蟊	0	蟊
蟋	0	蟋	0	蟋
蟌	0	蟌	0	蟌
蟍	1	䖿	1	䖿
蟎	0	蟎	0	蟎
蟏	1	蠨	1	蠨
蟑	0	蟑	0	蟑
蟒	0	蟒	0	蟒
蟓	0	蟓	0	蟓
蟔	0	蟔	0	蟔
蟕	0	蟕	0	蟕
蟖	1	蟴	1	蟴
蟗	0	蟗	0	蟗
蟘	0	蟘	0	蟘
蟙	0	蟙	0	蟙
蟚	1	蟛	1	蟛
蟛	0	蟛	0	蟛
蟜	0	蟜	0	蟜
蟝	0	蟝	0	蟝
蟞	2	鱉&蟞	2	鱉&蟞
蟟	0	蟟	0	蟟
蟠	0	蟠	0	蟠
蟡	0	蟡	0	蟡
蟢	0	蟢	0	蟢
蟣	0	蟣	0	蟣
蟤	0	蟤	0	蟤
蟥	0	蟥	0	蟥
蟦	0	蟦	0	蟦
蟧	2	蟧&蟟	0	蟧
蟨	0	蟨	0	蟨
蟩	2	蟨&蟩	1	蟨
蟪	0	蟪	0	蟪
蟫	0	蟫	0	蟫
蟬	0	蟬	0	蟬
蟭	0	蟭	0	蟭
蟮	1	蟺	1	蟺
蟯	0	蟯	0	蟯
蟰	1	蠨	1	蠨
蟱	0	蟱	0	蟱
蟲	0	蟲	0	蟲
蟳	0	蟳	0	蟳
蟴	0	蟴	0	蟴
蟵	1	躕	3	
蟶	0	蟶	0	蟶
蟷	0	蟷	0	蟷
蟸	1	蠡	1	蠡
蟹	0	蟹	0	蟹
蟺	2	蟬&蟺	2	蟬&蟺
蟻	2	蟻&螘	0	蟻
蟼	0	蟼	0	蟼
蟽	2	蟽&𧖆	2	蟽&𧖆
蟾	0	蟾	0	蟾
蟿	0	蟿	0	蟿
蠀	0	蠀	0	蠀
蠁	0	蠁	0	蠁
蠂	0	蠂	0	蠂
蠃	0	蠃	0	蠃
蠄	2	螭&蠄	2	螭&蠄
蠅	0	蠅	0	蠅
蠆	0	蠆	0	蠆
蠇	1	蠣	1	蠣
蠈	0	蠈	0	蠈
蠉	0	蠉	0	蠉
蠊	0	蠊	0	蠊
蠋	0	蠋	0	蠋
蠌	0	蠌	0	蠌
蠍	0	蠍	0	蠍
蠎	1	蟒	1	蟒
蠏	1	蟹	1	蟹
蠐	0	蠐	0	蠐
蠑	0	蠑	0	蠑
蠒	1	繭	1	繭
蠓	0	蠓	0	蠓
蠔	0	蠔	0	蠔
蠕	2	蠕&蝡	0	蠕
蠖	0	蠖	0	蠖
蠗	0	蠗	0	蠗
蠘	0	蠘	0	蠘
蠙	2	玭&蠙	0	蠙
蠚	0	蠚	0	蠚
蠛	0	蠛	0	蠛
蠜	0	蠜	0	蠜
蠝	0	蠝	0	蠝
蠞	0	蠞	0	蠞
蠟	0	蠟	0	蠟
蠠	2	蝒&蠠	2	蝒&蠠
蠡	0	蠡	0	蠡
蠢	0	蠢	0	蠢
蠣	0	蠣	0	蠣
蠤	0	蠤	0	蠤
蠥	0	蠥	0	蠥
蠦	0	蠦	0	蠦
蠧	2	蠧&蠹	1	蠹
蠨	0	蠨	0	蠨
蠩	0	蠩	0	蠩
蠪	0	蠪	0	蠪
蠫	2	劙&蠫	1	劙
蠬	0	蠬	0	蠬
蠭	2	蠭&蜂	1	蜂
蠮	0	蠮	0	蠮
蠯	2	蠯&螷	1	螷
蠰	0	蠰	0	蠰
蠱	0	蠱	0	蠱
蠲	0	蠲	0	蠲
蠳	0	蠳	0	蠳
蠴	1	薯	3	
蠵	0	蠵	0	蠵
蠶	0	蠶	0	蠶
蠷	0	蠷	0	蠷
蠸	0	蠸	0	蠸
蠹	0	蠹	0	蠹
蠺	1	蠶	1	蠶
蠻	0	蠻	0	蠻
蠼	0	蠼	0	蠼
蠽	0	蠽	0	蠽
蠾	2	蠋&蠾	0	蠾
蠿	0	蠿	0	蠿
血	0	血	0	血
衁	0	衁	0	衁
衂	1	衄	1	衄
衃	2	胚&衃	0	衃
衄	0	衄	0	衄
衅	1	釁	1	釁
衆	1	眾	1	眾
衇	1	脈	1	脈
衈	0	衈	0	衈
衉	1	喀	1	喀
衊	0	衊	0	衊
衋	0	衋	0	衋
行	0	行	0	行
衍	0	衍	0	衍
衎	0	衎	0	衎
衏	0	衏	0	衏
衑	0	衑	0	衑
衒	0	衒	0	衒
術	0	術	0	術
衔	1	銜	1	銜
衕	0	衕	0	衕
衖	2	巷&衖	0	衖
街	0	街	0	街
衘	1	銜	1	銜
衙	0	衙	0	衙
衚	0	衚	0	衚
衛	0	衛	0	衛
衜	1	道	1	道
衝	0	衝	0	衝
衞	1	衛	1	衛
衟	1	道	1	道
衠	0	衠	0	衠
衡	0	衡	0	衡
衢	0	衢	0	衢
衣	0	衣	0	衣
补	1	補	1	補
衦	0	衦	0	衦
衧	0	衧	0	衧
表	2	表&錶	2	表&錶
衩	0	衩	0	衩
衪	2	衪&袉	0	衪
衫	0	衫	0	衫
衬	1	襯	1	襯
衭	2	褲&衭	0	衭
衮	0	衮	0	衮
衯	0	衯	0	衯
衰	2	衰&蓑	0	衰
衱	0	衱	0	衱
衲	0	衲	0	衲
衳	2	衳&幒	1	幒
衴	0	衴	0	衴
衵	0	衵	0	衵
衶	0	衶	0	衶
衷	0	衷	0	衷
衸	0	衸	0	衸
衹	0	衹	0	衹
衺	2	衺&斜&邪	3	斜&邪
衻	3	袡&襜	1	袡
衼	0	衼	0	衼
衽	0	衽	0	衽
衾	0	衾	0	衾
衿	2	襟&衿	0	衿
袀	2	均&袀	2	均&袀
袁	0	袁	0	袁
袂	0	袂	0	袂
袃	0	袃	0	袃
袄	1	襖	1	襖
袅	1	裊	3	
袆	1	褘	3	
袇	1	袡	1	袡
袈	0	袈	0	袈
袉	0	袉	0	袉
袊	2	袊&𧟙	2	袊&𧟙
袋	0	袋	0	袋
袌	2	袍&袌	0	袌
袍	0	袍	0	袍
袎	0	袎	0	袎
袏	0	袏	0	袏
袐	3	祕&𢴩	3	祕&𢴩
袑	0	袑	0	袑
袒	2	綻&袒	2	綻&袒
袓	2	祖&袓	2	祖&袓
袔	0	袔	0	袔
袕	0	袕	0	袕
袖	0	袖	0	袖
袗	0	袗	0	袗
袘	2	衪&袉&袘	2	衪&袉&袘
袙	2	帊&袙	1	帊
袚	0	袚	0	袚
袛	2	祗&袛	2	祗&袛
袜	2	襪&袜	1	襪
袝	0	袝	0	袝
袞	1	衮	1	衮
袟	2	秩&帙&袟	2	秩&帙&袟
袠	2	袠&袟	1	袟
袡	0	袡	0	袡
袢	0	袢	0	袢
袣	0	袣	0	袣
袤	0	袤	0	袤
袥	0	袥	0	袥
袦	2	袦&䘿	2	袦&䘿
袧	0	袧	0	袧
袨	0	袨	0	袨
袩	2	㡇&袩&𤎥	0	袩
袪	0	袪	0	袪
被	0	被	0	被
袬	2	育&裕&袬	2	育&袬
袭	1	襲	1	襲
袮	1	禰	3	
袯	1	襏	3	
袱	0	袱	0	袱
袲	0	袲	0	袲
袳	2	袲&袳	0	袳
袴	2	袴&褲	1	褲
袵	1	衽	1	衽
袶	0	袶	0	袶
袷	0	袷	0	袷
袸	0	袸	0	袸
袹	0	袹	0	袹
袺	0	袺	0	袺
袻	0	袻	0	袻
袼	0	袼	0	袼
袽	0	袽	0	袽
袾	0	袾	0	袾
袿	3	旌&褂	3	旌&褂
裀	0	裀	0	裀
裁	0	裁	0	裁
裂	0	裂	0	裂
裄	1	桁	3	
装	1	裝	1	裝
裆	1	襠	1	襠
裈	1	褌	3	
裉	0	裉	0	裉
裊	2	裊&褭	0	裊
裋	0	裋	0	裋
裌	2	袷&裌	0	裌
裍	2	綑&裍	2	綑&裍
裎	0	裎	0	裎
裏	3	裡&里	1	裡
裐	0	裐	0	裐
裑	0	裑	0	裑
裒	2	褒&裒	2	褒&裒
裓	0	裓	0	裓
裔	0	裔	0	裔
裕	0	裕	0	裕
裖	2	袗&裖	2	袗&裖
裗	0	裗	0	裗
裘	0	裘	0	裘
裙	0	裙	0	裙
裚	0	裚	0	裚
裛	0	裛	0	裛
補	0	補	0	補
裝	0	裝	0	裝
裞	2	裞&襚	0	裞
裟	0	裟	0	裟
裠	1	裙	1	裙
裡	0	裡	0	裡
裢	1	褳	1	褳
裣	1	襝	1	襝
裤	1	褲	1	褲
裥	1	襇	3	
裦	1	褒	1	褒
裧	2	幨&裧&襜	2	幨&裧&襜
裨	0	裨	0	裨
裩	1	褌	1	褌
裪	0	裪	0	裪
裫	0	裫	0	裫
裬	0	裬	0	裬
裭	1	褫	1	褫
裮	0	裮	0	裮
裯	0	裯	0	裯
裰	0	裰	0	裰
裱	2	裱&褾	2	裱&褾
裲	0	裲	0	裲
裳	0	裳	0	裳
裴	0	裴	0	裴
裵	1	裴	1	裴
裶	0	裶	0	裶
裷	0	裷	0	裷
裸	0	裸	0	裸
裹	0	裹	0	裹
裺	0	裺	0	裺
裻	0	裻	0	裻
裼	2	裼&褅	2	裼&褅
製	0	製	0	製
裾	0	裾	0	裾
裿	0	裿	0	裿
褀	1	帺	1	帺
褁	2	裹&褁	1	裹
褂	0	褂	0	褂
褃	1	裉	1	裉
褄	1	棲	3	
褅	0	褅	0	褅
褆	0	褆	0	褆
複	0	複	0	複
褈	1	緟	1	緟
褉	0	褉	0	褉
褊	0	褊	0	褊
褋	0	褋	0	褋
褌	0	褌	0	褌
褍	0	褍	0	褍
褎	2	袖&褎	2	袖&褎
褏	3	袖&褎	1	袖
褐	0	褐	0	褐
褑	0	褑	0	褑
褒	0	褒	0	褒
褓	0	褓	0	褓
褔	0	褔	0	褔
褕	0	褕	0	褕
褖	0	褖	0	褖
褗	0	褗	0	褗
褘	2	幃&褘	0	褘
褙	0	褙	0	褙
褚	0	褚	0	褚
褛	1	褸	1	褸
褝	1	襌	3	
褞	0	褞	0	褞
褟	0	褟	0	褟
褠	2	褠&㡚	1	㡚
褡	0	褡	0	褡
褢	0	褢	0	褢
褣	0	褣	0	褣
褤	1	褑	1	褑
褥	0	褥	0	褥
褦	0	褦	0	褦
褧	0	褧	0	褧
褨	0	褨	0	褨
褩	2	褩&幋	2	褩&幋
褪	0	褪	0	褪
褫	0	褫	0	褫
褬	0	褬	0	褬
褭	0	褭	0	褭
褮	0	褮	0	褮
褯	0	褯	0	褯
褰	0	褰	0	褰
褱	2	懷&褱&褢	2	懷&褱&褢
褲	0	褲	0	褲
褳	0	褳	0	褳
褴	1	襤	1	襤
褵	2	縭&褵	0	褵
褶	2	褶&襲	0	褶
褷	2	褷&襹	0	褷
褸	0	褸	0	褸
褹	2	褻&褹	2	褻&褹
褺	2	褻&褺	0	褺
褻	0	褻	0	褻
褼	0	褼	0	褼
褽	0	褽	0	褽
褾	0	褾	0	褾
褿	0	褿	0	褿
襀	0	襀	0	襀
襁	2	繈&襁	0	襁
襂	2	縿&襂	2	縿&襂
襃	1	褒	1	褒
襄	0	襄	0	襄
襆	0	襆	0	襆
襇	2	襇&襉	1	襉
襈	0	襈	0	襈
襉	0	襉	0	襉
襊	0	襊	0	襊
襋	0	襋	0	襋
襌	0	襌	0	襌
襍	1	雜	1	雜
襎	0	襎	0	襎
襏	2	袚&襏	0	襏
襐	0	襐	0	襐
襑	0	襑	0	襑
襒	0	襒	0	襒
襓	0	襓	0	襓
襕	1	襴	3	
襖	0	襖	0	襖
襗	0	襗	0	襗
襘	0	襘	0	襘
襙	0	襙	0	襙
襚	0	襚	0	襚
襛	0	襛	0	襛
襜	0	襜	0	襜
襝	2	襜&襝	0	襝
襞	0	襞	0	襞
襟	2	襟&䘳	0	襟
襠	0	襠	0	襠
襡	0	襡	0	襡
襢	2	袒&襢&𧝑	2	袒&襢&𧝑
襣	0	襣	0	襣
襤	0	襤	0	襤
襥	1	襆	1	襆
襦	0	襦	0	襦
襧	1	𧝉	1	𧝉
襩	2	襩&䙱	0	襩
襪	0	襪	0	襪
襫	0	襫	0	襫
襬	0	襬	0	襬
襭	0	襭	0	襭
襮	0	襮	0	襮
襯	0	襯	0	襯
襰	2	䄤&襰	0	襰
襱	0	襱	0	襱
襲	0	襲	0	襲
襳	2	衫&襳	2	衫&襳
襴	0	襴	0	襴
襵	0	襵	0	襵
襶	0	襶	0	襶
襷	0	襷	3	
襸	0	襸	0	襸
襹	0	襹	0	襹
襺	0	襺	0	襺
襻	0	襻	0	襻
襼	0	襼	0	襼
襽	1	襴	1	襴
襾	0	襾	0	襾
西	0	西	0	西
覀	1	襾	1	襾
要	0	要	0	要
覂	0	覂	0	覂
覃	0	覃	0	覃
覄	1	覆	1	覆
覅	0	覅	0	覅
覆	0	覆	0	覆
覇	1	霸	1	霸
覈	0	覈	0	覈
覉	1	羈	1	羈
覊	1	羈	1	羈
見	0	見	0	見
覌	1	觀	1	觀
覍	3	弁&㝸	1	㝸
覎	0	覎	0	覎
規	0	規	0	規
覐	2	覐&覺	1	覺
覑	0	覑	0	覑
覒	0	覒	0	覒
覓	0	覓	0	覓
覔	1	覓	1	覓
覕	2	覕&𧸈	2	覕&𧸈
視	0	視	0	視
覗	2	伺&覗	0	覗
覘	0	覘	0	覘
覙	3	𧠝&診&覶	3	診&覶
覚	1	覺	1	覺
覛	2	覓&覛	0	覛
覜	0	覜	0	覜
覝	0	覝	0	覝
覞	0	覞	0	覞
覟	0	覟	0	覟
覠	0	覠	0	覠
覡	0	覡	0	覡
覢	0	覢	0	覢
覣	0	覣	0	覣
覤	0	覤	0	覤
覥	2	覥&靦	1	靦
覦	0	覦	0	覦
覧	1	覽	1	覽
覨	0	覨	0	覨
覩	2	覩&睹	1	睹
親	0	親	0	親
覫	0	覫	0	覫
覬	0	覬	0	覬
覭	0	覭	0	覭
覮	2	覮&䁝	1	䁝
覯	0	覯	0	覯
覰	2	覰&覷	1	覷
覱	0	覱	0	覱
覲	0	覲	0	覲
観	1	觀	1	觀
覴	2	瞪&覴	0	覴
覵	3	瞷&𧢞	3	瞷&𧢞
覶	0	覶	0	覶
覷	0	覷	0	覷
覸	0	覸	3	
覹	0	覹	0	覹
覺	0	覺	0	覺
覻	3	覰&覷	1	覷
覼	2	覼&覶	1	覶
覽	0	覽	0	覽
覾	0	覾	0	覾
覿	0	覿	0	覿
觀	0	觀	0	觀
见	1	見	1	見
观	1	觀	1	觀
觃	1	覎	3	
规	1	規	1	規
觅	1	覓	1	覓
视	1	視	1	視
觇	1	覘	3	
览	1	覽	1	覽
觉	1	覺	1	覺
觊	1	覬	1	覬
觋	1	覡	3	
觌	1	覿	1	覿
觍	1	腆	3	
觎	1	覦	1	覦
觏	1	覯	3	
觐	1	覲	1	覲
觑	1	覷	3	
角	0	角	0	角
觓	0	觓	0	觓
觔	2	筋&觔	0	觔
觕	2	粗&觸&觕	2	粗&觸&觕
觖	0	觖	0	觖
觗	2	觶&觗	2	觶&觗
觘	0	觘	0	觘
觙	0	觙	0	觙
觚	0	觚	0	觚
觛	0	觛	0	觛
觜	2	嘴&觜	0	觜
觝	2	牴&觝	0	觝
觞	1	觴	3	
觟	0	觟	0	觟
觠	0	觠	0	觠
觡	0	觡	0	觡
觢	0	觢	0	觢
解	0	解	0	解
觤	0	觤	0	觤
觥	0	觥	0	觥
触	2	觸&触	1	觸
觧	3	解&鮮	1	解
觨	0	觨	0	觨
觩	2	觓&觩	0	觩
觪	2	觲&觪	0	觪
觫	0	觫	0	觫
觬	0	觬	0	觬
觭	0	觭	0	觭
觮	1	龣	1	龣
觯	1	觶	3	
觰	0	觰	0	觰
觱	0	觱	0	觱
觲	0	觲	0	觲
觳	0	觳	0	觳
觴	0	觴	0	觴
觵	1	觥	1	觥
觶	0	觶	0	觶
觷	0	觷	0	觷
觸	0	觸	0	觸
觹	1	觿	1	觿
觺	0	觺	0	觺
觻	0	觻	0	觻
觼	0	觼	0	觼
觽	1	觿	1	觿
觾	2	燕&觾	0	觾
觿	0	觿	0	觿
言	0	言	0	言
訂	0	訂	0	訂
訃	0	訃	0	訃
訄	0	訄	0	訄
訅	2	訊&訄&訅	2	訊&訄&訅
訆	1	叫	1	叫
訇	0	訇	0	訇
計	0	計	0	計
訉	0	訉	0	訉
訊	0	訊	0	訊
訋	0	訋	0	訋
訌	0	訌	0	訌
訍	0	訍	0	訍
討	0	討	0	討
訏	0	訏	0	訏
訐	0	訐	0	訐
訑	2	訑&詑&𧩹	0	訑
訒	0	訒	0	訒
訓	0	訓	0	訓
訔	2	誾&訔	0	訔
訕	0	訕	0	訕
訖	0	訖	0	訖
託	2	託&侂	0	託
記	0	記	0	記
訙	3	訊&訉	1	訊
訚	1	誾	3	
訛	0	訛	0	訛
訜	0	訜	0	訜
訝	0	訝	0	訝
訞	0	訞	0	訞
訟	0	訟	0	訟
訠	1	矧	1	矧
訡	1	吟	1	吟
訢	2	欣&訢	0	訢
訣	0	訣	0	訣
訤	3	詉&誵	1	誵
訥	0	訥	0	訥
訦	2	諶&訦	2	諶&訦
訧	0	訧	0	訧
訨	2	詩&訨&䛗	2	詩&訨
訩	2	訩&詾	1	詾
訪	0	訪	0	訪
訫	1	信	1	信
訬	0	訬	0	訬
設	0	設	0	設
訮	0	訮	0	訮
訯	1	䛀	1	䛀
訰	0	訰	0	訰
許	0	許	0	許
訲	2	𠶷&訲	1	𠶷
訳	1	譯	3	
訴	0	訴	0	訴
訵	0	訵	0	訵
訶	0	訶	0	訶
訷	0	訷	0	訷
訸	2	和&訸	0	訸
訹	0	訹	0	訹
診	0	診	0	診
註	0	註	0	註
証	2	証&證	2	証&證
訽	1	詬	1	詬
訾	0	訾	0	訾
訿	2	訿&訾	1	訾
詀	0	詀	0	詀
詁	0	詁	0	詁
詂	0	詂	0	詂
詃	0	詃	0	詃
詄	0	詄	0	詄
詅	0	詅	0	詅
詆	0	詆	0	詆
詇	0	詇	0	詇
詈	0	詈	0	詈
詉	0	詉	0	詉
詊	0	詊	0	詊
詋	1	咒	1	咒
詌	2	咁&詌	0	詌
詍	0	詍	0	詍
詎	0	詎	0	詎
詏	0	詏	0	詏
詐	0	詐	0	詐
詑	0	詑	0	詑
詒	0	詒	0	詒
詓	2	呿&詓	0	詓
詔	0	詔	0	詔
評	0	評	0	評
詖	0	詖	0	詖
詗	0	詗	0	詗
詘	0	詘	0	詘
詙	0	詙	0	詙
詚	0	詚	0	詚
詛	0	詛	0	詛
詜	0	詜	0	詜
詝	2	詝&㤖	1	㤖
詞	0	詞	0	詞
詟	1	讋	1	讋
詠	0	詠	0	詠
詡	0	詡	0	詡
詢	0	詢	0	詢
詣	0	詣	0	詣
詤	2	N00025&詤	1	N00025
詥	0	詥	0	詥
試	0	試	0	試
詧	2	詧&察&𧫕	3	察&𧫕
詨	0	詨	0	詨
詩	0	詩	0	詩
詪	0	詪	0	詪
詫	0	詫	0	詫
詬	0	詬	0	詬
詭	0	詭	0	詭
詮	0	詮	0	詮
詯	0	詯	0	詯
詰	0	詰	0	詰
話	0	話	0	話
該	0	該	0	該
詳	0	詳	0	詳
詴	0	詴	0	詴
詵	0	詵	0	詵
詶	2	咒&酬&詶	0	詶
詷	0	詷	0	詷
詸	1	謎	1	謎
詹	0	詹	0	詹
詺	2	詔&銘&詺	0	詺
詻	0	詻	0	詻
詼	0	詼	0	詼
詽	1	訮	1	訮
詾	0	詾	0	詾
詿	0	詿	0	詿
誀	2	恥&誀	2	恥&誀
誁	0	誁	0	誁
誂	0	誂	0	誂
誃	0	誃	0	誃
誄	0	誄	0	誄
誅	0	誅	0	誅
誆	0	誆	0	誆
誇	0	誇	0	誇
誈	1	誣	1	誣
誉	1	譽	1	譽
誊	1	謄	1	謄
誋	2	忌&誋	0	誋
誌	0	誌	0	誌
認	0	認	0	認
誎	0	誎	0	誎
誏	2	朗&讓&誏	0	誏
誐	0	誐	0	誐
誑	0	誑	0	誑
誒	0	誒	0	誒
誓	0	誓	0	誓
誔	2	誕&誔	0	誔
誕	0	誕	0	誕
誖	2	悖&誖	0	誖
誗	0	誗	0	誗
誘	0	誘	0	誘
誙	0	誙	0	誙
誚	0	誚	0	誚
誛	0	誛	0	誛
誜	0	誜	0	誜
誝	1	𧫥	1	𧫥
語	0	語	0	語
誟	1	詨	1	詨
誠	0	誠	0	誠
誡	0	誡	0	誡
誢	0	誢	0	誢
誣	0	誣	0	誣
誤	0	誤	0	誤
誥	0	誥	0	誥
誦	0	誦	0	誦
誧	0	誧	0	誧
誨	0	誨	0	誨
誩	2	競&誩	2	競&誩
說	0	說	0	說
誫	2	震&誫	0	誫
説	1	說	1	說
読	1	讀	1	讀
誯	1	唱	1	唱
誰	0	誰	0	誰
誱	0	誱	0	誱
課	0	課	0	課
誳	2	誳&倔&詘	3	倔&詘
誴	0	誴	0	誴
誵	0	誵	0	誵
誶	0	誶	0	誶
誷	0	誷	0	誷
誸	0	誸	0	誸
誹	0	誹	0	誹
誺	0	誺	0	誺
誻	0	誻	0	誻
誼	0	誼	0	誼
誽	0	誽	0	誽
誾	0	誾	0	誾
調	0	調	0	調
諀	0	諀	0	諀
諁	1	啜	1	啜
諂	0	諂	0	諂
諃	0	諃	0	諃
諄	0	諄	0	諄
諅	2	諆&諅	0	諅
諆	0	諆	0	諆
談	0	談	0	談
諈	0	諈	0	諈
諉	0	諉	0	諉
諊	3	𥷚&鞫	1	鞫
請	0	請	0	請
諌	2	諫&諌	1	諫
諍	0	諍	0	諍
諎	2	唶&諎	0	諎
諏	0	諏	0	諏
諐	1	愆	1	愆
諑	0	諑	0	諑
諒	0	諒	0	諒
諓	0	諓	0	諓
諔	0	諔	0	諔
諕	0	諕	0	諕
論	0	論	0	論
諗	2	諗&𩐭	0	諗
諘	0	諘	0	諘
諙	2	話&諙&譮	2	話&諙&譮
諛	0	諛	0	諛
諜	0	諜	0	諜
諝	0	諝	0	諝
諞	0	諞	0	諞
諟	2	諦&諟	0	諟
諠	0	諠	0	諠
諡	0	諡	0	諡
諢	0	諢	0	諢
諣	0	諣	0	諣
諤	0	諤	0	諤
諥	2	諥&𧬤	0	諥
諦	0	諦	0	諦
諧	0	諧	0	諧
諨	0	諨	0	諨
諩	1	譜	1	譜
諪	0	諪	0	諪
諫	0	諫	0	諫
諬	1	啟	1	啟
諭	0	諭	0	諭
諮	2	咨&諮	0	諮
諯	0	諯	0	諯
諰	0	諰	0	諰
諱	0	諱	0	諱
諲	0	諲	0	諲
諳	0	諳	0	諳
諴	0	諴	0	諴
諵	2	喃&諵	2	喃&諵
諶	0	諶	0	諶
諷	0	諷	0	諷
諸	0	諸	0	諸
諹	0	諹	0	諹
諺	0	諺	0	諺
諻	0	諻	0	諻
諼	0	諼	0	諼
諽	2	革&諽	0	諽
諾	0	諾	0	諾
諿	0	諿	0	諿
謀	0	謀	0	謀
謁	0	謁	0	謁
謂	0	謂	0	謂
謄	0	謄	0	謄
謅	0	謅	0	謅
謆	0	謆	0	謆
謇	0	謇	0	謇
謈	0	謈	0	謈
謉	2	愧&詭&媿&謉	0	謉
謊	0	謊	0	謊
謋	0	謋	0	謋
謌	1	歌	1	歌
謍	0	謍	0	謍
謎	0	謎	0	謎
謏	0	謏	0	謏
謐	0	謐	0	謐
謑	0	謑	0	謑
謒	0	謒	0	謒
謓	2	嗔&謓	0	謓
謔	0	謔	0	謔
謕	2	啼&謕	0	謕
謖	0	謖	0	謖
謗	0	謗	0	謗
謘	0	謘	0	謘
謙	0	謙	0	謙
謚	2	諡&謚	0	謚
講	0	講	0	講
謜	0	謜	0	謜
謝	0	謝	0	謝
謞	2	謞&詨	2	謞&詨
謟	2	諂&慆&謟	2	諂&慆&謟
謠	0	謠	0	謠
謡	1	謠	1	謠
謢	1	護	1	護
謣	0	謣	0	謣
謤	0	謤	0	謤
謥	1	𧩪	1	𧩪
謦	0	謦	0	謦
謧	0	謧	0	謧
謨	0	謨	0	謨
謩	1	謨	1	謨
謪	2	商&謪	1	商
謫	0	謫	0	謫
謬	0	謬	0	謬
謭	2	謭&譾	1	譾
謮	2	嘖&謮	2	嘖&謮
謯	0	謯	0	謯
謰	0	謰	0	謰
謱	0	謱	0	謱
謲	2	譟&謲	0	謲
謳	0	謳	0	謳
謴	2	謴&䜇&𧬪	3	䜇&𧬪
謵	0	謵	0	謵
謶	0	謶	0	謶
謷	2	謷&謸	0	謷
謸	2	謷&謸	1	謷
謹	0	謹	0	謹
謺	0	謺	0	謺
謻	2	誃&謻	0	謻
謼	0	謼	0	謼
謽	0	謽	0	謽
謾	0	謾	0	謾
謿	1	嘲	1	嘲
譀	0	譀	0	譀
譁	0	譁	0	譁
譂	2	憚&譂	0	譂
譃	1	謣	1	謣
譄	0	譄	0	譄
譅	0	譅	0	譅
譆	0	譆	0	譆
譇	0	譇	0	譇
譈	2	憝&譈	0	譈
證	0	證	0	證
譊	0	譊	0	譊
譋	2	譋&讕	1	讕
譌	3	訛&詭	3	訛&詭
譍	2	譍&應	1	應
譎	0	譎	0	譎
譏	0	譏	0	譏
譐	2	噂&譐	1	噂
譑	0	譑	0	譑
譒	2	播&譒	2	播&譒
譓	0	譓	0	譓
譔	0	譔	0	譔
譕	0	譕	0	譕
譖	0	譖	0	譖
譗	2	答&譗	0	譗
識	2	誌&識	0	識
譙	0	譙	0	譙
譚	0	譚	0	譚
譛	1	譖	1	譖
譜	0	譜	0	譜
譝	0	譝	0	譝
譞	2	讂&譞	0	譞
譟	2	噪&譟	2	噪&譟
譠	0	譠	0	譠
譡	1	讜	1	讜
譢	2	誶&譢	1	誶
譣	0	譣	0	譣
譤	2	譥&譤	1	譥
譥	0	譥	0	譥
警	0	警	0	警
譧	2	詀&譧	2	詀&譧
譨	0	譨	0	譨
譩	2	噫&譩	2	噫&譩
譪	2	藹&譪	1	藹
譫	2	詹&譫	0	譫
譬	0	譬	0	譬
譭	0	譭	0	譭
譮	2	話&譮	2	話&譮
譯	0	譯	0	譯
議	0	議	0	議
譱	1	善	1	善
譲	1	讓	3	
譳	0	譳	0	譳
譴	0	譴	0	譴
譵	1	懟	1	懟
譶	0	譶	0	譶
護	0	護	0	護
譸	0	譸	0	譸
譹	2	諕&譹	0	譹
譺	0	譺	0	譺
譻	2	嚶&譻	0	譻
譼	1	監	1	監
譽	0	譽	0	譽
譾	0	譾	0	譾
譿	2	慧&譓&譿	1	慧
讀	0	讀	0	讀
讁	1	謫	1	謫
讂	0	讂	0	讂
讃	1	讚	1	讚
讄	2	誄&讄	0	讄
讅	2	審&諗&讅	0	讅
讆	0	讆	0	讆
讇	2	讇&諂	1	諂
讈	0	讈	0	讈
讉	0	讉	0	讉
變	0	變	0	變
讋	0	讋	0	讋
讌	0	讌	0	讌
讍	1	諤	1	諤
讎	0	讎	0	讎
讏	1	㦣	3	
讐	1	讎	1	讎
讑	0	讑	0	讑
讒	0	讒	0	讒
讓	0	讓	0	讓
讔	0	讔	0	讔
讕	0	讕	0	讕
讖	0	讖	0	讖
讗	0	讗	0	讗
讘	0	讘	0	讘
讙	0	讙	0	讙
讚	0	讚	0	讚
讜	0	讜	0	讜
讝	0	讝	0	讝
讞	0	讞	0	讞
讟	0	讟	0	讟
计	1	計	1	計
订	1	訂	1	訂
讣	1	訃	1	訃
认	1	認	1	認
讥	1	譏	1	譏
讦	1	訐	1	訐
讧	1	訌	1	訌
讨	1	討	1	討
让	1	讓	1	讓
讪	1	訕	1	訕
讫	1	訖	1	訖
讬	1	託	3	
训	1	訓	1	訓
议	1	議	3	
讯	1	訊	1	訊
记	1	記	1	記
讱	1	訒	3	
讲	1	講	1	講
讳	1	諱	1	諱
讴	1	謳	1	謳
讵	1	詎	1	詎
讶	1	訝	1	訝
讷	1	訥	1	訥
许	1	許	1	許
讹	1	訛	1	訛
论	1	論	1	論
讻	1	訩	3	
讼	1	訟	1	訟
讽	1	諷	1	諷
设	1	設	1	設
访	1	訪	1	訪
诀	1	訣	1	訣
证	1	證	1	證
诂	1	詁	1	詁
诃	1	訶	1	訶
评	1	評	1	評
诅	1	詛	1	詛
识	1	識	1	識
诇	1	詗	1	詗
诈	1	詐	1	詐
诉	1	訴	3	
诊	1	診	1	診
诋	1	詆	1	詆
诌	1	謅	1	謅
词	1	詞	1	詞
诎	1	詘	1	詘
诏	1	詔	1	詔
诐	1	詖	3	
译	1	譯	1	譯
诒	1	詒	3	
诓	1	誆	1	誆
诔	1	誄	1	誄
试	1	試	1	試
诖	1	詿	1	詿
诗	1	詩	1	詩
诘	1	詰	1	詰
诙	1	詼	1	詼
诚	1	誠	1	誠
诛	1	誅	1	誅
诜	1	詵	3	
话	1	話	1	話
诞	1	誕	1	誕
诟	1	詬	1	詬
诠	1	詮	1	詮
诡	1	詭	1	詭
询	1	詢	1	詢
诣	1	詣	1	詣
诤	1	諍	1	諍
该	1	該	1	該
详	1	詳	1	詳
诧	1	詫	1	詫
诨	1	諢	1	諢
诩	1	詡	1	詡
诪	1	譸	3	
诫	1	誡	1	誡
诬	1	誣	1	誣
语	1	語	1	語
诮	1	誚	1	誚
误	1	誤	1	誤
诰	1	誥	1	誥
诱	1	誘	1	誘
诲	1	誨	1	誨
诳	1	誑	1	誑
说	1	說	1	說
诵	1	誦	1	誦
诶	1	誒	1	誒
请	1	請	1	請
诸	1	諸	1	諸
诹	1	諏	1	諏
诺	1	諾	1	諾
读	1	讀	1	讀
诼	1	諑	1	諑
诽	1	誹	3	
课	1	課	1	課
诿	1	諉	1	諉
谀	1	諛	3	
谁	1	誰	1	誰
谂	1	諗	3	
调	1	調	1	調
谄	1	諂	1	諂
谅	1	諒	1	諒
谆	1	諄	1	諄
谇	1	誶	1	誶
谈	1	談	1	談
谉	1	讅	3	
谊	1	誼	1	誼
谋	1	謀	1	謀
谌	1	諶	1	諶
谍	1	諜	1	諜
谎	1	謊	1	謊
谏	1	諫	1	諫
谐	1	諧	1	諧
谑	1	謔	1	謔
谒	1	謁	1	謁
谓	1	謂	1	謂
谔	1	諤	1	諤
谕	1	諭	1	諭
谖	1	諼	1	諼
谗	1	讒	1	讒
谘	1	諮	1	諮
谙	1	諳	1	諳
谚	1	諺	1	諺
谛	1	諦	1	諦
谜	1	謎	1	謎
谝	1	諞	1	諞
谞	1	諝	3	
谟	1	謨	1	謨
谠	1	讜	1	讜
谡	1	謖	1	謖
谢	1	謝	1	謝
谣	1	謠	1	謠
谤	1	謗	1	謗
谥	3	諡&謚	1	謚
谦	1	謙	1	謙
谧	1	謐	1	謐
谨	1	謹	1	謹
谩	1	謾	1	謾
谪	1	謫	1	謫
谫	1	譾	3	
谬	1	謬	1	謬
谭	1	譚	1	譚
谮	1	譖	1	譖
谯	1	譙	1	譙
谰	1	讕	1	讕
谱	1	譜	1	譜
谲	1	譎	1	譎
谳	1	讞	1	讞
谴	1	譴	1	譴
谵	1	譫	1	譫
谶	1	讖	1	讖
谷	2	穀&谷&𧮫	2	穀&谷
谸	2	阡&芊&谸	2	阡&芊&谸
谹	0	谹	0	谹
谺	2	谺&岈	1	岈
谻	0	谻	0	谻
谼	0	谼	0	谼
谽	0	谽	0	谽
谾	0	谾	0	谾
谿	2	溪&谿	0	谿
豀	1	谿	1	谿
豁	0	豁	0	豁
豂	0	豂	0	豂
豃	0	豃	0	豃
豄	1	𨽍	1	𨽍
豅	0	豅	0	豅
豆	2	豆&頭	0	豆
豇	0	豇	0	豇
豈	0	豈	0	豈
豉	0	豉	0	豉
豊	2	禮&豐&豊	0	豊
豋	0	豋	0	豋
豌	0	豌	0	豌
豍	0	豍	0	豍
豎	0	豎	0	豎
豏	0	豏	0	豏
豐	0	豐	0	豐
豑	2	豑&秩	1	秩
豒	1	豑	3	
豓	1	豔	1	豔
豔	0	豔	0	豔
豕	0	豕	0	豕
豖	0	豖	0	豖
豗	0	豗	0	豗
豘	2	豘&豚	1	豚
豙	1	𧱏	1	𧱏
豚	2	豚&䐁	0	豚
豛	0	豛	0	豛
豜	0	豜	0	豜
豝	0	豝	0	豝
豞	0	豞	0	豞
豟	0	豟	0	豟
豠	0	豠	0	豠
象	0	象	0	象
豢	0	豢	0	豢
豣	1	豜	1	豜
豤	0	豤	0	豤
豥	0	豥	0	豥
豦	0	豦	0	豦
豧	0	豧	0	豧
豨	0	豨	0	豨
豩	0	豩	0	豩
豪	0	豪	0	豪
豫	0	豫	0	豫
豬	0	豬	0	豬
豭	0	豭	0	豭
豮	1	豶	1	豶
豯	0	豯	0	豯
豰	0	豰	0	豰
豱	0	豱	0	豱
豲	0	豲	0	豲
豳	2	豳&邠	0	豳
豴	1	蹢	1	蹢
豵	0	豵	0	豵
豶	0	豶	0	豶
豷	0	豷	0	豷
豸	0	豸	0	豸
豹	0	豹	0	豹
豺	0	豺	0	豺
豻	0	豻	0	豻
豼	1	貔	1	貔
豽	2	豽&貀	2	豽&貀
豾	1	狉	1	狉
豿	2	狗&豿	0	豿
貀	0	貀	0	貀
貁	2	狖&貁	0	貁
貂	0	貂	0	貂
貃	1	貊	1	貊
貄	2	貄&𧳙	1	𧳙
貅	0	貅	0	貅
貆	0	貆	0	貆
貇	2	懇&貌&豤&貇	2	懇&貌&豤&貇
貈	2	貈&貉	1	貉
貉	2	貊&貉	0	貉
貊	0	貊	0	貊
貋	1	豻	1	豻
貌	0	貌	0	貌
貍	2	狸&貍	0	貍
貎	1	猊	1	猊
貏	0	貏	0	貏
貐	0	貐	0	貐
貑	0	貑	0	貑
貒	0	貒	0	貒
貓	0	貓	0	貓
貔	0	貔	0	貔
貕	0	貕	0	貕
貖	1	𪕶	1	𪕶
貗	0	貗	0	貗
貘	0	貘	0	貘
貙	0	貙	0	貙
貚	0	貚	0	貚
貛	2	貛&獾	1	獾
貜	2	玃&貜	0	貜
貝	0	貝	0	貝
貞	0	貞	0	貞
貟	1	員	1	員
負	0	負	0	負
財	0	財	0	財
貢	0	貢	0	貢
貣	0	貣	0	貣
貤	0	貤	0	貤
貥	2	魧&貥	2	魧&貥
貦	1	玩	1	玩
貧	0	貧	0	貧
貨	0	貨	0	貨
販	0	販	0	販
貪	0	貪	0	貪
貫	0	貫	0	貫
責	0	責	0	責
貭	1	質	1	質
貮	1	貳	1	貳
貯	0	貯	0	貯
貰	0	貰	0	貰
貱	0	貱	0	貱
貲	0	貲	0	貲
貳	2	二&貳	0	貳
貴	0	貴	0	貴
貵	0	貵	0	貵
貶	0	貶	0	貶
買	0	買	0	買
貸	0	貸	0	貸
貹	0	貹	0	貹
貺	0	貺	0	貺
費	0	費	0	費
貼	0	貼	0	貼
貽	0	貽	0	貽
貾	0	貾	0	貾
貿	0	貿	0	貿
賀	0	賀	0	賀
賁	0	賁	0	賁
賂	0	賂	0	賂
賃	0	賃	0	賃
賄	0	賄	0	賄
賅	0	賅	0	賅
賆	0	賆	0	賆
資	0	資	0	資
賈	0	賈	0	賈
賉	1	卹	1	卹
賊	0	賊	0	賊
賋	2	皎&賋	1	皎
賌	2	賅&賌	1	賅
賍	1	贓	1	贓
賎	1	賤	1	賤
賏	0	賏	0	賏
賐	3	𧸩&䞊	1	䞊
賑	0	賑	0	賑
賒	0	賒	0	賒
賓	0	賓	0	賓
賔	1	賓	1	賓
賕	0	賕	0	賕
賖	1	賒	1	賒
賗	0	賗	0	賗
賘	1	贓	3	
賙	0	賙	0	賙
賚	0	賚	0	賚
賛	1	贊	1	贊
賜	0	賜	0	賜
賝	2	琛&賝	0	賝
賞	0	賞	0	賞
賟	0	賟	0	賟
賠	0	賠	0	賠
賡	2	續&賡	0	賡
賢	0	賢	0	賢
賣	2	賣&𧶠	0	賣
賤	0	賤	0	賤
賥	0	賥	0	賥
賦	0	賦	0	賦
賧	2	贆&賧	0	賧
賨	0	賨	0	賨
賩	1	賨	1	賨
質	0	質	0	質
賫	1	齎	1	齎
賬	0	賬	0	賬
賭	0	賭	0	賭
賮	0	賮	0	賮
賯	1	𧵣	1	𧵣
賰	0	賰	0	賰
賱	0	賱	0	賱
賲	0	賲	0	賲
賳	0	賳	0	賳
賴	0	賴	0	賴
賵	0	賵	0	賵
賶	0	賶	0	賶
賷	1	齎	1	齎
賸	2	剩&賸	0	賸
賹	0	賹	0	賹
賺	0	賺	0	賺
賻	0	賻	0	賻
購	0	購	0	購
賽	0	賽	0	賽
賾	0	賾	0	賾
賿	0	賿	0	賿
贀	0	贀	0	贀
贁	1	敗	1	敗
贂	0	贂	0	贂
贃	0	贃	0	贃
贄	0	贄	0	贄
贅	0	贅	0	贅
贆	0	贆	0	贆
贇	0	贇	0	贇
贈	0	贈	0	贈
贉	0	贉	0	贉
贊	0	贊	0	贊
贋	1	贗	1	贗
贍	0	贍	0	贍
贎	0	贎	0	贎
贏	0	贏	0	贏
贐	2	賮&贐	0	贐
贑	3	贛&灨	1	贛
贒	1	賢	1	賢
贓	0	贓	0	贓
贔	0	贔	0	贔
贕	0	贕	0	贕
贖	0	贖	0	贖
贗	0	贗	0	贗
贙	0	贙	0	贙
贚	0	贚	0	贚
贛	0	贛	0	贛
贜	1	贓	1	贓
贝	1	貝	1	貝
贞	1	貞	1	貞
负	1	負	1	負
贠	1	員	3	
贡	1	貢	1	貢
财	1	財	1	財
责	1	責	1	責
贤	1	賢	1	賢
败	1	敗	1	敗
账	1	賬	1	賬
货	1	貨	1	貨
质	1	質	1	質
贩	1	販	3	
贪	1	貪	3	
贫	1	貧	1	貧
贬	1	貶	1	貶
购	1	購	1	購
贮	1	貯	1	貯
贯	1	貫	1	貫
贰	1	貳	1	貳
贱	1	賤	1	賤
贲	1	賁	1	賁
贳	1	貰	1	貰
贴	1	貼	1	貼
贵	1	貴	1	貴
贶	1	貺	1	貺
贷	1	貸	1	貸
贸	1	貿	1	貿
费	1	費	1	費
贺	1	賀	1	賀
贻	1	貽	1	貽
贼	1	賊	1	賊
贽	1	贄	1	贄
贾	1	賈	1	賈
贿	1	賄	3	
赀	1	貲	3	
赁	1	賃	1	賃
赂	1	賂	1	賂
赃	1	贓	1	贓
资	1	資	1	資
赅	1	賅	1	賅
赆	1	贐	1	贐
赇	1	賕	3	
赈	1	賑	1	賑
赉	1	賚	1	賚
赊	1	賒	1	賒
赋	1	賦	1	賦
赌	1	賭	1	賭
赍	1	齎	3	
赎	1	贖	1	贖
赏	1	賞	1	賞
赐	1	賜	1	賜
赑	1	贔	3	
赒	1	賙	1	賙
赓	1	賡	1	賡
赔	1	賠	1	賠
赕	1	賧	3	
赖	1	賴	1	賴
赗	1	賵	1	賵
赘	1	贅	1	贅
赙	1	賻	1	賻
赚	1	賺	1	賺
赛	1	賽	1	賽
赜	1	賾	1	賾
赝	1	贗	1	贗
赞	3	讚&贊	1	贊
赟	1	贇	3	
赠	1	贈	1	贈
赡	1	贍	3	
赢	1	贏	1	贏
赣	1	贛	1	贛
赤	0	赤	0	赤
赥	0	赥	0	赥
赦	0	赦	0	赦
赧	0	赧	0	赧
赨	0	赨	0	赨
赩	0	赩	0	赩
赪	1	赬	3	
赫	0	赫	0	赫
赬	0	赬	0	赬
赭	0	赭	0	赭
赮	2	霞&赮	2	霞&赮
赯	0	赯	0	赯
走	0	走	0	走
赱	1	走	1	走
赲	0	赲	0	赲
赳	0	赳	0	赳
赴	0	赴	0	赴
赵	1	趙	1	趙
赶	2	趕&赶	1	趕
起	0	起	0	起
赸	0	赸	0	赸
赹	0	赹	0	赹
赺	2	趛&赺	2	趛&赺
赻	2	尟&赻	2	尟&赻
赼	1	趑	1	趑
赽	0	赽	0	赽
赾	0	赾	0	赾
赿	1	遲	1	遲
趀	0	趀	0	趀
趁	0	趁	0	趁
趂	1	趁	1	趁
趃	2	跌&趃	2	跌&趃
趄	0	趄	0	趄
超	0	超	0	超
趆	0	趆	0	趆
趇	0	趇	0	趇
趈	0	趈	0	趈
趉	0	趉	0	趉
越	0	越	0	越
趋	1	趨	1	趨
趌	0	趌	0	趌
趍	2	趨&趍	2	趨&趍
趎	0	趎	0	趎
趏	0	趏	0	趏
趐	0	趐	0	趐
趑	0	趑	0	趑
趒	2	跳&趒	2	跳&趒
趓	2	躲&趓	0	趓
趔	0	趔	0	趔
趕	0	趕	0	趕
趖	0	趖	0	趖
趗	2	促&趗	2	促&趗
趘	0	趘	0	趘
趙	0	趙	0	趙
趚	2	𧻕&趚	2	𧻕&趚
趛	0	趛	0	趛
趜	0	趜	0	趜
趝	0	趝	0	趝
趞	2	趞&踖	1	踖
趟	0	趟	0	趟
趠	0	趠	0	趠
趡	0	趡	0	趡
趢	0	趢	0	趢
趣	0	趣	0	趣
趤	0	趤	0	趤
趥	0	趥	0	趥
趦	0	趦	0	趦
趧	0	趧	0	趧
趨	2	趣&趨	0	趨
趩	0	趩	0	趩
趪	0	趪	0	趪
趫	0	趫	0	趫
趬	0	趬	0	趬
趭	0	趭	0	趭
趮	0	趮	0	趮
趯	0	趯	0	趯
趰	1	邇	3	
趱	1	趲	1	趲
趲	0	趲	0	趲
足	0	足	0	足
趴	0	趴	0	趴
趵	0	趵	0	趵
趶	2	胯&趶	2	胯&趶
趷	0	趷	0	趷
趸	1	躉	1	躉
趹	0	趹	0	趹
趺	2	趺&跗	0	趺
趻	0	趻	0	趻
趼	0	趼	0	趼
趽	0	趽	0	趽
趾	0	趾	0	趾
趿	0	趿	0	趿
跀	1	刖	1	刖
跁	0	跁	0	跁
跂	0	跂	0	跂
跃	1	躍	1	躍
跄	1	蹌	1	蹌
跅	0	跅	0	跅
跆	0	跆	0	跆
跇	0	跇	0	跇
跈	2	趁&跈	0	跈
跉	0	跉	0	跉
跊	2	跊&𧿴	2	跊&𧿴
跋	0	跋	0	跋
跌	0	跌	0	跌
跍	0	跍	0	跍
跎	0	跎	0	跎
跏	0	跏	0	跏
跐	0	跐	0	跐
跑	0	跑	0	跑
跒	0	跒	0	跒
跓	0	跓	0	跓
跔	2	跔&䞤	1	䞤
跕	0	跕	0	跕
跖	2	跖&蹠	1	蹠
跗	0	跗	0	跗
跘	0	跘	0	跘
跙	0	跙	0	跙
跚	0	跚	0	跚
跛	0	跛	0	跛
跜	0	跜	0	跜
距	0	距	0	距
跞	1	躒	3	
跟	0	跟	0	跟
跠	2	夷&跠	0	跠
跡	0	跡	0	跡
跢	0	跢	0	跢
跣	0	跣	0	跣
跤	2	跤&骹	2	跤&骹
跥	1	跺	1	跺
跦	0	跦	0	跦
跧	0	跧	0	跧
跨	0	跨	0	跨
跩	0	跩	0	跩
跪	0	跪	0	跪
跫	0	跫	0	跫
跬	0	跬	0	跬
跭	0	跭	0	跭
跮	0	跮	0	跮
路	0	路	0	路
跰	0	跰	0	跰
跱	0	跱	0	跱
跲	0	跲	0	跲
跳	0	跳	0	跳
跴	0	跴	0	跴
践	1	踐	1	踐
跶	1	躂	3	
跷	1	蹺	1	蹺
跸	1	蹕	1	蹕
跹	1	躚	3	
跺	0	跺	0	跺
跻	1	躋	3	
跼	0	跼	0	跼
跽	0	跽	0	跽
跾	0	跾	0	跾
跿	0	跿	0	跿
踀	2	踀&𪘏	2	踀&𪘏
踁	1	脛	1	脛
踂	0	踂	0	踂
踃	0	踃	0	踃
踄	0	踄	0	踄
踅	0	踅	0	踅
踆	0	踆	0	踆
踇	0	踇	0	踇
踈	1	疏	1	疏
踉	0	踉	0	踉
踊	2	踴&踊	1	踴
踋	1	腳	1	腳
踌	1	躊	1	躊
踍	2	踍&骹	0	踍
踏	0	踏	0	踏
踐	0	踐	0	踐
踑	2	基&踑	0	踑
踒	0	踒	0	踒
踓	0	踓	0	踓
踔	0	踔	0	踔
踕	0	踕	0	踕
踖	0	踖	0	踖
踗	0	踗	0	踗
踘	0	踘	0	踘
踙	2	踂&踙	1	踂
踚	0	踚	0	踚
踛	0	踛	0	踛
踜	2	𣥻&踜	2	𣥻&踜
踝	0	踝	0	踝
踞	0	踞	0	踞
踟	0	踟	0	踟
踠	0	踠	0	踠
踡	0	踡	0	踡
踢	0	踢	0	踢
踣	0	踣	0	踣
踤	0	踤	0	踤
踥	0	踥	0	踥
踦	0	踦	0	踦
踧	0	踧	0	踧
踨	1	蹤	1	蹤
踩	0	踩	0	踩
踪	1	蹤	1	蹤
踫	2	碰&踫&𨂝	2	碰&踫&𨂝
踬	1	躓	3	
踮	0	踮	0	踮
踯	1	躑	1	躑
踰	2	逾&踰	0	踰
踱	0	踱	0	踱
踲	3	蹐&遯	1	遯
踳	2	舛&踳	0	踳
踴	2	踴&踊	0	踴
踵	0	踵	0	踵
踶	0	踶	0	踶
踷	0	踷	0	踷
踸	0	踸	0	踸
踹	0	踹	0	踹
踺	0	踺	0	踺
踻	2	𧿼&踻	0	踻
踼	2	踢&踼	0	踼
踽	0	踽	0	踽
踾	0	踾	0	踾
踿	0	踿	0	踿
蹀	0	蹀	0	蹀
蹁	0	蹁	0	蹁
蹂	0	蹂	0	蹂
蹃	0	蹃	0	蹃
蹄	0	蹄	0	蹄
蹅	0	蹅	0	蹅
蹆	1	腿	1	腿
蹇	0	蹇	0	蹇
蹈	0	蹈	0	蹈
蹉	0	蹉	0	蹉
蹊	0	蹊	0	蹊
蹋	2	踏&蹋	2	踏&蹋
蹌	0	蹌	0	蹌
蹍	0	蹍	0	蹍
蹎	0	蹎	0	蹎
蹏	1	蹄	1	蹄
蹐	0	蹐	0	蹐
蹑	1	躡	1	躡
蹒	1	蹣	1	蹣
蹓	0	蹓	0	蹓
蹔	2	暫&蹔	0	蹔
蹕	0	蹕	0	蹕
蹖	0	蹖	0	蹖
蹗	0	蹗	0	蹗
蹘	0	蹘	0	蹘
蹙	0	蹙	0	蹙
蹚	2	踼&蹚&䟫	0	蹚
蹛	0	蹛	0	蹛
蹜	0	蹜	0	蹜
蹝	0	蹝	0	蹝
蹞	2	跬&蹞	1	跬
蹟	2	跡&蹟	2	跡&蹟
蹠	0	蹠	0	蹠
蹡	0	蹡	0	蹡
蹢	2	躑&蹢	0	蹢
蹣	0	蹣	0	蹣
蹤	0	蹤	0	蹤
蹥	0	蹥	0	蹥
蹦	0	蹦	0	蹦
蹧	0	蹧	0	蹧
蹨	0	蹨	0	蹨
蹩	0	蹩	0	蹩
蹪	0	蹪	0	蹪
蹫	0	蹫	0	蹫
蹬	0	蹬	0	蹬
蹭	0	蹭	0	蹭
蹮	2	蹮&躚	1	躚
蹯	0	蹯	0	蹯
蹰	1	躕	1	躕
蹱	0	蹱	0	蹱
蹲	2	蹲&壿	0	蹲
蹳	0	蹳	0	蹳
蹴	0	蹴	0	蹴
蹵	1	蹴	1	蹴
蹶	0	蹶	0	蹶
蹷	1	蹶	1	蹶
蹸	0	蹸	0	蹸
蹹	2	蹹&踏&蹋	3	踏&蹋
蹺	2	蹺&趬	0	蹺
蹻	2	蹺&蹻	0	蹻
蹼	0	蹼	0	蹼
蹾	1	蹲	1	蹲
蹿	1	躥	3	
躀	0	躀	3	
躁	2	躁&趮	0	躁
躂	0	躂	0	躂
躃	1	躄	1	躄
躄	0	躄	0	躄
躅	0	躅	0	躅
躆	0	躆	0	躆
躇	0	躇	0	躇
躈	0	躈	0	躈
躉	0	躉	0	躉
躊	0	躊	0	躊
躋	0	躋	0	躋
躌	2	䟼&躌	1	䟼
躍	0	躍	0	躍
躎	2	跈&躎	0	躎
躏	1	躪	1	躪
躐	0	躐	0	躐
躑	2	躑&蹢	0	躑
躒	0	躒	0	躒
躓	0	躓	0	躓
躔	0	躔	0	躔
躕	0	躕	0	躕
躖	0	躖	0	躖
躗	0	躗	0	躗
躘	0	躘	0	躘
躙	1	蹸	1	蹸
躚	0	躚	0	躚
躜	1	躦	3	
躝	0	躝	0	躝
躞	0	躞	0	躞
躟	0	躟	0	躟
躠	0	躠	0	躠
躡	0	躡	0	躡
躢	2	躢&踏&蹋	3	踏&蹋
躣	0	躣	0	躣
躤	0	躤	0	躤
躥	0	躥	0	躥
躦	2	躦&䠡	0	躦
躧	2	躧&蹝	1	蹝
躨	0	躨	0	躨
躩	0	躩	0	躩
躪	0	躪	0	躪
身	0	身	0	身
躬	0	躬	0	躬
躭	2	躭&耽	1	耽
躯	1	軀	1	軀
躰	1	體	1	體
躱	1	躲	1	躲
躲	0	躲	0	躲
躳	2	躳&躬	1	躬
躴	0	躴	0	躴
躶	1	裸	1	裸
躷	3	矮&㢊	1	矮
躸	0	躸	0	躸
躹	1	鞠	1	鞠
躺	0	躺	0	躺
躽	0	躽	0	躽
躿	0	躿	0	躿
軀	0	軀	0	軀
軁	2	軁&僂	1	僂
軂	0	軂	0	軂
軃	3	躲&嚲	3	躲&嚲
軄	1	職	1	職
軆	1	體	1	體
軇	0	軇	0	軇
軉	0	軉	0	軉
車	0	車	0	車
軋	0	軋	0	軋
軌	0	軌	0	軌
軍	0	軍	0	軍
軎	0	軎	0	軎
軏	0	軏	0	軏
軐	0	軐	0	軐
軑	0	軑	0	軑
軒	0	軒	0	軒
軓	2	軌&軓	2	軌&軓
軔	0	軔	0	軔
軕	0	軕	3	
軖	0	軖	0	軖
軗	0	軗	0	軗
軘	0	軘	0	軘
軙	3	陳&軝	3	陳&軝
軚	1	軑	1	軑
軛	0	軛	0	軛
軜	0	軜	0	軜
軝	0	軝	0	軝
軞	0	軞	0	軞
軟	0	軟	0	軟
軠	2	𨌂&軖&軠	2	軖&軠
軡	0	軡	0	軡
転	1	轉	1	轉
軣	1	轟	3	
軤	0	軤	0	軤
軥	0	軥	0	軥
軦	0	軦	0	軦
軧	0	軧	0	軧
軨	0	軨	0	軨
軩	0	軩	0	軩
軪	0	軪	0	軪
軫	0	軫	0	軫
軬	0	軬	0	軬
軭	0	軭	0	軭
軮	0	軮	0	軮
軯	0	軯	0	軯
軰	1	輩	1	輩
軱	0	軱	0	軱
軲	0	軲	0	軲
軳	0	軳	0	軳
軴	0	軴	0	軴
軵	0	軵	0	軵
軶	2	軛&軶	1	軛
軷	0	軷	0	軷
軸	0	軸	0	軸
軹	0	軹	0	軹
軺	0	軺	0	軺
軻	0	軻	0	軻
軼	0	軼	0	軼
軽	3	輊&輕	3	輊&輕
軾	0	軾	0	軾
軿	0	軿	0	軿
輀	0	輀	0	輀
輁	0	輁	0	輁
輂	0	輂	0	輂
較	0	較	0	較
輄	2	輄&𨎩	1	𨎩
輅	0	輅	0	輅
輆	0	輆	0	輆
輇	2	輇&輲	0	輇
輈	0	輈	0	輈
載	0	載	0	載
輊	2	輊&輕	0	輊
輋	0	輋	0	輋
輌	1	輛	1	輛
輍	0	輍	0	輍
輎	0	輎	0	輎
輏	1	輶	1	輶
輐	0	輐	0	輐
輑	0	輑	0	輑
輒	0	輒	0	輒
輓	2	挽&輓	0	輓
輔	0	輔	0	輔
輕	0	輕	0	輕
輖	0	輖	0	輖
輗	0	輗	0	輗
輘	0	輘	0	輘
輙	1	輒	1	輒
輚	0	輚	0	輚
輛	0	輛	0	輛
輜	0	輜	0	輜
輝	0	輝	0	輝
輞	0	輞	0	輞
輟	0	輟	0	輟
輠	0	輠	0	輠
輡	2	坎&輡	2	坎&輡
輢	0	輢	0	輢
輣	0	輣	0	輣
輤	0	輤	0	輤
輥	0	輥	0	輥
輦	0	輦	0	輦
輧	1	軿	1	軿
輨	2	輨&轄&錧	3	轄&錧
輩	0	輩	0	輩
輪	0	輪	0	輪
輫	0	輫	0	輫
輬	0	輬	0	輬
輭	2	輭&軟&輀	3	軟&輀
輮	0	輮	0	輮
輯	0	輯	0	輯
輰	0	輰	0	輰
輱	0	輱	0	輱
輲	0	輲	0	輲
輳	0	輳	0	輳
輴	0	輴	0	輴
輵	0	輵	0	輵
輶	0	輶	0	輶
輷	2	轟&輷	0	輷
輸	0	輸	0	輸
輹	0	輹	0	輹
輺	1	輜	1	輜
輻	0	輻	0	輻
輼	1	轀	1	轀
輽	1	軬	1	軬
輾	0	輾	0	輾
輿	0	輿	0	輿
轀	0	轀	0	轀
轁	2	轁&韜	1	韜
轂	0	轂	0	轂
轃	0	轃	0	轃
轄	2	轄&舝	0	轄
轅	0	轅	0	轅
轆	0	轆	0	轆
轇	0	轇	0	轇
轈	0	轈	0	轈
轉	0	轉	0	轉
轊	2	轊&軎	1	軎
轋	2	𨏂&轋	0	轋
轍	0	轍	0	轍
轎	0	轎	0	轎
轏	2	輚&轏	2	輚&轏
轐	0	轐	0	轐
轑	0	轑	0	轑
轒	0	轒	0	轒
轓	0	轓	0	轓
轔	2	轔&轥	0	轔
轕	0	轕	0	轕
轖	0	轖	0	轖
轗	0	轗	0	轗
轘	0	轘	0	轘
轙	0	轙	0	轙
轚	0	轚	0	轚
轛	0	轛	0	轛
轜	3	軟&輀	1	輀
轝	0	轝	0	轝
轞	0	轞	0	轞
轟	0	轟	0	轟
轠	0	轠	0	轠
轡	0	轡	0	轡
轢	0	轢	0	轢
轣	2	轢&轣	0	轣
轤	0	轤	0	轤
轥	2	蹸&轥	0	轥
车	1	車	1	車
轧	1	軋	1	軋
轨	1	軌	1	軌
轩	1	軒	1	軒
轪	1	軑	3	
轫	1	軔	1	軔
转	1	轉	1	轉
轭	1	軛	1	軛
轮	1	輪	1	輪
软	1	軟	1	軟
轰	1	轟	1	轟
轱	1	軲	1	軲
轲	1	軻	1	軻
轳	1	轤	1	轤
轴	1	軸	1	軸
轵	1	軹	3	
轶	1	軼	1	軼
轷	1	軤	1	軤
轸	1	軫	3	
轹	1	轢	1	轢
轺	1	軺	1	軺
轻	1	輕	3	
轼	1	軾	1	軾
载	1	載	1	載
轾	1	輊	1	輊
轿	1	轎	1	轎
辀	1	輈	3	
辁	1	輇	3	
辂	1	輅	1	輅
较	1	較	1	較
辄	1	輒	1	輒
辅	1	輔	1	輔
辆	1	輛	1	輛
辇	1	輦	1	輦
辈	1	輩	1	輩
辉	1	輝	1	輝
辊	1	輥	1	輥
辋	1	輞	1	輞
辌	1	輬	3	
辍	1	輟	1	輟
辎	1	輜	1	輜
辏	1	輳	1	輳
辐	1	輻	1	輻
辑	1	輯	1	輯
辒	1	轀	3	
输	1	輸	3	
辔	1	轡	3	
辕	1	轅	1	轅
辖	1	轄	1	轄
辗	1	輾	3	
辘	1	轆	1	轆
辙	1	轍	1	轍
辚	1	轔	1	轔
辛	0	辛	0	辛
辜	0	辜	0	辜
辝	2	辝&辭	1	辭
辞	1	辭	1	辭
辟	2	辟&闢	2	辟&闢
辠	2	罪&辠	0	辠
辡	2	辯&辡	2	辯&辡
辢	1	辣	1	辣
辣	0	辣	0	辣
辤	1	辭	1	辭
辥	2	薛&辟&辥	2	薛&辟&辥
辦	0	辦	0	辦
辧	1	辨	1	辨
辨	0	辨	0	辨
辩	1	辯	1	辯
辪	1	薛	3	
辫	1	辮	1	辮
辬	2	辬&斑	1	斑
辭	0	辭	0	辭
辮	0	辮	0	辮
辯	0	辯	0	辯
辰	0	辰	0	辰
辱	0	辱	0	辱
農	0	農	0	農
辳	1	農	1	農
辴	0	辴	0	辴
辵	0	辵	0	辵
辸	0	辸	0	辸
边	1	邊	1	邊
辺	1	邊	1	邊
辽	1	遼	1	遼
达	2	達&㒓&达	1	達
辿	0	辿	0	辿
迀	0	迀	0	迀
迁	2	遷&迁	1	遷
迂	0	迂	0	迂
迃	1	迂	1	迂
迄	0	迄	0	迄
迅	0	迅	0	迅
迆	0	迆	0	迆
过	1	過	1	過
迈	1	邁	1	邁
迉	0	迉	0	迉
迊	3	帀&匝&迎	3	匝&迎
迋	0	迋	0	迋
迌	0	迌	0	迌
迍	0	迍	0	迍
迎	0	迎	0	迎
迏	1	达	1	达
运	2	運&运	1	運
近	0	近	0	近
迒	0	迒	0	迒
迓	2	訝&迓	0	迓
返	0	返	0	返
迕	0	迕	0	迕
迖	2	達&迖&达	2	迖&达
迗	0	迗	0	迗
还	3	不&否&塢&浮&還	1	還
这	1	這	1	這
进	1	進	3	
远	1	遠	3	
违	1	違	1	違
连	1	連	1	連
迟	1	遲	1	遲
迠	0	迠	0	迠
迡	2	遲&迡	2	遲&迡
迢	0	迢	0	迢
迣	0	迣	0	迣
迤	0	迤	0	迤
迥	0	迥	0	迥
迦	2	迦&𨔣	2	迦&𨔣
迧	3	徇&陳	3	徇&陳
迨	0	迨	0	迨
迩	1	邇	1	邇
迪	0	迪	0	迪
迫	0	迫	0	迫
迬	1	往	1	往
迭	0	迭	0	迭
迮	0	迮	0	迮
迯	1	逃	1	逃
述	0	述	0	述
迱	1	迤	1	迤
迳	1	逕	3	
迴	0	迴	0	迴
迵	0	迵	0	迵
迶	0	迶	0	迶
迷	0	迷	0	迷
迸	0	迸	0	迸
迹	1	跡	1	跡
迺	0	迺	0	迺
迻	0	迻	0	迻
迼	0	迼	0	迼
追	0	追	0	追
迾	0	迾	0	迾
迿	0	迿	0	迿
退	0	退	0	退
送	0	送	0	送
适	2	適&适	1	適
逃	0	逃	0	逃
逄	2	逢&逄	2	逢&逄
逅	0	逅	0	逅
逆	0	逆	0	逆
逇	0	逇	0	逇
逈	1	迥	1	迥
选	3	迭&選	1	選
逊	1	遜	1	遜
逋	0	逋	0	逋
逌	0	逌	0	逌
逍	0	逍	0	逍
逎	1	遒	1	遒
透	0	透	0	透
逐	0	逐	0	逐
逑	0	逑	0	逑
递	1	遞	1	遞
逓	1	遞	1	遞
途	0	途	0	途
逕	2	徑&逕	0	逕
逖	0	逖	0	逖
逗	0	逗	0	逗
逘	2	俟&逘	2	俟&逘
這	0	這	0	這
通	0	通	0	通
逛	0	逛	0	逛
逜	0	逜	0	逜
逝	0	逝	0	逝
逞	0	逞	0	逞
速	0	速	0	速
造	0	造	0	造
逡	0	逡	0	逡
逢	0	逢	0	逢
連	0	連	0	連
逤	0	逤	0	逤
逥	1	迴	1	迴
逦	1	邐	3	
逨	2	來&徠&逨	2	來&徠&逨
逩	2	奔&逩	1	奔
逪	2	錯&逪	0	逪
逫	0	逫	0	逫
逬	1	迸	1	迸
逭	0	逭	0	逭
逮	0	逮	0	逮
逯	0	逯	0	逯
逰	1	遊	1	遊
週	2	周&週	0	週
進	0	進	0	進
逳	0	逳	0	逳
逴	0	逴	0	逴
逵	0	逵	0	逵
逶	0	逶	0	逶
逷	1	逖	1	逖
逸	0	逸	0	逸
逹	1	達	3	
逺	1	遠	1	遠
逻	1	邏	1	邏
逼	0	逼	0	逼
逽	0	逽	0	逽
逾	0	逾	0	逾
逿	0	逿	0	逿
遀	1	隨	1	隨
遁	2	遁&遯	0	遁
遂	0	遂	0	遂
遃	0	遃	0	遃
遄	0	遄	0	遄
遅	1	遲	1	遲
遆	0	遆	0	遆
遇	0	遇	0	遇
遈	0	遈	0	遈
遉	2	偵&遉	1	偵
遊	0	遊	0	遊
運	0	運	0	運
遌	3	迕&遻	1	遻
遍	0	遍	0	遍
過	0	過	0	過
遏	0	遏	0	遏
遐	0	遐	0	遐
遑	0	遑	0	遑
遒	0	遒	0	遒
道	0	道	0	道
達	0	達	0	達
違	0	違	0	違
遗	1	遺	1	遺
遘	0	遘	0	遘
遙	0	遙	0	遙
遚	0	遚	0	遚
遛	0	遛	0	遛
遜	0	遜	0	遜
遝	0	遝	0	遝
遞	0	遞	0	遞
遟	1	遲	1	遲
遠	0	遠	0	遠
遡	3	溯&泝	3	溯&泝
遢	0	遢	0	遢
遣	0	遣	0	遣
遥	1	遙	1	遙
遦	2	慣&遦	2	慣&遦
遧	0	遧	0	遧
遨	0	遨	0	遨
適	0	適	0	適
遪	0	遪	0	遪
遫	2	速&遫	2	速&遫
遬	1	速	1	速
遭	0	遭	0	遭
遮	0	遮	0	遮
遯	2	遁&遯	0	遯
遰	0	遰	0	遰
遱	0	遱	0	遱
遲	0	遲	0	遲
遳	0	遳	0	遳
遴	0	遴	0	遴
遵	0	遵	0	遵
遶	2	繞&遶	2	繞&遶
遷	0	遷	0	遷
選	0	選	0	選
遹	0	遹	0	遹
遺	0	遺	0	遺
遻	0	遻	0	遻
遼	0	遼	0	遼
遽	0	遽	0	遽
遾	0	遾	0	遾
避	0	避	0	避
邀	0	邀	0	邀
邁	0	邁	0	邁
邂	0	邂	0	邂
邃	0	邃	0	邃
還	0	還	0	還
邅	0	邅	0	邅
邆	2	蹬&邆	2	蹬&邆
邇	0	邇	0	邇
邈	0	邈	0	邈
邉	1	邊	1	邊
邊	0	邊	0	邊
邋	2	躐&邋	2	躐&邋
邌	2	遲&邌	0	邌
邍	0	邍	0	邍
邎	1	𨙂	1	𨙂
邏	0	邏	0	邏
邐	0	邐	0	邐
邑	0	邑	0	邑
邒	0	邒	0	邒
邓	2	鄧&邓	1	鄧
邔	0	邔	0	邔
邕	0	邕	0	邕
邖	0	邖	0	邖
邗	0	邗	0	邗
邘	0	邘	0	邘
邙	0	邙	0	邙
邚	1	𨚴	1	𨚴
邛	0	邛	0	邛
邜	1	卯	3	
邝	1	鄺	1	鄺
邞	0	邞	0	邞
邟	0	邟	3	
邠	0	邠	0	邠
邡	0	邡	0	邡
邢	0	邢	0	邢
那	0	那	0	那
邤	0	邤	0	邤
邥	2	沈&邥	2	沈&邥
邦	0	邦	0	邦
邧	0	邧	0	邧
邨	2	邨&村	1	村
邩	0	邩	0	邩
邪	0	邪	0	邪
邫	1	邦	1	邦
邬	1	鄔	1	鄔
邭	0	邭	0	邭
邮	2	郵&邮	1	郵
邯	0	邯	0	邯
邰	0	邰	0	邰
邱	2	邸&邱	0	邱
邲	0	邲	0	邲
邳	0	邳	0	邳
邴	0	邴	0	邴
邵	0	邵	0	邵
邶	0	邶	0	邶
邷	0	邷	0	邷
邸	0	邸	0	邸
邹	1	鄒	1	鄒
邺	3	邱&鄴	1	鄴
邻	1	鄰	1	鄰
邼	0	邼	0	邼
邽	2	邦&邽	0	邽
邾	0	邾	0	邾
邿	0	邿	0	邿
郀	0	郀	0	郀
郁	2	郁&鬱	2	郁&鬱
郂	0	郂	0	郂
郃	0	郃	0	郃
郄	2	郄&郤	1	郤
郅	0	郅	0	郅
郆	0	郆	0	郆
郇	0	郇	0	郇
郈	0	郈	0	郈
郉	1	邢	1	邢
郊	0	郊	0	郊
郋	0	郋	0	郋
郌	1	邽	1	邽
郍	2	那&郍	2	那&郍
郎	0	郎	0	郎
郏	3	陝&郟	1	郟
郐	1	鄶	1	鄶
郑	1	鄭	1	鄭
郒	1	郎	3	
郓	1	鄆	1	鄆
郔	0	郔	0	郔
郕	0	郕	0	郕
郖	0	郖	0	郖
郗	0	郗	0	郗
郘	0	郘	0	郘
郙	0	郙	0	郙
郚	0	郚	0	郚
郛	0	郛	0	郛
郜	0	郜	0	郜
郝	0	郝	0	郝
郞	1	郎	1	郎
郟	0	郟	0	郟
郠	0	郠	0	郠
郡	0	郡	0	郡
郢	0	郢	0	郢
郣	2	渤&郣	2	渤&郣
郤	2	卻&郤	0	郤
郥	2	郥&郹	2	郥&郹
郦	1	酈	1	酈
郧	1	鄖	3	
部	0	部	0	部
郩	0	郩	0	郩
郪	0	郪	0	郪
郫	0	郫	0	郫
郬	0	郬	0	郬
郭	0	郭	0	郭
郮	0	郮	0	郮
郯	0	郯	0	郯
郰	2	鄹&郰	2	鄹&郰
郱	0	郱	0	郱
郲	0	郲	0	郲
郳	0	郳	0	郳
郴	0	郴	0	郴
郵	0	郵	0	郵
郶	1	部	1	部
郷	1	鄉	1	鄉
郸	1	鄲	1	鄲
郹	0	郹	0	郹
郺	0	郺	0	郺
郻	2	郻&鄡	2	郻&鄡
郼	0	郼	0	郼
都	0	都	0	都
郾	0	郾	0	郾
郿	0	郿	0	郿
鄀	0	鄀	0	鄀
鄁	2	邶&鄁	1	邶
鄂	0	鄂	0	鄂
鄃	0	鄃	0	鄃
鄄	0	鄄	0	鄄
鄅	0	鄅	0	鄅
鄆	0	鄆	0	鄆
鄇	0	鄇	0	鄇
鄈	0	鄈	0	鄈
鄉	0	鄉	0	鄉
鄊	1	鄉	1	鄉
鄋	0	鄋	0	鄋
鄌	1	唐	1	唐
鄍	0	鄍	0	鄍
鄎	0	鄎	0	鄎
鄏	0	鄏	0	鄏
鄐	0	鄐	0	鄐
鄑	0	鄑	0	鄑
鄒	0	鄒	0	鄒
鄓	2	郹&鄓	0	鄓
鄔	0	鄔	0	鄔
鄕	1	鄉	1	鄉
鄖	0	鄖	0	鄖
鄗	0	鄗	0	鄗
鄘	0	鄘	0	鄘
鄙	0	鄙	0	鄙
鄚	0	鄚	0	鄚
鄛	0	鄛	0	鄛
鄜	0	鄜	0	鄜
鄝	0	鄝	0	鄝
鄞	0	鄞	0	鄞
鄟	0	鄟	0	鄟
鄠	0	鄠	0	鄠
鄡	0	鄡	0	鄡
鄢	0	鄢	0	鄢
鄣	2	障&鄣	2	障&鄣
鄤	0	鄤	0	鄤
鄥	1	鄡	1	鄡
鄦	0	鄦	0	鄦
鄧	0	鄧	0	鄧
鄨	0	鄨	0	鄨
鄩	0	鄩	0	鄩
鄪	0	鄪	0	鄪
鄫	0	鄫	0	鄫
鄬	0	鄬	0	鄬
鄭	0	鄭	0	鄭
鄮	0	鄮	0	鄮
鄯	0	鄯	0	鄯
鄰	0	鄰	0	鄰
鄱	0	鄱	0	鄱
鄲	0	鄲	0	鄲
鄳	0	鄳	0	鄳
鄴	0	鄴	0	鄴
鄵	0	鄵	0	鄵
鄶	0	鄶	0	鄶
鄷	1	酆	1	酆
鄸	0	鄸	0	鄸
鄹	2	聚&鄒&鄹	2	聚&鄒&鄹
鄺	0	鄺	0	鄺
鄻	0	鄻	0	鄻
鄼	1	酇	1	酇
鄽	2	鄽&廛	1	廛
鄾	0	鄾	0	鄾
鄿	0	鄿	0	鄿
酀	0	酀	0	酀
酁	0	酁	0	酁
酂	1	酇	3	
酃	0	酃	0	酃
酄	0	酄	0	酄
酅	0	酅	0	酅
酆	0	酆	0	酆
酇	0	酇	0	酇
酈	0	酈	0	酈
酉	0	酉	0	酉
酊	0	酊	0	酊
酋	0	酋	0	酋
酌	0	酌	0	酌
配	0	配	0	配
酎	0	酎	0	酎
酏	0	酏	0	酏
酐	0	酐	0	酐
酑	0	酑	0	酑
酒	0	酒	0	酒
酓	2	飲&酓	2	飲&酓
酔	1	醉	1	醉
酕	0	酕	0	酕
酖	0	酖	0	酖
酗	0	酗	0	酗
酘	0	酘	0	酘
酙	2	酙&斟	1	斟
酚	0	酚	0	酚
酜	1	酺	3	
酝	1	醖	1	醖
酞	0	酞	3	
酟	0	酟	0	酟
酠	0	酠	0	酠
酡	0	酡	0	酡
酢	2	醋&酢	2	醋&酢
酣	0	酣	0	酣
酤	0	酤	0	酤
酥	0	酥	0	酥
酦	1	醱	3	
酧	1	酬	1	酬
酨	0	酨	0	酨
酩	0	酩	0	酩
酪	0	酪	0	酪
酫	0	酫	0	酫
酬	0	酬	0	酬
酭	0	酭	0	酭
酮	0	酮	0	酮
酯	0	酯	0	酯
酰	0	酰	0	酰
酱	1	醬	1	醬
酲	0	酲	0	酲
酳	2	酳&𨟴	0	酳
酴	0	酴	0	酴
酵	0	酵	0	酵
酶	0	酶	0	酶
酷	0	酷	0	酷
酸	2	酸&痠	0	酸
酹	0	酹	0	酹
酺	0	酺	0	酺
酻	2	浮&醉&酻	2	浮&醉&酻
酼	1	醢	1	醢
酽	1	釅	1	釅
酾	1	釃	1	釃
酿	1	釀	1	釀
醀	0	醀	0	醀
醁	0	醁	0	醁
醂	0	醂	0	醂
醃	0	醃	0	醃
醄	0	醄	0	醄
醅	0	醅	0	醅
醆	0	醆	0	醆
醇	0	醇	0	醇
醈	0	醈	0	醈
醉	0	醉	0	醉
醊	2	醊&餟	2	醊&餟
醋	0	醋	0	醋
醌	0	醌	0	醌
醍	0	醍	0	醍
醎	3	鹹&鹼	3	鹹&鹼
醏	0	醏	0	醏
醐	0	醐	0	醐
醑	0	醑	0	醑
醒	0	醒	0	醒
醓	2	醓&𥂘	0	醓
醔	2	酋&篘&𨡲&醔	0	醔
醕	1	醇	1	醇
醖	0	醖	0	醖
醘	2	榼&醢&醯&醘	1	榼
醙	0	醙	0	醙
醚	0	醚	0	醚
醛	0	醛	0	醛
醜	0	醜	0	醜
醝	2	鹺&醝	0	醝
醞	1	醖	1	醖
醟	0	醟	0	醟
醠	0	醠	0	醠
醡	0	醡	0	醡
醢	0	醢	0	醢
醣	0	醣	0	醣
醤	1	醬	1	醬
醥	0	醥	0	醥
醦	2	醦&䤘	0	醦
醧	0	醧	0	醧
醨	0	醨	0	醨
醩	1	糟	1	糟
醪	0	醪	0	醪
醫	0	醫	0	醫
醬	0	醬	0	醬
醭	0	醭	0	醭
醮	0	醮	0	醮
醯	0	醯	0	醯
醰	0	醰	0	醰
醱	0	醱	0	醱
醲	0	醲	0	醲
醳	0	醳	0	醳
醴	0	醴	0	醴
醵	0	醵	0	醵
醶	0	醶	0	醶
醷	0	醷	0	醷
醸	1	釀	3	
醹	0	醹	0	醹
醺	0	醺	0	醺
醻	1	酬	1	酬
醼	0	醼	0	醼
醽	0	醽	0	醽
醾	0	醾	0	醾
醿	1	醾	1	醾
釀	0	釀	0	釀
釁	0	釁	0	釁
釂	0	釂	0	釂
釃	0	釃	0	釃
釄	1	醾	1	醾
釅	2	釅&醶	0	釅
釆	2	采&釆	2	采&釆
采	2	採&采	0	采
釈	1	釋	3	
釉	0	釉	0	釉
释	1	釋	1	釋
釋	0	釋	0	釋
里	2	裡&里	2	裡&里
重	0	重	0	重
野	0	野	0	野
量	0	量	0	量
釐	0	釐	0	釐
金	0	金	0	金
釒	0	釒	3	
釓	2	釓&釚	0	釓
釔	0	釔	0	釔
釕	0	釕	0	釕
釖	1	刀	1	刀
釗	0	釗	0	釗
釘	0	釘	0	釘
釙	0	釙	0	釙
釚	2	銶&釚	0	釚
釛	0	釛	0	釛
釜	0	釜	0	釜
針	0	針	0	針
釞	0	釞	0	釞
釟	0	釟	0	釟
釠	1	亂	1	亂
釡	1	釜	1	釜
釢	0	釢	0	釢
釣	0	釣	0	釣
釤	0	釤	0	釤
釥	0	釥	0	釥
釦	0	釦	0	釦
釧	0	釧	0	釧
釨	2	釨&𨥂	0	釨
釩	0	釩	0	釩
釪	2	鏵&釪	2	鏵&釪
釫	2	杇&鏵&釫	0	釫
釬	2	釬&銲	0	釬
釭	0	釭	0	釭
釮	0	釮	0	釮
釯	1	鋩	1	鋩
釰	2	劍&釰	0	釰
釱	0	釱	0	釱
釲	0	釲	0	釲
釳	0	釳	0	釳
釴	0	釴	0	釴
釵	0	釵	0	釵
釶	2	匜&釔&鉈&鍦&釶	2	匜&釔&鉈&鍦&釶
釷	0	釷	0	釷
釸	0	釸	0	釸
釹	0	釹	0	釹
釺	0	釺	3	
釼	1	釰	3	
釽	0	釽	0	釽
釾	0	釾	0	釾
釿	2	斤&釿	0	釿
鈀	0	鈀	0	鈀
鈁	0	鈁	0	鈁
鈂	0	鈂	0	鈂
鈃	0	鈃	0	鈃
鈄	2	鈄&𨪐	0	鈄
鈅	0	鈅	0	鈅
鈆	2	鉛&鈆	0	鈆
鈇	0	鈇	0	鈇
鈈	2	鈹&鈈	2	鈹&鈈
鈉	0	鈉	0	鈉
鈊	0	鈊	0	鈊
鈋	0	鈋	0	鈋
鈌	0	鈌	0	鈌
鈍	0	鈍	0	鈍
鈎	1	鉤	1	鉤
鈏	0	鈏	0	鈏
鈐	0	鈐	0	鈐
鈑	0	鈑	0	鈑
鈒	0	鈒	0	鈒
鈓	1	銋	1	銋
鈔	0	鈔	0	鈔
鈕	0	鈕	0	鈕
鈖	0	鈖	0	鈖
鈗	2	銳&鈗	0	鈗
鈘	3	鈙&䰙	1	䰙
鈙	2	錡&㪁&鈙	0	鈙
鈚	0	鈚	0	鈚
鈛	3	鍋&鉞	3	鍋&鉞
鈜	0	鈜	0	鈜
鈝	2	𤙣&鈝	0	鈝
鈞	0	鈞	0	鈞
鈟	1	釣	1	釣
鈠	0	鈠	0	鈠
鈢	3	璽&鉩	1	鉩
鈣	0	鈣	0	鈣
鈤	0	鈤	0	鈤
鈥	0	鈥	0	鈥
鈦	0	鈦	0	鈦
鈧	0	鈧	0	鈧
鈫	1	鈙	3	
鈭	0	鈭	0	鈭
鈮	2	鈮&檷	0	鈮
鈯	0	鈯	0	鈯
鈰	0	鈰	0	鈰
鈱	2	刡&鈱&錉	2	刡&鈱&錉
鈲	2	釽&鈲	0	鈲
鈳	0	鈳	0	鈳
鈴	0	鈴	0	鈴
鈵	0	鈵	0	鈵
鈶	2	鈶&柌&枱	0	鈶
鈷	2	鈷&鍸	0	鈷
鈸	0	鈸	0	鈸
鈹	0	鈹	0	鈹
鈺	0	鈺	0	鈺
鈻	1	釲	1	釲
鈼	0	鈼	0	鈼
鈽	0	鈽	0	鈽
鈾	0	鈾	0	鈾
鈿	0	鈿	0	鈿
鉀	2	甲&鉀	0	鉀
鉁	2	鉁&珍	1	珍
鉂	0	鉂	0	鉂
鉃	1	鏃	1	鏃
鉄	3	鐵&紩	3	鐵&紩
鉅	0	鉅	0	鉅
鉆	2	鉗&鑽&鉆	2	鉗&鑽&鉆
鉇	3	匜&鉈&鍦	3	匜&鉈&鍦
鉈	0	鉈	0	鉈
鉉	0	鉉	0	鉉
鉊	0	鉊	0	鉊
鉋	0	鉋	0	鉋
鉌	2	和&鉌	0	鉌
鉍	0	鉍	0	鉍
鉎	0	鉎	0	鉎
鉏	2	鋤&鉏	0	鉏
鉐	0	鉐	0	鉐
鉑	0	鉑	0	鉑
鉒	0	鉒	0	鉒
鉓	2	飾&鉓	2	飾&鉓
鉔	0	鉔	0	鉔
鉕	0	鉕	0	鉕
鉖	0	鉖	0	鉖
鉗	0	鉗	0	鉗
鉘	0	鉘	0	鉘
鉙	0	鉙	0	鉙
鉚	0	鉚	0	鉚
鉛	0	鉛	0	鉛
鉜	0	鉜	0	鉜
鉝	0	鉝	0	鉝
鉞	2	戉&鉞	0	鉞
鉟	2	鉟&鈹	1	鈹
鉠	0	鉠	0	鉠
鉡	0	鉡	0	鉡
鉢	1	缽	1	缽
鉣	0	鉣	0	鉣
鉤	0	鉤	0	鉤
鉥	0	鉥	0	鉥
鉦	0	鉦	0	鉦
鉧	0	鉧	0	鉧
鉨	2	璽&鈮&鑷&鉨	2	璽&鈮&鑷&鉨
鉩	2	璽&鉩&鑈	0	鉩
鉪	1	釱	1	釱
鉫	0	鉫	0	鉫
鉬	0	鉬	0	鉬
鉭	0	鉭	0	鉭
鉮	0	鉮	0	鉮
鉯	0	鉯	0	鉯
鉰	0	鉰	0	鉰
鉱	1	礦	1	礦
鉲	0	鉲	0	鉲
鉴	3	鑑&鑒	1	鑒
鉵	2	鐲&鉵	0	鉵
鉶	0	鉶	0	鉶
鉷	0	鉷	3	
鉸	0	鉸	0	鉸
鉹	0	鉹	0	鉹
鉺	2	鏗&鉺	0	鉺
鉻	0	鉻	0	鉻
鉼	0	鉼	0	鉼
鉽	2	釴&鉽	0	鉽
鉾	2	矛&鉾	0	鉾
鉿	0	鉿	0	鉿
銀	0	銀	0	銀
銁	1	鈞	1	鈞
銂	0	銂	0	銂
銃	0	銃	0	銃
銄	2	銄&餉&扃	1	餉
銅	0	銅	0	銅
銆	0	銆	0	銆
銇	2	銇&錑	2	銇&錑
銈	0	銈	0	銈
銉	2	肆&銉	2	肆&銉
銊	2	鉞&銊	0	銊
銋	0	銋	0	銋
銌	2	鐏&銌	2	鐏&銌
銍	0	銍	0	銍
銎	0	銎	0	銎
銏	0	銏	0	銏
銐	0	銐	0	銐
銑	0	銑	0	銑
銒	1	鈃	1	鈃
銓	0	銓	0	銓
銔	0	銔	0	銔
銕	2	鐵&銕	0	銕
銖	0	銖	0	銖
銗	0	銗	0	銗
銘	0	銘	0	銘
銙	0	銙	0	銙
銚	2	銚&𦾺	0	銚
銛	0	銛	0	銛
銜	0	銜	0	銜
銝	2	鉥&銝	2	鉥&銝
銞	1	鈞	1	鈞
銟	0	銟	0	銟
銠	0	銠	0	銠
銡	0	銡	0	銡
銢	0	銢	0	銢
銣	0	銣	0	銣
銤	0	銤	0	銤
銥	0	銥	0	銥
銦	0	銦	0	銦
銧	0	銧	0	銧
銨	0	銨	0	銨
銩	0	銩	0	銩
銪	0	銪	0	銪
銫	0	銫	0	銫
銬	0	銬	0	銬
銭	1	錢	1	錢
銮	1	鑾	1	鑾
銱	0	銱	0	銱
銲	2	釬&銲	0	銲
銳	0	銳	0	銳
銴	0	銴	0	銴
銵	2	鏗&銵	2	鏗&銵
銶	0	銶	0	銶
銷	0	銷	0	銷
銸	2	鑷&籋&銸	2	鑷&籋&銸
銹	2	銹&鏽	1	鏽
銺	0	銺	0	銺
銻	0	銻	0	銻
銼	0	銼	0	銼
銽	1	銛	1	銛
銾	2	汞&銾	2	汞&銾
銿	2	鐘&鏞&銿	2	鐘&鏞&銿
鋀	2	鋀&鍮&𨪐	2	鋀&鍮&𨪐
鋁	2	鋁&鑢	0	鋁
鋂	0	鋂	0	鋂
鋃	0	鋃	0	鋃
鋄	0	鋄	0	鋄
鋅	2	鋅&釨	0	鋅
鋆	0	鋆	0	鋆
鋇	0	鋇	0	鋇
鋈	0	鋈	0	鋈
鋉	0	鋉	0	鋉
鋊	0	鋊	0	鋊
鋋	0	鋋	0	鋋
鋌	0	鋌	0	鋌
鋍	0	鋍	0	鋍
鋎	0	鋎	0	鋎
鋏	0	鋏	0	鋏
鋐	0	鋐	0	鋐
鋑	2	鐫&鋑	2	鐫&鋑
鋒	0	鋒	0	鋒
鋓	0	鋓	0	鋓
鋔	2	挽&鋔	0	鋔
鋕	0	鋕	0	鋕
鋖	0	鋖	0	鋖
鋗	0	鋗	0	鋗
鋘	0	鋘	0	鋘
鋙	2	鋙&鋘	0	鋙
鋚	0	鋚	0	鋚
鋛	1	礦	1	礦
鋜	2	鏃&鋜	2	鏃&鋜
鋝	0	鋝	0	鋝
鋞	2	鈃&鋞	2	鈃&鋞
鋟	0	鋟	0	鋟
鋠	0	鋠	0	鋠
鋡	0	鋡	0	鋡
鋢	1	鋝	1	鋝
鋣	2	鋣&釾	1	釾
鋤	2	鋤&鉏	0	鋤
鋥	0	鋥	0	鋥
鋦	0	鋦	0	鋦
鋧	0	鋧	0	鋧
鋨	2	鐵&鋨	0	鋨
鋩	0	鋩	0	鋩
鋪	0	鋪	0	鋪
鋫	1	鑗	1	鑗
鋬	0	鋬	0	鋬
鋭	1	銳	1	銳
鋮	2	鉞&鋮	0	鋮
鋯	0	鋯	0	鋯
鋰	0	鋰	0	鋰
鋱	0	鋱	0	鋱
鋳	1	鑄	1	鑄
鋴	2	鎮&鋴	2	鎮&鋴
鋶	0	鋶	0	鋶
鋷	2	銸&鋷	2	銸&鋷
鋸	0	鋸	0	鋸
鋹	0	鋹	0	鋹
鋺	2	剜&碗&鋺&䥉	2	剜&碗&鋺&䥉
鋻	0	鋻	0	鋻
鋼	0	鋼	0	鋼
鋽	2	銚&鋽	2	銚&鋽
鋾	2	錭&鋾	2	錭&鋾
鋿	0	鋿	0	鋿
錀	0	錀	0	錀
錁	2	錁&銙	0	錁
錂	0	錂	0	錂
錃	1	𨧦	1	𨧦
錄	0	錄	0	錄
錅	1	鑗	1	鑗
錆	0	錆	0	錆
錇	2	鉜&錇	0	錇
錈	0	錈	0	錈
錉	0	錉	0	錉
錊	0	錊	0	錊
錋	0	錋	0	錋
錌	0	錌	0	錌
錍	2	鈚&錍	0	錍
錎	0	錎	0	錎
錏	0	錏	0	錏
錐	0	錐	0	錐
錑	0	錑	0	錑
錒	2	鈳&錒	0	錒
錓	0	錓	0	錓
錔	0	錔	0	錔
錕	0	錕	0	錕
錖	0	錖	0	錖
錗	0	錗	0	錗
錘	2	錘&鎚	0	錘
錙	0	錙	0	錙
錚	0	錚	0	錚
錛	0	錛	0	錛
錜	0	錜	0	錜
錝	0	錝	0	錝
錞	0	錞	0	錞
錟	0	錟	0	錟
錠	0	錠	0	錠
錡	0	錡	0	錡
錢	0	錢	0	錢
錣	0	錣	0	錣
錤	0	錤	0	錤
錥	0	錥	0	錥
錦	0	錦	0	錦
錧	0	錧	0	錧
錨	0	錨	0	錨
錩	0	錩	0	錩
錪	0	錪	0	錪
錫	0	錫	0	錫
錬	1	鍊	1	鍊
錭	2	雕&錭	0	錭
錮	0	錮	0	錮
錯	0	錯	0	錯
錰	1	鉥	1	鉥
錱	1	珍	1	珍
録	1	錄	1	錄
錳	0	錳	0	錳
錴	0	錴	0	錴
錵	0	錵	0	錵
錶	0	錶	0	錶
錷	0	錷	0	錷
錸	0	錸	0	錸
錹	0	錹	0	錹
錼	0	錼	0	錼
錽	1	鋄	1	鋄
錾	1	鏨	1	鏨
鍀	0	鍀	3	
鍁	0	鍁	3	
鍃	0	鍃	0	鍃
鍄	0	鍄	3	
鍆	0	鍆	0	鍆
鍇	0	鍇	0	鍇
鍈	2	鍈&鉠	1	鉠
鍉	2	匙&鏑&鍉	0	鍉
鍊	2	煉&鍊	0	鍊
鍋	0	鍋	0	鍋
鍌	2	銑&鍌	2	銑&鍌
鍍	0	鍍	0	鍍
鍎	0	鍎	0	鍎
鍏	0	鍏	0	鍏
鍐	0	鍐	0	鍐
鍑	0	鍑	0	鍑
鍒	0	鍒	0	鍒
鍓	1	鏶	1	鏶
鍔	0	鍔	0	鍔
鍕	0	鍕	0	鍕
鍖	2	椹&鍖	2	椹&鍖
鍗	2	鍗&𨪉	2	鍗&𨪉
鍘	0	鍘	0	鍘
鍙	0	鍙	0	鍙
鍚	2	錫&鍚	0	鍚
鍛	0	鍛	0	鍛
鍜	2	鍛&鍜	2	鍛&鍜
鍝	0	鍝	0	鍝
鍞	2	鎮&鏗&鍞	2	鎮&鏗&鍞
鍟	1	鉎	1	鉎
鍠	0	鍠	0	鍠
鍡	0	鍡	0	鍡
鍢	1	鍑	1	鍑
鍣	2	鉊&鍣	0	鍣
鍤	0	鍤	0	鍤
鍥	0	鍥	0	鍥
鍦	2	鉈&鍦	0	鍦
鍧	0	鍧	0	鍧
鍨	1	戣	1	戣
鍩	0	鍩	0	鍩
鍪	0	鍪	0	鍪
鍫	1	鍬	1	鍬
鍬	0	鍬	0	鍬
鍭	0	鍭	0	鍭
鍮	0	鍮	0	鍮
鍯	1	鏓	1	鏓
鍰	0	鍰	0	鍰
鍱	0	鍱	0	鍱
鍲	1	錉	1	錉
鍳	1	鑒	1	鑒
鍴	0	鍴	0	鍴
鍵	0	鍵	0	鍵
鍶	0	鍶	0	鍶
鍷	0	鍷	0	鍷
鍸	2	瑚&鍸	1	瑚
鍹	0	鍹	0	鍹
鍺	0	鍺	0	鍺
鍻	0	鍻	0	鍻
鍼	2	針&鍼	0	鍼
鍽	0	鍽	0	鍽
鍾	2	鍾&鐘	0	鍾
鍿	1	錙	1	錙
鎀	0	鎀	0	鎀
鎁	1	釾	1	釾
鎂	0	鎂	0	鎂
鎃	0	鎃	0	鎃
鎄	0	鎄	0	鎄
鎆	1	剪	3	
鎈	0	鎈	0	鎈
鎉	0	鎉	0	鎉
鎊	0	鎊	0	鎊
鎋	3	轄&舝	1	轄
鎌	2	鐮&鎌	2	鐮&鎌
鎍	0	鎍	0	鎍
鎎	0	鎎	0	鎎
鎏	0	鎏	0	鎏
鎐	0	鎐	0	鎐
鎑	0	鎑	0	鎑
鎒	2	耨&鎒	0	鎒
鎓	0	鎓	0	鎓
鎔	0	鎔	0	鎔
鎕	0	鎕	0	鎕
鎖	0	鎖	0	鎖
鎗	2	槍&鎗	0	鎗
鎘	0	鎘	0	鎘
鎙	2	槊&鎙	0	鎙
鎚	2	錘&鎚	0	鎚
鎛	2	鎛&鑮	0	鎛
鎜	1	盤	1	盤
鎝	0	鎝	0	鎝
鎞	2	鈚&鎞	0	鎞
鎟	0	鎟	0	鎟
鎠	2	剛&鋼&鎠	1	鋼
鎡	0	鎡	0	鎡
鎢	0	鎢	0	鎢
鎣	2	罃&鎣	0	鎣
鎤	0	鎤	0	鎤
鎥	2	鋚&鎥	2	鋚&鎥
鎦	2	劉&鎦	0	鎦
鎧	0	鎧	0	鎧
鎨	0	鎨	0	鎨
鎩	0	鎩	0	鎩
鎪	0	鎪	0	鎪
鎫	1	鋄	1	鋄
鎬	0	鎬	0	鎬
鎭	1	鎮	1	鎮
鎮	0	鎮	0	鎮
鎯	0	鎯	0	鎯
鎰	0	鎰	0	鎰
鎱	0	鎱	0	鎱
鎲	2	钂&鎲	1	钂
鎳	0	鎳	0	鎳
鎴	0	鎴	0	鎴
鎵	0	鎵	0	鎵
鎶	0	鎶	0	鎶
鎷	0	鎷	0	鎷
鎸	2	鎸&鐫	1	鐫
鎻	1	鎖	1	鎖
鎼	1	罅	3	
鎽	1	鋒	1	鋒
鏀	2	鏀&鐪	1	鐪
鏁	2	鏁&鎖	1	鎖
鏂	2	軀&鏂	0	鏂
鏃	0	鏃	0	鏃
鏄	0	鏄	0	鏄
鏅	0	鏅	0	鏅
鏆	0	鏆	0	鏆
鏇	0	鏇	0	鏇
鏈	0	鏈	0	鏈
鏉	2	鎪&鏉	0	鏉
鏊	0	鏊	0	鏊
鏋	0	鏋	0	鏋
鏌	0	鏌	0	鏌
鏍	0	鏍	0	鏍
鏎	2	畢&鏎	1	畢
鏏	0	鏏	0	鏏
鏐	0	鏐	0	鏐
鏑	0	鏑	0	鏑
鏒	0	鏒	0	鏒
鏓	0	鏓	0	鏓
鏔	0	鏔	0	鏔
鏕	2	鏖&鏕	2	鏖&鏕
鏖	0	鏖	0	鏖
鏗	0	鏗	0	鏗
鏘	0	鏘	0	鏘
鏙	0	鏙	0	鏙
鏚	0	鏚	0	鏚
鏛	1	鋿	1	鋿
鏜	0	鏜	0	鏜
鏝	0	鏝	0	鏝
鏞	0	鏞	0	鏞
鏟	0	鏟	0	鏟
鏠	1	鋒	1	鋒
鏡	0	鏡	0	鏡
鏢	0	鏢	0	鏢
鏣	0	鏣	0	鏣
鏤	0	鏤	0	鏤
鏥	3	銹&鏽	1	鏽
鏦	0	鏦	0	鏦
鏧	0	鏧	0	鏧
鏨	0	鏨	0	鏨
鏩	2	鏨&鏩	2	鏨&鏩
鏪	0	鏪	0	鏪
鏫	1	鑗	1	鑗
鏬	2	罅&鏬	1	罅
鏭	0	鏭	0	鏭
鏮	0	鏮	0	鏮
鏯	1	鐵	3	
鏰	0	鏰	3	
鏱	1	錦	3	
鏲	1	縴	3	
鏳	3	錚&琤	1	琤
鏴	0	鏴	0	鏴
鏵	0	鏵	0	鏵
鏶	0	鏶	0	鏶
鏷	0	鏷	0	鏷
鏸	2	鏏&鈗&鏸	0	鏸
鏹	2	繈&鏹	0	鏹
鏺	0	鏺	0	鏺
鏻	2	鏻&獜	0	鏻
鏼	0	鏼	0	鏼
鏽	0	鏽	0	鏽
鏾	0	鏾	0	鏾
鏿	2	鎗&鏿	1	鎗
鐀	2	匱&鐀	0	鐀
鐁	2	鋖&鐁	2	鋖&鐁
鐂	3	劉&鎦	1	鎦
鐃	0	鐃	0	鐃
鐄	2	鍠&鐄	0	鐄
鐅	0	鐅	0	鐅
鐆	2	䥙&鐆	0	鐆
鐇	0	鐇	0	鐇
鐈	0	鐈	0	鐈
鐉	0	鐉	0	鐉
鐊	2	鍚&鐊	0	鐊
鐋	0	鐋	0	鐋
鐌	0	鐌	0	鐌
鐍	2	觼&鐍	0	鐍
鐎	0	鐎	0	鐎
鐏	0	鐏	0	鐏
鐐	0	鐐	0	鐐
鐑	2	鍥&鐑	1	鍥
鐒	2	𨦭&鐒	0	鐒
鐓	2	錞&鐓	0	鐓
鐔	0	鐔	0	鐔
鐕	0	鐕	0	鐕
鐖	0	鐖	0	鐖
鐗	1	鐧	1	鐧
鐘	2	鍾&鐘	0	鐘
鐙	0	鐙	0	鐙
鐚	1	錏	1	錏
鐛	1	䭘	1	䭘
鐜	2	鐜&鐓	1	鐓
鐝	1	𨬐	1	𨬐
鐞	1	鎒	1	鎒
鐟	2	鐕&鐟	2	鐕&鐟
鐠	0	鐠	0	鐠
鐡	1	鐵	3	
鐤	1	鼎	1	鼎
鐥	2	鐥&釤	1	釤
鐧	0	鐧	0	鐧
鐨	0	鐨	0	鐨
鐩	2	鐆&鐩	0	鐩
鐪	0	鐪	0	鐪
鐫	0	鐫	0	鐫
鐬	2	鉞&鐬	2	鉞&鐬
鐭	0	鐭	0	鐭
鐮	0	鐮	0	鐮
鐯	2	鐯&斫&櫡	3	斫&櫡
鐰	2	鍬&鐰	2	鍬&鐰
鐱	0	鐱	0	鐱
鐲	0	鐲	0	鐲
鐳	0	鐳	0	鐳
鐴	0	鐴	0	鐴
鐵	0	鐵	0	鐵
鐶	0	鐶	0	鐶
鐷	2	鍱&鐷	1	鍱
鐸	0	鐸	0	鐸
鐹	0	鐹	0	鐹
鐺	0	鐺	0	鐺
鐻	2	虡&鐻	0	鐻
鐼	2	錛&鐼	0	鐼
鐽	0	鐽	0	鐽
鐾	1	鐴	1	鐴
鐿	0	鐿	0	鐿
鑀	0	鑀	0	鑀
鑁	1	鍐	1	鍐
鑂	0	鑂	0	鑂
鑃	1	銚	1	銚
鑄	0	鑄	0	鑄
鑅	2	鍠&鑅	0	鑅
鑆	0	鑆	0	鑆
鑇	2	劑&鑇	0	鑇
鑈	2	鑷&檷&鑈	0	鑈
鑉	2	鉀&鑉	0	鑉
鑊	0	鑊	0	鑊
鑋	0	鑋	0	鑋
鑌	0	鑌	0	鑌
鑍	0	鑍	0	鑍
鑎	3	匱&鐀	1	匱
鑏	0	鑏	0	鑏
鑐	0	鑐	0	鑐
鑑	2	鑑&鑒	0	鑑
鑒	2	鑑&鑒	0	鑒
鑔	0	鑔	0	鑔
鑕	0	鑕	0	鑕
鑖	0	鑖	0	鑖
鑗	0	鑗	0	鑗
鑘	2	櫑&罍&鑘	0	鑘
鑙	0	鑙	0	鑙
鑚	1	鑽	1	鑽
鑛	2	鑛&礦	1	礦
鑜	1	鋿	1	鋿
鑝	0	鑝	0	鑝
鑞	0	鑞	0	鑞
鑟	2	櫝&鑟	2	櫝&鑟
鑠	0	鑠	0	鑠
鑡	0	鑡	0	鑡
鑢	0	鑢	0	鑢
鑣	0	鑣	0	鑣
鑤	2	鉋&鑤	0	鑤
鑥	0	鑥	0	鑥
鑧	1	鋧	3	
鑨	2	礱&鑨	2	礱&鑨
鑩	2	鍔&鑩	2	鍔&鑩
鑪	0	鑪	0	鑪
鑫	0	鑫	0	鑫
鑬	1	鑑	1	鑑
鑭	0	鑭	0	鑭
鑮	0	鑮	0	鑮
鑯	0	鑯	0	鑯
鑰	0	鑰	0	鑰
鑱	0	鑱	0	鑱
鑲	0	鑲	0	鑲
鑳	2	鍵&鑳	1	鍵
鑴	0	鑴	0	鑴
鑵	2	罐&鑵	1	罐
鑶	0	鑶	0	鑶
鑷	0	鑷	0	鑷
鑸	0	鑸	0	鑸
鑹	0	鑹	0	鑹
鑺	1	戵	1	戵
鑻	1	襻	1	襻
鑼	0	鑼	0	鑼
鑽	0	鑽	0	鑽
鑾	0	鑾	0	鑾
鑿	0	鑿	0	鑿
钀	0	钀	0	钀
钁	0	钁	0	钁
钂	0	钂	0	钂
钃	0	钃	0	钃
钄	1	鑭	1	鑭
钅	1	釒	3	
钆	1	釓	3	
钇	1	釔	1	釔
针	1	針	1	針
钉	1	釘	1	釘
钊	1	釗	1	釗
钋	1	釙	1	釙
钌	1	釕	1	釕
钍	1	釷	1	釷
钎	1	釺	3	
钏	1	釧	1	釧
钐	1	釤	1	釤
钑	1	鈒	3	
钒	1	釩	1	釩
钓	1	釣	1	釣
钔	1	鍆	1	鍆
钕	1	釹	3	
钖	1	鍚	1	鍚
钗	1	釵	1	釵
钘	1	鈃	3	
钙	1	鈣	1	鈣
钚	1	鈽	3	
钛	1	鈦	1	鈦
钜	1	鉅	3	
钝	1	鈍	1	鈍
钞	1	鈔	1	鈔
钟	3	鍾&鐘	3	鍾&鐘
钠	1	鈉	1	鈉
钡	1	鋇	1	鋇
钢	1	鋼	1	鋼
钣	1	鈑	3	
钤	1	鈐	1	鈐
钥	1	鑰	1	鑰
钦	1	欽	1	欽
钧	1	鈞	1	鈞
钨	1	鎢	1	鎢
钩	1	鉤	3	
钪	1	鈧	1	鈧
钫	1	鈁	1	鈁
钬	1	鈥	1	鈥
钭	1	鈄	1	鈄
钮	1	鈕	1	鈕
钯	1	鈀	1	鈀
钰	1	鈺	1	鈺
钱	1	錢	1	錢
钲	1	鉦	1	鉦
钳	1	鉗	1	鉗
钴	1	鈷	1	鈷
钵	1	缽	1	缽
钶	1	鈳	1	鈳
钷	1	鉕	3	
钸	1	鈽	3	
钹	1	鈸	1	鈸
钺	1	鉞	1	鉞
钻	1	鑽	1	鑽
钼	1	鉬	1	鉬
钽	1	鉭	1	鉭
钾	1	鉀	1	鉀
钿	1	鈿	1	鈿
铀	1	鈾	1	鈾
铁	1	鐵	1	鐵
铂	1	鉑	1	鉑
铃	1	鈴	1	鈴
铄	1	鑠	1	鑠
铅	1	鉛	1	鉛
铆	1	鉚	1	鉚
铇	1	刨	3	
铈	1	鈰	1	鈰
铉	1	鉉	1	鉉
铊	1	鉈	1	鉈
铋	1	鉍	1	鉍
铌	1	鈮	1	鈮
铍	1	鈹	1	鈹
铎	1	鐸	1	鐸
铏	1	鉶	1	鉶
铐	1	銬	1	銬
铑	1	銠	1	銠
铒	1	鉺	1	鉺
铓	1	鋩	1	鋩
铔	1	錏	3	
铕	1	銪	1	銪
铖	1	鋮	3	
铗	1	鋏	1	鋏
铘	1	鋣	3	
铙	1	鐃	1	鐃
铚	1	銍	3	
铛	1	鐺	1	鐺
铜	1	銅	1	銅
铝	1	鋁	1	鋁
铞	1	銱	1	銱
铟	1	銦	1	銦
铠	1	鎧	1	鎧
铡	1	鍘	1	鍘
铢	1	銖	1	銖
铣	1	銑	1	銑
铤	1	鋌	1	鋌
铥	1	銩	1	銩
铦	1	銛	3	
铧	1	鏵	1	鏵
铨	1	銓	1	銓
铩	1	鎩	1	鎩
铪	1	鉿	1	鉿
铫	1	銚	1	銚
铬	1	鉻	1	鉻
铭	1	銘	1	銘
铮	1	錚	1	錚
铯	1	銫	1	銫
铰	1	鉸	1	鉸
铱	1	銥	1	銥
铲	1	鏟	1	鏟
铳	1	銃	1	銃
铴	1	鐋	3	
铵	1	銨	1	銨
银	1	銀	1	銀
铷	1	銣	1	銣
铸	1	鑄	1	鑄
铹	1	鐒	1	鐒
铺	1	鋪	1	鋪
铻	1	鋙	3	
铼	1	錸	1	錸
铽	1	鋱	1	鋱
链	1	鏈	3	
铿	1	鏗	1	鏗
销	1	銷	3	
锁	1	鎖	1	鎖
锂	1	鋰	1	鋰
锃	1	鋥	1	鋥
锄	1	鋤	1	鋤
锅	1	鍋	3	
锆	1	鋯	1	鋯
锇	1	鋨	1	鋨
锈	1	鏽	1	鏽
锉	1	銼	1	銼
锊	1	鋝	3	
锋	1	鋒	1	鋒
锌	1	鋅	1	鋅
锍	1	鋶	3	
锎	1	鉲	3	
锏	1	鐧	1	鐧
锐	1	銳	1	銳
锑	1	銻	1	銻
锒	1	鋃	1	鋃
锓	1	鋟	1	鋟
锔	1	鋦	1	鋦
锕	1	錒	1	錒
锖	1	錆	3	
锗	1	鍺	1	鍺
锘	1	鍩	1	鍩
错	1	錯	1	錯
锚	1	錨	1	錨
锛	1	錛	1	錛
锜	1	錡	3	
锝	1	鍀	3	
锞	1	錁	1	錁
锟	1	錕	1	錕
锠	1	錩	3	
锡	1	錫	1	錫
锢	1	錮	1	錮
锣	1	鑼	1	鑼
锤	1	錘	1	錘
锥	1	錐	1	錐
锦	1	錦	1	錦
锧	1	鑕	1	鑕
锨	1	鍁	3	
锩	1	錈	3	
锪	1	鍃	3	
锫	3	鉜&錇	1	錇
锬	1	錟	3	
锭	1	錠	1	錠
键	1	鍵	1	鍵
锯	1	鋸	1	鋸
锰	1	錳	1	錳
锱	1	錙	1	錙
锲	1	鍥	1	鍥
锳	1	鍈	3	
锴	1	鍇	1	鍇
锵	1	鏘	1	鏘
锶	1	鍶	1	鍶
锷	1	鍔	1	鍔
锸	1	鍤	1	鍤
锹	1	鍬	1	鍬
锺	1	鍾	3	
锻	1	鍛	1	鍛
锼	1	鎪	3	
锽	1	鍠	3	
锾	1	鍰	3	
锿	1	鎄	3	
镀	1	鍍	1	鍍
镁	1	鎂	1	鎂
镂	1	鏤	3	
镃	1	鎡	1	鎡
镄	1	鐨	1	鐨
镅	1	鋂	3	
镆	1	鏌	3	
镇	1	鎮	1	鎮
镈	1	鎛	3	
镉	1	鎘	1	鎘
镊	1	鑷	1	鑷
镋	1	钂	1	钂
镌	1	鐫	1	鐫
镍	1	鎳	1	鎳
镎	1	錼	3	
镏	1	鎦	1	鎦
镐	1	鎬	1	鎬
镑	1	鎊	1	鎊
镒	1	鎰	1	鎰
镓	1	鎵	1	鎵
镔	1	鑌	1	鑌
镕	1	鎔	3	
镖	1	鏢	1	鏢
镗	1	鏜	1	鏜
镘	1	鏝	1	鏝
镙	1	鏍	3	
镚	1	鏰	3	
镛	1	鏞	1	鏞
镜	1	鏡	1	鏡
镝	1	鏑	1	鏑
镞	1	鏃	1	鏃
镟	1	旋	3	
镠	1	鏐	3	
镡	1	鐔	3	
镢	1	钁	3	
镣	1	鐐	1	鐐
镤	1	鏷	1	鏷
镥	1	鑥	3	
镦	1	鐓	1	鐓
镧	1	鑭	1	鑭
镨	1	鐠	1	鐠
镩	1	鑹	1	鑹
镪	1	鏹	1	鏹
镫	1	鐙	1	鐙
镬	1	鑊	1	鑊
镭	1	鐳	1	鐳
镮	1	鐶	1	鐶
镯	1	鐲	1	鐲
镰	1	鐮	1	鐮
镱	1	鐿	1	鐿
镲	1	鑔	1	鑔
镳	1	鑣	1	鑣
镴	1	鑞	3	
镵	1	鑱	3	
镶	1	鑲	1	鑲
長	0	長	0	長
镸	1	長	1	長
镹	2	久&镹	1	久
镺	0	镺	0	镺
镻	0	镻	0	镻
镼	0	镼	0	镼
镽	0	镽	0	镽
镾	0	镾	0	镾
长	1	長	1	長
門	0	門	0	門
閁	0	閁	0	閁
閂	0	閂	0	閂
閃	0	閃	0	閃
閄	0	閄	0	閄
閅	1	門	1	門
閆	2	閻&閆	0	閆
閇	1	閉	1	閉
閈	0	閈	0	閈
閉	0	閉	0	閉
開	0	開	0	開
閌	0	閌	0	閌
閍	2	祊&閍	0	閍
閎	0	閎	0	閎
閏	0	閏	0	閏
閐	0	閐	0	閐
閑	0	閑	0	閑
閒	2	間&閒	0	閒
間	0	間	0	間
閔	0	閔	0	閔
閕	2	閜&閕	2	閜&閕
閖	1	閑	1	閑
閗	1	鬥	1	鬥
閘	0	閘	0	閘
閙	1	鬧	1	鬧
閚	0	閚	0	閚
閛	0	閛	0	閛
閜	2	閜&𨵅	0	閜
閝	2	閝&𨷰	1	𨷰
閞	2	關&閞	0	閞
閟	0	閟	0	閟
閠	1	閏	1	閏
閡	0	閡	0	閡
関	1	關	1	關
閣	0	閣	0	閣
閤	0	閤	0	閤
閥	0	閥	0	閥
閦	2	𨴖&閦	0	閦
閧	2	閧&巷&鬨	3	巷&鬨
閨	2	閏&閨	0	閨
閩	0	閩	0	閩
閪	1	鬬	3	
閫	2	梱&閫	0	閫
閬	0	閬	0	閬
閭	0	閭	0	閭
閮	0	閮	0	閮
閯	0	閯	0	閯
閰	0	閰	0	閰
閱	0	閱	0	閱
閲	1	閱	1	閱
閳	1	闡	1	闡
閴	1	闃	1	闃
閵	0	閵	0	閵
閶	0	閶	0	閶
閷	0	閷	0	閷
閸	2	閫&閸	0	閸
閹	0	閹	0	閹
閺	2	閺&閿&闅	2	閺&闅
閻	0	閻	0	閻
閼	0	閼	0	閼
閽	0	閽	0	閽
閾	0	閾	0	閾
閿	2	閿&闅	0	閿
闀	2	鬨&闀	2	鬨&闀
闁	1	褒	1	褒
闂	2	鬨&闂	2	鬨&闂
闃	0	闃	0	闃
闄	0	闄	0	闄
闅	2	閿&闅	0	闅
闆	0	闆	0	闆
闇	0	闇	0	闇
闈	0	闈	0	闈
闉	0	闉	0	闉
闊	0	闊	0	闊
闋	0	闋	0	闋
闌	0	闌	0	闌
闍	0	闍	0	闍
闐	0	闐	0	闐
闑	0	闑	0	闑
闒	0	闒	0	闒
闓	0	闓	0	闓
闔	0	闔	0	闔
闕	0	闕	0	闕
闖	0	闖	0	闖
闗	1	關	1	關
闘	3	鬬&鬥	1	鬥
闙	1	啟	1	啟
闚	2	窺&闚	0	闚
闛	0	闛	0	闛
關	0	關	0	關
闝	1	嫖	1	嫖
闞	0	闞	0	闞
闟	0	闟	0	闟
闠	0	闠	0	闠
闡	0	闡	0	闡
闢	0	闢	0	闢
闣	0	闣	0	闣
闤	0	闤	0	闤
闥	0	闥	0	闥
闧	1	闥	3	
门	1	門	1	門
闩	1	閂	1	閂
闪	1	閃	1	閃
闫	1	閆	3	
闬	1	閈	3	
闭	1	閉	1	閉
问	1	問	1	問
闯	1	闖	1	闖
闰	1	閏	1	閏
闱	1	闈	1	闈
闲	1	閑	1	閑
闳	1	閎	3	
间	1	間	1	間
闵	1	閔	1	閔
闶	1	閌	3	
闷	1	悶	1	悶
闸	1	閘	1	閘
闹	1	鬧	1	鬧
闺	1	閨	1	閨
闻	1	聞	1	聞
闼	1	闥	1	闥
闽	1	閩	1	閩
闾	1	閭	1	閭
闿	1	闓	1	闓
阀	1	閥	1	閥
阁	1	閣	1	閣
阂	1	閡	1	閡
阃	1	閫	1	閫
阄	1	鬮	1	鬮
阅	1	閱	1	閱
阆	1	閬	1	閬
阇	1	闍	3	
阈	1	閾	1	閾
阉	1	閹	1	閹
阊	1	閶	1	閶
阋	1	鬩	1	鬩
阌	1	閿	1	閿
阍	1	閽	1	閽
阎	1	閻	1	閻
阏	1	閼	1	閼
阐	1	闡	1	闡
阑	1	闌	1	闌
阒	1	闃	3	
阓	1	闠	3	
阔	1	闊	1	闊
阕	1	闋	1	闋
阖	1	闔	1	闔
阗	1	闐	1	闐
阘	1	闒	3	
阙	1	闕	1	闕
阚	1	闞	1	闞
阛	1	闤	3	
阜	0	阜	0	阜
阞	0	阞	0	阞
队	1	隊	1	隊
阠	0	阠	0	阠
阡	0	阡	0	阡
阢	0	阢	0	阢
阣	2	屹&阣	2	屹&阣
阤	2	陀&阤	2	陀&阤
阥	1	陰	1	陰
阦	1	陽	1	陽
阧	1	陡	1	陡
阨	0	阨	0	阨
阩	3	升&陞	1	陞
阪	0	阪	0	阪
阫	1	坏	1	坏
阬	0	阬	0	阬
阭	0	阭	0	阭
阮	0	阮	0	阮
阯	2	址&阯	2	址&阯
阰	0	阰	0	阰
阱	0	阱	0	阱
防	0	防	0	防
阳	1	陽	1	陽
阴	1	陰	1	陰
阵	1	陣	1	陣
阶	1	階	1	階
阷	2	阷&𨺟	2	阷&𨺟
阸	2	隘&阨&阸	0	阸
阹	0	阹	0	阹
阺	0	阺	0	阺
阻	0	阻	0	阻
阼	0	阼	0	阼
阽	0	阽	0	阽
阾	1	嶺	1	嶺
阿	0	阿	0	阿
陀	0	陀	0	陀
陁	2	陁&陀&阤	3	陀&阤
陂	2	陂&𨸭	2	陂&𨸭
陃	0	陃	0	陃
附	0	附	0	附
际	1	際	1	際
陆	1	陸	1	陸
陇	1	隴	1	隴
陈	1	陳	1	陳
陉	1	陘	1	陘
陊	2	墮&陊	2	墮&陊
陋	0	陋	0	陋
陌	0	陌	0	陌
降	0	降	0	降
陎	0	陎	0	陎
陏	2	隋&陏	2	隋&陏
限	0	限	0	限
陑	0	陑	0	陑
陒	2	陒&垝	1	垝
陓	0	陓	0	陓
陔	0	陔	0	陔
陕	3	陝&陜	1	陝
陖	2	陖&峻	1	峻
陗	1	峭	1	峭
陘	0	陘	0	陘
陙	0	陙	0	陙
陚	0	陚	0	陚
陛	0	陛	0	陛
陜	2	狹&陝&陜	2	狹&陝&陜
陝	0	陝	0	陝
陞	0	陞	0	陞
陟	0	陟	0	陟
陠	0	陠	0	陠
陡	0	陡	0	陡
院	0	院	0	院
陣	0	陣	0	陣
除	0	除	0	除
陥	1	陷	1	陷
陦	1	島	3	
陧	1	隉	1	隉
陨	1	隕	1	隕
险	1	險	1	險
陪	0	陪	0	陪
陫	2	厞&陫	0	陫
陬	0	陬	0	陬
陭	0	陭	0	陭
陮	0	陮	0	陮
陯	0	陯	0	陯
陰	0	陰	0	陰
陱	2	陶&陱	0	陱
陲	0	陲	0	陲
陳	2	陣&陳	0	陳
陴	0	陴	0	陴
陵	0	陵	0	陵
陶	0	陶	0	陶
陷	0	陷	0	陷
陸	2	六&陸	0	陸
陹	1	昇	1	昇
険	1	險	3	
陻	1	垔	1	垔
陼	0	陼	0	陼
陽	0	陽	0	陽
陾	0	陾	0	陾
陿	2	陿&陜	1	陜
隀	0	隀	0	隀
隁	2	隁&堰	1	堰
隂	1	陰	1	陰
隃	0	隃	0	隃
隄	2	堤&隄	0	隄
隅	0	隅	0	隅
隆	0	隆	0	隆
隇	0	隇	0	隇
隈	0	隈	0	隈
隉	0	隉	0	隉
隊	0	隊	0	隊
隋	0	隋	0	隋
隌	2	暗&晻&隌	2	晻&隌
隍	0	隍	0	隍
階	0	階	0	階
随	1	隨	1	隨
隐	1	隱	3	
隑	0	隑	0	隑
隒	0	隒	0	隒
隓	2	墮&隓&隳	2	墮&隓&隳
隔	0	隔	0	隔
隕	0	隕	0	隕
隖	2	隖&塢	1	塢
隗	0	隗	0	隗
隘	0	隘	0	隘
隙	0	隙	0	隙
隚	2	堂&隚	1	堂
際	0	際	0	際
障	0	障	0	障
隝	1	島	1	島
隞	0	隞	0	隞
隟	1	隙	1	隙
隠	1	隱	1	隱
隡	1	薩	3	
隢	0	隢	0	隢
隣	1	鄰	1	鄰
隤	2	隤&㢈	0	隤
隥	2	隥&磴	1	磴
隦	0	隦	0	隦
隧	0	隧	0	隧
隨	0	隨	0	隨
隩	0	隩	0	隩
險	0	險	0	險
隫	1	墳	1	墳
隬	0	隬	0	隬
隭	1	陑	1	陑
隮	2	躋&隮	0	隮
隯	1	島	1	島
隰	0	隰	0	隰
隱	0	隱	0	隱
隲	1	騭	1	騭
隳	0	隳	0	隳
隴	0	隴	0	隴
隵	2	巇&㚀&隵	2	巇&㚀&隵
隶	2	隸&隶	1	隸
隷	1	隸	1	隸
隸	0	隸	0	隸
隹	0	隹	0	隹
隺	2	鶴&隺	0	隺
隻	0	隻	0	隻
隼	0	隼	0	隼
隽	1	雋	1	雋
难	1	難	1	難
隿	0	隿	0	隿
雀	0	雀	0	雀
雁	0	雁	0	雁
雂	2	雂&鳹	0	雂
雃	2	鳽&雃	0	雃
雄	0	雄	0	雄
雅	0	雅	0	雅
集	0	集	0	集
雇	0	雇	0	雇
雈	0	雈	0	雈
雉	0	雉	0	雉
雊	0	雊	0	雊
雋	0	雋	0	雋
雌	0	雌	0	雌
雍	0	雍	0	雍
雎	0	雎	0	雎
雏	1	雛	1	雛
雐	0	雐	0	雐
雑	1	雜	1	雜
雒	0	雒	0	雒
雓	0	雓	0	雓
雔	0	雔	0	雔
雕	2	彫&雕	2	彫&雕
雖	0	雖	0	雖
雗	0	雗	0	雗
雘	0	雘	0	雘
雙	0	雙	0	雙
雚	2	芄&萑&雚&鸛	2	芄&萑&雚&鸛
雛	0	雛	0	雛
雜	0	雜	0	雜
雝	2	雍&雝	1	雍
雞	0	雞	0	雞
雟	2	巂&雟	1	巂
雠	1	讎	1	讎
雡	0	雡	0	雡
離	0	離	0	離
難	0	難	0	難
雤	1	鷽	1	鷽
雥	0	雥	0	雥
雦	1	集	1	集
雧	1	集	1	集
雨	0	雨	0	雨
雩	0	雩	0	雩
雪	0	雪	0	雪
雬	1	𩂆	1	𩂆
雭	2	霎&霫&雭	2	霎&霫&雭
雮	0	雮	0	雮
雯	0	雯	0	雯
雰	2	氛&雰	0	雰
雱	2	旁&滂&霧&雱	0	雱
雲	0	雲	0	雲
雳	1	靂	1	靂
雴	0	雴	0	雴
雵	0	雵	0	雵
零	0	零	0	零
雷	0	雷	0	雷
雸	0	雸	0	雸
雹	0	雹	0	雹
雺	2	霿&霧&雺	2	霿&霧&雺
電	0	電	0	電
雼	2	宕&雼	1	宕
雽	2	虖&雽	2	虖&雽
雾	1	霧	1	霧
雿	0	雿	0	雿
需	0	需	0	需
霁	1	霽	1	霽
霂	0	霂	0	霂
霃	0	霃	0	霃
霄	0	霄	0	霄
霅	0	霅	0	霅
霆	0	霆	0	霆
震	0	震	0	震
霈	0	霈	0	霈
霉	2	霉&黴	2	霉&黴
霊	3	𤫊&靈	1	靈
霋	0	霋	0	霋
霌	0	霌	0	霌
霍	2	霍&靃	2	霍&靃
霎	0	霎	0	霎
霏	0	霏	0	霏
霐	0	霐	0	霐
霑	0	霑	0	霑
霒	2	𩃬&霒	0	霒
霓	0	霓	0	霓
霔	2	澍&霔	2	澍&霔
霕	2	𩂄&霕	0	霕
霖	0	霖	0	霖
霗	1	零	1	零
霘	0	霘	0	霘
霙	0	霙	0	霙
霚	1	霧	1	霧
霛	2	霛&靈	1	靈
霜	0	霜	0	霜
霝	0	霝	0	霝
霞	0	霞	0	霞
霟	0	霟	0	霟
霠	2	𩃬&霒&霠	2	霒&霠
霡	0	霡	0	霡
霢	1	霡	1	霡
霣	0	霣	0	霣
霤	0	霤	0	霤
霥	0	霥	0	霥
霦	2	虨&霦	2	虨&霦
霧	0	霧	0	霧
霨	0	霨	0	霨
霩	0	霩	0	霩
霪	0	霪	0	霪
霫	0	霫	0	霫
霬	0	霬	0	霬
霭	1	靄	1	靄
霮	0	霮	0	霮
霯	0	霯	0	霯
霰	0	霰	0	霰
霱	0	霱	0	霱
露	0	露	0	露
霳	0	霳	0	霳
霴	1	靆	1	靆
霵	2	霿&霵&𩆭	0	霵
霶	2	滂&雱&霶	2	滂&霶
霷	2	陽&霷	0	霷
霸	0	霸	0	霸
霹	0	霹	0	霹
霺	2	溦&霺	1	溦
霼	0	霼	0	霼
霽	0	霽	0	霽
霾	0	霾	0	霾
霿	2	霿&𩆭	0	霿
靀	2	濛&靀	2	濛&靀
靁	2	靁&雷	1	雷
靂	0	靂	0	靂
靃	0	靃	0	靃
靄	0	靄	0	靄
靅	1	𩃸	1	𩃸
靆	0	靆	0	靆
靇	2	龍&靇&龗	2	龍&靇&龗
靈	0	靈	0	靈
靉	0	靉	0	靉
靊	0	靊	0	靊
靋	0	靋	0	靋
靍	1	鶴	3	
靎	1	鶴	3	
靏	1	鶴	3	
靐	0	靐	0	靐
靑	1	青	1	青
青	0	青	0	青
靓	1	靚	1	靚
靔	1	天	3	
靕	0	靕	0	靕
靖	0	靖	0	靖
靗	2	竀&靗	1	竀
靘	0	靘	0	靘
静	1	靜	1	靜
靚	0	靚	0	靚
靛	0	靛	0	靛
靜	0	靜	0	靜
靝	1	天	1	天
非	0	非	0	非
靟	2	靟&䩁	1	䩁
靠	0	靠	0	靠
靡	0	靡	0	靡
面	2	面&麵	2	面&麵
靣	3	面&麵	1	面
靤	2	靤&皰	1	皰
靥	1	靨	1	靨
靦	0	靦	0	靦
靧	2	靧&沬	1	沬
靨	0	靨	0	靨
革	0	革	0	革
靪	0	靪	0	靪
靫	0	靫	0	靫
靬	0	靬	0	靬
靭	3	韌&肕	1	韌
靮	0	靮	0	靮
靯	0	靯	0	靯
靰	0	靰	0	靰
靱	1	韌	3	
靲	0	靲	0	靲
靳	0	靳	0	靳
靴	0	靴	0	靴
靵	1	紐	1	紐
靶	0	靶	0	靶
靷	2	紖&靷	0	靷
靸	0	靸	0	靸
靹	0	靹	0	靹
靺	0	靺	0	靺
靻	0	靻	0	靻
靼	0	靼	0	靼
靽	2	絆&靽	2	絆&靽
靾	2	紲&靾	0	靾
靿	0	靿	0	靿
鞀	0	鞀	0	鞀
鞁	0	鞁	0	鞁
鞂	2	稭&秸&鞂	2	秸&鞂
鞃	0	鞃	0	鞃
鞄	0	鞄	0	鞄
鞅	0	鞅	0	鞅
鞇	2	茵&鞇	2	茵&鞇
鞈	2	鞈&䶀	2	鞈&䶀
鞉	1	鞀	1	鞀
鞊	0	鞊	0	鞊
鞋	0	鞋	0	鞋
鞌	1	鞍	1	鞍
鞍	0	鞍	0	鞍
鞎	0	鞎	0	鞎
鞏	0	鞏	0	鞏
鞑	1	韃	1	韃
鞒	3	鞽&橇&屩	3	橇&屩
鞓	2	鞓&䩠	0	鞓
鞔	0	鞔	0	鞔
鞕	2	硬&鞭&鞕	0	鞕
鞖	1	䪎	1	䪎
鞗	0	鞗	0	鞗
鞘	0	鞘	0	鞘
鞙	0	鞙	0	鞙
鞚	0	鞚	0	鞚
鞛	1	琫	1	琫
鞜	0	鞜	0	鞜
鞝	0	鞝	0	鞝
鞞	0	鞞	0	鞞
鞟	2	鞟&鞹	1	鞹
鞠	0	鞠	0	鞠
鞡	0	鞡	0	鞡
鞢	0	鞢	0	鞢
鞣	0	鞣	0	鞣
鞤	2	幫&鞤	0	鞤
鞥	0	鞥	0	鞥
鞦	0	鞦	0	鞦
鞧	1	緧	1	緧
鞨	0	鞨	0	鞨
鞩	1	鞘	1	鞘
鞪	2	楘&鞪	2	楘&鞪
鞫	0	鞫	0	鞫
鞬	0	鞬	0	鞬
鞭	0	鞭	0	鞭
鞮	0	鞮	0	鞮
鞯	1	韉	3	
鞰	1	韞	1	韞
鞱	1	韜	1	韜
鞲	1	韝	1	韝
鞳	0	鞳	0	鞳
鞴	2	絥&鞴	0	鞴
鞵	1	鞋	1	鞋
鞶	0	鞶	0	鞶
鞷	2	膈&鞷	0	鞷
鞸	1	韠	1	韠
鞹	0	鞹	0	鞹
鞺	2	鼞&鞺	2	鼞&鞺
鞻	0	鞻	0	鞻
鞼	0	鞼	0	鞼
鞽	2	鞽&橇&屩	3	橇&屩
鞾	2	鞾&靴	1	靴
鞿	0	鞿	0	鞿
韀	1	韉	1	韉
韁	0	韁	0	韁
韂	0	韂	0	韂
韃	0	韃	0	韃
韄	0	韄	0	韄
韅	0	韅	0	韅
韆	0	韆	0	韆
韇	0	韇	0	韇
韈	1	襪	1	襪
韉	0	韉	0	韉
韊	1	籣	1	籣
韋	0	韋	0	韋
韌	0	韌	0	韌
韍	2	韍&𩎓	0	韍
韎	0	韎	0	韎
韏	0	韏	0	韏
韐	0	韐	0	韐
韑	2	煒&韑	0	韑
韒	1	鞘	1	鞘
韓	0	韓	0	韓
韔	0	韔	0	韔
韕	0	韕	0	韕
韖	0	韖	0	韖
韗	0	韗	0	韗
韘	0	韘	0	韘
韙	0	韙	0	韙
韚	0	韚	0	韚
韛	2	韛&鞴	1	鞴
韜	0	韜	0	韜
韝	0	韝	0	韝
韞	0	韞	0	韞
韟	2	皋&韟	0	韟
韠	0	韠	0	韠
韡	0	韡	0	韡
韢	0	韢	0	韢
韣	0	韣	0	韣
韤	2	韤&襪	1	襪
韥	2	韣&韥	1	韣
韦	1	韋	1	韋
韧	1	韌	1	韌
韨	1	韍	1	韍
韩	1	韓	1	韓
韪	1	韙	1	韙
韫	1	韞	1	韞
韬	1	韜	1	韜
韭	0	韭	0	韭
韮	1	韭	1	韭
韯	1	韱	1	韱
韰	0	韰	0	韰
韱	0	韱	0	韱
韲	1	齏	1	齏
音	0	音	0	音
韴	0	韴	0	韴
韵	1	韻	1	韻
韶	0	韶	0	韶
韷	0	韷	0	韷
韸	0	韸	0	韸
韹	0	韹	0	韹
韺	0	韺	0	韺
韻	0	韻	0	韻
韼	1	韸	1	韸
韽	0	韽	0	韽
韾	0	韾	0	韾
響	0	響	0	響
頀	2	護&頀	0	頀
頁	0	頁	0	頁
頂	0	頂	0	頂
頃	0	頃	0	頃
頄	0	頄	0	頄
項	0	項	0	項
順	0	順	0	順
頇	0	頇	0	頇
須	0	須	0	須
頉	2	頤&頉	2	頤&頉
頊	0	頊	0	頊
頋	0	頋	0	頋
頌	0	頌	0	頌
頍	0	頍	0	頍
頎	0	頎	0	頎
頏	2	吭&亢&頏	0	頏
預	0	預	0	預
頑	0	頑	0	頑
頒	0	頒	0	頒
頓	0	頓	0	頓
頔	0	頔	0	頔
頕	0	頕	0	頕
頖	0	頖	0	頖
頗	0	頗	0	頗
領	0	領	0	領
頙	2	頤&頙	0	頙
頚	1	頸	1	頸
頛	0	頛	0	頛
頜	2	領&頜	0	頜
頝	0	頝	0	頝
頞	0	頞	0	頞
頟	2	頟&額	1	額
頠	0	頠	0	頠
頡	0	頡	0	頡
頢	0	頢	0	頢
頣	0	頣	0	頣
頤	0	頤	0	頤
頥	1	頤	1	頤
頦	0	頦	0	頦
頧	0	頧	0	頧
頨	0	頨	0	頨
頩	0	頩	0	頩
頪	0	頪	0	頪
頫	2	俯&俛&頫	0	頫
頬	1	頰	1	頰
頭	0	頭	0	頭
頮	2	頮&沬	1	沬
頯	2	頄&頯	0	頯
頰	0	頰	0	頰
頱	0	頱	0	頱
頲	0	頲	0	頲
頳	1	赬	1	赬
頴	1	穎	1	穎
頵	0	頵	0	頵
頶	0	頶	0	頶
頷	0	頷	0	頷
頸	0	頸	0	頸
頹	0	頹	0	頹
頺	1	頹	1	頹
頻	0	頻	0	頻
頼	1	賴	1	賴
頽	1	頹	1	頹
頾	3	頿&髭	1	髭
頿	2	頿&髭	1	髭
顀	0	顀	0	顀
顁	0	顁	0	顁
顂	2	賴&顂	0	顂
顃	0	顃	0	顃
顄	0	顄	0	顄
顅	0	顅	0	顅
顆	0	顆	0	顆
顇	2	悴&顇	2	悴&顇
顈	0	顈	0	顈
顉	0	顉	0	顉
顊	2	頤&顊	1	頤
顋	1	腮	1	腮
題	0	題	0	題
額	0	額	0	額
顎	0	顎	0	顎
顏	1	顔	1	顔
顐	2	諢&顐	0	顐
顑	0	顑	0	顑
顒	0	顒	0	顒
顓	0	顓	0	顓
顔	0	顔	0	顔
顕	1	顯	1	顯
顖	2	顖&囟	1	囟
顗	0	顗	0	顗
願	0	願	0	願
顙	0	顙	0	顙
顚	1	顛	1	顛
顛	0	顛	0	顛
顜	0	顜	0	顜
顝	0	顝	0	顝
類	0	類	0	類
顟	0	顟	0	顟
顠	2	顠&𩮳	2	顠&𩮳
顡	0	顡	0	顡
顢	0	顢	0	顢
顣	2	蹙&顣	1	蹙
顤	0	顤	0	顤
顥	0	顥	0	顥
顦	2	憔&顦	2	憔&顦
顧	0	顧	0	顧
顨	2	顨&巽	1	巽
顩	0	顩	0	顩
顪	0	顪	0	顪
顫	0	顫	0	顫
顬	0	顬	0	顬
顭	3	儚&𠐿	1	儚
顮	0	顮	0	顮
顯	0	顯	0	顯
顰	0	顰	0	顰
顱	0	顱	0	顱
顲	0	顲	0	顲
顳	0	顳	0	顳
顴	0	顴	0	顴
页	1	頁	1	頁
顶	1	頂	1	頂
顷	1	頃	1	頃
顸	1	頇	1	頇
项	1	項	1	項
顺	1	順	1	順
须	3	須&鬚	3	須&鬚
顼	1	頊	1	頊
顽	1	頑	1	頑
顾	1	顧	3	
顿	1	頓	1	頓
颀	1	頎	1	頎
颁	1	頒	1	頒
颂	1	頌	1	頌
颃	1	頏	1	頏
预	1	預	1	預
颅	1	顱	1	顱
领	1	領	1	領
颇	1	頗	1	頗
颈	1	頸	1	頸
颉	1	頡	3	
颊	1	頰	1	頰
颋	1	頲	1	頲
颌	1	頜	1	頜
颍	1	潁	1	潁
颎	1	熲	3	
颏	1	頦	1	頦
颐	1	頤	1	頤
频	1	頻	1	頻
颒	1	頮	3	
颓	1	頹	1	頹
颔	1	頷	1	頷
颕	1	穎	3	
颖	1	穎	1	穎
颗	1	顆	1	顆
题	1	題	1	題
颙	1	顒	1	顒
颚	1	顎	3	
颛	1	顓	1	顓
颜	1	顔	1	顔
额	1	額	1	額
颞	1	顳	1	顳
颟	1	顢	1	顢
颠	1	顛	1	顛
颡	1	顙	1	顙
颢	1	顥	1	顥
颣	1	纇	3	
颤	1	顫	1	顫
颥	1	顬	3	
颦	1	顰	1	顰
颧	1	顴	1	顴
風	0	風	0	風
颩	0	颩	0	颩
颫	1	𩖬	1	𩖬
颬	0	颬	0	颬
颭	0	颭	0	颭
颮	2	颮&飆	0	颮
颯	0	颯	0	颯
颰	2	𩖼&颰	0	颰
颱	0	颱	0	颱
颲	0	颲	0	颲
颳	0	颳	0	颳
颴	0	颴	3	
颵	0	颵	0	颵
颶	0	颶	0	颶
颷	2	颷&飆	1	飆
颸	0	颸	0	颸
颹	0	颹	0	颹
颺	0	颺	0	颺
颻	0	颻	0	颻
颼	0	颼	0	颼
颽	0	颽	0	颽
颾	2	颼&颾	0	颾
颿	0	颿	0	颿
飀	0	飀	0	飀
飁	0	飁	0	飁
飂	2	飂&飀	0	飂
飃	1	飄	1	飄
飄	0	飄	0	飄
飅	1	飀	3	
飆	0	飆	0	飆
飇	1	飆	1	飆
飈	1	飆	1	飆
飉	0	飉	0	飉
飊	1	飆	1	飆
飋	0	飋	0	飋
飌	2	風&飌	1	風
飍	0	飍	0	飍
风	3	風&鳳	1	風
飏	1	颺	3	
飐	1	颭	3	
飑	1	颮	3	
飒	1	颯	1	颯
飓	1	颶	1	颶
飔	1	颸	1	颸
飕	1	颼	1	颼
飖	1	颻	3	
飗	1	飀	3	
飘	1	飄	3	
飙	1	飆	1	飆
飚	1	飆	3	
飛	2	非&飛	0	飛
飜	1	翻	1	翻
飝	1	飛	1	飛
飞	1	飛	1	飛
食	0	食	0	食
飠	0	飠	3	
飡	1	餐	1	餐
飢	2	飢&饑	0	飢
飣	0	飣	0	飣
飤	2	飼&飤	1	飼
飥	0	飥	0	飥
飦	2	飦&饘&䭈	3	饘&䭈
飧	0	飧	0	飧
飨	1	饗	1	饗
飩	0	飩	0	飩
飪	0	飪	0	飪
飫	0	飫	0	飫
飬	3	養&餋	3	養&餋
飭	0	飭	0	飭
飮	1	飲	3	
飯	0	飯	0	飯
飰	1	飯	1	飯
飱	1	飧	1	飧
飲	0	飲	0	飲
飳	0	飳	0	飳
飴	0	飴	0	飴
飵	0	飵	0	飵
飶	0	飶	0	飶
飷	0	飷	0	飷
飸	1	饕	1	饕
飹	2	𩛁&飽&飹	2	飽&飹
飺	0	飺	0	飺
飻	2	飻&餮	1	餮
飼	2	飼&飤	0	飼
飽	0	飽	0	飽
飾	0	飾	0	飾
飿	0	飿	0	飿
餀	0	餀	0	餀
餁	1	飪	1	飪
餂	2	甜&餂	0	餂
餃	0	餃	0	餃
餄	0	餄	0	餄
餅	0	餅	0	餅
餆	0	餆	0	餆
餇	0	餇	0	餇
餈	0	餈	0	餈
餉	2	餉&饟	0	餉
養	0	養	0	養
餋	0	餋	0	餋
餌	0	餌	0	餌
餍	1	饜	1	饜
餎	0	餎	3	
餏	0	餏	3	
餐	2	飧&餐	0	餐
餑	0	餑	0	餑
餒	0	餒	0	餒
餓	0	餓	0	餓
餔	0	餔	0	餔
餕	0	餕	0	餕
餖	0	餖	0	餖
餗	0	餗	0	餗
餘	0	餘	0	餘
餙	1	飾	1	飾
餚	2	肴&餚	1	肴
餛	0	餛	0	餛
餜	0	餜	0	餜
餝	3	飭&飾	1	飾
餞	0	餞	0	餞
餟	0	餟	0	餟
餠	1	餅	1	餅
餡	0	餡	0	餡
餢	0	餢	0	餢
餣	0	餣	0	餣
餤	2	啖&餤	2	啖&餤
餥	2	餥&饕	2	餥&饕
餦	2	餦&粻	1	粻
餧	2	餒&餵&餧	2	餒&餧
館	0	館	0	館
餩	0	餩	0	餩
餪	0	餪	0	餪
餫	2	餛&餫	0	餫
餬	0	餬	0	餬
餭	0	餭	0	餭
餮	0	餮	0	餮
餯	0	餯	0	餯
餰	2	餰&饘	0	餰
餱	0	餱	0	餱
餲	0	餲	0	餲
餳	2	糖&餳	0	餳
餴	2	餴&饙	1	饙
餵	0	餵	0	餵
餶	0	餶	0	餶
餷	0	餷	0	餷
餸	0	餸	0	餸
餹	2	餹&糖	1	糖
餺	0	餺	0	餺
餻	2	餻&糕	1	糕
餼	0	餼	0	餼
餽	2	餽&饋	0	餽
餾	0	餾	0	餾
餿	0	餿	0	餿
饀	2	饕&饀	0	饀
饁	0	饁	0	饁
饃	0	饃	0	饃
饄	1	糖	1	糖
饅	0	饅	0	饅
饆	0	饆	0	饆
饇	2	飫&饇	1	飫
饈	0	饈	0	饈
饉	0	饉	0	饉
饊	0	饊	0	饊
饋	0	饋	0	饋
饌	0	饌	0	饌
饍	1	膳	1	膳
饎	0	饎	0	饎
饏	2	饏&澉	1	澉
饐	2	噎&餬&饐	0	饐
饑	2	飢&饑	0	饑
饒	0	饒	0	饒
饓	2	饓&𩞦	1	𩞦
饔	0	饔	0	饔
饕	0	饕	0	饕
饖	2	饐&饖	2	饐&饖
饗	0	饗	0	饗
饘	0	饘	0	饘
饙	0	饙	0	饙
饚	1	餀	1	餀
饛	0	饛	0	饛
饜	2	饜&猒	0	饜
饝	3	𩞁&饃	1	饃
饞	0	饞	0	饞
饟	2	餉&饟	0	饟
饠	0	饠	0	饠
饡	0	饡	0	饡
饢	0	饢	3	
饣	1	飠	3	
饤	1	飣	3	
饥	3	飢&饑	3	飢&饑
饦	1	飥	3	
饧	1	餳	1	餳
饨	1	飩	3	
饩	1	餼	3	
饪	1	飪	1	飪
饫	1	飫	1	飫
饬	1	飭	1	飭
饭	1	飯	1	飯
饮	1	飲	3	
饯	1	餞	1	餞
饰	1	飾	1	飾
饱	1	飽	1	飽
饲	1	飼	1	飼
饳	1	飿	1	飿
饴	1	飴	1	飴
饵	1	餌	1	餌
饶	1	饒	1	饒
饷	1	餉	1	餉
饸	1	餄	1	餄
饹	1	餎	3	
饺	1	餃	1	餃
饻	1	餏	3	
饼	1	餅	1	餅
饽	1	餑	1	餑
饾	1	餖	3	
饿	1	餓	1	餓
馀	1	餘	3	
馁	1	餒	1	餒
馂	1	餕	3	
馃	1	餜	3	
馄	1	餛	3	
馅	1	餡	1	餡
馆	1	館	1	館
馇	1	餷	1	餷
馈	1	饋	1	饋
馉	1	餶	1	餶
馊	1	餿	1	餿
馋	1	饞	1	饞
馌	1	饁	3	
馍	1	饃	3	
馎	1	餺	1	餺
馏	1	餾	1	餾
馐	1	饈	1	饈
馑	1	饉	1	饉
馒	1	饅	1	饅
馓	1	饊	1	饊
馔	1	饌	1	饌
馕	3	N00463&饢	1	N00463
首	0	首	0	首
馗	2	逵&馗	0	馗
馘	2	聝&馘	0	馘
香	0	香	0	香
馚	3	芬&馩	3	芬&馩
馛	0	馛	0	馛
馜	0	馜	0	馜
馝	2	苾&馝	2	苾&馝
馞	0	馞	0	馞
馟	0	馟	0	馟
馠	0	馠	0	馠
馡	0	馡	0	馡
馢	1	𣝕	1	𣝕
馣	0	馣	0	馣
馤	0	馤	0	馤
馥	0	馥	0	馥
馦	0	馦	0	馦
馧	0	馧	0	馧
馨	0	馨	0	馨
馩	0	馩	0	馩
馪	0	馪	0	馪
馫	0	馫	0	馫
馬	0	馬	0	馬
馭	2	御&馭	0	馭
馮	0	馮	0	馮
馯	2	馯&駻	0	馯
馰	2	駒&馰	2	駒&馰
馱	0	馱	0	馱
馲	0	馲	0	馲
馳	0	馳	0	馳
馴	0	馴	0	馴
馵	0	馵	0	馵
馶	0	馶	0	馶
馷	0	馷	0	馷
馸	0	馸	0	馸
馹	0	馹	0	馹
馺	0	馺	0	馺
馻	0	馻	0	馻
馼	2	馭&馼	0	馼
馽	0	馽	0	馽
馾	0	馾	0	馾
馿	2	馿&驢	1	驢
駀	0	駀	0	駀
駁	0	駁	0	駁
駂	0	駂	0	駂
駃	0	駃	0	駃
駄	1	馱	1	馱
駅	1	驛	1	驛
駆	1	驅	1	驅
駇	2	馼&駇	0	駇
駈	2	駈&驅	1	驅
駉	0	駉	0	駉
駊	0	駊	0	駊
駋	0	駋	0	駋
駌	0	駌	0	駌
駍	0	駍	0	駍
駎	0	駎	0	駎
駏	0	駏	0	駏
駐	0	駐	0	駐
駑	0	駑	0	駑
駒	0	駒	0	駒
駓	0	駓	0	駓
駔	0	駔	0	駔
駕	0	駕	0	駕
駖	0	駖	0	駖
駗	0	駗	0	駗
駘	0	駘	0	駘
駙	0	駙	0	駙
駚	0	駚	0	駚
駛	0	駛	0	駛
駜	0	駜	0	駜
駝	0	駝	0	駝
駞	2	駞&駝	1	駝
駟	0	駟	0	駟
駠	3	騮&𩢞	1	𩢞
駡	2	駡&罵	1	罵
駢	0	駢	0	駢
駣	0	駣	0	駣
駤	0	駤	0	駤
駥	0	駥	0	駥
駦	1	騰	1	騰
駧	0	駧	0	駧
駨	2	駽&駨	2	駽&駨
駩	0	駩	0	駩
駪	0	駪	0	駪
駫	2	駫&駉	1	駉
駬	0	駬	0	駬
駭	0	駭	0	駭
駮	0	駮	0	駮
駯	0	駯	0	駯
駰	0	駰	0	駰
駱	0	駱	0	駱
駳	0	駳	0	駳
駴	2	駭&駴	1	駭
駵	3	騮&𩢞	1	騮
駶	0	駶	0	駶
駷	0	駷	0	駷
駸	0	駸	0	駸
駹	0	駹	0	駹
駺	0	駺	0	駺
駻	0	駻	0	駻
駼	0	駼	0	駼
駽	0	駽	0	駽
駾	0	駾	0	駾
駿	0	駿	0	駿
騀	0	騀	0	騀
騁	0	騁	0	騁
騂	0	騂	0	騂
騃	0	騃	0	騃
騄	0	騄	0	騄
騅	0	騅	0	騅
騆	0	騆	0	騆
騇	0	騇	0	騇
騈	1	駢	1	駢
騉	0	騉	0	騉
騊	0	騊	0	騊
騋	0	騋	0	騋
騌	1	騣	1	騣
騍	0	騍	0	騍
騎	0	騎	0	騎
騏	0	騏	0	騏
騐	1	驗	1	驗
騑	0	騑	0	騑
騒	1	騷	1	騷
験	1	驗	1	驗
騔	2	𩢛&騔	1	𩢛
騕	0	騕	0	騕
騖	0	騖	0	騖
騗	1	騙	1	騙
騘	1	驄	1	驄
騙	0	騙	0	騙
騚	0	騚	0	騚
騛	0	騛	0	騛
騜	0	騜	0	騜
騝	0	騝	0	騝
騞	0	騞	0	騞
騟	0	騟	0	騟
騠	0	騠	0	騠
騡	1	駩	1	駩
騢	0	騢	0	騢
騣	0	騣	0	騣
騤	0	騤	0	騤
騥	0	騥	0	騥
騦	0	騦	0	騦
騧	0	騧	0	騧
騩	0	騩	0	騩
騪	0	騪	0	騪
騫	0	騫	0	騫
騬	0	騬	0	騬
騭	0	騭	0	騭
騮	0	騮	0	騮
騯	0	騯	0	騯
騰	0	騰	0	騰
騱	0	騱	0	騱
騲	0	騲	0	騲
騳	0	騳	0	騳
騴	0	騴	0	騴
騵	0	騵	0	騵
騶	0	騶	0	騶
騷	0	騷	0	騷
騸	0	騸	0	騸
騹	0	騹	0	騹
騺	0	騺	0	騺
騻	1	驦	1	驦
騼	0	騼	0	騼
騽	0	騽	0	騽
騾	0	騾	0	騾
騿	0	騿	0	騿
驀	0	驀	0	驀
驁	0	驁	0	驁
驂	0	驂	0	驂
驃	0	驃	0	驃
驄	0	驄	0	驄
驅	0	驅	0	驅
驆	2	蹕&驆	1	蹕
驇	1	騺	1	騺
驈	0	驈	0	驈
驉	0	驉	0	驉
驊	0	驊	0	驊
驋	0	驋	0	驋
驌	0	驌	0	驌
驍	0	驍	0	驍
驎	0	驎	0	驎
驏	0	驏	0	驏
驐	0	驐	0	驐
驑	1	騮	1	騮
驒	0	驒	0	驒
驓	0	驓	0	驓
驔	0	驔	0	驔
驕	0	驕	0	驕
驖	0	驖	0	驖
驗	0	驗	0	驗
驘	2	驘&騾	1	騾
驙	0	驙	0	驙
驚	0	驚	0	驚
驛	0	驛	0	驛
驜	0	驜	0	驜
驝	2	馲&驝	1	馲
驞	0	驞	0	驞
驟	0	驟	0	驟
驠	0	驠	0	驠
驡	0	驡	0	驡
驢	0	驢	0	驢
驣	1	騰	1	騰
驤	0	驤	0	驤
驥	0	驥	0	驥
驦	0	驦	0	驦
驧	0	驧	0	驧
驨	0	驨	0	驨
驩	0	驩	0	驩
驪	0	驪	0	驪
驫	0	驫	0	驫
马	1	馬	1	馬
驭	1	馭	1	馭
驮	1	馱	1	馱
驯	1	馴	1	馴
驰	1	馳	1	馳
驱	1	驅	1	驅
驲	1	馹	3	
驳	1	駁	1	駁
驴	1	驢	3	
驵	1	駔	1	駔
驶	1	駛	1	駛
驷	1	駟	1	駟
驸	1	駙	1	駙
驹	1	駒	1	駒
驺	1	騶	1	騶
驻	1	駐	1	駐
驼	1	駝	1	駝
驽	1	駑	1	駑
驾	1	駕	1	駕
驿	1	驛	1	驛
骀	1	駘	1	駘
骁	1	驍	1	驍
骂	1	罵	1	罵
骃	1	駰	3	
骄	1	驕	1	驕
骅	1	驊	1	驊
骆	1	駱	1	駱
骇	1	駭	1	駭
骈	1	駢	1	駢
骉	1	驫	3	
骊	1	驪	1	驪
骋	1	騁	1	騁
验	1	驗	1	驗
骍	1	騂	3	
骎	1	駸	1	駸
骏	1	駿	1	駿
骐	1	騏	1	騏
骑	1	騎	1	騎
骒	1	騍	1	騍
骓	1	騅	1	騅
骔	1	鬃	3	
骕	1	驌	3	
骖	1	驂	1	驂
骗	1	騙	1	騙
骘	1	騭	3	
骙	1	騤	3	
骚	1	騷	1	騷
骛	1	騖	1	騖
骜	1	驁	3	
骝	1	騮	1	騮
骞	1	騫	1	騫
骟	1	騸	3	
骠	1	驃	1	驃
骡	1	騾	1	騾
骢	1	驄	3	
骣	1	驏	3	
骤	1	驟	1	驟
骥	1	驥	1	驥
骦	1	驦	3	
骧	1	驤	1	驤
骨	0	骨	0	骨
骩	1	骫	1	骫
骪	1	骫	1	骫
骫	0	骫	0	骫
骬	0	骬	0	骬
骭	0	骭	0	骭
骮	1	䯆	1	䯆
骯	0	骯	0	骯
骰	0	骰	0	骰
骱	0	骱	0	骱
骲	0	骲	0	骲
骳	0	骳	0	骳
骴	0	骴	0	骴
骵	1	體	1	體
骶	0	骶	0	骶
骷	0	骷	0	骷
骸	2	骸&胲	0	骸
骹	0	骹	0	骹
骺	0	骺	0	骺
骻	2	胯&骻	0	骻
骼	0	骼	0	骼
骽	1	腿	1	腿
骾	0	骾	0	骾
骿	0	骿	0	骿
髀	0	髀	0	髀
髁	0	髁	0	髁
髂	0	髂	0	髂
髃	1	腢	1	腢
髄	1	髓	1	髓
髅	1	髏	3	
髆	0	髆	0	髆
髇	0	髇	0	髇
髈	1	膀	1	膀
髉	0	髉	0	髉
髊	2	骴&髊	0	髊
髋	1	髖	1	髖
髌	1	髕	1	髕
髍	0	髍	0	髍
髎	0	髎	0	髎
髏	0	髏	0	髏
髐	0	髐	0	髐
髑	0	髑	0	髑
髒	0	髒	0	髒
髓	0	髓	0	髓
體	0	體	0	體
髕	0	髕	0	髕
髖	0	髖	0	髖
髗	1	顱	1	顱
高	0	高	0	高
髙	1	高	1	高
髚	1	𠿕	1	𠿕
髛	0	髛	0	髛
髜	0	髜	0	髜
髝	0	髝	0	髝
髞	0	髞	0	髞
髟	0	髟	0	髟
髠	1	髡	1	髡
髡	0	髡	0	髡
髢	1	鬄	1	鬄
髣	0	髣	0	髣
髤	1	髹	1	髹
髥	1	髯	1	髯
髦	0	髦	0	髦
髧	0	髧	0	髧
髨	1	髡	1	髡
髩	1	鬢	1	鬢
髪	1	髮	1	髮
髫	0	髫	0	髫
髬	0	髬	0	髬
髭	0	髭	0	髭
髮	0	髮	0	髮
髯	0	髯	0	髯
髰	1	鬄	1	鬄
髱	0	髱	0	髱
髲	0	髲	0	髲
髳	2	髳&𩭾	2	髳&𩭾
髴	2	髴&䭮	0	髴
髵	0	髵	0	髵
髶	0	髶	0	髶
髷	0	髷	0	髷
髸	0	髸	0	髸
髹	0	髹	0	髹
髺	0	髺	0	髺
髻	0	髻	0	髻
髼	0	髼	0	髼
髽	0	髽	0	髽
髾	0	髾	0	髾
髿	0	髿	0	髿
鬀	2	鬀&剃	1	剃
鬁	0	鬁	0	鬁
鬂	1	鬢	1	鬢
鬃	0	鬃	0	鬃
鬄	0	鬄	0	鬄
鬅	0	鬅	0	鬅
鬆	0	鬆	0	鬆
鬇	0	鬇	0	鬇
鬈	0	鬈	0	鬈
鬉	0	鬉	0	鬉
鬊	0	鬊	0	鬊
鬋	0	鬋	0	鬋
鬌	0	鬌	0	鬌
鬍	0	鬍	0	鬍
鬎	0	鬎	0	鬎
鬏	0	鬏	0	鬏
鬐	0	鬐	0	鬐
鬑	0	鬑	0	鬑
鬒	0	鬒	0	鬒
鬓	1	鬢	1	鬢
鬔	2	髼&鬔	0	鬔
鬕	0	鬕	0	鬕
鬖	0	鬖	0	鬖
鬗	0	鬗	0	鬗
鬘	0	鬘	0	鬘
鬙	0	鬙	0	鬙
鬚	0	鬚	0	鬚
鬛	1	鬣	1	鬣
鬜	0	鬜	0	鬜
鬝	1	鬜	3	
鬞	0	鬞	0	鬞
鬟	0	鬟	0	鬟
鬠	0	鬠	0	鬠
鬡	0	鬡	0	鬡
鬢	0	鬢	0	鬢
鬣	0	鬣	0	鬣
鬤	0	鬤	0	鬤
鬥	0	鬥	0	鬥
鬦	3	鬬&鬥	1	鬥
鬧	0	鬧	0	鬧
鬨	2	巷&鬨	0	鬨
鬩	0	鬩	0	鬩
鬪	3	鬬&鬥	1	鬥
鬫	2	闞&鬫	1	闞
鬬	2	鬬&鬥	1	鬥
鬭	3	鬬&鬥	1	鬥
鬮	0	鬮	0	鬮
鬯	0	鬯	0	鬯
鬰	1	鬱	1	鬱
鬱	0	鬱	0	鬱
鬲	0	鬲	0	鬲
鬳	0	鬳	0	鬳
鬴	3	釜&鬲	3	釜&鬲
鬵	0	鬵	0	鬵
鬶	1	鬹	3	
鬷	0	鬷	0	鬷
鬸	0	鬸	0	鬸
鬹	0	鬹	0	鬹
鬺	0	鬺	0	鬺
鬻	0	鬻	0	鬻
鬼	0	鬼	0	鬼
鬽	2	鬽&魅	1	魅
鬾	0	鬾	0	鬾
鬿	2	魁&鬿	2	魁&鬿
魀	1	尬	1	尬
魁	0	魁	0	魁
魂	0	魂	0	魂
魃	0	魃	0	魃
魄	0	魄	0	魄
魅	0	魅	0	魅
魆	0	魆	0	魆
魇	1	魘	3	
魈	0	魈	0	魈
魉	1	魎	1	魎
魊	0	魊	0	魊
魋	0	魋	0	魋
魌	2	䫏&魌	0	魌
魍	0	魍	0	魍
魎	0	魎	0	魎
魏	0	魏	0	魏
魐	1	尷	1	尷
魑	0	魑	0	魑
魒	0	魒	0	魒
魓	1	畢	1	畢
魔	0	魔	0	魔
魕	2	魕&𩴪	1	𩴪
魖	0	魖	0	魖
魗	2	魗&醜	1	醜
魘	0	魘	0	魘
魙	0	魙	0	魙
魚	0	魚	0	魚
魛	0	魛	0	魛
魜	0	魜	0	魜
魝	0	魝	0	魝
魟	2	魟&䰸	0	魟
魠	0	魠	0	魠
魡	0	魡	0	魡
魢	0	魢	0	魢
魣	2	魣&鱮	1	鱮
魤	0	魤	0	魤
魥	0	魥	0	魥
魦	2	鯊&魦	0	魦
魧	0	魧	0	魧
魨	0	魨	0	魨
魩	0	魩	0	魩
魪	0	魪	0	魪
魫	0	魫	0	魫
魬	0	魬	0	魬
魭	2	輐&黿&魭	0	魭
魮	0	魮	0	魮
魯	0	魯	0	魯
魰	0	魰	0	魰
魱	2	魱&鱯	0	魱
魲	1	鱸	1	鱸
魳	2	魳&鰤	2	魳&鰤
魴	0	魴	0	魴
魵	0	魵	0	魵
魶	0	魶	0	魶
魷	0	魷	0	魷
魺	0	魺	0	魺
魻	0	魻	0	魻
魼	0	魼	0	魼
魽	0	魽	0	魽
魾	0	魾	0	魾
魿	2	鱗&魿	2	鱗&魿
鮀	0	鮀	0	鮀
鮁	0	鮁	0	鮁
鮂	0	鮂	0	鮂
鮃	2	魾&鮃	0	鮃
鮄	0	鮄	0	鮄
鮅	0	鮅	0	鮅
鮆	0	鮆	0	鮆
鮇	0	鮇	0	鮇
鮈	0	鮈	0	鮈
鮉	1	鯛	1	鯛
鮊	0	鮊	0	鮊
鮋	0	鮋	0	鮋
鮌	1	鯀	1	鯀
鮍	0	鮍	0	鮍
鮎	1	鯰	1	鯰
鮏	0	鮏	0	鮏
鮐	0	鮐	0	鮐
鮑	0	鮑	0	鮑
鮒	0	鮒	0	鮒
鮓	2	鮓&鮺	0	鮓
鮔	2	𧣒&鮔	0	鮔
鮕	0	鮕	0	鮕
鮘	0	鮘	3	
鮙	1	鰨	1	鰨
鮚	0	鮚	0	鮚
鮛	0	鮛	0	鮛
鮜	0	鮜	0	鮜
鮝	3	鯗&鰧	1	鯗
鮞	0	鮞	0	鮞
鮟	2	鰋&鮟	0	鮟
鮠	0	鮠	0	鮠
鮡	0	鮡	0	鮡
鮢	0	鮢	0	鮢
鮣	0	鮣	0	鮣
鮤	0	鮤	0	鮤
鮥	0	鮥	0	鮥
鮦	0	鮦	0	鮦
鮧	2	鯷&鮧	2	鯷&鮧
鮨	0	鮨	0	鮨
鮩	0	鮩	0	鮩
鮪	0	鮪	0	鮪
鮫	0	鮫	0	鮫
鮬	0	鮬	0	鮬
鮭	0	鮭	0	鮭
鮮	2	鮮&尟	0	鮮
鮯	0	鮯	0	鮯
鮰	0	鮰	0	鮰
鮳	0	鮳	0	鮳
鮵	0	鮵	0	鮵
鮶	0	鮶	0	鮶
鮷	2	鮷&鯷	1	鯷
鮸	0	鮸	0	鮸
鮹	0	鮹	0	鮹
鮺	2	鮓&鮺	0	鮺
鮻	0	鮻	0	鮻
鮼	0	鮼	0	鮼
鮽	0	鮽	0	鮽
鮾	3	餒&鯘	3	餒&鯘
鮿	0	鮿	0	鮿
鯀	0	鯀	0	鯀
鯁	0	鯁	0	鯁
鯂	2	穌&鯂	0	鯂
鯃	0	鯃	0	鯃
鯄	0	鯄	0	鯄
鯅	0	鯅	0	鯅
鯆	0	鯆	0	鯆
鯇	0	鯇	0	鯇
鯈	0	鯈	0	鯈
鯉	0	鯉	0	鯉
鯊	0	鯊	0	鯊
鯋	1	鯊	1	鯊
鯌	0	鯌	0	鯌
鯍	3	𩶡&𩶶	1	𩶶
鯒	0	鯒	0	鯒
鯓	0	鯓	0	鯓
鯔	0	鯔	0	鯔
鯕	0	鯕	0	鯕
鯖	0	鯖	0	鯖
鯗	0	鯗	0	鯗
鯘	0	鯘	0	鯘
鯙	0	鯙	0	鯙
鯚	0	鯚	0	鯚
鯛	0	鯛	0	鯛
鯜	0	鯜	0	鯜
鯝	0	鯝	0	鯝
鯞	0	鯞	0	鯞
鯟	0	鯟	0	鯟
鯠	0	鯠	0	鯠
鯡	2	鯡&𩹉	0	鯡
鯢	0	鯢	0	鯢
鯣	0	鯣	0	鯣
鯤	0	鯤	0	鯤
鯥	0	鯥	0	鯥
鯦	0	鯦	0	鯦
鯧	0	鯧	0	鯧
鯨	0	鯨	0	鯨
鯩	0	鯩	0	鯩
鯪	0	鯪	0	鯪
鯫	0	鯫	0	鯫
鯬	0	鯬	0	鯬
鯭	0	鯭	0	鯭
鯮	1	鯼	1	鯼
鯯	1	䱥	1	䱥
鯰	0	鯰	0	鯰
鯱	0	鯱	3	
鯴	0	鯴	0	鯴
鯶	1	鯇	1	鯇
鯷	0	鯷	0	鯷
鯸	0	鯸	0	鯸
鯹	1	鮏	1	鮏
鯺	2	蠩&鯺	0	鯺
鯻	0	鯻	0	鯻
鯼	0	鯼	0	鯼
鯽	2	鯽&鰂	0	鯽
鯾	0	鯾	0	鯾
鯿	2	鯿&鯾	1	鯾
鰀	1	鯇	1	鯇
鰁	0	鰁	0	鰁
鰂	0	鰂	0	鰂
鰃	0	鰃	0	鰃
鰄	0	鰄	0	鰄
鰅	0	鰅	0	鰅
鰆	0	鰆	0	鰆
鰇	0	鰇	0	鰇
鰈	0	鰈	0	鰈
鰉	0	鰉	0	鰉
鰊	0	鰊	0	鰊
鰋	0	鰋	0	鰋
鰌	2	鰍&鰌	0	鰌
鰍	0	鰍	0	鰍
鰎	0	鰎	0	鰎
鰏	0	鰏	0	鰏
鰐	1	鱷	1	鱷
鰑	0	鰑	0	鰑
鰒	0	鰒	0	鰒
鰓	0	鰓	0	鰓
鰔	2	鰔&鱤	2	鰔&鱤
鰕	2	鰕&蝦	1	蝦
鰖	1	䲊	1	䲊
鰗	0	鰗	0	鰗
鰛	1	鰮	1	鰮
鰜	0	鰜	0	鰜
鰝	0	鰝	0	鰝
鰞	0	鰞	0	鰞
鰟	2	魴&鰟	0	鰟
鰠	0	鰠	0	鰠
鰡	0	鰡	0	鰡
鰢	0	鰢	0	鰢
鰣	0	鰣	0	鰣
鰤	0	鰤	0	鰤
鰥	0	鰥	0	鰥
鰦	0	鰦	0	鰦
鰧	0	鰧	0	鰧
鰨	0	鰨	0	鰨
鰩	0	鰩	0	鰩
鰪	0	鰪	0	鰪
鰫	0	鰫	0	鰫
鰬	0	鰬	0	鰬
鰭	2	鰭&鮨	0	鰭
鰮	0	鰮	0	鰮
鰯	0	鰯	0	鰯
鰱	0	鰱	0	鰱
鰲	2	鼇&鰲	0	鰲
鰳	0	鰳	0	鰳
鰴	0	鰴	0	鰴
鰵	2	鰵&鮸	1	鮸
鰶	0	鰶	0	鰶
鰷	0	鰷	0	鰷
鰸	0	鰸	0	鰸
鰹	0	鰹	0	鰹
鰺	2	鰺&鱢	1	鱢
鰻	0	鰻	0	鰻
鰼	0	鰼	0	鰼
鰽	2	鯦&鰽	0	鰽
鰾	0	鰾	0	鰾
鰿	2	鯽&鰿	0	鰿
鱀	0	鱀	0	鱀
鱁	0	鱁	0	鱁
鱂	2	鱂&鯧	1	鯧
鱃	0	鱃	0	鱃
鱄	0	鱄	0	鱄
鱅	2	鱅&鰫	1	鰫
鱆	0	鱆	0	鱆
鱇	0	鱇	3	
鱈	0	鱈	0	鱈
鱉	0	鱉	0	鱉
鱊	0	鱊	0	鱊
鱋	2	魼&鱋	1	魼
鱌	0	鱌	0	鱌
鱍	2	鱍&鮁	0	鱍
鱎	0	鱎	0	鱎
鱏	2	鱏&鱘	1	鱘
鱐	0	鱐	0	鱐
鱑	1	鰉	1	鰉
鱒	0	鱒	0	鱒
鱓	2	鱓&鱔	1	鱔
鱔	0	鱔	0	鱔
鱕	0	鱕	0	鱕
鱖	0	鱖	0	鱖
鱗	0	鱗	0	鱗
鱘	0	鱘	0	鱘
鱙	0	鱙	0	鱙
鱚	0	鱚	3	
鱝	2	鱝&𩸂	1	𩸂
鱞	2	鰥&鱞	0	鱞
鱟	0	鱟	0	鱟
鱠	2	膾&鱠	0	鱠
鱡	2	鱡&鰂	1	鰂
鱢	0	鱢	0	鱢
鱣	2	鱔&鱣	0	鱣
鱤	0	鱤	0	鱤
鱥	2	鱥&鱖	1	鱖
鱦	0	鱦	0	鱦
鱧	0	鱧	0	鱧
鱨	0	鱨	0	鱨
鱬	0	鱬	0	鱬
鱭	2	鮆&鱭	0	鱭
鱮	0	鱮	0	鱮
鱯	2	魱&鱯	0	鱯
鱱	0	鱱	0	鱱
鱲	0	鱲	0	鱲
鱳	0	鱳	0	鱳
鱴	0	鱴	0	鱴
鱵	0	鱵	0	鱵
鱶	1	鯗	1	鯗
鱷	0	鱷	0	鱷
鱸	0	鱸	0	鱸
鱹	0	鱹	0	鱹
鱺	0	鱺	0	鱺
鱻	2	鮮&鱻	2	鮮&鱻
鱼	1	魚	1	魚
鱽	1	魛	3	
鱾	1	魢	3	
鱿	1	魷	1	魷
鲀	1	魨	3	
鲁	1	魯	1	魯
鲂	1	魴	3	
鲃	1	䰾	3	
鲄	1	魺	3	
鲅	1	鮁	3	
鲆	1	鮃	3	
鲇	1	鯰	1	鯰
鲈	1	鱸	1	鱸
鲉	1	鮋	3	
鲊	1	鮓	3	
鲋	1	鮒	3	
鲌	1	鮊	3	
鲍	1	鮑	1	鮑
鲎	1	鱟	3	
鲏	1	鮍	3	
鲐	1	鮐	3	
鲑	1	鮭	3	
鲒	1	鮚	3	
鲓	1	鮳	3	
鲔	1	鮪	1	鮪
鲕	1	鮞	3	
鲖	1	鮦	3	
鲗	1	鰂	3	
鲘	1	鮜	3	
鲙	1	鱠	3	
鲚	1	鱭	3	
鲛	1	鮫	1	鮫
鲜	1	鮮	1	鮮
鲝	1	鮺	3	
鲞	3	鯗&鰧	1	鯗
鲟	1	鱘	1	鱘
鲠	1	鯁	1	鯁
鲡	1	鱺	3	
鲢	1	鰱	1	鰱
鲣	1	鰹	1	鰹
鲤	1	鯉	1	鯉
鲥	1	鰣	1	鰣
鲦	1	鰷	1	鰷
鲧	1	鯀	1	鯀
鲨	1	鯊	1	鯊
鲩	1	鯇	3	
鲪	1	鮶	3	
鲫	1	鯽	1	鯽
鲬	1	鯒	3	
鲭	1	鯖	1	鯖
鲮	1	鯪	1	鯪
鲯	1	鯕	3	
鲰	1	鯫	1	鯫
鲱	1	鯡	1	鯡
鲲	1	鯤	1	鯤
鲳	1	鯧	1	鯧
鲴	1	鯝	3	
鲵	1	鯢	1	鯢
鲶	1	鯰	1	鯰
鲷	1	鯛	1	鯛
鲸	1	鯨	1	鯨
鲹	1	鰺	3	
鲺	1	鯴	3	
鲻	1	鯔	1	鯔
鲼	1	鱝	3	
鲽	1	鰈	1	鰈
鲾	1	鰏	3	
鲿	1	鱨	3	
鳀	1	鯷	3	
鳁	1	鰮	1	鰮
鳂	1	鰃	3	
鳃	1	鰓	1	鰓
鳄	1	鱷	1	鱷
鳅	1	鰍	1	鰍
鳆	1	鰒	1	鰒
鳇	1	鰉	1	鰉
鳈	1	鰁	3	
鳉	1	鱂	3	
鳊	3	鯿&鯾	1	鯾
鳋	1	鰠	3	
鳌	3	鼇&鰲	1	鰲
鳍	1	鰭	1	鰭
鳎	1	鰨	1	鰨
鳏	1	鰥	1	鰥
鳐	1	鰩	3	
鳑	1	鰟	3	
鳒	1	鰜	1	鰜
鳓	1	鰳	1	鰳
鳔	1	鰾	1	鰾
鳕	1	鱈	1	鱈
鳖	1	鱉	1	鱉
鳗	1	鰻	1	鰻
鳘	1	鰵	3	
鳙	1	鱅	3	
鳚	1	䲁	3	
鳛	1	鰼	1	鰼
鳜	1	鱖	1	鱖
鳝	1	鱔	1	鱔
鳞	1	鱗	1	鱗
鳟	1	鱒	1	鱒
鳠	1	鱯	3	
鳡	1	鱤	3	
鳢	1	鱧	1	鱧
鳣	1	鱣	1	鱣
鳤	1	䲘	3	
鳥	0	鳥	0	鳥
鳦	0	鳦	0	鳦
鳧	0	鳧	0	鳧
鳨	0	鳨	0	鳨
鳩	0	鳩	0	鳩
鳪	0	鳪	0	鳪
鳫	3	雁&鴈	1	鴈
鳬	1	鳧	1	鳧
鳭	0	鳭	0	鳭
鳮	1	雞	1	雞
鳯	1	鳳	1	鳳
鳱	2	鳱&鴈	0	鳱
鳲	0	鳲	0	鳲
鳳	0	鳳	0	鳳
鳴	0	鳴	0	鳴
鳵	2	鳵&鴇	1	鴇
鳶	0	鳶	0	鳶
鳷	2	鳷&䧴	0	鳷
鳸	2	鳸&雇	1	雇
鳹	0	鳹	0	鳹
鳺	0	鳺	0	鳺
鳻	0	鳻	0	鳻
鳼	0	鳼	0	鳼
鳽	0	鳽	0	鳽
鳾	2	鶳&鳾	0	鳾
鳿	0	鳿	0	鳿
鴀	0	鴀	0	鴀
鴁	0	鴁	0	鴁
鴂	1	鴃	1	鴃
鴃	0	鴃	0	鴃
鴄	2	鵯&鴄	0	鴄
鴅	2	鴅&鵃	0	鴅
鴆	0	鴆	0	鴆
鴇	0	鴇	0	鴇
鴈	0	鴈	0	鴈
鴉	0	鴉	0	鴉
鴊	0	鴊	0	鴊
鴋	2	鶭&鴋	0	鴋
鴌	1	鳳	1	鳳
鴍	2	鳼&鴍	0	鴍
鴎	1	鷗	3	
鴏	0	鴏	0	鴏
鴐	0	鴐	0	鴐
鴑	1	鴽	1	鴽
鴒	0	鴒	0	鴒
鴓	0	鴓	0	鴓
鴔	0	鴔	0	鴔
鴕	0	鴕	0	鴕
鴖	2	鴖&蚊&𪂆	3	蚊&𪂆
鴗	0	鴗	0	鴗
鴘	0	鴘	0	鴘
鴙	2	雉&鶻&鴙	1	雉
鴚	1	𪃿	1	𪃿
鴛	0	鴛	0	鴛
鴜	0	鴜	0	鴜
鴝	0	鴝	0	鴝
鴞	0	鴞	0	鴞
鴟	0	鴟	0	鴟
鴠	0	鴠	0	鴠
鴡	1	雎	1	雎
鴢	0	鴢	0	鴢
鴣	0	鴣	0	鴣
鴤	0	鴤	0	鴤
鴥	0	鴥	0	鴥
鴦	0	鴦	0	鴦
鴧	1	鴥	1	鴥
鴨	0	鴨	0	鴨
鴩	0	鴩	0	鴩
鴪	1	鴥	1	鴥
鴫	1	畼	3	
鴬	3	鶯&鷽	1	鶯
鴭	2	鵻&鴭	2	鵻&鴭
鴮	0	鴮	0	鴮
鴯	0	鴯	0	鴯
鴰	0	鴰	0	鴰
鴱	0	鴱	0	鴱
鴲	0	鴲	0	鴲
鴳	2	鴳&鷃	0	鴳
鴴	0	鴴	0	鴴
鴵	1	梟	1	梟
鴶	0	鴶	0	鴶
鴷	0	鴷	0	鴷
鴸	0	鴸	0	鴸
鴹	2	翔&鴹	2	翔&鴹
鴺	0	鴺	0	鴺
鴻	0	鴻	0	鴻
鴼	2	鷺&鵅&鴼	1	鷺
鴽	0	鴽	0	鴽
鴾	0	鴾	0	鴾
鴿	0	鴿	0	鴿
鵀	0	鵀	0	鵀
鵁	0	鵁	0	鵁
鵂	0	鵂	0	鵂
鵃	0	鵃	0	鵃
鵄	1	鴟	1	鴟
鵅	0	鵅	0	鵅
鵈	1	鳶	3	
鵉	1	鸞	1	鸞
鵊	0	鵊	0	鵊
鵋	0	鵋	0	鵋
鵌	0	鵌	0	鵌
鵍	2	鸛&鵍	2	鸛&鵍
鵎	0	鵎	0	鵎
鵏	0	鵏	0	鵏
鵐	2	鵐&鷡	1	鷡
鵑	0	鵑	0	鵑
鵒	0	鵒	0	鵒
鵓	0	鵓	0	鵓
鵔	0	鵔	0	鵔
鵕	1	鵔	1	鵔
鵖	0	鵖	0	鵖
鵗	0	鵗	0	鵗
鵘	0	鵘	0	鵘
鵙	2	鵙&鶪	0	鵙
鵚	0	鵚	0	鵚
鵛	0	鵛	0	鵛
鵜	0	鵜	0	鵜
鵝	0	鵝	0	鵝
鵞	1	鵝	1	鵝
鵟	0	鵟	0	鵟
鵠	0	鵠	0	鵠
鵡	0	鵡	0	鵡
鵢	0	鵢	0	鵢
鵣	2	鵣&𪈐	0	鵣
鵤	1	觚	3	
鵦	0	鵦	0	鵦
鵧	0	鵧	0	鵧
鵨	0	鵨	0	鵨
鵩	0	鵩	0	鵩
鵪	2	鴨&鵪	0	鵪
鵫	0	鵫	0	鵫
鵬	0	鵬	0	鵬
鵭	1	鳹	1	鳹
鵮	0	鵮	0	鵮
鵯	0	鵯	0	鵯
鵰	2	雕&鵰	0	鵰
鵱	0	鵱	0	鵱
鵲	0	鵲	0	鵲
鵳	0	鵳	0	鵳
鵴	0	鵴	0	鵴
鵵	0	鵵	0	鵵
鵶	2	鵶&鴉	1	鴉
鵷	0	鵷	0	鵷
鵸	0	鵸	0	鵸
鵹	2	鵹&鸝	0	鵹
鵺	0	鵺	0	鵺
鵻	2	隼&鵻	2	隼&鵻
鵼	0	鵼	0	鵼
鵽	0	鵽	0	鵽
鵾	2	鵾&鶤	1	鶤
鵿	0	鵿	0	鵿
鶀	0	鶀	0	鶀
鶁	0	鶁	0	鶁
鶂	0	鶂	0	鶂
鶃	1	鶂	1	鶂
鶄	0	鶄	0	鶄
鶅	0	鶅	0	鶅
鶆	0	鶆	0	鶆
鶇	2	𨿢&鶇	0	鶇
鶈	0	鶈	0	鶈
鶉	0	鶉	0	鶉
鶊	0	鶊	0	鶊
鶋	0	鶋	0	鶋
鶌	0	鶌	0	鶌
鶏	1	雞	1	雞
鶐	2	鶐&鷸	1	鷸
鶑	1	鶯	1	鶯
鶒	2	鶒&鷘	0	鶒
鶓	0	鶓	0	鶓
鶔	0	鶔	0	鶔
鶕	2	䳺&鵪&鶕	2	鵪&鶕
鶖	0	鶖	0	鶖
鶗	2	鶗&鷤	0	鶗
鶘	0	鶘	0	鶘
鶙	2	鶙&鶗	1	鶗
鶚	0	鶚	0	鶚
鶛	0	鶛	0	鶛
鶜	0	鶜	0	鶜
鶝	0	鶝	0	鶝
鶞	0	鶞	0	鶞
鶟	0	鶟	0	鶟
鶠	0	鶠	0	鶠
鶡	2	鶴&鶡	0	鶡
鶢	0	鶢	0	鶢
鶣	2	扁&翩&鶣	0	鶣
鶤	0	鶤	0	鶤
鶥	0	鶥	0	鶥
鶦	2	鶘&鶦	0	鶦
鶧	0	鶧	0	鶧
鶨	0	鶨	0	鶨
鶩	0	鶩	0	鶩
鶪	0	鶪	0	鶪
鶫	1	鶇	3	
鶬	0	鶬	0	鶬
鶭	0	鶭	0	鶭
鶮	2	鶴&鶮	2	鶴&鶮
鶯	0	鶯	0	鶯
鶰	0	鶰	0	鶰
鶱	0	鶱	0	鶱
鶲	0	鶲	0	鶲
鶳	0	鶳	0	鶳
鶴	0	鶴	0	鶴
鶵	2	雛&鶵	0	鶵
鶶	0	鶶	0	鶶
鶷	0	鶷	0	鶷
鶸	0	鶸	0	鶸
鶹	0	鶹	0	鶹
鶺	0	鶺	0	鶺
鶻	0	鶻	0	鶻
鶼	0	鶼	0	鶼
鶽	2	隼&𪄩&鶽	0	鶽
鶾	0	鶾	0	鶾
鶿	0	鶿	0	鶿
鷀	2	鷀&鶿	1	鶿
鷁	2	鶂&鷁	0	鷁
鷂	0	鷂	0	鷂
鷃	2	鴳&鷃	0	鷃
鷄	1	雞	1	雞
鷅	0	鷅	0	鷅
鷆	1	鷏	3	
鷇	0	鷇	0	鷇
鷈	0	鷈	0	鷈
鷉	2	鷉&鷈	1	鷈
鷊	2	鶂&鷊	0	鷊
鷋	2	鵌&鷋	2	鵌&鷋
鷌	0	鷌	0	鷌
鷍	2	梟&鷍	2	梟&鷍
鷎	0	鷎	0	鷎
鷏	0	鷏	0	鷏
鷐	0	鷐	0	鷐
鷑	0	鷑	0	鷑
鷒	0	鷒	0	鷒
鷓	0	鷓	0	鷓
鷔	0	鷔	0	鷔
鷕	0	鷕	0	鷕
鷖	0	鷖	0	鷖
鷗	0	鷗	0	鷗
鷘	0	鷘	0	鷘
鷙	0	鷙	0	鷙
鷚	0	鷚	0	鷚
鷛	0	鷛	0	鷛
鷜	0	鷜	0	鷜
鷝	0	鷝	0	鷝
鷞	0	鷞	0	鷞
鷟	0	鷟	0	鷟
鷠	0	鷠	0	鷠
鷡	0	鷡	0	鷡
鷢	0	鷢	0	鷢
鷣	0	鷣	0	鷣
鷤	0	鷤	0	鷤
鷥	0	鷥	0	鷥
鷦	0	鷦	0	鷦
鷧	0	鷧	0	鷧
鷨	0	鷨	0	鷨
鷩	0	鷩	0	鷩
鷪	3	鸎&鶯	1	鶯
鷫	0	鷫	0	鷫
鷬	0	鷬	0	鷬
鷭	0	鷭	0	鷭
鷮	0	鷮	0	鷮
鷯	0	鷯	0	鷯
鷰	2	燕&鷰	1	燕
鷱	1	鷎	1	鷎
鷲	0	鷲	0	鷲
鷳	0	鷳	0	鷳
鷴	2	鷴&鷳	0	鷴
鷵	0	鷵	0	鷵
鷶	0	鷶	0	鷶
鷷	0	鷷	0	鷷
鷸	0	鷸	0	鷸
鷹	0	鷹	0	鷹
鷺	0	鷺	0	鷺
鷻	0	鷻	0	鷻
鷼	3	鷴&鷳	1	鷳
鷽	0	鷽	0	鷽
鷾	0	鷾	0	鷾
鷿	0	鷿	0	鷿
鸀	0	鸀	0	鸀
鸁	0	鸁	0	鸁
鸂	0	鸂	0	鸂
鸃	0	鸃	0	鸃
鸄	0	鸄	0	鸄
鸅	0	鸅	0	鸅
鸆	0	鸆	0	鸆
鸇	0	鸇	0	鸇
鸈	0	鸈	0	鸈
鸉	0	鸉	0	鸉
鸊	2	鸊&鷿	1	鷿
鸋	0	鸋	0	鸋
鸌	0	鸌	0	鸌
鸍	0	鸍	0	鸍
鸎	2	鸎&鶯	1	鶯
鸏	0	鸏	0	鸏
鸐	0	鸐	0	鸐
鸑	0	鸑	0	鸑
鸒	0	鸒	0	鸒
鸓	0	鸓	0	鸓
鸔	0	鸔	0	鸔
鸕	0	鸕	0	鸕
鸖	2	鸖&鶴	1	鶴
鸗	0	鸗	0	鸗
鸘	2	鸘&鷞	1	鷞
鸙	0	鸙	0	鸙
鸚	0	鸚	0	鸚
鸛	0	鸛	0	鸛
鸜	1	鴝	1	鴝
鸝	0	鸝	0	鸝
鸞	0	鸞	0	鸞
鸟	1	鳥	1	鳥
鸠	1	鳩	1	鳩
鸡	1	雞	1	雞
鸢	1	鳶	1	鳶
鸣	1	鳴	1	鳴
鸤	1	鳲	3	
鸥	1	鷗	1	鷗
鸦	1	鴉	1	鴉
鸧	1	鶬	3	
鸨	1	鴇	3	
鸩	1	鴆	1	鴆
鸪	1	鴣	1	鴣
鸫	1	鶇	3	
鸬	1	鸕	1	鸕
鸭	1	鴨	1	鴨
鸮	1	鴞	3	
鸯	1	鴦	1	鴦
鸰	1	鴒	1	鴒
鸱	1	鴟	1	鴟
鸲	1	鴝	3	
鸳	1	鴛	1	鴛
鸴	1	鷽	3	
鸵	1	鴕	1	鴕
鸶	1	鷥	1	鷥
鸷	1	鷙	1	鷙
鸸	1	鴯	1	鴯
鸹	1	鴰	1	鴰
鸺	1	鵂	1	鵂
鸻	1	鴴	3	
鸼	1	鵃	1	鵃
鸽	1	鴿	1	鴿
鸾	1	鸞	1	鸞
鸿	1	鴻	1	鴻
鹀	1	鵐	3	
鹁	1	鵓	1	鵓
鹂	1	鸝	1	鸝
鹃	1	鵑	1	鵑
鹄	1	鵠	1	鵠
鹅	1	鵝	1	鵝
鹆	1	鵒	1	鵒
鹇	1	鷳	3	
鹈	1	鵜	1	鵜
鹉	1	鵡	1	鵡
鹊	1	鵲	1	鵲
鹋	1	鶓	3	
鹌	1	鵪	1	鵪
鹍	1	鵾	3	
鹎	1	鵯	3	
鹏	1	鵬	1	鵬
鹐	1	鵮	3	
鹑	1	鶉	1	鶉
鹒	1	鶊	3	
鹓	1	鵷	3	
鹔	1	鷫	3	
鹕	1	鶘	1	鶘
鹖	1	鶡	3	
鹗	1	鶚	1	鶚
鹘	1	鶻	3	
鹙	1	鶖	1	鶖
鹚	1	鶿	1	鶿
鹛	1	鶥	3	
鹜	1	鶩	1	鶩
鹝	1	鷊	3	
鹞	1	鷂	1	鷂
鹟	1	鶲	3	
鹠	1	鶹	3	
鹡	1	鶺	3	
鹢	1	鷁	3	
鹣	1	鶼	1	鶼
鹤	1	鶴	1	鶴
鹥	1	鷖	1	鷖
鹦	1	鸚	1	鸚
鹧	1	鷓	1	鷓
鹨	1	鷚	3	
鹩	1	鷯	1	鷯
鹪	1	鷦	1	鷦
鹫	1	鷲	1	鷲
鹬	1	鷸	1	鷸
鹭	1	鷺	1	鷺
鹮	1	䴉	3	
鹯	1	鸇	1	鸇
鹰	1	鷹	3	
鹱	1	鸌	3	
鹲	1	鸏	3	
鹳	1	鸛	3	
鹴	1	鸘	3	
鹵	0	鹵	0	鹵
鹶	0	鹶	0	鹶
鹷	0	鹷	0	鹷
鹸	1	鹼	3	
鹹	2	鹹&鹼	0	鹹
鹺	0	鹺	0	鹺
鹻	1	鹼	1	鹼
鹼	0	鹼	0	鹼
鹽	0	鹽	0	鹽
鹾	1	鹺	1	鹺
鹿	0	鹿	0	鹿
麀	0	麀	0	麀
麁	1	麤	1	麤
麂	0	麂	0	麂
麃	0	麃	0	麃
麄	2	麄&麤	1	麤
麅	2	麅&麃	1	麃
麆	2	粗&麆	0	麆
麇	0	麇	0	麇
麈	0	麈	0	麈
麉	0	麉	0	麉
麊	2	麋&麊	2	麋&麊
麋	0	麋	0	麋
麌	0	麌	0	麌
麍	0	麍	0	麍
麎	0	麎	0	麎
麏	1	麇	1	麇
麐	2	麐&麟	1	麟
麑	0	麑	0	麑
麒	0	麒	0	麒
麓	0	麓	0	麓
麔	0	麔	0	麔
麕	2	麕&麇	1	麇
麖	2	麖&麠	1	麠
麗	0	麗	0	麗
麘	2	香&麘	1	香
麙	2	羬&麙&䖗	2	羬&麙&䖗
麚	0	麚	0	麚
麛	0	麛	0	麛
麜	0	麜	0	麜
麝	0	麝	0	麝
麞	2	麞&獐	1	獐
麟	0	麟	0	麟
麠	0	麠	0	麠
麡	0	麡	0	麡
麢	2	麢&羚	1	羚
麣	0	麣	0	麣
麤	2	粗&麤	0	麤
麥	0	麥	0	麥
麦	3	麥&夌	1	麥
麧	0	麧	0	麧
麨	0	麨	0	麨
麩	0	麩	0	麩
麪	2	麪&麵	1	麵
麫	3	麪&麵	1	麵
麬	1	麩	1	麩
麭	0	麭	0	麭
麮	0	麮	0	麮
麯	2	麯&麴	1	麴
麰	0	麰	0	麰
麱	1	麩	1	麩
麲	0	麲	0	麲
麳	2	麳&䅘	1	䅘
麴	0	麴	0	麴
麵	0	麵	0	麵
麶	0	麶	0	麶
麷	0	麷	0	麷
麸	1	麩	1	麩
麹	1	麴	3	
麺	1	麵	3	
麻	0	麻	0	麻
麼	0	麼	0	麼
麽	1	麼	1	麼
麾	0	麾	0	麾
麿	1	縻	1	縻
黀	0	黀	0	黀
黁	0	黁	0	黁
黂	0	黂	0	黂
黃	0	黃	0	黃
黄	1	黃	1	黃
黅	0	黅	0	黅
黆	0	黆	0	黆
黇	0	黇	0	黇
黈	0	黈	0	黈
黉	1	黌	1	黌
黊	0	黊	0	黊
黋	1	爌	1	爌
黌	0	黌	0	黌
黍	0	黍	0	黍
黎	0	黎	0	黎
黏	0	黏	0	黏
黐	0	黐	0	黐
黑	0	黑	0	黑
黒	1	黑	1	黑
黓	0	黓	0	黓
黔	0	黔	0	黔
黕	0	黕	0	黕
黖	0	黖	0	黖
黗	0	黗	0	黗
默	0	默	0	默
黙	1	默	1	默
黚	0	黚	0	黚
黛	0	黛	0	黛
黜	2	絀&黜	0	黜
黝	0	黝	0	黝
點	0	點	0	點
黟	0	黟	0	黟
黠	0	黠	0	黠
黡	1	黶	3	
黢	0	黢	0	黢
黣	2	黴&黣	2	黴&黣
黤	0	黤	0	黤
黥	0	黥	0	黥
黦	0	黦	0	黦
黧	0	黧	0	黧
黨	0	黨	0	黨
黩	1	黷	1	黷
黪	1	黲	3	
黫	0	黫	0	黫
黬	1	𪒹	1	𪒹
黭	0	黭	0	黭
黮	0	黮	0	黮
黯	0	黯	0	黯
黰	0	黰	0	黰
黱	1	黛	1	黛
黲	0	黲	0	黲
黳	0	黳	0	黳
黴	0	黴	0	黴
黵	0	黵	0	黵
黶	0	黶	3	
黷	0	黷	0	黷
黸	0	黸	0	黸
黹	0	黹	0	黹
黺	0	黺	0	黺
黻	0	黻	0	黻
黼	0	黼	0	黼
黽	0	黽	0	黽
黾	1	黽	1	黽
黿	0	黿	0	黿
鼀	0	鼀	0	鼀
鼁	2	鼁&鼀	2	鼁&鼀
鼂	2	鼂&晁	1	晁
鼃	1	蛙	1	蛙
鼄	0	鼄	0	鼄
鼅	0	鼅	0	鼅
鼆	0	鼆	0	鼆
鼇	0	鼇	0	鼇
鼈	2	鼈&鱉	1	鱉
鼉	0	鼉	0	鼉
鼊	0	鼊	0	鼊
鼋	1	黿	3	
鼌	1	鼂	3	
鼍	1	鼉	3	
鼎	0	鼎	0	鼎
鼏	0	鼏	0	鼏
鼐	0	鼐	0	鼐
鼑	3	貞&鼎	1	鼎
鼒	0	鼒	0	鼒
鼓	0	鼓	0	鼓
鼔	1	鼓	1	鼓
鼕	0	鼕	0	鼕
鼖	0	鼖	0	鼖
鼗	1	鞀	1	鞀
鼘	0	鼘	0	鼘
鼙	0	鼙	0	鼙
鼚	0	鼚	0	鼚
鼛	0	鼛	0	鼛
鼜	0	鼜	0	鼜
鼝	1	鼘	1	鼘
鼞	0	鼞	0	鼞
鼟	0	鼟	0	鼟
鼠	0	鼠	0	鼠
鼢	0	鼢	0	鼢
鼣	0	鼣	0	鼣
鼤	0	鼤	0	鼤
鼥	2	鼣&鼥	0	鼥
鼦	2	鼦&貂	1	貂
鼧	0	鼧	0	鼧
鼨	0	鼨	0	鼨
鼩	0	鼩	0	鼩
鼪	0	鼪	0	鼪
鼫	0	鼫	0	鼫
鼬	0	鼬	0	鼬
鼭	0	鼭	0	鼭
鼮	0	鼮	0	鼮
鼯	0	鼯	0	鼯
鼰	2	鼰&鼳	1	鼳
鼱	0	鼱	0	鼱
鼲	0	鼲	0	鼲
鼳	0	鼳	0	鼳
鼴	0	鼴	0	鼴
鼵	0	鼵	0	鼵
鼶	0	鼶	0	鼶
鼷	0	鼷	0	鼷
鼸	0	鼸	0	鼸
鼹	1	鼴	1	鼴
鼺	0	鼺	0	鼺
鼻	0	鼻	0	鼻
鼼	1	𪖐	1	𪖐
鼽	0	鼽	0	鼽
鼾	0	鼾	0	鼾
鼿	2	䖶&鼿	0	鼿
齀	2	齀&鼿	0	齀
齁	0	齁	0	齁
齂	0	齂	0	齂
齃	2	頞&齃	2	頞&齃
齄	1	齇	1	齇
齅	2	齅&嗅	1	嗅
齆	0	齆	0	齆
齇	0	齇	0	齇
齈	0	齈	0	齈
齉	0	齉	0	齉
齊	0	齊	0	齊
齋	0	齋	0	齋
齌	0	齌	0	齌
齍	2	粢&齍	0	齍
齎	0	齎	0	齎
齏	0	齏	0	齏
齐	1	齊	1	齊
齑	1	齏	1	齏
齒	0	齒	0	齒
齓	1	齔	1	齔
齔	0	齔	0	齔
齕	0	齕	0	齕
齖	0	齖	0	齖
齗	2	齦&齗	0	齗
齘	0	齘	0	齘
齙	0	齙	0	齙
齚	1	齰	1	齰
齛	2	噬&齛	0	齛
齜	0	齜	0	齜
齝	0	齝	0	齝
齞	0	齞	0	齞
齟	2	齟&𪙳	0	齟
齠	0	齠	0	齠
齡	0	齡	0	齡
齢	1	齡	3	
齣	0	齣	0	齣
齤	0	齤	0	齤
齥	2	齛&齥	1	齛
齦	0	齦	0	齦
齧	0	齧	0	齧
齨	0	齨	0	齨
齩	2	齩&咬	1	咬
齪	0	齪	0	齪
齫	2	𪘩&齫&齳	2	齫&齳
齬	0	齬	0	齬
齭	0	齭	0	齭
齮	0	齮	0	齮
齯	0	齯	0	齯
齰	0	齰	0	齰
齱	2	齪&齱	0	齱
齲	0	齲	0	齲
齳	0	齳	0	齳
齴	2	齞&齴	0	齴
齵	0	齵	0	齵
齶	0	齶	0	齶
齷	0	齷	0	齷
齸	0	齸	0	齸
齹	0	齹	0	齹
齺	0	齺	0	齺
齻	0	齻	0	齻
齼	2	齼&齭	1	齭
齽	2	噤&齽	0	齽
齾	0	齾	0	齾
齿	1	齒	1	齒
龀	1	齔	1	齔
龁	1	齕	3	
龂	1	齗	3	
龃	1	齟	1	齟
龄	1	齡	1	齡
龅	1	齙	1	齙
龆	1	齠	3	
龇	1	齜	1	齜
龈	1	齦	1	齦
龉	1	齬	1	齬
龊	1	齪	1	齪
龋	1	齲	1	齲
龌	1	齷	1	齷
龍	0	龍	0	龍
龎	1	龐	1	龐
龏	0	龏	0	龏
龐	0	龐	0	龐
龑	0	龑	0	龑
龒	2	龍&龒	2	龍&龒
龓	0	龓	0	龓
龔	0	龔	0	龔
龕	0	龕	0	龕
龖	0	龖	0	龖
龗	0	龗	0	龗
龘	2	龖&龘	1	龖
龙	1	龍	1	龍
龚	1	龔	1	龔
龛	1	龕	3	
龜	0	龜	0	龜
龝	2	龝&秋	1	秋
龞	3	鼈&鱉	1	鱉
龟	1	龜	1	龜
龠	0	龠	0	龠
龡	3	吹&䶴	1	吹
龢	0	龢	0	龢
龣	0	龣	0	龣
龤	2	諧&龤	0	龤
龥	1	籲	1	籲
龧	1	曙	1	曙
龩	1	蘄	3	
龫	1	幹	3	
龬	1	鋼	3	
龭	0	龭	3	
龯	3	鉞&銊	1	鉞
龱	3	四&囟	1	四
鿁	0	鿁	3	
鿆	1	祓	3	
鿊	1	芷	3	
鿌	1	涼	3	
鿎	1	䃮	3	
鿏	1	䥑	3	
鿐	0	鿐	3	
鿒	1	鿓	3	
鿓	0	鿓	3	
鿔	1	鎶	3	
㐀	1	丘	1	丘
㐁	2	西&㐁	0	㐁
㐄	1	𡕒	1	𡕒
㐅	1	五	1	五
㐌	2	色&㐌	2	色&㐌
㐖	0	㐖	0	㐖
㐜	2	仇&㐜	0	㐜
㐡	1	懦	1	懦
㐤	0	㐤	0	㐤
㐨	0	㐨	0	㐨
㐩	2	鈃&㐩	2	鈃&㐩
㐫	1	凶	1	凶
㐬	3	不&荒&巟&旒&𠫓	3	不&荒&巟&旒&𠫓
㐭	1	廩	1	廩
㐮	1	襄	1	襄
㐯	1	𠆌	3	
㐰	1	信	1	信
㐱	3	鬒&𠘱	1	鬒
㐲	2	伏&㐲	2	伏&㐲
㐳	3	兀&卼	3	兀&卼
㐴	1	攀	1	攀
㐵	1	儒	1	儒
㐷	1	傌	3	
㐸	3	欠&佽	3	欠&佽
㐹	1	仡	1	仡
㐺	3	眾&乑	3	眾&乑
㐻	0	㐻	0	㐻
㐼	2	抍&㐼	0	㐼
㐽	1	偑	3	
㑀	1	汰	3	
㑁	2	㑁&𠭴	1	𠭴
㑂	3	仿&倣	3	仿&倣
㑃	2	拗&㑃	2	拗&㑃
㑄	1	侮	1	侮
㑅	1	作	1	作
㑇	1	㑳	3	
㑈	1	倲	3	
㑉	0	㑉	0	㑉
㑊	0	㑊	0	㑊
㑋	0	㑋	0	㑋
㑌	2	尪&劻&㑌	2	尪&劻&㑌
㑍	0	㑍	0	㑍
㑎	0	㑎	0	㑎
㑏	1	佇	1	佇
㑐	0	㑐	0	㑐
㑑	3	泊&喒	1	喒
㑒	3	命&僉	3	命&僉
㑓	1	俊	3	
㑔	1	㑯	3	
㑗	0	㑗	0	㑗
㑘	3	價&价	1	价
㑙	0	㑙	0	㑙
㑚	0	㑚	0	㑚
㑛	0	㑛	0	㑛
㑜	0	㑜	0	㑜
㑝	2	㑝&𢙱	1	𢙱
㑞	2	媵&㑞	0	㑞
㑟	0	㑟	0	㑟
㑢	1	𠊬	1	𠊬
㑣	0	㑣	0	㑣
㑤	1	媌	1	媌
㑥	3	易&豉	3	易&豉
㑦	0	㑦	0	㑦
㑧	1	悸	1	悸
㑨	1	侯	3	
㑩	1	儸	3	
㑪	1	儕	3	
㑫	1	捻	3	
㑭	1	俾	3	
㑮	0	㑮	0	㑮
㑯	0	㑯	0	㑯
㑰	3	𣨶&𤸁	3	𣨶&𤸁
㑱	1	𧳨	1	𧳨
㑳	0	㑳	0	㑳
㑴	1	侵	1	侵
㑵	2	嫉&㑵	0	㑵
㑶	0	㑶	0	㑶
㑷	1	態	1	態
㑹	1	會	1	會
㑺	1	俊	1	俊
㑻	0	㑻	0	㑻
㑼	0	㑼	0	㑼
㑽	1	傏	1	傏
㑾	2	傜&㑾	2	傜&㑾
㑿	0	㑿	0	㑿
㒀	0	㒀	0	㒀
㒁	2	俁&㒁	2	俁&㒁
㒂	0	㒂	0	㒂
㒃	3	膩&貳	1	貳
㒄	0	㒄	0	㒄
㒅	0	㒅	0	㒅
㒆	1	歙	1	歙
㒇	1	憮	1	憮
㒈	0	㒈	0	㒈
㒉	3	儻&惝	1	惝
㒊	0	㒊	0	㒊
㒋	1	廝	1	廝
㒌	1	煢	1	煢
㒍	1	儽	1	儽
㒎	0	㒎	0	㒎
㒑	0	㒑	0	㒑
㒒	2	僕&㒒	1	僕
㒓	0	㒓	0	㒓
㒔	0	㒔	0	㒔
㒕	0	㒕	0	㒕
㒖	1	藕	1	藕
㒗	1	儓	1	儓
㒙	0	㒙	0	㒙
㒚	0	㒚	0	㒚
㒛	0	㒛	0	㒛
㒜	0	㒜	0	㒜
㒝	0	㒝	0	㒝
㒞	3	俊&儶	1	俊
㒟	0	㒟	0	㒟
㒠	0	㒠	0	㒠
㒡	0	㒡	0	㒡
㒤	0	㒤	0	㒤
㒥	0	㒥	0	㒥
㒦	2	儡&㒦	2	儡&㒦
㒧	1	儷	1	儷
㒨	3	仙&僊	1	仙
㒩	0	㒩	0	㒩
㒪	1	錫	1	錫
㒫	1	旡	1	旡
㒬	1	尪	3	
㒭	1	昆	1	昆
㒯	1	燁	1	燁
㒰	1	全	1	全
㒲	1	財	1	財
㒳	2	兩&㒳	1	兩
㒴	0	㒴	0	㒴
㒵	1	貌	1	貌
㒶	3	公&齒	1	公
㒷	1	興	1	興
㒸	2	歲&遂&㒸	2	歲&遂&㒸
㒹	1	顛	1	顛
㒺	1	罔	1	罔
㒻	2	冒&㒻	0	㒻
㒼	0	㒼	0	㒼
㒽	0	㒽	0	㒽
㒾	0	㒾	0	㒾
㒿	0	㒿	0	㒿
㓂	1	寇	1	寇
㓃	0	㓃	0	㓃
㓄	0	㓄	0	㓄
㓅	0	㓅	0	㓅
㓆	1	𠗣	3	
㓇	1	沃	1	沃
㓈	0	㓈	0	㓈
㓉	2	活&㓉	2	活&㓉
㓊	2	洞&㓊	2	洞&㓊
㓋	2	洪&㓋	2	洪&㓋
㓌	0	㓌	0	㓌
㓎	0	㓎	0	㓎
㓏	2	𠖷&㓏	2	𠖷&㓏
㓐	0	㓐	0	㓐
㓑	0	㓑	0	㓑
㓒	1	柒	3	
㓓	0	㓓	0	㓓
㓔	0	㓔	0	㓔
㓕	1	滅	1	滅
㓖	0	㓖	0	㓖
㓗	1	潔	1	潔
㓘	0	㓘	0	㓘
㓙	1	凶	3	
㓚	0	㓚	0	㓚
㓛	3	功&㓚	1	功
㓜	1	幼	1	幼
㓝	3	刑&創	1	刑
㓞	0	㓞	0	㓞
㓟	0	㓟	0	㓟
㓠	0	㓠	0	㓠
㓡	0	㓡	0	㓡
㓢	0	㓢	0	㓢
㓣	2	割&㓣	0	㓣
㓤	0	㓤	0	㓤
㓥	1	劏	3	
㓧	0	㓧	0	㓧
㓨	1	刺	1	刺
㓩	0	㓩	0	㓩
㓪	1	朗	3	
㓬	2	刳&㓬	1	刳
㓭	2	鞨&㓭	0	㓭
㓮	3	割&彫	3	割&彫
㓯	1	劙	1	劙
㓰	1	劃	3	
㓱	0	㓱	0	㓱
㓲	0	㓲	0	㓲
㓳	0	㓳	0	㓳
㓴	0	㓴	0	㓴
㓵	2	鍔&㓵	0	㓵
㓶	1	鍥	1	鍥
㓷	1	劓	1	劓
㓸	2	㓸&斲&剅	3	斲&剅
㓹	2	銳&㓹	2	銳&㓹
㓺	0	㓺	0	㓺
㓻	3	剛&岡	1	剛
㓼	0	㓼	0	㓼
㓽	0	㓽	0	㓽
㓾	0	㓾	0	㓾
㓿	1	𠠍	3	
㔀	2	剠&㔀	0	㔀
㔁	0	㔁	0	㔁
㔂	0	㔂	0	㔂
㔃	2	絕&㔃	0	㔃
㔄	0	㔄	0	㔄
㔅	0	㔅	0	㔅
㔆	0	㔆	0	㔆
㔇	2	㔇&鏺	0	㔇
㔉	1	斸	3	
㔊	0	㔊	0	㔊
㔋	0	㔋	0	㔋
㔌	0	㔌	0	㔌
㔍	0	㔍	0	㔍
㔎	0	㔎	0	㔎
㔏	2	剆&㔏	2	剆&㔏
㔐	1	𠠃	1	𠠃
㔑	1	㓼	1	㓼
㔒	0	㔒	0	㔒
㔓	0	㔓	0	㔓
㔕	0	㔕	0	㔕
㔗	2	㔗&𠢥	2	㔗&𠢥
㔘	1	黜	1	黜
㔙	0	㔙	0	㔙
㔚	1	劶	1	劶
㔜	1	勃	1	勃
㔝	0	㔝	0	㔝
㔞	0	㔞	0	㔞
㔟	1	勢	3	
㔠	0	㔠	0	㔠
㔡	0	㔡	0	㔡
㔢	1	㔃	1	㔃
㔣	0	㔣	0	㔣
㔤	0	㔤	0	㔤
㔥	2	疲&㔥	2	疲&㔥
㔦	0	㔦	0	㔦
㔧	1	𠣊	1	𠣊
㔨	0	㔨	0	㔨
㔩	0	㔩	0	㔩
㔪	0	㔪	0	㔪
㔫	1	左	3	
㔬	1	卓	1	卓
㔭	1	匙	1	匙
㔮	0	㔮	0	㔮
㔯	2	匴&㔯	2	匴&㔯
㔰	3	𠄨&恆	1	恆
㔱	2	庾&㔱	1	庾
㔲	1	簋	1	簋
㔳	1	簋	1	簋
㔴	0	㔴	0	㔴
㔵	0	㔵	0	㔵
㔶	0	㔶	0	㔶
㔷	1	𠥮	1	𠥮
㔸	0	㔸	0	㔸
㔹	0	㔹	0	㔹
㔺	1	世	1	世
㔻	1	丕	1	丕
㔼	1	榫	1	榫
㔽	1	卣	1	卣
㔾	1	卩	1	卩
㔿	3	奏&𠁾	3	奏&𠁾
㕀	1	㽕	1	㽕
㕁	1	卻	1	卻
㕂	3	吟&崟&㕋	3	吟&崟&㕋
㕃	0	㕃	0	㕃
㕄	2	厎&㕄	2	厎&㕄
㕅	0	㕅	0	㕅
㕆	0	㕆	0	㕆
㕇	0	㕇	0	㕇
㕈	1	庡	1	庡
㕉	1	𢈈	1	𢈈
㕊	0	㕊	0	㕊
㕋	0	㕋	0	㕋
㕌	2	礙&㕌&㝵	2	礙&㕌&㝵
㕍	1	堆	1	堆
㕎	2	廅&㕎	2	廅&㕎
㕏	1	廚	1	廚
㕐	2	寫&㕐	2	寫&㕐
㕑	1	廚	1	廚
㕒	0	㕒	0	㕒
㕓	1	廛	1	廛
㕔	1	廳	1	廳
㕕	1	幻	1	幻
㕖	1	素	1	素
㕗	2	㕗&誘	1	誘
㕘	1	參	1	參
㕙	0	㕙	0	㕙
㕚	2	爪&㕚	2	爪&㕚
㕛	3	友&爻	1	友
㕜	1	史	1	史
㕝	1	叓	3	
㕞	2	刷&㕞	2	刷&㕞
㕟	3	喟&欳	3	喟&欳
㕠	1	雙	1	雙
㕡	1	壑	1	壑
㕢	0	㕢	0	㕢
㕣	2	公&㕣	2	公&㕣
㕤	3	厹&叴	1	叴
㕥	2	以&呻&㕥	1	呻
㕦	2	吳&天&㕦	2	吳&天&㕦
㕧	0	㕧	0	㕧
㕩	0	㕩	0	㕩
㕪	0	㕪	0	㕪
㕫	2	訪&㕫	2	訪&㕫
㕬	2	訟&㕬	2	訟&㕬
㕭	0	㕭	0	㕭
㕮	0	㕮	0	㕮
㕯	2	吶&訥&㕯	2	吶&㕯
㕰	0	㕰	0	㕰
㕱	0	㕱	0	㕱
㕲	2	㕲&𠯑	2	㕲&𠯑
㕳	1	詾	1	詾
㕴	1	沈	3	
㕵	1	國	3	
㕶	2	嗯&㕶	2	嗯&㕶
㕷	3	啪&㗲	3	啪&㗲
㕸	0	㕸	0	㕸
㕹	2	吠&瞂&㕹	2	吠&㕹
㕺	3	呺&咢	3	呺&咢
㕻	2	咅&㕻	0	㕻
㕼	1	哅	1	哅
㕽	1	𠳎	3	
㖀	0	㖀	0	㖀
㖁	1	吝	1	吝
㖂	1	詍	1	詍
㖃	3	吼&詬	3	吼&詬
㖄	1	喌	1	喌
㖅	2	𠲌&㖅	2	𠲌&㖅
㖆	0	㖆	0	㖆
㖇	0	㖇	0	㖇
㖈	1	𦒻	3	
㖊	1	噚	3	
㖏	0	㖏	0	㖏
㖐	0	㖐	0	㖐
㖑	0	㖑	0	㖑
㖒	2	啼&㖒	2	啼&㖒
㖓	2	𠲓&㖓	0	㖓
㖔	2	吞&㖔	2	吞&㖔
㖕	0	㖕	0	㖕
㖖	3	𠱫&㖕	1	㖕
㖗	3	𡷧&崟	1	崟
㖘	2	唇&㖘	1	唇
㖞	1	喎	1	喎
㖟	0	㖟	0	㖟
㖠	3	哪&那	1	哪
㖡	0	㖡	0	㖡
㖢	2	呰&飺&㖢	0	㖢
㖣	1	咅	1	咅
㖤	0	㖤	0	㖤
㖥	0	㖥	0	㖥
㖦	0	㖦	0	㖦
㖧	2	吻&㖧	2	吻&㖧
㖨	0	㖨	0	㖨
㖩	2	嗾&𠲷&㖩	2	嗾&𠲷&㖩
㖪	2	㖪&𠸹	0	㖪
㖭	1	舔	1	舔
㖮	0	㖮	3	
㖴	0	㖴	0	㖴
㖵	0	㖵	0	㖵
㖶	2	咽&㖶	2	咽&㖶
㖷	2	啼&㖷	0	㖷
㖸	1	噱	1	噱
㖹	2	噴&㖹	2	噴&㖹
㖺	0	㖺	0	㖺
㖻	0	㖻	0	㖻
㖼	2	謀&㖼	1	謀
㖽	3	嘖&㗧	1	嘖
㖾	1	咢	1	咢
㖿	0	㖿	0	㖿
㗀	2	呦&嚘&㗀	2	呦&嚘&㗀
㗁	1	齶	1	齶
㗂	0	㗂	0	㗂
㗃	1	吻	1	吻
㗄	2	謾&㗄	2	謾&㗄
㗅	0	㗅	0	㗅
㗆	0	㗆	0	㗆
㗇	0	㗇	0	㗇
㗈	0	㗈	0	㗈
㗉	3	㓵&䂮	3	㓵&䂮
㗊	0	㗊	0	㗊
㗋	1	喉	1	喉
㗌	2	咥&㗌&㗧	1	㗧
㗍	1	𪘨	1	𪘨
㗐	1	嗑	1	嗑
㗑	1	唄	1	唄
㗒	1	唉	1	唉
㗓	0	㗓	0	㗓
㗔	0	㗔	0	㗔
㗕	0	㗕	0	㗕
㗖	1	啗	1	啗
㗗	0	㗗	0	㗗
㗘	0	㗘	0	㗘
㗙	0	㗙	0	㗙
㗚	0	㗚	0	㗚
㗛	1	笑	1	笑
㗜	3	齅&嗅	1	嗅
㗢	0	㗢	0	㗢
㗣	1	嚏	1	嚏
㗤	1	嘁	1	嘁
㗥	0	㗥	0	㗥
㗦	0	㗦	0	㗦
㗧	0	㗧	0	㗧
㗨	0	㗨	0	㗨
㗩	0	㗩	0	㗩
㗪	2	𠹦&㗪	1	𠹦
㗫	0	㗫	0	㗫
㗬	0	㗬	0	㗬
㗭	0	㗭	0	㗭
㗰	0	㗰	0	㗰
㗱	0	㗱	0	㗱
㗲	0	㗲	0	㗲
㗳	1	嗒	1	嗒
㗴	0	㗴	0	㗴
㗵	2	欻&㗵	2	欻&㗵
㗶	2	㗶&𠷑	1	𠷑
㗸	1	銜	3	
㗺	1	𠿓	3	
㗻	0	㗻	0	㗻
㗼	0	㗼	0	㗼
㗽	1	響	1	響
㗾	0	㗾	0	㗾
㗿	2	岈&㗿&㰤	0	㗿
㘀	0	㘀	0	㘀
㘁	0	㘁	0	㘁
㘂	0	㘂	0	㘂
㘃	1	喏	3	
㘅	1	銜	1	銜
㘆	0	㘆	0	㘆
㘇	0	㘇	0	㘇
㘈	0	㘈	0	㘈
㘉	0	㘉	0	㘉
㘊	0	㘊	0	㘊
㘋	0	㘋	0	㘋
㘌	2	噱&㘌	1	噱
㘍	0	㘍	0	㘍
㘎	1	㘚	3	
㘐	0	㘐	0	㘐
㘑	0	㘑	0	㘑
㘓	2	讕&㘓	0	㘓
㘔	0	㘔	0	㘔
㘕	3	喊&嚂	1	喊
㘖	0	㘖	0	㘖
㘘	1	轡	3	
㘙	0	㘙	0	㘙
㘚	0	㘚	0	㘚
㘛	0	㘛	0	㘛
㘜	1	雔	1	雔
㘝	2	囚&㘝	0	㘝
㘞	0	㘞	0	㘞
㘟	0	㘟	0	㘟
㘠	0	㘠	0	㘠
㘡	1	柙	1	柙
㘢	0	㘢	0	㘢
㘣	0	㘣	0	㘣
㘤	0	㘤	0	㘤
㘥	2	㘥&囮	1	囮
㘦	0	㘦	0	㘦
㘧	2	序&㘧&垿	2	㘧&垿
㘨	0	㘨	0	㘨
㘩	1	坒	1	坒
㘪	1	耗	1	耗
㘫	2	阱&㘫	0	㘫
㘬	3	佛&物&坳	1	坳
㘭	1	坳	1	坳
㘯	1	場	1	場
㘰	2	㘰&斟	1	斟
㘱	1	坍	1	坍
㘲	1	𨸰	1	𨸰
㘳	1	丘	1	丘
㘴	1	坐	1	坐
㘶	1	桀	1	桀
㘷	1	艾	1	艾
㘸	3	坐&葬	3	坐&葬
㘹	3	垐&堲	1	堲
㘺	1	垡	1	垡
㘻	3	垔&堙	1	垔
㘽	1	栽	3	
㘿	2	涅&㘿	0	㘿
㙀	0	㙀	0	㙀
㙁	2	坶&塺&㙁	0	㙁
㙂	0	㙂	0	㙂
㙃	0	㙃	0	㙃
㙄	1	陛	1	陛
㙅	3	堢&保&堡	3	保&堡
㙇	0	㙇	0	㙇
㙈	2	罅&㙈	2	罅&㙈
㙉	1	腆	1	腆
㙊	2	場&㙊&㙣	2	場&㙊&㙣
㙍	2	𡌭&㙍	2	𡌭&㙍
㙎	0	㙎	0	㙎
㙏	2	㙏&𥨍	1	𥨍
㙐	0	㙐	0	㙐
㙑	1	宇	1	宇
㙒	1	野	1	野
㙓	0	㙓	0	㙓
㙔	3	韓&煒	3	韓&煒
㙕	1	塊	1	塊
㙙	0	㙙	0	㙙
㙚	1	垶	1	垶
㙛	0	㙛	0	㙛
㙜	1	臺	1	臺
㙝	0	㙝	0	㙝
㙞	0	㙞	0	㙞
㙟	1	塱	3	
㙠	0	㙠	0	㙠
㙡	0	㙡	0	㙡
㙢	0	㙢	0	㙢
㙣	0	㙣	0	㙣
㙤	2	㙤&罅	1	罅
㙥	0	㙥	0	㙥
㙧	1	塯	1	塯
㙨	1	畿	1	畿
㙩	0	㙩	0	㙩
㙪	0	㙪	0	㙪
㙫	0	㙫	0	㙫
㙬	2	㙬&垠	1	垠
㙭	1	撅	3	
㙯	3	藝&埶	1	藝
㙰	0	㙰	0	㙰
㙱	2	㙱&𧇼	2	㙱&𧇼
㙲	1	壅	1	壅
㙳	0	㙳	0	㙳
㙴	0	㙴	0	㙴
㙵	1	臺	1	臺
㙶	1	堂	1	堂
㙷	0	㙷	0	㙷
㙸	1	墣	1	墣
㙹	0	㙹	0	㙹
㙺	2	匱&逵&㙺	2	匱&逵&㙺
㙻	2	㙻&廛	1	廛
㙼	1	壘	1	壘
㙾	3	嶨&礐	1	嶨
㚀	2	㚀&𡓰	2	㚀&𡓰
㚁	2	翹&㚁	0	㚁
㚂	0	㚂	0	㚂
㚃	2	壹&㚃	0	㚃
㚄	1	疐	1	疐
㚅	0	㚅	0	㚅
㚆	1	復	3	
㚇	0	㚇	0	㚇
㚈	1	升	1	升
㚉	2	夃&㚉	1	夃
㚊	0	㚊	0	㚊
㚋	0	㚋	0	㚋
㚌	1	夥	1	夥
㚍	0	㚍	0	㚍
㚎	1	去	1	去
㚏	1	夰	1	夰
㚐	1	套	1	套
㚑	1	靈	1	靈
㚒	0	㚒	0	㚒
㚓	0	㚓	0	㚓
㚔	0	㚔	0	㚔
㚕	0	㚕	0	㚕
㚖	2	澤&㚖	0	㚖
㚗	0	㚗	0	㚗
㚘	2	扶&赫&㚘	2	扶&赫&㚘
㚚	0	㚚	0	㚚
㚜	0	㚜	0	㚜
㚝	1	㮅	3	
㚞	0	㚞	0	㚞
㚟	2	㚟&㲋	1	㲋
㚠	0	㚠	0	㚠
㚡	0	㚡	0	㚡
㚢	3	侮&奴	3	侮&奴
㚣	1	姣	1	姣
㚤	0	㚤	0	㚤
㚥	2	好&㚥	2	好&㚥
㚦	1	姬	1	姬
㚧	2	嬐&㚧	0	㚧
㚨	0	㚨	0	㚨
㚩	1	姌	1	姌
㚪	1	𩲊	1	𩲊
㚫	0	㚫	0	㚫
㚬	0	㚬	0	㚬
㚭	0	㚭	0	㚭
㚮	3	妉&媅	1	媅
㚯	1	㜄	3	
㚰	2	胚&㚰	2	胚&㚰
㚱	0	㚱	0	㚱
㚲	0	㚲	0	㚲
㚳	1	妿	1	妿
㚴	0	㚴	0	㚴
㚵	0	㚵	0	㚵
㚶	3	姒&姬	3	姒&姬
㚷	2	㚷&嬭	0	㚷
㚸	0	㚸	0	㚸
㚹	2	㚹&媌	1	媌
㚺	2	孕&㚺	2	孕&㚺
㚻	0	㚻	0	㚻
㚼	2	妞&㚼	0	㚼
㚽	0	㚽	0	㚽
㚾	0	㚾	0	㚾
㚿	0	㚿	0	㚿
㛀	1	媰	3	
㛁	0	㛁	0	㛁
㛂	1	𡛖	1	𡛖
㛃	0	㛃	0	㛃
㛄	0	㛄	0	㛄
㛅	0	㛅	0	㛅
㛊	0	㛊	0	㛊
㛋	1	㚷	3	
㛍	0	㛍	0	㛍
㛎	0	㛎	0	㛎
㛏	0	㛏	0	㛏
㛐	1	嫂	1	嫂
㛑	1	𡛝	1	𡛝
㛒	0	㛒	0	㛒
㛓	0	㛓	0	㛓
㛔	2	㛔&妦	1	妦
㛕	2	姶&㛕	2	姶&㛕
㛖	0	㛖	0	㛖
㛗	0	㛗	0	㛗
㛘	0	㛘	0	㛘
㛙	2	妾&㛙	0	㛙
㛚	0	㛚	0	㛚
㛛	1	娠	1	娠
㛜	0	㛜	0	㛜
㛝	0	㛝	0	㛝
㛞	0	㛞	0	㛞
㛟	0	㛟	3	
㛠	1	嫺	3	
㛣	1	妘	3	
㛤	1	孋	3	
㛥	0	㛥	0	㛥
㛦	0	㛦	0	㛦
㛧	0	㛧	0	㛧
㛨	0	㛨	0	㛨
㛩	1	妯	1	妯
㛪	0	㛪	0	㛪
㛫	2	婸&㛫	2	婸&㛫
㛬	0	㛬	0	㛬
㛭	0	㛭	0	㛭
㛮	1	嫂	1	嫂
㛯	2	娩&嬎&㛯	2	娩&嬎&㛯
㛰	1	婚	1	婚
㛱	0	㛱	0	㛱
㛲	1	髮	1	髮
㛳	0	㛳	0	㛳
㛴	2	惱&㛴	0	㛴
㛵	0	㛵	0	㛵
㛶	0	㛶	0	㛶
㛷	0	㛷	0	㛷
㛸	2	㛸&𡣈	0	㛸
㛹	0	㛹	0	㛹
㛺	0	㛺	0	㛺
㛻	0	㛻	0	㛻
㛼	0	㛼	0	㛼
㛽	1	姍	1	姍
㛾	0	㛾	0	㛾
㛿	1	𡠹	3	
㜀	1	孀	1	孀
㜂	0	㜂	0	㜂
㜃	0	㜃	0	㜃
㜄	0	㜄	0	㜄
㜅	0	㜅	0	㜅
㜆	0	㜆	0	㜆
㜇	0	㜇	0	㜇
㜈	0	㜈	0	㜈
㜉	0	㜉	0	㜉
㜊	0	㜊	0	㜊
㜋	0	㜋	0	㜋
㜌	0	㜌	0	㜌
㜍	0	㜍	0	㜍
㜎	0	㜎	0	㜎
㜏	1	妘	1	妘
㜐	0	㜐	0	㜐
㜑	1	婆	1	婆
㜒	0	㜒	0	㜒
㜓	0	㜓	0	㜓
㜕	2	連&㜕	0	㜕
㜖	0	㜖	0	㜖
㜗	0	㜗	0	㜗
㜘	0	㜘	0	㜘
㜙	0	㜙	0	㜙
㜚	0	㜚	0	㜚
㜛	3	媆&嫩	1	嫩
㜜	3	傲&嫯	1	嫯
㜝	2	媕&㜝	2	媕&㜝
㜞	0	㜞	0	㜞
㜠	0	㜠	0	㜠
㜡	0	㜡	0	㜡
㜢	0	㜢	0	㜢
㜣	0	㜣	0	㜣
㜤	0	㜤	0	㜤
㜥	0	㜥	0	㜥
㜦	0	㜦	0	㜦
㜧	1	𡡕	1	𡡕
㜨	0	㜨	0	㜨
㜩	0	㜩	0	㜩
㜪	2	姺&㜪	0	㜪
㜫	1	媄	1	媄
㜭	0	㜭	3	
㜮	0	㜮	0	㜮
㜯	0	㜯	0	㜯
㜰	0	㜰	0	㜰
㜱	0	㜱	0	㜱
㜲	1	嬴	1	嬴
㜳	0	㜳	0	㜳
㜴	0	㜴	0	㜴
㜵	3	嬝&㒟	1	㒟
㜶	0	㜶	0	㜶
㜷	0	㜷	0	㜷
㜸	2	㜸&孽	1	孽
㜹	0	㜹	0	㜹
㜺	0	㜺	0	㜺
㜻	1	孌	1	孌
㜼	1	姪	1	姪
㜽	1	子	1	子
㜾	3	孤&孩	1	孩
㝀	1	好	1	好
㝁	0	㝁	0	㝁
㝂	0	㝂	0	㝂
㝃	1	娩	1	娩
㝄	1	純	1	純
㝅	0	㝅	0	㝅
㝇	1	鶉	1	鶉
㝈	1	孿	1	孿
㝉	1	寧	3	
㝊	1	守	1	守
㝌	0	㝌	0	㝌
㝍	1	寫	1	寫
㝎	3	定&窆	1	定
㝏	0	㝏	0	㝏
㝐	1	容	1	容
㝑	3	房&旁	1	旁
㝒	1	居	1	居
㝓	2	㝓&䆟	1	䆟
㝔	2	㝔&窔	1	窔
㝕	3	寧&寍	1	寧
㝖	3	𡨆&宜	1	宜
㝗	0	㝗	0	㝗
㝘	2	㝘&訔	0	㝘
㝙	1	寅	1	寅
㝛	1	宿	1	宿
㝜	0	㝜	0	㝜
㝝	0	㝝	0	㝝
㝞	0	㝞	0	㝞
㝟	3	𧠊&寬&㒻	3	寬&㒻
㝠	1	冥	1	冥
㝡	0	㝡	3	
㝢	1	宇	1	宇
㝣	0	㝣	0	㝣
㝤	0	㝤	0	㝤
㝥	0	㝥	0	㝥
㝦	1	寯	1	寯
㝧	1	穩	1	穩
㝨	1	寰	1	寰
㝩	0	㝩	0	㝩
㝪	0	㝪	0	㝪
㝫	0	㝫	0	㝫
㝬	2	簠&㝬	0	㝬
㝭	0	㝭	0	㝭
㝮	0	㝮	0	㝮
㝯	2	僑&㝯	1	僑
㝰	0	㝰	0	㝰
㝱	2	夢&㝱	0	㝱
㝲	1	寢	1	寢
㝴	1	刓	1	刓
㝵	2	得&礙&㝵	2	得&礙&㝵
㝶	3	得&㝵	1	得
㝷	1	尋	1	尋
㝸	2	弁&㝸	0	㝸
㝹	1	䨲	1	䨲
㝺	0	㝺	0	㝺
㝻	0	㝻	0	㝻
㝼	0	㝼	0	㝼
㝽	0	㝽	0	㝽
㝾	0	㝾	0	㝾
㝿	2	跛&㝿	2	跛&㝿
㞀	0	㞀	0	㞀
㞁	0	㞁	0	㞁
㞂	0	㞂	0	㞂
㞃	0	㞃	0	㞃
㞄	0	㞄	0	㞄
㞅	0	㞅	0	㞅
㞆	0	㞆	0	㞆
㞇	0	㞇	0	㞇
㞈	0	㞈	0	㞈
㞉	0	㞉	0	㞉
㞊	2	㞊&𥚋	0	㞊
㞋	0	㞋	0	㞋
㞌	1	孕	1	孕
㞏	0	㞏	0	㞏
㞐	2	㞐&居	1	居
㞑	3	屁&尾	1	尾
㞒	0	㞒	0	㞒
㞓	0	㞓	0	㞓
㞔	1	㢋	1	㢋
㞕	1	屑	1	屑
㞖	2	𡰾&㞖	0	㞖
㞗	0	㞗	0	㞗
㞘	3	𡱂&䐁	1	䐁
㞙	1	尿	1	尿
㞚	0	㞚	0	㞚
㞛	2	履&㞛	0	㞛
㞜	2	靴&㞜	0	㞜
㞞	2	㞞&屣	1	屣
㞟	0	㞟	0	㞟
㞠	1	屪	3	
㞡	1	展	1	展
㞢	1	之	1	之
㞣	2	㞣&芬	1	芬
㞤	0	㞤	0	㞤
㞥	0	㞥	0	㞥
㞦	0	㞦	0	㞦
㞧	1	會	1	會
㞨	0	㞨	0	㞨
㞩	1	嵐	1	嵐
㞪	0	㞪	0	㞪
㞫	1	走	1	走
㞬	0	㞬	0	㞬
㞭	2	青&㞭	2	青&㞭
㞮	1	出	1	出
㞯	1	屺	1	屺
㞰	0	㞰	0	㞰
㞱	0	㞱	0	㞱
㞲	0	㞲	0	㞲
㞳	0	㞳	0	㞳
㞴	2	岷&坻&㞴	2	岷&坻&㞴
㞵	1	𠬢	1	𠬢
㞶	1	岷	1	岷
㞷	2	封&㞷	2	封&㞷
㞸	1	歲	3	
㞹	1	岢	1	岢
㞺	1	族	1	族
㞻	2	崿&㞻&峼	2	崿&㞻&峼
㞼	1	丞	1	丞
㞽	0	㞽	0	㞽
㞾	2	尼&㞾	0	㞾
㞿	1	岐	1	岐
㟀	0	㟀	0	㟀
㟁	1	岸	1	岸
㟃	0	㟃	0	㟃
㟄	0	㟄	0	㟄
㟅	0	㟅	0	㟅
㟆	1	㠏	3	
㟇	0	㟇	0	㟇
㟈	2	崍&㟈	2	崍&㟈
㟉	0	㟉	0	㟉
㟊	0	㟊	0	㟊
㟋	0	㟋	0	㟋
㟌	0	㟌	0	㟌
㟍	0	㟍	0	㟍
㟎	0	㟎	0	㟎
㟏	0	㟏	0	㟏
㟐	0	㟐	0	㟐
㟑	0	㟑	0	㟑
㟒	1	峮	1	峮
㟓	2	岓&㟓	0	㟓
㟔	1	㟏	1	㟏
㟖	0	㟖	0	㟖
㟗	1	邠	1	邠
㟘	0	㟘	0	㟘
㟙	0	㟙	0	㟙
㟚	1	岐	1	岐
㟛	1	嵌	1	嵌
㟜	1	𡾱	1	𡾱
㟝	1	培	1	培
㟞	2	㟞&嶘	0	㟞
㟟	1	巷	1	巷
㟠	1	岡	1	岡
㟢	0	㟢	3	
㟥	1	嵾	1	嵾
㟦	1	𡽅	1	𡽅
㟧	1	崿	1	崿
㟨	0	㟨	0	㟨
㟩	1	岷	1	岷
㟪	2	崴&㟪	0	㟪
㟫	2	㟫&泉	1	泉
㟬	0	㟬	0	㟬
㟭	1	岷	1	岷
㟮	0	㟮	3	
㟯	2	峉&㟯	0	㟯
㟰	0	㟰	0	㟰
㟱	0	㟱	0	㟱
㟲	1	㟶	1	㟶
㟳	0	㟳	0	㟳
㟴	3	嵬&磈	1	嵬
㟵	1	岡	1	岡
㟶	0	㟶	0	㟶
㟷	0	㟷	3	
㟸	1	𡼗	1	𡼗
㟹	0	㟹	0	㟹
㟺	1	嶁	1	嶁
㟻	3	塹&嶄	3	塹&嶄
㟼	2	㟼&嶅	1	嶅
㟽	0	㟽	0	㟽
㟾	0	㟾	0	㟾
㟿	0	㟿	0	㟿
㠀	1	島	1	島
㠁	1	嵾	1	嵾
㠂	1	嶅	1	嶅
㠄	1	嶍	1	嶍
㠅	2	㠅&𥨍	0	㠅
㠆	0	㠆	0	㠆
㠇	0	㠇	0	㠇
㠈	0	㠈	0	㠈
㠉	0	㠉	0	㠉
㠊	0	㠊	0	㠊
㠋	1	崿	1	崿
㠌	2	嵌&㠌	2	嵌&㠌
㠍	0	㠍	0	㠍
㠎	2	㠎&㠍	2	㠎&㠍
㠏	0	㠏	0	㠏
㠐	1	嶠	1	嶠
㠑	2	嶵&㠑	0	㠑
㠒	1	㟽	1	㟽
㠓	0	㠓	0	㠓
㠔	0	㠔	0	㠔
㠕	2	嵬&㠕	0	㠕
㠖	1	嶬	1	嶬
㠗	1	嶴	1	嶴
㠘	1	嶼	1	嶼
㠙	1	崤	1	崤
㠚	0	㠚	0	㠚
㠛	0	㠛	0	㠛
㠜	1	嶷	1	嶷
㠝	1	巑	1	巑
㠠	0	㠠	0	㠠
㠡	0	㠡	0	㠡
㠢	0	㠢	0	㠢
㠣	0	㠣	3	
㠥	2	礧&㠥	2	礧&㠥
㠦	0	㠦	0	㠦
㠧	0	㠧	0	㠧
㠨	2	㠨&𡿥	0	㠨
㠩	1	巟	1	巟
㠪	1	巨	1	巨
㠭	0	㠭	0	㠭
㠮	1	肛	1	肛
㠯	2	㠯&以&𠂤	3	以&𠂤
㠱	0	㠱	0	㠱
㠲	0	㠲	0	㠲
㠳	1	幕	3	
㠴	0	㠴	0	㠴
㠵	2	㠵&㡆	0	㠵
㠶	1	帆	1	帆
㠷	0	㠷	0	㠷
㠸	1	衭	1	衭
㠹	0	㠹	0	㠹
㠺	2	紗&㠺	2	紗&㠺
㠻	1	希	1	希
㠽	0	㠽	0	㠽
㠾	0	㠾	0	㠾
㠿	0	㠿	0	㠿
㡀	1	敝	1	敝
㡁	0	㡁	0	㡁
㡂	0	㡂	0	㡂
㡃	1	㡆	1	㡆
㡄	0	㡄	0	㡄
㡅	0	㡅	0	㡅
㡆	0	㡆	0	㡆
㡇	0	㡇	0	㡇
㡈	2	冕&絻&㡈	2	冕&絻&㡈
㡉	0	㡉	0	㡉
㡊	2	帢&㡊	1	帢
㡋	0	㡋	0	㡋
㡌	1	帽	1	帽
㡍	1	皋	3	
㡎	1	幓	1	幓
㡏	0	㡏	0	㡏
㡐	0	㡐	0	㡐
㡑	2	幧&㡑	2	幧&㡑
㡒	0	㡒	0	㡒
㡓	2	㡓&褌	1	褌
㡔	0	㡔	0	㡔
㡕	0	㡕	0	㡕
㡖	2	幢&㡖	0	㡖
㡗	0	㡗	0	㡗
㡘	0	㡘	0	㡘
㡙	0	㡙	0	㡙
㡚	0	㡚	0	㡚
㡛	1	㡆	1	㡆
㡜	0	㡜	0	㡜
㡝	0	㡝	0	㡝
㡞	0	㡞	0	㡞
㡟	2	㡟&褿	1	褿
㡠	2	㡠&幀	1	幀
㡡	1	幮	1	幮
㡢	1	幔	3	
㡣	1	龍	1	龍
㡤	1	襆	3	
㡥	0	㡥	0	㡥
㡦	0	㡦	0	㡦
㡧	1	幀	1	幀
㡨	0	㡨	0	㡨
㡩	0	㡩	0	㡩
㡪	0	㡪	0	㡪
㡫	3	𢇋&䋵	3	𢇋&䋵
㡬	1	幾	3	
㡭	1	繼	1	繼
㡮	0	㡮	0	㡮
㡯	3	宅&度	3	宅&度
㡰	1	宇	1	宇
㡱	2	灸&㡱	1	灸
㡲	0	㡲	0	㡲
㡳	1	底	1	底
㡴	0	㡴	0	㡴
㡵	0	㡵	0	㡵
㡶	0	㡶	0	㡶
㡷	0	㡷	0	㡷
㡸	0	㡸	0	㡸
㡹	0	㡹	0	㡹
㡺	0	㡺	0	㡺
㡻	2	廖&㡻	0	㡻
㡼	0	㡼	0	㡼
㡽	0	㡽	0	㡽
㡾	2	限&㡾	2	限&㡾
㡿	1	斥	1	斥
㢀	0	㢀	0	㢀
㢁	2	㢁&㢋	2	㢁&㢋
㢂	2	㢂&㢈	2	㢂&㢈
㢃	0	㢃	0	㢃
㢄	0	㢄	0	㢄
㢅	0	㢅	0	㢅
㢆	1	廛	1	廛
㢇	1	啟	3	
㢈	2	堆&㢈	0	㢈
㢉	0	㢉	0	㢉
㢊	0	㢊	0	㢊
㢋	0	㢋	0	㢋
㢌	2	痾&㢌	2	痾&㢌
㢍	0	㢍	0	㢍
㢎	0	㢎	0	㢎
㢏	0	㢏	0	㢏
㢐	3	屙&㢌	1	屙
㢑	2	㢈&㢑	1	㢈
㢒	0	㢒	0	㢒
㢓	3	瘴&障&墇	1	障
㢔	0	㢔	0	㢔
㢕	1	廱	1	廱
㢖	0	㢖	0	㢖
㢗	0	㢗	0	㢗
㢘	1	廉	1	廉
㢙	3	僅&廑	1	廑
㢚	0	㢚	0	㢚
㢛	2	奩&㢛	2	奩&㢛
㢜	2	㢜&懬	0	㢜
㢝	0	㢝	0	㢝
㢞	0	㢞	0	㢞
㢟	0	㢟	0	㢟
㢠	1	迥	1	迥
㢡	1	獎	1	獎
㢢	3	幣&弊	1	弊
㢣	1	擎	1	擎
㢤	1	哉	3	
㢥	0	㢥	0	㢥
㢦	0	㢦	0	㢦
㢧	1	卷	1	卷
㢨	0	㢨	0	㢨
㢩	2	的&㢩	2	的&㢩
㢪	1	弙	1	弙
㢬	2	彋&㢬	2	彋&㢬
㢭	1	弢	1	弢
㢮	1	弛	1	弛
㢯	2	㢯&弴	2	㢯&弴
㢰	0	㢰	0	㢰
㢲	1	巽	1	巽
㢳	2	玈&㢳	1	玈
㢴	1	西	1	西
㢵	0	㢵	0	㢵
㢶	1	弼	1	弼
㢸	1	弼	1	弼
㢺	2	弦&㢺	1	弦
㢻	0	㢻	0	㢻
㢼	2	㢼&彆	1	彆
㢽	3	餌&𩱓	1	餌
㢾	0	㢾	0	㢾
㣀	0	㣀	0	㣀
㣁	0	㣁	0	㣁
㣂	0	㣂	0	㣂
㣃	1	鬻	1	鬻
㣄	0	㣄	0	㣄
㣅	0	㣅	0	㣅
㣆	2	彌&㣆	0	㣆
㣇	0	㣇	0	㣇
㣈	0	㣈	0	㣈
㣉	1	工	1	工
㣋	1	丹	1	丹
㣌	0	㣌	0	㣌
㣍	2	台&臺&㣍	2	台&㣍
㣎	0	㣎	0	㣎
㣏	1	靜	1	靜
㣐	1	變	1	變
㣑	2	容&㣑	2	容&㣑
㣒	0	㣒	0	㣒
㣓	0	㣓	0	㣓
㣔	0	㣔	0	㣔
㣘	3	跔&䞤	1	䞤
㣙	2	宙&㣙	2	宙&㣙
㣚	2	衕&㣚	2	衕&㣚
㣛	2	會&㣛	2	會&㣛
㣜	0	㣜	0	㣜
㣝	0	㣝	0	㣝
㣞	0	㣞	0	㣞
㣟	0	㣟	0	㣟
㣠	2	終&佟&攸&㣠	2	終&佟&攸&㣠
㣢	0	㣢	0	㣢
㣣	1	狹	3	
㣤	2	踐&㣤	0	㣤
㣥	2	偫&㣥	1	偫
㣦	1	逶	1	逶
㣧	1	胤	3	
㣫	2	動&㣫	2	動&㣫
㣬	0	㣬	0	㣬
㣭	0	㣭	0	㣭
㣯	0	㣯	0	㣯
㣰	2	僁&㣰	2	僁&㣰
㣱	0	㣱	0	㣱
㣲	1	微	1	微
㣵	1	㒓	1	㒓
㣶	2	邅&㣶	2	邅&㣶
㣷	0	㣷	0	㣷
㣻	2	乂&㣻	2	乂&㣻
㣼	3	剝&忍	1	忍
㣽	3	怒&恕	3	怒&恕
㣾	0	㣾	0	㣾
㣿	0	㣿	0	㣿
㤀	1	忘	3	
㤁	1	忝	1	忝
㤂	3	急&忣	1	忣
㤃	2	妨&㤃	2	妨&㤃
㤄	0	㤄	0	㤄
㤅	1	愛	1	愛
㤆	0	㤆	0	㤆
㤇	1	懊	1	懊
㤈	0	㤈	0	㤈
㤉	0	㤉	0	㤉
㤊	1	恔	1	恔
㤋	0	㤋	0	㤋
㤌	2	甘&㤌	2	甘&㤌
㤍	2	巧&㤍	2	巧&㤍
㤎	0	㤎	0	㤎
㤏	0	㤏	0	㤏
㤐	1	怗	1	怗
㤑	3	憂&忧	1	忧
㤒	0	㤒	0	㤒
㤓	1	笨	1	笨
㤔	2	㤔&怤	2	㤔&怤
㤕	0	㤕	0	㤕
㤖	0	㤖	0	㤖
㤗	1	泰	3	
㤘	1	㥮	1	㥮
㤙	1	恩	1	恩
㤚	0	㤚	0	㤚
㤛	1	恁	1	恁
㤜	2	怴&㤜	0	㤜
㤝	0	㤝	0	㤝
㤞	0	㤞	0	㤞
㤟	1	恐	1	恐
㤠	1	㤡	1	㤡
㤡	0	㤡	0	㤡
㤢	0	㤢	0	㤢
㤣	3	怦&恲	1	恲
㤤	1	㥚	1	㥚
㤥	0	㤥	0	㤥
㤦	0	㤦	0	㤦
㤧	0	㤧	0	㤧
㤨	0	㤨	0	㤨
㤩	1	恪	1	恪
㤪	1	怨	1	怨
㤫	1	德	3	
㤬	1	恚	1	恚
㤭	1	憍	3	
㤮	0	㤮	0	㤮
㤯	0	㤯	0	㤯
㤰	1	怍	1	怍
㤱	2	㤱&𢠲	2	㤱&𢠲
㤲	0	㤲	0	㤲
㤳	0	㤳	0	㤳
㤴	0	㤴	0	㤴
㤵	1	慈	1	慈
㤶	0	㤶	0	㤶
㤷	0	㤷	0	㤷
㤸	1	㦦	1	㦦
㤹	3	救&𢛃	3	救&𢛃
㤺	1	慌	1	慌
㤻	0	㤻	0	㤻
㤽	1	懤	3	
㤾	2	憛&㤾	2	憛&㤾
㤿	0	㤿	0	㤿
㥀	0	㥀	0	㥀
㥁	3	德&惪	1	惪
㥂	0	㥂	0	㥂
㥃	1	悶	1	悶
㥄	0	㥄	0	㥄
㥅	0	㥅	0	㥅
㥆	2	怢&㥆	0	㥆
㥇	0	㥇	0	㥇
㥈	0	㥈	0	㥈
㥉	1	𢜳	1	𢜳
㥊	2	恲&㥊	2	恲&㥊
㥋	0	㥋	0	㥋
㥌	0	㥌	0	㥌
㥍	1	惎	1	惎
㥎	2	㥎&𢤂	1	𢤂
㥏	0	㥏	0	㥏
㥐	3	𢛪&怨	1	怨
㥑	3	憂&𢝊	1	𢝊
㥒	2	猜&㥒	2	猜&㥒
㥓	0	㥓	0	㥓
㥔	0	㥔	0	㥔
㥕	1	憐	1	憐
㥖	0	㥖	0	㥖
㥚	0	㥚	0	㥚
㥛	0	㥛	0	㥛
㥜	0	㥜	0	㥜
㥝	0	㥝	0	㥝
㥞	2	㥞&邃	1	邃
㥟	0	㥟	0	㥟
㥠	2	㥠&諝	1	諝
㥡	0	㥡	0	㥡
㥢	0	㥢	0	㥢
㥣	0	㥣	0	㥣
㥤	2	矜&㥤	1	矜
㥥	0	㥥	0	㥥
㥦	1	愜	1	愜
㥧	1	順	1	順
㥨	0	㥨	0	㥨
㥩	0	㥩	0	㥩
㥪	1	慺	3	
㥫	1	惇	1	惇
㥬	0	㥬	0	㥬
㥭	1	忕	1	忕
㥮	0	㥮	0	㥮
㥯	2	急&㥯	2	急&㥯
㥰	0	㥰	0	㥰
㥱	1	悱	1	悱
㥲	2	慎&㥲	2	慎&㥲
㥳	0	㥳	0	㥳
㥴	0	㥴	0	㥴
㥵	1	慁	1	慁
㥶	2	寒&愆&㥶	0	㥶
㥷	2	瘱&㥷	1	瘱
㥸	3	閔&愍	3	閔&愍
㥹	2	𢚅&㥹	0	㥹
㥺	1	熆	1	熆
㥼	0	㥼	0	㥼
㥽	0	㥽	0	㥽
㥾	0	㥾	0	㥾
㥿	1	傲	1	傲
㦀	0	㦀	0	㦀
㦁	0	㦁	0	㦁
㦂	1	常	1	常
㦃	0	㦃	0	㦃
㦄	1	𩔶	1	𩔶
㦅	0	㦅	0	㦅
㦆	0	㦆	0	㦆
㦇	0	㦇	0	㦇
㦉	1	懿	1	懿
㦊	0	㦊	0	㦊
㦋	0	㦋	0	㦋
㦌	0	㦌	0	㦌
㦍	1	愕	1	愕
㦎	0	㦎	0	㦎
㦏	0	㦏	0	㦏
㦐	0	㦐	0	㦐
㦑	2	憨&㦑	2	憨&㦑
㦒	2	㦒&謧	1	謧
㦓	2	㒄&㦓	2	㒄&㦓
㦔	3	懕&厭	1	厭
㦕	0	㦕	0	㦕
㦖	1	懣	1	懣
㦗	2	𢙿&㦗	2	𢙿&㦗
㦘	2	憿&㦘	2	憿&㦘
㦚	0	㦚	0	㦚
㦛	0	㦛	0	㦛
㦜	2	戄&㦜	2	戄&㦜
㦝	0	㦝	0	㦝
㦞	1	懤	1	懤
㦟	0	㦟	0	㦟
㦡	2	樂&㦡	1	樂
㦢	0	㦢	0	㦢
㦣	2	寱&㦣	0	㦣
㦤	1	懿	1	懿
㦥	2	愋&㦥	2	愋&㦥
㦦	0	㦦	0	㦦
㦧	1	憯	1	憯
㦨	1	嬾	1	嬾
㦩	2	㥯&㦩	2	㥯&㦩
㦪	0	㦪	0	㦪
㦫	0	㦫	0	㦫
㦬	0	㦬	0	㦬
㦭	2	憐&㦭	0	㦭
㦮	1	錢	1	錢
㦯	1	或	1	或
㦰	0	㦰	0	㦰
㦲	1	哉	1	哉
㦳	1	栽	3	
㦴	2	格&㦴	2	格&㦴
㦵	0	㦵	0	㦵
㦶	2	㦶&戜	0	㦶
㦷	1	勇	1	勇
㦸	1	戟	1	戟
㦹	0	㦹	0	㦹
㦺	0	㦺	0	㦺
㦻	2	襲&㦻	1	襲
㦼	0	㦼	0	㦼
㦽	1	戫	1	戫
㦾	1	扅	1	扅
㦿	2	戶&㦿	2	戶&㦿
㧀	0	㧀	0	㧀
㧁	0	㧁	0	㧁
㧂	1	屇	1	屇
㧃	2	收&摎&㧃	2	收&摎&㧃
㧄	0	㧄	0	㧄
㧅	2	扐&㧅	2	扐&㧅
㧆	0	㧆	0	㧆
㧇	0	㧇	0	㧇
㧈	1	引	1	引
㧉	0	㧉	0	㧉
㧊	0	㧊	0	㧊
㧋	0	㧋	0	㧋
㧌	2	托&㧌	2	托&㧌
㧍	3	仿&搒	3	仿&搒
㧎	2	砑&㧎&抲	2	砑&㧎&抲
㧏	1	掆	1	掆
㧐	1	㩳	1	㩳
㧑	1	撝	3	
㧒	2	舀&抭&㧒&𢯮	2	舀&抭&㧒&𢯮
㧓	2	抓&㧓	2	抓&㧓
㧔	0	㧔	0	㧔
㧕	2	抑&㧕	2	抑&㧕
㧖	1	扼	1	扼
㧗	2	扺&㧗	2	扺&㧗
㧘	0	㧘	0	㧘
㧙	2	柲&㧙&𢴩	2	柲&㧙&𢴩
㧚	0	㧚	0	㧚
㧛	1	擥	3	
㧜	1	砸	3	
㧞	1	拔	1	拔
㧟	1	擓	3	
㧡	0	㧡	0	㧡
㧢	2	因&㧢	2	因&㧢
㧣	0	㧣	0	㧣
㧤	0	㧤	0	㧤
㧥	2	扟&㧥	2	扟&㧥
㧦	2	㧦&揈	2	㧦&揈
㧧	1	梳	1	梳
㧨	1	扏	1	扏
㧩	0	㧩	0	㧩
㧪	0	㧪	0	㧪
㧫	2	抪&擩&㧫	2	抪&擩&㧫
㧬	0	㧬	0	㧬
㧭	2	㧭&㧬	2	㧭&㧬
㧮	0	㧮	0	㧮
㧯	0	㧯	0	㧯
㧰	1	擽	3	
㧱	1	拿	1	拿
㧲	0	㧲	0	㧲
㧳	0	㧳	0	㧳
㧴	0	㧴	0	㧴
㧵	1	抔	1	抔
㧶	2	鏗&㧶	2	鏗&㧶
㧷	0	㧷	0	㧷
㧸	0	㧸	0	㧸
㧹	0	㧹	0	㧹
㧺	0	㧺	0	㧺
㧻	0	㧻	0	㧻
㧼	1	俵	1	俵
㧽	1	稒	1	稒
㧾	2	總&摠&㧾	0	㧾
㧿	1	摐	1	摐
㨀	1	抦	1	抦
㨁	0	㨁	0	㨁
㨂	2	揀&棟&㨂	2	揀&棟&㨂
㨃	2	㨃&掁	2	㨃&掁
㨄	2	挑&㨄	0	㨄
㨅	0	㨅	0	㨅
㨆	0	㨆	0	㨆
㨇	1	搫	1	搫
㨈	1	擠	1	擠
㨉	1	捪	1	捪
㨊	0	㨊	0	㨊
㨋	0	㨋	0	㨋
㨌	2	㝅&㨌	2	㝅&㨌
㨍	0	㨍	0	㨍
㨎	2	撋&擩&㨎	0	㨎
㨏	0	㨏	0	㨏
㨐	0	㨐	0	㨐
㨑	0	㨑	0	㨑
㨒	2	刲&㨒	2	刲&㨒
㨓	1	𢭂	1	𢭂
㨔	2	撼&㨔	1	撼
㨕	3	楹&攍	1	攍
㨖	0	㨖	0	㨖
㨗	1	捷	1	捷
㨘	1	擤	3	
㨙	0	㨙	0	㨙
㨚	0	㨚	0	㨚
㨛	2	掞&㨛	2	掞&㨛
㨜	0	㨜	0	㨜
㨝	0	㨝	0	㨝
㨞	2	㨞&𢱢	2	㨞&𢱢
㨟	0	㨟	0	㨟
㨠	2	塓&㨠	1	塓
㨡	0	㨡	0	㨡
㨢	2	㨢&㱟	1	㱟
㨣	1	擁	1	擁
㨤	1	擓	1	擓
㨥	0	㨥	0	㨥
㨦	1	㩳	1	㩳
㨧	0	㨧	0	㨧
㨨	2	㨨&抽	1	抽
㨩	3	捷&榳	3	捷&榳
㨪	0	㨪	0	㨪
㨫	1	擥	3	
㨬	1	榬	3	
㨭	0	㨭	0	㨭
㨮	0	㨮	0	㨮
㨯	1	擴	1	擴
㨰	0	㨰	0	㨰
㨱	2	㨱&搖	1	搖
㨲	1	㩍	1	㩍
㨳	2	庋&㨳	2	庋&㨳
㨴	2	建&㨴	1	建
㨵	1	揃	1	揃
㨶	3	搗&擣	1	擣
㨷	0	㨷	0	㨷
㨸	0	㨸	0	㨸
㨹	2	㨹&㩨	2	㨹&㩨
㨺	2	捫&㨺	2	捫&㨺
㨻	2	擊&摲&㨻	0	㨻
㨼	1	掠	1	掠
㨽	1	副	1	副
㨾	2	樣&㨾	0	㨾
㨿	1	據	1	據
㩀	1	據	1	據
㩁	1	搉	1	搉
㩃	1	搴	1	搴
㩄	0	㩄	0	㩄
㩅	2	㩅&抽	1	抽
㩆	0	㩆	0	㩆
㩇	2	掝&㩇	0	㩇
㩈	2	捃&㩈	2	捃&㩈
㩉	3	拉&搨&𢿴	3	拉&搨&𢿴
㩊	2	揎&㩊	2	揎&㩊
㩋	0	㩋	0	㩋
㩌	0	㩌	0	㩌
㩍	0	㩍	0	㩍
㩎	2	擪&㩎	1	擪
㩐	0	㩐	0	㩐
㩑	1	𢶍	3	
㩒	1	擒	1	擒
㩓	1	𢶙	1	𢶙
㩔	1	𥴫	1	𥴫
㩕	1	拎	1	拎
㩖	0	㩖	0	㩖
㩗	1	攜	1	攜
㩘	1	檥	1	檥
㩙	1	塞	1	塞
㩚	0	㩚	0	㩚
㩛	1	摶	1	摶
㩜	3	擥&攬	1	攬
㩝	0	㩝	0	㩝
㩞	1	㩍	1	㩍
㩠	2	鏖&捊&摝&㩠	2	鏖&捊&摝&㩠
㩡	0	㩡	0	㩡
㩢	0	㩢	0	㩢
㩣	2	揮&㩣	1	揮
㩤	2	敷&㩤	2	敷&㩤
㩥	1	攕	1	攕
㩦	1	攜	1	攜
㩧	0	㩧	0	㩧
㩨	0	㩨	0	㩨
㩩	0	㩩	0	㩩
㩪	1	擷	1	擷
㩬	1	𢹍	1	𢹍
㩭	1	攪	1	攪
㩮	1	攑	3	
㩯	2	搫&㩯	0	㩯
㩰	1	摷	1	摷
㩱	0	㩱	0	㩱
㩲	2	拳&權&㩲	2	拳&權&㩲
㩳	0	㩳	0	㩳
㩴	2	攫&㩴	2	攫&㩴
㩵	0	㩵	0	㩵
㩶	2	捻&㩶	0	㩶
㩷	0	㩷	0	㩷
㩹	0	㩹	0	㩹
㩺	3	𤿎&紕&𢻹	3	紕&𢻹
㩻	2	佹&㩻	0	㩻
㩼	0	㩼	0	㩼
㩽	2	敕&㩽	2	敕&㩽
㩾	0	㩾	0	㩾
㩿	0	㩿	0	㩿
㪀	0	㪀	0	㪀
㪁	0	㪁	0	㪁
㪂	1	㩿	1	㩿
㪃	0	㪃	3	
㪄	2	㪄&𣀣	2	㪄&𣀣
㪅	1	更	1	更
㪆	1	𢼕	3	
㪇	0	㪇	0	㪇
㪈	0	㪈	0	㪈
㪉	1	敆	1	敆
㪊	3	𣀄&𣀆	1	𣀆
㪋	2	捍&𢼔&㪋	2	捍&𢼔&㪋
㪌	2	捅&㪌	1	捅
㪍	2	㪍&勃	1	勃
㪎	0	㪎	0	㪎
㪏	0	㪏	0	㪏
㪑	0	㪑	0	㪑
㪒	0	㪒	0	㪒
㪓	0	㪓	0	㪓
㪔	0	㪔	3	
㪕	0	㪕	0	㪕
㪖	0	㪖	0	㪖
㪙	1	敤	3	
㪚	1	散	1	散
㪜	2	揣&㪜	2	揣&㪜
㪝	0	㪝	0	㪝
㪞	2	𢯾&㪞	1	𢯾
㪟	1	敦	1	敦
㪠	2	歉&㪠&鵮	2	歉&㪠&鵮
㪡	0	㪡	0	㪡
㪢	0	㪢	0	㪢
㪣	1	敲	1	敲
㪤	0	㪤	0	㪤
㪥	0	㪥	0	㪥
㪦	0	㪦	0	㪦
㪧	1	𢿴	1	𢿴
㪨	2	繕&㪨	0	㪨
㪩	2	㩋&㪩	0	㪩
㪫	1	叡	1	叡
㪬	0	㪬	0	㪬
㪭	0	㪭	0	㪭
㪮	0	㪮	0	㪮
㪯	1	舉	1	舉
㪰	1	齋	1	齋
㪱	0	㪱	0	㪱
㪴	0	㪴	0	㪴
㪵	0	㪵	0	㪵
㪶	1	斛	1	斛
㪷	3	斗&鬥	1	斗
㪸	1	斟	1	斟
㪹	0	㪹	0	㪹
㪺	0	㪺	0	㪺
㪻	0	㪻	0	㪻
㪼	0	㪼	0	㪼
㪽	1	所	3	
㪾	2	㓢&㦴&㪾	2	㓢&㦴&㪾
㪿	1	折	1	折
㫀	1	鼎	1	鼎
㫁	1	斷	1	斷
㫂	0	㫂	0	㫂
㫃	0	㫃	0	㫃
㫄	1	旁	1	旁
㫅	1	旗	1	旗
㫊	0	㫊	0	㫊
㫋	1	旃	1	旃
㫌	1	旌	3	
㫍	0	㫍	0	㫍
㫎	2	揮&㫎	0	㫎
㫏	0	㫏	0	㫏
㫐	0	㫐	0	㫐
㫑	3	助&旨&時	1	時
㫒	2	廾&㫒	2	廾&㫒
㫓	2	𣅠&氣&㫓	2	氣&㫓
㫔	1	艮	1	艮
㫕	1	光	1	光
㫖	1	旨	3	
㫗	2	厚&㫗	1	厚
㫘	0	㫘	0	㫘
㫙	0	㫙	0	㫙
㫚	1	昒	1	昒
㫛	0	㫛	0	㫛
㫜	2	旦&㫜	0	㫜
㫝	0	㫝	0	㫝
㫞	0	㫞	0	㫞
㫟	0	㫟	0	㫟
㫠	0	㫠	0	㫠
㫡	1	冬	1	冬
㫤	2	㫤&昶	1	昶
㫥	3	冥&昭&瞻	1	冥
㫦	1	㫞	1	㫞
㫧	1	暴	1	暴
㫩	1	春	1	春
㫪	3	春&舂	1	舂
㫫	3	顯&㬎	1	顯
㫬	1	昫	1	昫
㫭	1	礙	3	
㫮	1	眥	1	眥
㫯	1	㒻	1	㒻
㫰	2	朗&㫰	2	朗&㫰
㫱	0	㫱	0	㫱
㫲	0	㫲	0	㫲
㫳	3	晨&唇	1	晨
㫴	3	哮&𥆔	1	哮
㫵	0	㫵	0	㫵
㫶	0	㫶	0	㫶
㫷	2	期&㫷	2	期&㫷
㫸	0	㫸	0	㫸
㫹	2	昴&㫹	2	昴&㫹
㫺	1	昔	1	昔
㫻	0	㫻	0	㫻
㫼	1	晢	1	晢
㫽	0	㫽	0	㫽
㫾	1	晌	3	
㬁	1	𣆗	1	𣆗
㬂	0	㬂	0	㬂
㬃	0	㬃	0	㬃
㬄	1	㫱	1	㫱
㬅	1	曼	1	曼
㬆	3	暋&湣	1	湣
㬇	2	㬇&𥈉	0	㬇
㬈	1	㬈	1	㬈
㬉	3	暖&煖	1	暖
㬊	0	㬊	0	㬊
㬋	0	㬋	0	㬋
㬌	1	景	1	景
㬍	2	㬍&曝	1	曝
㬎	2	顯&㬎	0	㬎
㬏	0	㬏	0	㬏
㬐	3	晉&鄑	3	晉&鄑
㬒	0	㬒	0	㬒
㬓	0	㬓	0	㬓
㬔	0	㬔	0	㬔
㬕	1	𣉚	1	𣉚
㬗	0	㬗	0	㬗
㬘	0	㬘	0	㬘
㬙	2	㬙&暐	1	暐
㬚	0	㬚	0	㬚
㬛	0	㬛	0	㬛
㬜	1	晉	1	晉
㬝	1	𤾥	1	𤾥
㬞	1	暍	1	暍
㬟	1	朆	3	
㬠	2	㬠&曬	1	曬
㬡	3	𣌟&昤	1	昤
㬢	1	曦	1	曦
㬣	0	㬣	0	㬣
㬤	0	㬤	0	㬤
㬥	2	㬥&暴	1	暴
㬦	0	㬦	0	㬦
㬧	1	暴	1	暴
㬩	1	暳	1	暳
㬪	1	疊	1	疊
㬫	1	曣	1	曣
㬬	0	㬬	0	㬬
㬭	1	皭	1	皭
㬮	0	㬮	0	㬮
㬯	0	㬯	0	㬯
㬰	1	臾	1	臾
㬱	3	替&朁	1	朁
㬲	2	添&㬲	2	添&㬲
㬳	2	旿&㬳	0	㬳
㬴	0	㬴	0	㬴
㬵	2	交&皎&膠&㬵&胶	1	膠
㬶	2	㬶&浩&皓	3	浩&皓
㬸	0	㬸	0	㬸
㬹	0	㬹	0	㬹
㬺	1	幐	3	
㬻	0	㬻	0	㬻
㬼	0	㬼	0	㬼
㬽	1	齶	3	
㬾	1	翳	3	
㬿	0	㬿	0	㬿
㭁	0	㭁	0	㭁
㭂	2	𣏑&㭂	2	𣏑&㭂
㭃	1	綱	1	綱
㭄	0	㭄	0	㭄
㭇	2	杬&㭇	2	杬&㭇
㭈	0	㭈	0	㭈
㭉	1	苶	3	
㭊	1	析	1	析
㭋	1	棒	1	棒
㭌	0	㭌	0	㭌
㭍	1	桼	3	
㭎	1	棡	3	
㭏	1	椲	3	
㭑	2	株&㭑	2	株&㭑
㭒	2	耜&㭒	0	㭒
㭓	3	拚&抃&閞	1	閞
㭔	0	㭔	0	㭔
㭕	0	㭕	0	㭕
㭖	1	杙	3	
㭗	1	相	3	
㭘	2	拾&㭘	2	拾&㭘
㭙	2	持&㭙	2	持&㭙
㭚	0	㭚	0	㭚
㭛	0	㭛	0	㭛
㭜	2	械&㭜	2	械&㭜
㭝	2	㭝&𣓕	2	㭝&𣓕
㭞	0	㭞	0	㭞
㭟	3	恭&拲	1	拲
㭠	0	㭠	0	㭠
㭡	0	㭡	0	㭡
㭢	0	㭢	0	㭢
㭣	1	𣙎	3	
㭤	1	樢	3	
㭧	1	𣑮	3	
㭨	1	椰	1	椰
㭩	0	㭩	0	㭩
㭪	0	㭪	0	㭪
㭫	0	㭫	0	㭫
㭬	2	椓&㭬	1	椓
㭭	0	㭭	0	㭭
㭮	1	拶	1	拶
㭯	0	㭯	0	㭯
㭰	0	㭰	0	㭰
㭱	2	㭱&匣	1	匣
㭲	1	极	1	极
㭴	1	樫	3	
㭷	1	椑	3	
㭸	0	㭸	0	㭸
㭹	2	𢮂&㭹	0	㭹
㭺	0	㭺	0	㭺
㭻	1	棠	1	棠
㭼	0	㭼	0	㭼
㭽	2	柢&㭽	2	柢&㭽
㭾	0	㭾	0	㭾
㭿	0	㭿	0	㭿
㮀	2	㮀&㮭	2	㮀&㮭
㮁	0	㮁	0	㮁
㮂	0	㮂	0	㮂
㮃	2	桵&㮃	0	㮃
㮄	1	榜	1	榜
㮅	2	椎&㮅	0	㮅
㮆	2	㮆&櫱	1	櫱
㮇	2	栝&㮇	0	㮇
㮈	2	㮈&㮏	0	㮈
㮊	1	楙	3	
㮋	1	栯	1	栯
㮌	1	棉	1	棉
㮍	3	棧&箋&牋	3	棧&箋&牋
㮎	3	杯&盃	3	杯&盃
㮏	2	柰&㮏	0	㮏
㮐	2	杫&㮐	2	杫&㮐
㮑	0	㮑	0	㮑
㮒	3	橪&禋	3	橪&禋
㮓	2	㮓&亙	1	亙
㮔	0	㮔	0	㮔
㮕	0	㮕	0	㮕
㮖	0	㮖	0	㮖
㮗	2	矜&㮗	1	矜
㮘	0	㮘	0	㮘
㮙	0	㮙	0	㮙
㮚	1	栗	1	栗
㮛	2	匙&提&椸&㮛	2	匙&提&椸&㮛
㮜	0	㮜	0	㮜
㮝	2	㮝&㮝	0	㮝
㮞	1	楶	1	楶
㮟	0	㮟	0	㮟
㮠	1	𣞁	3	
㮡	1	爟	1	爟
㮢	1	𣔹	1	𣔹
㮣	3	槩&概	1	槩
㮤	1	松	1	松
㮥	2	軬&㮥	2	軬&㮥
㮦	0	㮦	0	㮦
㮧	0	㮧	0	㮧
㮨	0	㮨	0	㮨
㮩	0	㮩	0	㮩
㮪	2	舼&㮪	0	㮪
㮫	0	㮫	0	㮫
㮬	0	㮬	0	㮬
㮭	2	椷&㮭	1	椷
㮮	1	桔	1	桔
㮯	0	㮯	0	㮯
㮰	0	㮰	0	㮰
㮱	0	㮱	0	㮱
㮲	0	㮲	0	㮲
㮳	1	栚	1	栚
㮴	2	艘&㮴	1	艘
㮵	1	栴	1	栴
㮶	2	槊&㮶	2	槊&㮶
㮷	0	㮷	0	㮷
㮸	3	送&𠌡	1	送
㮹	0	㮹	0	㮹
㮺	1	本	1	本
㮻	1	搔	3	
㮼	1	扇	3	
㮿	0	㮿	0	㮿
㯀	0	㯀	0	㯀
㯁	2	棓&㯁	2	棓&㯁
㯂	0	㯂	0	㯂
㯃	0	㯃	0	㯃
㯄	0	㯄	0	㯄
㯅	0	㯅	0	㯅
㯆	0	㯆	0	㯆
㯇	1	梐	1	梐
㯈	1	樕	1	樕
㯉	2	㯉&樺&樗	3	樺&樗
㯊	0	㯊	0	㯊
㯋	0	㯋	0	㯋
㯌	1	椽	1	椽
㯍	1	槳	1	槳
㯎	0	㯎	0	㯎
㯏	3	穀&馨	1	穀
㯐	1	橢	1	橢
㯓	3	榻&䈳	3	榻&䈳
㯔	2	㯔&䄟	2	㯔&䄟
㯕	0	㯕	0	㯕
㯖	3	棏&㭙	1	㭙
㯗	0	㯗	0	㯗
㯘	2	梡&㯘	2	梡&㯘
㯙	0	㯙	0	㯙
㯚	1	榙	1	榙
㯛	0	㯛	0	㯛
㯜	1	椊	1	椊
㯝	0	㯝	0	㯝
㯞	0	㯞	0	㯞
㯟	1	麓	1	麓
㯠	0	㯠	0	㯠
㯡	0	㯡	0	㯡
㯢	0	㯢	0	㯢
㯣	2	㯣&棻	1	棻
㯤	2	棘&集&㯤	1	棘
㯥	0	㯥	0	㯥
㯦	1	棋	1	棋
㯪	3	櫺&柃	1	櫺
㯫	0	㯫	0	㯫
㯬	0	㯬	0	㯬
㯭	1	櫓	3	
㯮	0	㯮	0	㯮
㯯	2	㔶&㯯	2	㔶&㯯
㯰	1	植	1	植
㯱	2	𣚇&㯱	0	㯱
㯲	0	㯲	0	㯲
㯳	1	檠	1	檠
㯶	3	椶&棕	1	棕
㯷	0	㯷	0	㯷
㯸	0	㯸	0	㯸
㯹	3	標&檦	1	檦
㯺	0	㯺	0	㯺
㯻	0	㯻	0	㯻
㯼	1	榼	3	
㯽	1	檳	3	
㯾	2	槽&㯾	2	槽&㯾
㯿	0	㯿	0	㯿
㰀	2	梨&㰀	2	梨&㰀
㰁	0	㰁	0	㰁
㰂	0	㰂	0	㰂
㰃	2	檰&㰃	2	檰&㰃
㰄	1	𣚙	1	𣚙
㰅	1	樀	1	樀
㰆	2	㰆&鞴	1	鞴
㰇	3	杉&櫼	1	櫼
㰈	0	㰈	0	㰈
㰉	1	榛	1	榛
㰊	2	杉&㰊	2	杉&㰊
㰋	0	㰋	0	㰋
㰌	2	榷&㰌	1	榷
㰍	2	㰍&櫳	1	櫳
㰎	1	檇	1	檇
㰏	1	篙	1	篙
㰐	1	橢	1	橢
㰑	0	㰑	0	㰑
㰔	0	㰔	0	㰔
㰕	2	㰕&𣟵	1	𣟵
㰖	1	欖	1	欖
㰗	1	槭	1	槭
㰘	0	㰘	0	㰘
㰙	2	㰙&橠	1	橠
㰚	2	籬&㰚	2	籬&㰚
㰛	2	櫟&㰛	2	櫟&㰛
㰝	0	㰝	0	㰝
㰞	3	嗤&蚩	1	嗤
㰟	2	吃&㰟	0	㰟
㰠	0	㰠	0	㰠
㰡	0	㰡	0	㰡
㰢	0	㰢	0	㰢
㰣	0	㰣	0	㰣
㰤	2	呵&㰤	2	呵&㰤
㰥	0	㰥	0	㰥
㰦	1	呿	1	呿
㰧	0	㰧	0	㰧
㰨	2	弞&㰨	2	弞&㰨
㰩	2	𣢑&㰩	0	㰩
㰪	0	㰪	0	㰪
㰫	0	㰫	0	㰫
㰬	0	㰬	0	㰬
㰭	0	㰭	0	㰭
㰮	0	㰮	0	㰮
㰯	0	㰯	0	㰯
㰰	0	㰰	0	㰰
㰱	1	歃	1	歃
㰲	0	㰲	0	㰲
㰳	0	㰳	0	㰳
㰴	0	㰴	0	㰴
㰵	0	㰵	0	㰵
㰶	0	㰶	0	㰶
㰷	1	𣧸	1	𣧸
㰹	2	𣢺&㰹	2	𣢺&㰹
㰺	0	㰺	0	㰺
㰻	0	㰻	0	㰻
㰼	0	㰼	0	㰼
㰽	0	㰽	0	㰽
㰾	0	㰾	0	㰾
㰿	2	欷&㰿	2	欷&㰿
㱀	2	㱀&欼	1	欼
㱁	2	款&㱁	2	款&㱁
㱂	0	㱂	0	㱂
㱃	2	㱃&飲	1	飲
㱄	0	㱄	0	㱄
㱅	1	懿	1	懿
㱆	0	㱆	0	㱆
㱇	0	㱇	0	㱇
㱈	0	㱈	0	㱈
㱉	1	㗼	1	㗼
㱊	2	嚘&㱊	2	嚘&㱊
㱋	3	塙&𣤇	3	塙&𣤇
㱌	0	㱌	0	㱌
㱍	0	㱍	0	㱍
㱎	0	㱎	0	㱎
㱏	3	定&正	3	定&正
㱒	1	訶	1	訶
㱔	1	些	1	些
㱕	1	歸	1	歸
㱖	0	㱖	0	㱖
㱗	0	㱗	0	㱗
㱘	1	魘	1	魘
㱙	2	朽&剮&㱙	2	朽&剮&㱙
㱚	0	㱚	0	㱚
㱛	2	布&舛&㱛	2	布&舛&㱛
㱜	2	㱜&𣧖	0	㱜
㱞	0	㱞	0	㱞
㱟	0	㱟	0	㱟
㱠	0	㱠	0	㱠
㱡	0	㱡	0	㱡
㱢	0	㱢	0	㱢
㱣	0	㱣	0	㱣
㱤	0	㱤	0	㱤
㱥	0	㱥	0	㱥
㱦	0	㱦	0	㱦
㱧	0	㱧	0	㱧
㱨	1	殮	1	殮
㱩	1	殰	3	
㱪	1	殙	1	殙
㱫	2	爛&㱫	2	爛&㱫
㱬	0	㱬	0	㱬
㱭	1	毈	1	毈
㱮	1	殨	3	
㱯	0	㱯	0	㱯
㱰	0	㱰	0	㱰
㱱	0	㱱	0	㱱
㱲	0	㱲	0	㱲
㱳	0	㱳	0	㱳
㱴	0	㱴	0	㱴
㱵	0	㱵	0	㱵
㱶	0	㱶	0	㱶
㱸	0	㱸	0	㱸
㱹	0	㱹	0	㱹
㱺	2	臚&㱺	0	㱺
㱻	0	㱻	0	㱻
㱼	0	㱼	0	㱼
㱽	0	㱽	0	㱽
㱾	0	㱾	0	㱾
㱿	2	㱿&殼&嗀	3	殼&嗀
㲀	0	㲀	0	㲀
㲁	2	𢽦&㲁	2	𢽦&㲁
㲂	2	𢿵&㲂	2	𢿵&㲂
㲃	0	㲃	0	㲃
㲄	1	玨	1	玨
㲅	0	㲅	0	㲅
㲆	0	㲆	0	㲆
㲇	1	鼕	1	鼕
㲈	3	韶&鞀	3	韶&鞀
㲉	0	㲉	0	㲉
㲊	1	叡	1	叡
㲋	0	㲋	0	㲋
㲌	0	㲌	0	㲌
㲍	2	翅&㲍	2	翅&㲍
㲎	1	氀	1	氀
㲏	0	㲏	0	㲏
㲒	2	㲒&菢	1	菢
㲓	0	㲓	0	㲓
㲔	0	㲔	0	㲔
㲕	0	㲕	0	㲕
㲖	2	㲖&𦐺	0	㲖
㲗	0	㲗	0	㲗
㲘	3	氍&眊	1	氍
㲙	1	𣯜	1	𣯜
㲚	0	㲚	0	㲚
㲛	0	㲛	0	㲛
㲜	1	毯	1	毯
㲝	2	𣯍&氄&㲝&𩿂	2	氄&㲝&𩿂
㲞	0	㲞	0	㲞
㲟	0	㲟	0	㲟
㲠	1	氂	1	氂
㲡	0	㲡	0	㲡
㲢	0	㲢	0	㲢
㲣	1	𣮬	3	
㲤	0	㲤	0	㲤
㲥	0	㲥	0	㲥
㲦	0	㲦	0	㲦
㲧	0	㲧	0	㲧
㲨	2	㲨&毧&𣯏&䩸	3	毧&𣯏&䩸
㲩	1	毾	3	
㲪	0	㲪	0	㲪
㲫	0	㲫	0	㲫
㲬	0	㲬	0	㲬
㲭	1	毯	1	毯
㲯	0	㲯	0	㲯
㲰	0	㲰	0	㲰
㲱	2	㲱&鬣	1	鬣
㲲	0	㲲	0	㲲
㲳	0	㲳	0	㲳
㲴	0	㲴	0	㲴
㲵	1	霄	1	霄
㲶	1	氯	1	氯
㲷	1	氮	1	氮
㲸	0	㲸	0	㲸
㲹	2	氾&氿&汎&㲹	1	汎
㲺	0	㲺	0	㲺
㲻	1	溺	1	溺
㲼	2	汊&㲼	2	汊&㲼
㲽	2	涊&㲽	2	涊&㲽
㲾	1	雨	1	雨
㲿	1	瀇	3	
㳀	0	㳀	0	㳀
㳁	0	㳁	0	㳁
㳂	1	沿	1	沿
㳃	1	淬	1	淬
㳄	2	㳄&次&涎	3	次&涎
㳆	0	㳆	0	㳆
㳇	1	務	1	務
㳈	1	沛	1	沛
㳊	3	汐&汷&𣲏	3	汐&汷&𣲏
㳋	0	㳋	0	㳋
㳌	2	𠖹&㳌	0	㳌
㳍	0	㳍	0	㳍
㳎	0	㳎	0	㳎
㳏	0	㳏	0	㳏
㳐	0	㳐	0	㳐
㳑	3	泗&溢	1	溢
㳒	1	法	1	法
㳔	1	濧	3	
㳕	1	灡	3	
㳖	0	㳖	0	㳖
㳗	0	㳗	0	㳗
㳘	0	㳘	0	㳘
㳙	1	涓	1	涓
㳚	2	泧&㳚	2	泧&㳚
㳛	0	㳛	0	㳛
㳜	0	㳜	0	㳜
㳝	1	洭	1	洭
㳞	2	浺&㳞	0	㳞
㳟	1	恭	3	
㳠	1	澾	1	澾
㳡	1	濄	3	
㳢	1	𣾷	3	
㳤	1	淑	1	淑
㳥	0	㳥	0	㳥
㳦	0	㳦	0	㳦
㳧	0	㳧	0	㳧
㳨	1	𣴖	1	𣴖
㳩	0	㳩	0	㳩
㳪	0	㳪	0	㳪
㳫	2	沓&㳫	2	沓&㳫
㳬	1	漩	1	漩
㳭	3	㳄&涎	1	涎
㳮	1	尿	1	尿
㳯	1	淬	3	
㳰	1	溝	3	
㳳	0	㳳	0	㳳
㳴	0	㳴	0	㳴
㳵	0	㳵	0	㳵
㳶	0	㳶	0	㳶
㳷	0	㳷	0	㳷
㳸	0	㳸	0	㳸
㳹	0	㳹	0	㳹
㳺	1	游	1	游
㳻	0	㳻	0	㳻
㳼	2	淢&㳼&𤅳	2	淢&㳼&𤅳
㳽	1	瀰	1	瀰
㳾	0	㳾	0	㳾
㳿	1	渫	1	渫
㴀	0	㴀	0	㴀
㴁	0	㴁	0	㴁
㴂	0	㴂	0	㴂
㴃	1	淚	1	淚
㴄	0	㴄	0	㴄
㴅	1	消	1	消
㴆	1	浸	1	浸
㴇	1	涉	1	涉
㴈	2	垽&㴈	1	垽
㴉	1	濟	1	濟
㴊	1	淵	1	淵
㴋	1	潚	3	
㴏	2	溛&㴏	2	溛&㴏
㴐	0	㴐	0	㴐
㴑	3	溯&泝	1	泝
㴒	0	㴒	0	㴒
㴓	2	濾&㴓	2	濾&㴓
㴔	2	澀&潝&㴔	2	澀&潝&㴔
㴕	3	𣷞&潗	1	潗
㴖	1	𤃸	1	𤃸
㴗	0	㴗	0	㴗
㴘	0	㴘	0	㴘
㴙	0	㴙	0	㴙
㴚	2	㴚&澻	1	澻
㴛	0	㴛	0	㴛
㴜	1	遍	1	遍
㴝	2	黎&㴝	1	黎
㴞	1	滔	1	滔
㴟	1	源	3	
㴠	1	涵	3	
㴥	2	𣺰&㴥	0	㴥
㴦	2	涫&㴦	1	涫
㴧	0	㴧	0	㴧
㴨	0	㴨	0	㴨
㴩	1	灉	1	灉
㴪	0	㴪	0	㴪
㴫	0	㴫	0	㴫
㴬	0	㴬	0	㴬
㴭	0	㴭	0	㴭
㴮	1	㴽	1	㴽
㴯	0	㴯	0	㴯
㴰	2	㴰&𤁣	0	㴰
㴱	2	㴱&深	1	深
㴲	0	㴲	0	㴲
㴳	2	㙙&㴳&㴳	2	㴳&㴳
㴴	1	湛	1	湛
㴵	0	㴵	0	㴵
㴶	0	㴶	0	㴶
㴷	0	㴷	0	㴷
㴸	0	㴸	0	㴸
㴻	1	澍	1	澍
㴼	0	㴼	0	㴼
㴽	0	㴽	0	㴽
㴾	1	渤	1	渤
㴿	2	濎&㴿	2	濎&㴿
㵀	0	㵀	0	㵀
㵁	1	𣺬	1	𣺬
㵂	0	㵂	0	㵂
㵃	0	㵃	0	㵃
㵄	1	漢	1	漢
㵅	0	㵅	0	㵅
㵆	1	浩	1	浩
㵊	0	㵊	0	㵊
㵋	2	汨&汩&㵋	2	汩&㵋
㵌	0	㵌	0	㵌
㵍	0	㵍	0	㵍
㵎	1	澗	1	澗
㵏	1	漼	1	漼
㵐	0	㵐	0	㵐
㵑	0	㵑	0	㵑
㵒	2	沸&㵒	0	㵒
㵓	1	湜	1	湜
㵔	0	㵔	0	㵔
㵕	1	滲	1	滲
㵖	0	㵖	0	㵖
㵗	0	㵗	0	㵗
㵘	0	㵘	0	㵘
㵙	1	清	1	清
㵝	0	㵝	0	㵝
㵞	0	㵞	0	㵞
㵟	2	湄&溦&㵟	1	溦
㵠	0	㵠	0	㵠
㵡	0	㵡	0	㵡
㵢	0	㵢	0	㵢
㵣	2	渴&㵣	2	渴&㵣
㵤	0	㵤	0	㵤
㵥	1	㴵	1	㴵
㵦	1	瀡	1	瀡
㵧	0	㵧	0	㵧
㵨	0	㵨	0	㵨
㵩	2	渫&㵩	0	㵩
㵪	2	涎&㵪	2	涎&㵪
㵫	0	㵫	0	㵫
㵬	0	㵬	0	㵬
㵭	0	㵭	0	㵭
㵮	0	㵮	0	㵮
㵯	0	㵯	0	㵯
㵰	1	漵	1	漵
㵱	1	漂	1	漂
㵲	1	潕	1	潕
㵳	1	漻	1	漻
㵴	0	㵴	0	㵴
㵵	0	㵵	0	㵵
㵶	0	㵶	0	㵶
㵷	2	㵷&𤀲	2	㵷&𤀲
㵸	1	瀹	1	瀹
㵹	0	㵹	0	㵹
㵺	0	㵺	0	㵺
㵻	0	㵻	0	㵻
㵼	1	瀉	3	
㵽	2	㵽&灅	2	㵽&灅
㵾	2	淨&㵾	0	㵾
㵿	0	㵿	0	㵿
㶀	0	㶀	0	㶀
㶁	0	㶁	0	㶁
㶄	0	㶄	0	㶄
㶅	1	澩	1	澩
㶆	0	㶆	0	㶆
㶇	0	㶇	0	㶇
㶈	3	瀯&濙	1	濙
㶉	1	鸂	3	
㶊	1	頤	3	
㶌	0	㶌	0	㶌
㶍	0	㶍	0	㶍
㶎	1	澴	1	澴
㶏	1	濦	1	濦
㶑	1	瀲	1	瀲
㶒	2	㴸&㶒	2	㴸&㶒
㶓	0	㶓	0	㶓
㶔	0	㶔	0	㶔
㶕	0	㶕	0	㶕
㶖	0	㶖	0	㶖
㶗	0	㶗	0	㶗
㶘	0	㶘	0	㶘
㶚	1	灞	1	灞
㶛	0	㶛	0	㶛
㶜	1	淵	1	淵
㶞	2	瀼&㶞	2	瀼&㶞
㶟	0	㶟	0	㶟
㶠	0	㶠	0	㶠
㶡	1	火	1	火
㶣	0	㶣	0	㶣
㶤	1	炒	1	炒
㶦	2	灺&㶦	0	㶦
㶧	0	㶧	0	㶧
㶨	3	丕&炋	1	炋
㶪	1	炋	1	炋
㶫	3	𤉞&燎	1	燎
㶬	0	㶬	0	㶬
㶭	1	𣅺	1	𣅺
㶮	2	炳&燒&㶮	1	燒
㶯	0	㶯	0	㶯
㶰	2	煔&㶰	0	㶰
㶲	0	㶲	0	㶲
㶳	1	燼	3	
㶴	0	㶴	0	㶴
㶵	1	飪	1	飪
㶶	1	燶	3	
㶷	0	㶷	3	
㶸	1	熁	3	
㶹	0	㶹	0	㶹
㶺	2	煔&㶺	1	煔
㶻	1	烽	1	烽
㶼	0	㶼	0	㶼
㶽	1	煱	3	
㶾	3	票&熛	3	票&熛
㶿	0	㶿	0	㶿
㷀	3	焭&煢	1	煢
㷂	2	熙&㷂	2	熙&㷂
㷃	0	㷃	0	㷃
㷄	0	㷄	0	㷄
㷅	2	炒&㷅	0	㷅
㷆	0	㷆	0	㷆
㷇	2	恢&𡌪&㷇	0	㷇
㷈	0	㷈	0	㷈
㷉	3	尉&熨	1	尉
㷊	1	焚	1	焚
㷋	0	㷋	0	㷋
㷌	1	歸	3	
㷍	0	㷍	0	㷍
㷎	1	暍	1	暍
㷏	0	㷏	0	㷏
㷐	1	燬	1	燬
㷑	1	煙	1	煙
㷒	0	㷒	0	㷒
㷓	1	熜	1	熜
㷔	1	焰	1	焰
㷕	0	㷕	0	㷕
㷖	1	照	1	照
㷗	1	燛	1	燛
㷘	0	㷘	0	㷘
㷙	1	煎	1	煎
㷜	1	熠	3	
㷟	0	㷟	0	㷟
㷠	1	燐	1	燐
㷡	0	㷡	0	㷡
㷢	1	𤈩	1	𤈩
㷣	2	㷣&𤏽	2	㷣&𤏽
㷤	2	㷤&𧹲	2	㷤&𧹲
㷥	1	烝	1	烝
㷦	1	瞁	1	瞁
㷫	2	熨&㷫	2	熨&㷫
㷬	0	㷬	0	㷬
㷭	1	烽	1	烽
㷮	0	㷮	0	㷮
㷯	0	㷯	0	㷯
㷰	0	㷰	0	㷰
㷱	1	熊	3	
㷲	1	慟	3	
㷳	0	㷳	0	㷳
㷴	0	㷴	0	㷴
㷵	2	㷵&爅	1	爅
㷶	2	㷶&𤐧	1	𤐧
㷷	3	臇&𤎱	1	臇
㷸	1	燁	1	燁
㷹	0	㷹	0	㷹
㷻	3	模&無	1	無
㷼	1	燕	1	燕
㷾	0	㷾	0	㷾
㷿	0	㷿	0	㷿
㸀	1	炱	1	炱
㸁	1	熯	1	熯
㸂	1	燧	1	燧
㸃	1	點	1	點
㸄	1	齌	1	齌
㸅	0	㸅	0	㸅
㸇	0	㸇	3	
㸈	3	𤓪&焦	1	焦
㸉	1	燮	1	燮
㸊	2	𤊶&㸊	0	㸊
㸋	1	膰	1	膰
㸌	2	霩&㸌	2	霩&㸌
㸍	0	㸍	0	㸍
㸎	0	㸎	0	㸎
㸏	1	爢	1	爢
㸐	3	𤓉&然&燃	3	然&燃
㸑	2	爨&㸑	0	㸑
㸒	0	㸒	0	㸒
㸓	2	㫘&㸓	1	㫘
㸔	1	看	3	
㸕	1	攫	1	攫
㸖	0	㸖	0	㸖
㸗	0	㸗	0	㸗
㸘	1	萬	1	萬
㸙	0	㸙	0	㸙
㸚	0	㸚	0	㸚
㸛	0	㸛	0	㸛
㸜	0	㸜	0	㸜
㸝	2	杴&㸝	2	杴&㸝
㸞	0	㸞	0	㸞
㸟	0	㸟	0	㸟
㸠	1	𤕷	1	𤕷
㸡	0	㸡	0	㸡
㸢	0	㸢	0	㸢
㸣	1	業	1	業
㸤	1	辨	1	辨
㸥	2	欃&㸥	2	欃&㸥
㸦	3	互&牙	3	互&牙
㸧	1	齦	1	齦
㸨	0	㸨	0	㸨
㸩	0	㸩	0	㸩
㸪	0	㸪	0	㸪
㸫	1	犍	1	犍
㸬	1	牬	1	牬
㸭	0	㸭	0	㸭
㸮	0	㸮	0	㸮
㸯	2	犐&㸯	2	犐&㸯
㸰	2	犐&㸰	2	犐&㸰
㸱	1	㸰	1	㸰
㸲	0	㸲	0	㸲
㸳	0	㸳	0	㸳
㸵	2	𤘧&㸵	2	𤘧&㸵
㸶	0	㸶	0	㸶
㸷	1	觢	1	觢
㸸	0	㸸	0	㸸
㸹	0	㸹	0	㸹
㸺	0	㸺	0	㸺
㸻	0	㸻	0	㸻
㸼	1	犎	1	犎
㸽	1	牬	1	牬
㸾	1	牣	1	牣
㹀	1	牸	1	牸
㹁	0	㹁	0	㹁
㹂	0	㹂	0	㹂
㹃	0	㹃	0	㹃
㹄	0	㹄	0	㹄
㹅	2	㹅&總	1	總
㹆	0	㹆	0	㹆
㹇	2	犍&㹇	2	犍&㹇
㹈	1	犛	3	
㹉	0	㹉	0	㹉
㹊	0	㹊	0	㹊
㹋	0	㹋	0	㹋
㹌	0	㹌	0	㹌
㹍	0	㹍	0	㹍
㹎	0	㹎	0	㹎
㹏	0	㹏	0	㹏
㹐	2	㹐&𩌨	1	𩌨
㹑	2	牭&㹑	2	牭&㹑
㹒	0	㹒	0	㹒
㹓	0	㹓	0	㹓
㹔	0	㹔	0	㹔
㹕	0	㹕	0	㹕
㹖	1	豢	1	豢
㹗	0	㹗	0	㹗
㹘	0	㹘	0	㹘
㹙	0	㹙	0	㹙
㹚	1	㹙	1	㹙
㹛	0	㹛	0	㹛
㹜	0	㹜	0	㹜
㹝	2	𤜣&㹝	1	𤜣
㹞	3	狺&啀	3	狺&啀
㹟	2	獪&㹟	2	獪&㹟
㹠	2	㹠&豚	1	豚
㹡	1	狷	1	狷
㹢	1	𤠙	1	𤠙
㹣	0	㹣	0	㹣
㹤	1	怯	1	怯
㹥	2	狂&㹥	2	狂&㹥
㹦	2	貂&㹦	2	貂&㹦
㹧	1	𧲱	1	𧲱
㹪	1	狦	3	
㹫	0	㹫	0	㹫
㹬	1	𧳅	1	𧳅
㹭	1	𧳙	1	𧳙
㹮	2	𩢷&㹮	2	𩢷&㹮
㹯	1	貅	1	貅
㹱	0	㹱	0	㹱
㹲	2	㹲&𧱐	2	㹲&𧱐
㹳	0	㹳	0	㹳
㹴	0	㹴	0	㹴
㹵	0	㹵	0	㹵
㹶	0	㹶	0	㹶
㹷	1	狶	1	狶
㹸	1	貌	1	貌
㹹	0	㹹	0	㹹
㹺	2	狧&㹺	0	㹺
㹻	1	猧	1	猧
㹼	0	㹼	0	㹼
㹽	0	㹽	0	㹽
㹾	0	㹾	0	㹾
㹿	0	㹿	0	㹿
㺀	2	猱&㺀	2	猱&㺀
㺁	0	㺁	0	㺁
㺂	0	㺂	0	㺂
㺃	1	狗	1	狗
㺄	2	狳&貐&㺄	2	狳&貐&㺄
㺅	1	猴	1	猴
㺇	0	㺇	0	㺇
㺈	0	㺈	0	㺈
㺉	0	㺉	0	㺉
㺊	0	㺊	0	㺊
㺋	0	㺋	0	㺋
㺌	0	㺌	0	㺌
㺍	1	獱	3	
㺎	3	𤛑&𧴄	1	𧴄
㺏	1	䝏	1	䝏
㺐	0	㺐	0	㺐
㺑	0	㺑	0	㺑
㺒	0	㺒	0	㺒
㺓	0	㺓	0	㺓
㺔	0	㺔	0	㺔
㺕	0	㺕	0	㺕
㺖	0	㺖	0	㺖
㺗	0	㺗	0	㺗
㺘	0	㺘	0	㺘
㺚	1	獺	1	獺
㺛	0	㺛	0	㺛
㺜	0	㺜	0	㺜
㺝	0	㺝	0	㺝
㺞	0	㺞	0	㺞
㺟	0	㺟	0	㺟
㺠	2	狖&㺠	0	㺠
㺡	0	㺡	0	㺡
㺣	0	㺣	0	㺣
㺤	0	㺤	0	㺤
㺥	0	㺥	0	㺥
㺦	0	㺦	0	㺦
㺧	0	㺧	0	㺧
㺨	0	㺨	0	㺨
㺩	0	㺩	0	㺩
㺪	1	璞	1	璞
㺫	3	玌&㺩	1	㺩
㺬	3	珙&𤣲	1	珙
㺭	0	㺭	0	㺭
㺮	1	玗	1	玗
㺯	3	弄&美	1	弄
㺰	1	瑡	1	瑡
㺱	0	㺱	0	㺱
㺲	1	鈕	1	鈕
㺳	1	玫	1	玫
㺴	0	㺴	0	㺴
㺵	1	玖	1	玖
㺶	1	糾	3	
㺷	1	珬	1	珬
㺸	0	㺸	0	㺸
㺹	0	㺹	0	㺹
㺺	1	瑁	1	瑁
㺾	0	㺾	3	
㺿	0	㺿	0	㺿
㻀	1	𤧙	1	𤧙
㻁	3	瑰&𤪿	3	瑰&𤪿
㻂	2	玭&㻂	2	玭&㻂
㻃	0	㻃	0	㻃
㻄	1	寶	1	寶
㻅	1	璯	3	
㻆	1	琄	1	琄
㻈	2	垢&㻈	0	㻈
㻉	0	㻉	0	㻉
㻊	1	璊	1	璊
㻋	3	㻝&㻷	1	㻝
㻌	0	㻌	0	㻌
㻍	0	㻍	0	㻍
㻎	1	瑟	1	瑟
㻏	1	玲	3	
㻑	0	㻑	0	㻑
㻒	0	㻒	0	㻒
㻓	0	㻓	0	㻓
㻔	0	㻔	0	㻔
㻕	0	㻕	0	㻕
㻖	0	㻖	0	㻖
㻗	1	琲	1	琲
㻘	1	𤪺	3	
㻛	1	瑒	3	
㻜	1	瑽	3	
㻝	0	㻝	0	㻝
㻞	0	㻞	0	㻞
㻟	0	㻟	0	㻟
㻠	0	㻠	0	㻠
㻡	2	渫&㻡	2	渫&㻡
㻧	1	𤧮	1	𤧮
㻨	1	𤦼	1	𤦼
㻪	1	㻽	3	
㻫	1	珌	3	
㻬	1	𤨹	1	𤨹
㻭	1	璱	1	璱
㻮	1	璨	1	璨
㻯	2	𤨹&㻯	1	𤨹
㻰	1	璏	1	璏
㻱	0	㻱	0	㻱
㻲	0	㻲	0	㻲
㻴	1	瓊	3	
㻵	0	㻵	0	㻵
㻶	0	㻶	0	㻶
㻷	0	㻷	0	㻷
㻸	0	㻸	0	㻸
㻹	0	㻹	0	㻹
㻺	1	𤩮	1	𤩮
㻽	2	璿&㻽	0	㻽
㻾	0	㻾	0	㻾
㻿	0	㻿	0	㻿
㼂	3	璺&璵	1	璵
㼄	1	璣	1	璣
㼆	0	㼆	3	
㼇	1	瓗	1	瓗
㼈	0	㼈	3	
㼉	0	㼉	0	㼉
㼊	0	㼊	0	㼊
㼋	0	㼋	0	㼋
㼌	0	㼌	0	㼌
㼍	0	㼍	0	㼍
㼎	2	瓝&㼎	2	瓝&㼎
㼏	0	㼏	0	㼏
㼐	0	㼐	0	㼐
㼑	0	㼑	0	㼑
㼒	0	㼒	0	㼒
㼓	2	𤬓&㼓	0	㼓
㼔	0	㼔	0	㼔
㼕	0	㼕	0	㼕
㼖	0	㼖	0	㼖
㼗	0	㼗	0	㼗
㼘	0	㼘	0	㼘
㼙	1	甃	1	甃
㼚	2	㼚&缸	1	缸
㼛	1	鈃	1	鈃
㼜	2	㼜&盎	1	盎
㼝	1	碗	1	碗
㼞	2	㼞&甏	2	㼞&甏
㼟	2	㼟&㼣	2	㼟&㼣
㼠	2	瓵&㼠	2	瓵&㼠
㼡	0	㼡	0	㼡
㼢	2	瓵&㼢	0	㼢
㼣	0	㼣	0	㼣
㼤	0	㼤	0	㼤
㼥	0	㼥	0	㼥
㼦	0	㼦	0	㼦
㼧	0	㼧	0	㼧
㼨	2	𤭙&㼨	0	㼨
㼩	2	盛&㼩	2	盛&㼩
㼪	0	㼪	0	㼪
㼫	0	㼫	0	㼫
㼬	0	㼬	0	㼬
㼭	2	墊&㼭	0	㼭
㼮	0	㼮	0	㼮
㼯	0	㼯	0	㼯
㼰	0	㼰	0	㼰
㼱	0	㼱	0	㼱
㼲	0	㼲	0	㼲
㼳	0	㼳	0	㼳
㼴	0	㼴	0	㼴
㼵	0	㼵	0	㼵
㼶	0	㼶	0	㼶
㼷	2	磚&㼷	2	磚&㼷
㼸	0	㼸	0	㼸
㼹	2	𤭕&㼹&𤮊	2	𤭕&㼹&𤮊
㼺	0	㼺	0	㼺
㼻	0	㼻	0	㼻
㼼	1	瓢	1	瓢
㼽	0	㼽	0	㼽
㼾	0	㼾	0	㼾
㼿	0	㼿	0	㼿
㽀	0	㽀	0	㽀
㽁	1	鬲	1	鬲
㽂	0	㽂	0	㽂
㽃	0	㽃	0	㽃
㽄	0	㽄	0	㽄
㽅	3	𤮘&豋	1	豋
㽆	0	㽆	0	㽆
㽇	0	㽇	0	㽇
㽈	0	㽈	0	㽈
㽉	0	㽉	0	㽉
㽊	0	㽊	0	㽊
㽋	0	㽋	0	㽋
㽌	2	𤮷&㽌	0	㽌
㽍	1	坩	1	坩
㽎	0	㽎	0	㽎
㽐	1	馦	1	馦
㽑	2	醰&㽑	2	醰&㽑
㽒	1	甥	1	甥
㽔	1	蕤	3	
㽕	0	㽕	0	㽕
㽖	3	男&留	1	男
㽗	1	畝	1	畝
㽘	2	㽘&䴚	0	㽘
㽙	3	允&畯	3	允&畯
㽚	0	㽚	0	㽚
㽛	0	㽛	0	㽛
㽜	1	畹	1	畹
㽝	0	㽝	0	㽝
㽞	1	留	1	留
㽟	2	埒&㽟	2	埒&㽟
㽠	0	㽠	0	㽠
㽡	0	㽡	0	㽡
㽢	0	㽢	0	㽢
㽣	1	域	1	域
㽤	0	㽤	0	㽤
㽥	0	㽥	0	㽥
㽦	2	畇&㽦	0	㽦
㽧	0	㽧	0	㽧
㽨	0	㽨	0	㽨
㽩	0	㽩	0	㽩
㽪	0	㽪	0	㽪
㽫	2	壅&㽫	2	壅&㽫
㽬	2	副&輻&堛&㽬	2	副&輻&堛&㽬
㽭	1	𤲬	1	𤲬
㽮	1	星	1	星
㽯	1	畦	1	畦
㽰	2	𤴙&㽰	1	𤴙
㽱	0	㽱	0	㽱
㽲	1	㽱	1	㽱
㽳	0	㽳	3	
㽴	2	疢&㽴	2	疢&㽴
㽵	1	莊	1	莊
㽷	0	㽷	0	㽷
㽸	1	瘎	1	瘎
㽹	0	㽹	0	㽹
㽺	0	㽺	0	㽺
㽻	1	疧	1	疧
㽾	0	㽾	0	㽾
㽿	2	瘑&㽿	0	㽿
㾀	0	㾀	0	㾀
㾁	2	床&㾁	2	床&㾁
㾂	0	㾂	0	㾂
㾃	0	㾃	0	㾃
㾄	3	怞&讟	3	怞&讟
㾅	0	㾅	0	㾅
㾆	1	𤴿	1	𤴿
㾇	0	㾇	0	㾇
㾈	2	府&㾈	2	府&㾈
㾉	2	㾉&𩖊	1	𩖊
㾊	2	瘠&膌&㾊	0	㾊
㾋	0	㾋	0	㾋
㾌	1	癬	1	癬
㾍	0	㾍	0	㾍
㾎	0	㾎	0	㾎
㾏	0	㾏	0	㾏
㾐	1	癘	1	癘
㾑	0	㾑	0	㾑
㾒	0	㾒	0	㾒
㾓	2	悁&㾓	2	悁&㾓
㾔	0	㾔	0	㾔
㾕	0	㾕	0	㾕
㾖	0	㾖	0	㾖
㾗	1	䀶	1	䀶
㾘	2	梗&㾘	0	㾘
㾙	2	𤴾&㾙&脪	2	𤴾&㾙&脪
㾚	0	㾚	0	㾚
㾛	0	㾛	0	㾛
㾜	0	㾜	0	㾜
㾝	0	㾝	0	㾝
㾞	2	㾞&𤸈	2	㾞&𤸈
㾟	0	㾟	0	㾟
㾠	0	㾠	0	㾠
㾡	1	𤷽	1	𤷽
㾢	2	癩&㾢	2	癩&㾢
㾣	0	㾣	0	㾣
㾤	0	㾤	0	㾤
㾥	0	㾥	0	㾥
㾦	0	㾦	0	㾦
㾧	0	㾧	0	㾧
㾨	2	矮&㾨	2	矮&㾨
㾩	0	㾩	0	㾩
㾪	0	㾪	0	㾪
㾫	0	㾫	0	㾫
㾬	1	痎	1	痎
㾭	0	㾭	0	㾭
㾮	1	癀	1	癀
㾯	2	㾯&㿉	2	㾯&㿉
㾰	0	㾰	0	㾰
㾵	0	㾵	3	
㾶	1	尳	1	尳
㾷	0	㾷	0	㾷
㾸	0	㾸	0	㾸
㾹	0	㾹	0	㾹
㾺	0	㾺	0	㾺
㾻	2	𤶠&㾻	2	𤶠&㾻
㾼	2	㞂&㾼	2	㞂&㾼
㾽	1	膇	1	膇
㾾	2	㾾&㿌	2	㾾&㿌
㾿	2	廊&㾿	2	廊&㾿
㿀	1	癍	3	
㿁	0	㿁	0	㿁
㿂	1	癥	1	癥
㿃	2	帶&㿃	2	帶&㿃
㿄	0	㿄	0	㿄
㿅	1	癬	1	癬
㿆	0	㿆	0	㿆
㿇	0	㿇	0	㿇
㿈	1	癰	1	癰
㿉	0	㿉	0	㿉
㿊	2	慘&憯&㿊	2	慘&憯&㿊
㿋	1	瘙	1	瘙
㿌	0	㿌	0	㿌
㿍	1	癬	3	
㿎	0	㿎	0	㿎
㿏	2	㿏&𤸷	1	𤸷
㿑	0	㿑	0	㿑
㿒	2	疛&㿒	2	疛&㿒
㿓	0	㿓	0	㿓
㿔	1	癗	3	
㿕	0	㿕	0	㿕
㿖	2	𤻱&㿖	0	㿖
㿗	1	㿉	3	
㿘	0	㿘	0	㿘
㿙	0	㿙	0	㿙
㿚	0	㿚	0	㿚
㿛	0	㿛	0	㿛
㿜	1	癟	1	癟
㿝	3	香&皀	1	皀
㿞	1	耄	1	耄
㿟	2	白&㿟	0	㿟
㿡	1	兜	1	兜
㿢	1	耀	1	耀
㿣	0	㿣	0	㿣
㿤	0	㿤	0	㿤
㿥	0	㿥	0	㿥
㿦	2	𣍆&㿦	2	𣍆&㿦
㿧	0	㿧	0	㿧
㿨	1	皪	1	皪
㿩	0	㿩	0	㿩
㿪	0	㿪	0	㿪
㿫	0	㿫	0	㿫
㿬	2	疤&㿬	2	疤&㿬
㿭	0	㿭	0	㿭
㿮	0	㿮	0	㿮
㿯	0	㿯	0	㿯
㿰	0	㿰	0	㿰
㿱	0	㿱	0	㿱
㿲	1	欹	1	欹
㿳	0	㿳	0	㿳
㿴	0	㿴	0	㿴
㿵	1	𥀫	1	𥀫
㿶	1	幫	1	幫
㿷	2	糙&㿷	0	㿷
㿸	0	㿸	0	㿸
㿹	0	㿹	0	㿹
㿺	2	暴&㿺	2	暴&㿺
㿻	0	㿻	0	㿻
㿼	1	㿼	1	㿼
㿽	2	盆&㿽	2	盆&㿽
㿾	0	㿾	0	㿾
㿿	0	㿿	0	㿿
䀀	0	䀀	0	䀀
䀁	0	䀁	0	䀁
䀂	0	䀂	0	䀂
䀃	2	䀃&盠	2	䀃&盠
䀄	2	饛&䀄	1	饛
䀅	0	䀅	0	䀅
䀆	1	盡	1	盡
䀇	0	䀇	0	䀇
䀈	0	䀈	0	䀈
䀉	0	䀉	0	䀉
䀊	0	䀊	0	䀊
䀋	1	鹽	1	鹽
䀍	0	䀍	0	䀍
䀎	3	盼&眄	1	眄
䀏	1	眴	1	眴
䀐	2	䀐&𥊀	2	䀐&𥊀
䀑	1	𥄗	1	𥄗
䀒	0	䀒	0	䀒
䀓	0	䀓	0	䀓
䀔	0	䀔	0	䀔
䀕	0	䀕	0	䀕
䀖	0	䀖	0	䀖
䀗	0	䀗	0	䀗
䀘	0	䀘	0	䀘
䀙	2	䀙&𥉻	2	䀙&𥉻
䀚	0	䀚	0	䀚
䀛	0	䀛	0	䀛
䀜	1	䀛	1	䀛
䀝	3	毗&眥	1	毗
䀞	1	𥃧	1	𥃧
䀟	2	𥄱&䀟	1	𥄱
䀠	0	䀠	0	䀠
䀡	2	覘&䀡	0	䀡
䀢	2	瞬&䀢	0	䀢
䀣	0	䀣	0	䀣
䀤	0	䀤	0	䀤
䀥	1	䁻	3	
䀧	0	䀧	0	䀧
䀨	2	甜&䀨	0	䀨
䀩	0	䀩	0	䀩
䀪	1	𦐄	1	𦐄
䀫	0	䀫	0	䀫
䀬	0	䀬	0	䀬
䀭	0	䀭	0	䀭
䀮	0	䀮	0	䀮
䀯	2	晡&䀯	0	䀯
䀰	0	䀰	0	䀰
䀱	0	䀱	0	䀱
䀲	0	䀲	0	䀲
䀳	1	𥈙	1	𥈙
䀴	0	䀴	0	䀴
䀵	2	䀢&䀵	0	䀵
䀶	0	䀶	0	䀶
䀷	0	䀷	0	䀷
䀸	0	䀸	0	䀸
䀹	2	睫&䀹	0	䀹
䀺	0	䀺	0	䀺
䀻	0	䀻	0	䀻
䀼	2	瞋&䀼	2	瞋&䀼
䀽	0	䀽	0	䀽
䀾	2	䀾&䁈	0	䀾
䀿	2	䀿&䀸	1	䀸
䁀	1	鼎	1	鼎
䁁	1	䀶	1	䀶
䁂	0	䁂	0	䁂
䁃	0	䁃	0	䁃
䁄	0	䁄	0	䁄
䁅	0	䁅	0	䁅
䁆	0	䁆	0	䁆
䁇	0	䁇	0	䁇
䁈	0	䁈	0	䁈
䁉	1	䁈	1	䁈
䁊	0	䁊	0	䁊
䁋	0	䁋	0	䁋
䁌	0	䁌	0	䁌
䁍	0	䁍	0	䁍
䁎	0	䁎	0	䁎
䁏	0	䁏	0	䁏
䁐	0	䁐	0	䁐
䁑	1	眻	1	眻
䁒	0	䁒	0	䁒
䁓	0	䁓	0	䁓
䁔	0	䁔	0	䁔
䁕	2	盿&䁕	2	盿&䁕
䁖	1	瞜	3	
䁗	0	䁗	0	䁗
䁘	0	䁘	0	䁘
䁙	0	䁙	0	䁙
䁚	0	䁚	0	䁚
䁛	0	䁛	0	䁛
䁜	0	䁜	0	䁜
䁝	0	䁝	0	䁝
䁞	1	省	1	省
䁟	0	䁟	0	䁟
䁠	0	䁠	0	䁠
䁢	0	䁢	0	䁢
䁣	0	䁣	0	䁣
䁤	0	䁤	0	䁤
䁥	0	䁥	0	䁥
䁦	3	覰&覷	1	覷
䁧	0	䁧	0	䁧
䁨	0	䁨	0	䁨
䁩	0	䁩	0	䁩
䁪	0	䁪	3	
䁫	0	䁫	0	䁫
䁬	0	䁬	0	䁬
䁭	0	䁭	0	䁭
䁮	0	䁮	0	䁮
䁯	0	䁯	0	䁯
䁰	0	䁰	0	䁰
䁱	0	䁱	0	䁱
䁲	0	䁲	0	䁲
䁳	0	䁳	0	䁳
䁴	0	䁴	0	䁴
䁵	0	䁵	0	䁵
䁶	0	䁶	0	䁶
䁷	0	䁷	0	䁷
䁸	0	䁸	0	䁸
䁹	1	睥	1	睥
䁺	2	睪&䁺	0	䁺
䁻	0	䁻	0	䁻
䁼	0	䁼	0	䁼
䁽	0	䁽	0	䁽
䁾	0	䁾	0	䁾
䁿	0	䁿	0	䁿
䂀	0	䂀	0	䂀
䂁	0	䂁	0	䂁
䂂	0	䂂	0	䂂
䂃	0	䂃	0	䂃
䂄	2	䂄&矆	1	矆
䂅	0	䂅	0	䂅
䂆	0	䂆	0	䂆
䂇	0	䂇	0	䂇
䂈	0	䂈	0	䂈
䂉	0	䂉	0	䂉
䂊	2	豫&䂊	2	豫&䂊
䂌	0	䂌	0	䂌
䂍	0	䂍	0	䂍
䂎	0	䂎	0	䂎
䂏	0	䂏	0	䂏
䂐	2	拙&𠭴&䂐	2	拙&𠭴&䂐
䂑	0	䂑	0	䂑
䂒	0	䂒	0	䂒
䂓	3	規&瞁	1	規
䂔	0	䂔	0	䂔
䂕	0	䂕	0	䂕
䂖	1	石	1	石
䂗	0	䂗	0	䂗
䂘	0	䂘	0	䂘
䂙	1	𥒵	1	𥒵
䂚	0	䂚	0	䂚
䂛	0	䂛	0	䂛
䂜	2	玤&䂜	2	玤&䂜
䂝	1	矺	1	矺
䂞	1	柘	1	柘
䂟	0	䂟	0	䂟
䂠	0	䂠	0	䂠
䂡	1	砥	1	砥
䂢	0	䂢	0	䂢
䂣	0	䂣	0	䂣
䂤	2	䂤&坿	0	䂤
䂥	3	珉&玟	1	玟
䂦	0	䂦	0	䂦
䂧	1	䂦	1	䂦
䂨	1	斫	3	
䂩	2	硯&䂩	2	硯&䂩
䂪	3	磽&䂽	3	磽&䂽
䂫	0	䂫	0	䂫
䂬	0	䂬	0	䂬
䂭	0	䂭	0	䂭
䂮	0	䂮	0	䂮
䂯	1	𥑰	1	𥑰
䂰	0	䂰	0	䂰
䂱	0	䂱	0	䂱
䂲	3	砝&硈	1	砝
䂳	0	䂳	0	䂳
䂴	2	研&䂴	1	研
䂵	1	碽	3	
䂶	0	䂶	0	䂶
䂷	0	䂷	0	䂷
䂸	0	䂸	0	䂸
䂹	0	䂹	0	䂹
䂺	0	䂺	0	䂺
䂻	2	䂻&鋥	2	䂻&鋥
䂼	0	䂼	0	䂼
䂽	0	䂽	0	䂽
䂾	0	䂾	0	䂾
䂿	0	䂿	0	䂿
䃀	2	㼮&䃀	2	㼮&䃀
䃁	0	䃁	0	䃁
䃂	0	䃂	0	䃂
䃃	1	碙	3	
䃄	0	䃄	3	
䃅	1	磾	3	
䃆	1	碁	3	
䃇	0	䃇	0	䃇
䃈	2	瑎&䃈	2	瑎&䃈
䃉	2	䃉&玟	1	玟
䃊	0	䃊	0	䃊
䃋	0	䃋	0	䃋
䃌	0	䃌	0	䃌
䃍	1	墜	1	墜
䃎	0	䃎	0	䃎
䃏	0	䃏	0	䃏
䃐	1	㟮	3	
䃑	2	斑&䃑	2	斑&䃑
䃒	0	䃒	0	䃒
䃓	0	䃓	0	䃓
䃔	0	䃔	0	䃔
䃕	2	𥒪&䃕	0	䃕
䃖	1	塢	1	塢
䃗	0	䃗	0	䃗
䃘	2	䃘&硜	1	硜
䃙	0	䃙	0	䃙
䃚	2	鏃&䃚	2	鏃&䃚
䃛	2	鏈&䃛	1	鏈
䃜	1	瑿	1	瑿
䃝	2	礉&䃝	1	礉
䃞	0	䃞	0	䃞
䃠	0	䃠	0	䃠
䃡	0	䃡	0	䃡
䃢	1	嶔	1	嶔
䃣	1	毀	1	毀
䃤	0	䃤	0	䃤
䃥	0	䃥	0	䃥
䃦	2	礅&䃦	0	䃦
䃧	0	䃧	0	䃧
䃩	1	硇	1	硇
䃪	2	壇&䃪	0	䃪
䃫	0	䃫	0	䃫
䃬	1	磈	1	磈
䃭	0	䃭	0	䃭
䃮	0	䃮	0	䃮
䃯	1	礫	1	礫
䃰	0	䃰	0	䃰
䃱	1	䃸	1	䃸
䃲	1	磐	1	磐
䃳	0	䃳	0	䃳
䃴	0	䃴	0	䃴
䃵	0	䃵	0	䃵
䃶	2	𥑋&䃶	2	𥑋&䃶
䃷	0	䃷	0	䃷
䃸	0	䃸	0	䃸
䃹	0	䃹	0	䃹
䃺	1	磨	1	磨
䃻	1	壩	1	壩
䃽	2	禔&䃽	2	禔&䃽
䃾	0	䃾	0	䃾
䃿	0	䃿	0	䃿
䄀	1	禍	1	禍
䄁	0	䄁	0	䄁
䄂	3	袖&𥛅	3	袖&𥛅
䄃	1	殃	1	殃
䄄	2	禋&䄄	2	禋&䄄
䄅	2	䄅&餋	1	餋
䄆	0	䄆	0	䄆
䄇	2	程&裎&䄇	2	程&裎&䄇
䄈	2	旋&短&䄈	2	旋&短&䄈
䄉	2	娥&䄉	2	娥&䄉
䄋	0	䄋	0	䄋
䄌	0	䄌	0	䄌
䄍	0	䄍	0	䄍
䄎	0	䄎	0	䄎
䄏	1	祅	1	祅
䄐	0	䄐	0	䄐
䄑	2	䄆&䄑	0	䄑
䄒	1	稔	1	稔
䄓	0	䄓	0	䄓
䄔	2	褵&𢯺&䄔	1	𢯺
䄕	1	社	1	社
䄘	0	䄘	0	䄘
䄙	0	䄙	0	䄙
䄚	0	䄚	0	䄚
䄛	2	膢&䄛	0	䄛
䄜	0	䄜	0	䄜
䄝	0	䄝	0	䄝
䄟	0	䄟	0	䄟
䄠	1	禪	1	禪
䄡	2	襜&䄡	2	襜&䄡
䄢	3	齊&齋	1	齊
䄤	0	䄤	0	䄤
䄥	0	䄥	0	䄥
䄦	0	䄦	0	䄦
䄧	0	䄧	0	䄧
䄨	0	䄨	0	䄨
䄩	1	䴬	1	䴬
䄪	0	䄪	0	䄪
䄫	1	芑	1	芑
䄬	1	移	1	移
䄭	3	年&稈	1	年
䄮	2	稃&䄮	2	稃&䄮
䄯	2	䄯&𢆚	1	𢆚
䄰	0	䄰	0	䄰
䄱	0	䄱	0	䄱
䄲	0	䄲	0	䄲
䄳	3	祉&秈	3	祉&秈
䄶	0	䄶	0	䄶
䄷	0	䄷	0	䄷
䄸	0	䄸	0	䄸
䄺	3	稚&稊	3	稚&稊
䄻	0	䄻	0	䄻
䄼	0	䄼	0	䄼
䄽	3	秈&䄼	3	秈&䄼
䄾	0	䄾	0	䄾
䄿	0	䄿	0	䄿
䅀	0	䅀	0	䅀
䅁	0	䅁	0	䅁
䅂	0	䅂	0	䅂
䅃	0	䅃	0	䅃
䅄	0	䅄	0	䅄
䅅	1	𦓯	1	𦓯
䅆	0	䅆	0	䅆
䅇	1	粟	1	粟
䅉	1	稏	3	
䅊	0	䅊	0	䅊
䅋	0	䅋	0	䅋
䅌	0	䅌	0	䅌
䅍	0	䅍	0	䅍
䅎	2	莠&䅎	0	䅎
䅏	3	䊊&䬿	1	䬿
䅐	1	𢆚	1	𢆚
䅑	0	䅑	0	䅑
䅒	1	𥝕	1	𥝕
䅓	0	䅓	0	䅓
䅔	0	䅔	0	䅔
䅕	0	䅕	0	䅕
䅖	2	馣&㽢&䅖	2	馣&㽢&䅖
䅗	1	䅑	1	䅑
䅘	0	䅘	0	䅘
䅙	0	䅙	0	䅙
䅚	0	䅚	0	䅚
䅛	0	䅛	0	䅛
䅜	0	䅜	0	䅜
䅝	0	䅝	0	䅝
䅞	0	䅞	0	䅞
䅟	1	穇	1	穇
䅠	3	稊&蕛	1	稊
䅡	0	䅡	0	䅡
䅢	0	䅢	0	䅢
䅣	0	䅣	0	䅣
䅤	0	䅤	0	䅤
䅥	0	䅥	0	䅥
䅦	0	䅦	0	䅦
䅧	0	䅧	0	䅧
䅨	1	香	1	香
䅩	0	䅩	0	䅩
䅪	1	𥢢	3	
䅬	0	䅬	0	䅬
䅭	0	䅭	0	䅭
䅮	0	䅮	0	䅮
䅯	0	䅯	0	䅯
䅰	0	䅰	0	䅰
䅱	1	䭓	1	䭓
䅲	1	𦔌	1	𦔌
䅳	0	䅳	0	䅳
䅴	0	䅴	0	䅴
䅵	0	䅵	0	䅵
䅶	1	耨	1	耨
䅷	2	稌&䅷	0	䅷
䅸	0	䅸	0	䅸
䅹	1	耬	1	耬
䅺	2	秒&䅺	0	䅺
䅻	0	䅻	0	䅻
䅼	2	䅼&𦔔	2	䅼&𦔔
䅽	3	穀&馨	3	穀&馨
䅾	0	䅾	0	䅾
䅿	0	䅿	0	䅿
䆀	0	䆀	0	䆀
䆁	0	䆁	0	䆁
䆂	1	稴	1	稴
䆃	0	䆃	0	䆃
䆄	0	䆄	0	䆄
䆅	0	䆅	0	䆅
䆈	1	稚	1	稚
䆉	0	䆉	0	䆉
䆊	0	䆊	0	䆊
䆋	3	龝&秋	1	秋
䆍	0	䆍	0	䆍
䆎	0	䆎	0	䆎
䆏	2	糞&䆏	0	䆏
䆐	1	國	1	國
䆑	0	䆑	0	䆑
䆒	1	究	1	究
䆓	0	䆓	0	䆓
䆔	0	䆔	0	䆔
䆕	2	䆕&䆷	0	䆕
䆖	2	宏&䆖	2	宏&䆖
䆗	0	䆗	0	䆗
䆘	2	拶&䆘	2	拶&䆘
䆙	2	窰&窯&䆙	2	窯&䆙
䆚	0	䆚	0	䆚
䆛	0	䆛	0	䆛
䆜	2	宥&䆜	1	宥
䆝	2	䆝&䆷	2	䆝&䆷
䆞	0	䆞	0	䆞
䆟	2	凹&䆟	0	䆟
䆠	1	宦	1	宦
䆡	2	㝗&䆡	2	㝗&䆡
䆢	2	䆕&䆢	2	䆕&䆢
䆣	2	宸&䆣	1	宸
䆤	1	穿	1	穿
䆥	3	寂&穿	1	穿
䆦	2	𥥍&䆦	0	䆦
䆧	2	窩&䆧	1	窩
䆨	0	䆨	0	䆨
䆩	1	冥	1	冥
䆪	2	烘&䆪	2	烘&䆪
䆫	3	窻&窗	1	窗
䆬	2	殞&䆬	2	殞&䆬
䆭	0	䆭	0	䆭
䆮	1	𥧲	3	
䆯	0	䆯	0	䆯
䆰	0	䆰	0	䆰
䆱	0	䆱	0	䆱
䆲	2	㝩&䆲	2	㝩&䆲
䆳	1	邃	1	邃
䆵	0	䆵	0	䆵
䆶	0	䆶	0	䆶
䆷	0	䆷	0	䆷
䆸	0	䆸	0	䆸
䆹	0	䆹	0	䆹
䆺	0	䆺	0	䆺
䆻	1	竅	1	竅
䆼	2	窠&䆼	0	䆼
䆽	0	䆽	0	䆽
䆾	0	䆾	0	䆾
䆿	2	寱&䆿	1	寱
䇀	2	𥨳&䇀	0	䇀
䇁	0	䇁	0	䇁
䇂	2	愆&䇂	2	愆&䇂
䇃	1	俟	1	俟
䇄	1	屹	3	
䇅	0	䇅	0	䇅
䇇	3	岷&氓	1	氓
䇈	0	䇈	0	䇈
䇋	2	𥩲&䇋	2	𥩲&䇋
䇌	0	䇌	0	䇌
䇍	0	䇍	0	䇍
䇎	0	䇎	0	䇎
䇏	0	䇏	0	䇏
䇐	2	蒞&䇐	2	蒞&䇐
䇑	0	䇑	0	䇑
䇒	2	屆&䇒	0	䇒
䇓	0	䇓	0	䇓
䇔	0	䇔	0	䇔
䇕	1	䇓	1	䇓
䇖	0	䇖	0	䇖
䇗	0	䇗	0	䇗
䇘	0	䇘	0	䇘
䇙	0	䇙	0	䇙
䇚	1	攴	1	攴
䇛	0	䇛	0	䇛
䇜	0	䇜	0	䇜
䇝	2	㦰&䇝	1	㦰
䇞	0	䇞	0	䇞
䇟	1	腱	1	腱
䇠	0	䇠	0	䇠
䇡	2	杼&䇡	1	杼
䇢	2	罟&䇢&𥯶	2	罟&䇢&𥯶
䇣	0	䇣	0	䇣
䇤	0	䇤	0	䇤
䇥	1	笮	1	笮
䇦	0	䇦	0	䇦
䇧	2	箕&䇧	2	箕&䇧
䇨	0	䇨	0	䇨
䇩	0	䇩	0	䇩
䇪	0	䇪	0	䇪
䇫	0	䇫	0	䇫
䇬	0	䇬	0	䇬
䇭	0	䇭	0	䇭
䇮	0	䇮	0	䇮
䇯	0	䇯	0	䇯
䇰	0	䇰	0	䇰
䇱	1	笝	1	笝
䇲	3	策&筴	1	筴
䇵	1	𪛊	1	𪛊
䇶	0	䇶	0	䇶
䇷	0	䇷	0	䇷
䇸	2	䇸&篂	2	䇸&篂
䇹	2	箘&䇹	1	箘
䇺	1	豆	1	豆
䇻	0	䇻	0	䇻
䇼	0	䇼	0	䇼
䇽	0	䇽	0	䇽
䇾	2	言&䇾	0	䇾
䇿	1	策	1	策
䈀	2	䈀&𥮚	0	䈀
䈁	0	䈁	0	䈁
䈂	2	笄&䈂	0	䈂
䈃	0	䈃	0	䈃
䈄	2	䈄&筨	1	筨
䈅	2	䈅&籆	1	籆
䈆	0	䈆	0	䈆
䈇	3	罩&箌	1	罩
䈈	0	䈈	0	䈈
䈉	2	箑&䈉	2	箑&䈉
䈊	0	䈊	0	䈊
䈋	0	䈋	0	䈋
䈌	0	䈌	0	䈌
䈍	2	𥭮&䈍	2	𥭮&䈍
䈎	2	葉&䈎	0	䈎
䈏	0	䈏	0	䈏
䈐	2	簂&䈐	2	簂&䈐
䈑	0	䈑	0	䈑
䈒	0	䈒	0	䈒
䈓	0	䈓	0	䈓
䈔	1	笳	1	笳
䈕	2	䈕&𥶛	2	䈕&𥶛
䈖	0	䈖	0	䈖
䈗	2	葰&䈗	2	葰&䈗
䈘	2	䈘&𥴺	0	䈘
䈙	0	䈙	0	䈙
䈚	1	箈	1	箈
䈛	0	䈛	0	䈛
䈜	0	䈜	0	䈜
䈝	0	䈝	0	䈝
䈞	2	竺&篤&䈞	2	竺&篤&䈞
䈟	2	㔍&䈟	2	㔍&䈟
䈠	0	䈠	0	䈠
䈡	0	䈡	0	䈡
䈢	0	䈢	0	䈢
䈣	0	䈣	0	䈣
䈤	3	箝&鉗	1	鉗
䈥	1	筋	1	筋
䈦	0	䈦	0	䈦
䈧	0	䈧	0	䈧
䈩	1	𠠬	3	
䈪	0	䈪	0	䈪
䈫	2	笝&䈫	0	䈫
䈬	0	䈬	0	䈬
䈭	0	䈭	0	䈭
䈮	0	䈮	0	䈮
䈯	0	䈯	0	䈯
䈰	3	梢&筲	3	梢&筲
䈱	0	䈱	0	䈱
䈲	0	䈲	0	䈲
䈳	0	䈳	0	䈳
䈴	0	䈴	0	䈴
䈵	0	䈵	0	䈵
䈶	0	䈶	0	䈶
䈷	2	格&𥯛&䈷	2	𥯛&䈷
䈸	0	䈸	0	䈸
䈹	2	籔&䈹	1	籔
䈺	0	䈺	0	䈺
䈻	0	䈻	0	䈻
䈼	2	篾&䈼	2	篾&䈼
䈽	0	䈽	0	䈽
䈾	3	梢&筲	3	梢&筲
䈿	0	䈿	0	䈿
䉀	0	䉀	0	䉀
䉁	0	䉁	0	䉁
䉂	2	虆&䉂	0	䉂
䉃	2	蔣&䉃	2	蔣&䉃
䉄	0	䉄	0	䉄
䉅	0	䉅	0	䉅
䉆	0	䉆	0	䉆
䉈	0	䉈	0	䉈
䉉	2	觚&䉉	2	觚&䉉
䉊	0	䉊	0	䉊
䉋	2	篃&䉋	0	䉋
䉌	0	䉌	0	䉌
䉍	2	蕄&䉍	0	䉍
䉎	0	䉎	0	䉎
䉏	0	䉏	0	䉏
䉐	0	䉐	0	䉐
䉑	0	䉑	0	䉑
䉒	3	蕃&籓	1	籓
䉓	0	䉓	0	䉓
䉔	2	籤&䉔	0	䉔
䉕	0	䉕	0	䉕
䉖	2	笭&䉖	1	笭
䉗	0	䉗	0	䉗
䉘	1	𥲚	1	𥲚
䉙	1	篔	1	篔
䉚	0	䉚	0	䉚
䉛	0	䉛	0	䉛
䉜	0	䉜	0	䉜
䉝	0	䉝	0	䉝
䉞	0	䉞	0	䉞
䉟	0	䉟	0	䉟
䉠	0	䉠	0	䉠
䉡	0	䉡	0	䉡
䉢	0	䉢	0	䉢
䉣	0	䉣	0	䉣
䉤	1	籔	3	
䉥	2	檧&䉥	0	䉥
䉦	0	䉦	0	䉦
䉧	0	䉧	0	䉧
䉨	1	𥸊	1	𥸊
䉩	0	䉩	0	䉩
䉪	0	䉪	0	䉪
䉫	1	筣	1	筣
䉬	0	䉬	0	䉬
䉭	0	䉭	0	䉭
䉮	0	䉮	0	䉮
䉯	0	䉯	0	䉯
䉰	2	筊&䉰	0	䉰
䉱	1	䉩	1	䉩
䉲	0	䉲	0	䉲
䉳	0	䉳	0	䉳
䉴	0	䉴	0	䉴
䉵	1	饌	1	饌
䉶	0	䉶	0	䉶
䉷	0	䉷	0	䉷
䉸	0	䉸	0	䉸
䉹	1	䉁	1	䉁
䉺	0	䉺	0	䉺
䉻	0	䉻	0	䉻
䉼	1	料	1	料
䉽	1	粄	1	粄
䉾	1	粊	1	粊
䉿	2	糊&䉿&𪏻	2	糊&䉿
䊀	3	糊&䉿&𥹽&𪏻	3	糊&䉿&𥹽&𪏻
䊁	1	籸	1	籸
䊂	0	䊂	0	䊂
䊃	0	䊃	0	䊃
䊄	0	䊄	0	䊄
䊅	0	䊅	0	䊅
䊆	0	䊆	0	䊆
䊇	1	餔	1	餔
䊈	2	䊈&酶	1	酶
䊉	1	糝	1	糝
䊊	2	䊊&䬿	1	䬿
䊋	1	妝	1	妝
䊍	0	䊍	0	䊍
䊎	0	䊎	0	䊎
䊏	3	炒&糝	3	炒&糝
䊐	1	餛	1	餛
䊑	1	餉	1	餉
䊒	1	精	1	精
䊓	0	䊓	0	䊓
䊔	0	䊔	0	䊔
䊕	2	饘&䊕&䭈	1	饘
䊖	0	䊖	0	䊖
䊗	3	餭&䅣	3	餭&䅣
䊘	1	䅢	1	䅢
䊙	2	研&䊙	2	研&䊙
䊚	1	䭔	1	䭔
䊛	1	𥻦	1	𥻦
䊜	2	䊜&糰	1	糰
䊝	0	䊝	0	䊝
䊞	0	䊞	0	䊞
䊟	0	䊟	0	䊟
䊠	2	䊠&餼	1	餼
䊡	1	饅	1	饅
䊢	1	漿	3	
䊣	2	餭&䊣&䵃	1	䵃
䊤	0	䊤	0	䊤
䊥	0	䊥	0	䊥
䊦	0	䊦	0	䊦
䊧	2	屁&䊧	1	屁
䊨	0	䊨	0	䊨
䊩	2	潘&䊩	0	䊩
䊪	2	䊪&糲	1	糲
䊫	0	䊫	0	䊫
䊬	0	䊬	0	䊬
䊭	0	䊭	0	䊭
䊮	0	䊮	0	䊮
䊯	1	穬	1	穬
䊰	0	䊰	0	䊰
䊱	0	䊱	0	䊱
䊲	0	䊲	0	䊲
䊳	2	糜&䊳	2	糜&䊳
䊴	0	䊴	0	䊴
䊵	2	紈&絿&䊵	0	䊵
䊶	1	紖	1	紖
䊷	2	䊷&純&緇	3	純&緇
䊸	1	紆	1	紆
䊹	3	牽&纖	1	牽
䊺	0	䊺	0	䊺
䊻	2	絘&䊻	2	絘&䊻
䊼	0	䊼	0	䊼
䊽	0	䊽	0	䊽
䊾	0	䊾	0	䊾
䊿	1	衭	1	衭
䋀	0	䋀	0	䋀
䋁	1	綆	1	綆
䋂	2	絞&䋂	0	䋂
䋃	0	䋃	0	䋃
䋄	3	網&綱	1	網
䋈	2	袽&䋈	2	袽&䋈
䋉	2	袕&䋉	2	袕&䋉
䋊	0	䋊	0	䋊
䋋	3	緡&罠	1	罠
䋌	0	䋌	0	䋌
䋍	1	䋪	1	䋪
䋎	2	䋎&組&綻	3	組&綻
䋏	2	䋏&𦁎	0	䋏
䋐	0	䋐	0	䋐
䋑	0	䋑	0	䋑
䋒	1	紓	1	紓
䋓	1	縐	1	縐
䋔	0	䋔	0	䋔
䋕	3	絍&紝	1	紝
䋖	0	䋖	0	䋖
䋗	3	䋌&䌑	1	䋌
䋘	1	縋	1	縋
䋙	0	䋙	0	䋙
䋚	1	翼	1	翼
䋛	0	䋛	0	䋛
䋜	1	綮	1	綮
䋞	2	䋞&網	1	網
䋟	0	䋟	0	䋟
䋠	1	補	1	補
䋡	3	綵&紓	1	紓
䋢	0	䋢	0	䋢
䋣	2	䋣&繁	1	繁
䋤	0	䋤	0	䋤
䋥	0	䋥	0	䋥
䋦	0	䋦	0	䋦
䋧	1	絇	1	絇
䋨	0	䋨	0	䋨
䋩	0	䋩	0	䋩
䋪	0	䋪	0	䋪
䋫	0	䋫	0	䋫
䋬	0	䋬	0	䋬
䋭	0	䋭	0	䋭
䋮	1	紟	1	紟
䋯	1	綮	1	綮
䋰	0	䋰	0	䋰
䋱	2	斄&𣮉&䋱	2	𣮉&䋱
䋲	1	繩	1	繩
䋳	1	褙	1	褙
䋴	2	糅&䋴	0	䋴
䋵	0	䋵	0	䋵
䋶	0	䋶	0	䋶
䋷	0	䋷	0	䋷
䋸	0	䋸	0	䋸
䋹	1	幅	1	幅
䋺	2	䋺&緧	1	緧
䋻	2	紝&䋻	0	䋻
䋼	0	䋼	0	䋼
䋽	0	䋽	0	䋽
䋾	2	𥿃&䋾	0	䋾
䋿	0	䋿	0	䋿
䌀	0	䌀	0	䌀
䌁	2	䌁&䙅	1	䙅
䌂	2	握&䌂	0	䌂
䌃	3	綃&𦂗	3	綃&𦂗
䌄	1	綆	1	綆
䌅	0	䌅	0	䌅
䌆	0	䌆	0	䌆
䌇	1	索	1	索
䌈	0	䌈	0	䌈
䌉	2	䌉&綱	1	綱
䌊	1	繇	1	繇
䌋	0	䌋	3	
䌌	1	緁	1	緁
䌍	0	䌍	0	䌍
䌎	0	䌎	0	䌎
䌏	0	䌏	0	䌏
䌐	0	䌐	0	䌐
䌑	0	䌑	0	䌑
䌒	0	䌒	0	䌒
䌓	1	繁	1	繁
䌔	2	漚&䌔	2	漚&䌔
䌕	1	縻	1	縻
䌖	0	䌖	0	䌖
䌗	2	䋨&䌗	2	䋨&䌗
䌘	0	䌘	0	䌘
䌙	0	䌙	0	䌙
䌚	0	䌚	0	䌚
䌛	2	䌛&繇	1	繇
䌜	0	䌜	0	䌜
䌝	0	䌝	0	䌝
䌞	0	䌞	0	䌞
䌟	0	䌟	0	䌟
䌠	2	䌠&𣤭	1	𣤭
䌡	0	䌡	0	䌡
䌢	0	䌢	0	䌢
䌣	2	綰&䌣	2	綰&䌣
䌤	2	絁&𦅧&䌤&𧝉	2	絁&𦅧&䌤&𧝉
䌥	0	䌥	0	䌥
䌦	0	䌦	0	䌦
䌧	3	幬&紬	1	紬
䌨	0	䌨	0	䌨
䌩	0	䌩	0	䌩
䌪	0	䌪	0	䌪
䌫	1	纜	1	纜
䌬	0	䌬	0	䌬
䌭	1	𦅃	1	𦅃
䌮	0	䌮	0	䌮
䌯	0	䌯	0	䌯
䌰	0	䌰	0	䌰
䌱	1	䌴	1	䌴
䌲	1	纁	1	纁
䌳	2	䌳&絁	1	絁
䌴	0	䌴	0	䌴
䌵	0	䌵	0	䌵
䌶	1	䊷	3	
䌷	3	綢&紬	1	紬
䌸	1	縳	3	
䌹	1	絅	3	
䌺	1	䋙	3	
䌻	1	翼	3	
䌼	1	綐	3	
䌽	1	綵	3	
䌾	1	䋻	3	
䌿	1	幅	3	
䍀	1	襤	3	
䍁	1	繸	3	
䍂	3	盂&𦈣	1	𦈣
䍃	0	䍃	0	䍃
䍄	0	䍄	0	䍄
䍅	1	𦉢	1	𦉢
䍆	0	䍆	0	䍆
䍇	0	䍇	0	䍇
䍈	1	缾	1	缾
䍉	0	䍉	0	䍉
䍊	0	䍊	0	䍊
䍋	2	䍋&甀	1	甀
䍌	1	瓿	1	瓿
䍍	0	䍍	0	䍍
䍎	0	䍎	0	䍎
䍏	1	網	3	
䍐	1	罕	1	罕
䍑	1	罕	1	罕
䍒	3	罘&𦋡	3	罘&𦋡
䍓	2	𦊂&䍓	0	䍓
䍔	0	䍔	0	䍔
䍕	0	䍕	0	䍕
䍖	2	䍖&罦	1	罦
䍗	2	罥&䍗	2	罥&䍗
䍘	2	冞&䍘	0	䍘
䍙	2	䍙&𦋡	1	𦋡
䍚	0	䍚	0	䍚
䍛	0	䍛	0	䍛
䍜	2	罩&䍜	1	罩
䍝	0	䍝	0	䍝
䍞	1	罭	1	罭
䍟	1	緵	1	緵
䍠	1	䍦	3	
䍡	0	䍡	0	䍡
䍢	1	𦌬	1	𦌬
䍣	2	䍣&𦌵	0	䍣
䍤	0	䍤	0	䍤
䍥	0	䍥	0	䍥
䍦	2	㒿&䍦	0	䍦
䍧	1	牂	1	牂
䍨	0	䍨	0	䍨
䍩	1	養	1	養
䍪	0	䍪	0	䍪
䍫	0	䍫	0	䍫
䍬	0	䍬	0	䍬
䍭	1	牂	1	牂
䍮	0	䍮	0	䍮
䍯	1	觤	1	觤
䍰	1	𦎣	1	𦎣
䍱	0	䍱	0	䍱
䍲	0	䍲	0	䍲
䍳	0	䍳	0	䍳
䍴	0	䍴	0	䍴
䍵	0	䍵	0	䍵
䍶	0	䍶	0	䍶
䍷	0	䍷	0	䍷
䍸	0	䍸	0	䍸
䍹	3	羴&羶	1	羶
䍺	0	䍺	0	䍺
䍻	0	䍻	0	䍻
䍼	0	䍼	0	䍼
䍽	0	䍽	0	䍽
䍾	0	䍾	0	䍾
䍿	2	皇&䍿	2	皇&䍿
䎀	0	䎀	0	䎀
䎁	0	䎁	0	䎁
䎂	0	䎂	0	䎂
䎃	0	䎃	0	䎃
䎄	0	䎄	0	䎄
䎅	2	䎅&𦒟	1	𦒟
䎆	0	䎆	0	䎆
䎇	0	䎇	0	䎇
䎈	2	䎈&𦐕	1	𦐕
䎉	0	䎉	0	䎉
䎊	0	䎊	0	䎊
䎋	0	䎋	0	䎋
䎌	0	䎌	0	䎌
䎍	1	䎔	1	䎔
䎎	0	䎎	0	䎎
䎏	0	䎏	0	䎏
䎐	0	䎐	0	䎐
䎑	0	䎑	0	䎑
䎒	0	䎒	0	䎒
䎓	1	𦑲	1	𦑲
䎔	0	䎔	0	䎔
䎕	0	䎕	0	䎕
䎖	0	䎖	0	䎖
䎗	0	䎗	0	䎗
䎘	0	䎘	0	䎘
䎙	0	䎙	0	䎙
䎚	1	𦒎	1	𦒎
䎛	1	𦒻	3	
䎜	0	䎜	0	䎜
䎝	1	翥	1	翥
䎟	0	䎟	0	䎟
䎠	2	懦&䎠	0	䎠
䎡	2	耎&䎡	0	䎡
䎢	0	䎢	0	䎢
䎣	1	耜	1	耜
䎤	0	䎤	0	䎤
䎦	0	䎦	0	䎦
䎧	0	䎧	0	䎧
䎨	2	㽢&䎨	2	㽢&䎨
䎩	0	䎩	0	䎩
䎪	0	䎪	0	䎪
䎫	2	䎫&堫	1	堫
䎬	3	䎱&耙&䥯	3	耙&䥯
䎭	0	䎭	0	䎭
䎮	0	䎮	0	䎮
䎯	2	𤳉&䎯	1	𤳉
䎰	2	䎰&䣢	1	䣢
䎱	2	䎱&耙&䥯	3	耙&䥯
䎲	2	耴&䎲	1	耴
䎳	0	䎳	0	䎳
䎴	2	聖&䎴	0	䎴
䎵	0	䎵	0	䎵
䎶	0	䎶	0	䎶
䎷	0	䎷	0	䎷
䎸	2	晤&䎸	0	䎸
䎹	1	聞	1	聞
䎺	0	䎺	0	䎺
䎻	0	䎻	0	䎻
䎼	0	䎼	0	䎼
䎽	2	聞&䎽	1	聞
䎾	1	睔	1	睔
䎿	0	䎿	0	䎿
䏀	1	𦖨	1	𦖨
䏁	0	䏁	0	䏁
䏂	0	䏂	0	䏂
䏃	0	䏃	0	䏃
䏄	0	䏄	0	䏄
䏅	0	䏅	0	䏅
䏆	0	䏆	0	䏆
䏇	0	䏇	0	䏇
䏈	2	䏈&聯	1	聯
䏉	0	䏉	0	䏉
䏊	1	聾	1	聾
䏋	1	肅	1	肅
䏌	0	䏌	0	䏌
䏍	1	肙	1	肙
䏎	2	肒&䏎	2	肒&䏎
䏏	0	䏏	0	䏏
䏐	2	䆕&䏐	2	䆕&䏐
䏑	1	炙	1	炙
䏒	2	胖&䏒	2	胖&䏒
䏓	2	脘&朊&䏓	2	脘&䏓
䏔	3	肘&衄&腬	3	肘&衄&腬
䏕	0	䏕	3	
䏖	0	䏖	0	䏖
䏗	1	䐴	1	䐴
䏘	0	䏘	0	䏘
䏙	2	醓&䏙	0	䏙
䏚	2	𦙧&䏚	0	䏚
䏛	1	𦚧	1	𦚧
䏜	0	䏜	0	䏜
䏝	1	膞	3	
䏞	0	䏞	0	䏞
䏟	2	胇&䏟	2	胇&䏟
䏠	0	䏠	0	䏠
䏡	0	䏡	0	䏡
䏢	2	𤿚&䏢	2	𤿚&䏢
䏣	2	蛆&膻&䏣	1	蛆
䏤	1	𦞤	1	𦞤
䏥	0	䏥	0	䏥
䏦	2	胋&䏦	2	胋&䏦
䏧	0	䏧	0	䏧
䏨	1	𤷎	1	𤷎
䏩	3	脅&姶	1	脅
䏪	0	䏪	0	䏪
䏫	1	脙	1	脙
䏬	0	䏬	0	䏬
䏯	1	痣	1	痣
䏰	0	䏰	0	䏰
䏱	0	䏱	0	䏱
䏲	2	胅&䏲	2	胅&䏲
䏳	0	䏳	0	䏳
䏴	0	䏴	0	䏴
䏵	1	䑃	1	䑃
䏶	2	髀&䏶	0	䏶
䏷	0	䏷	0	䏷
䏸	1	䁩	1	䁩
䏹	0	䏹	0	䏹
䏺	0	䏺	0	䏺
䏻	1	能	1	能
䏼	1	㱚	1	㱚
䏽	0	䏽	0	䏽
䏾	2	䏺&䏾	1	䏺
䏿	0	䏿	0	䏿
䐀	0	䐀	0	䐀
䐁	0	䐁	0	䐁
䐂	0	䐂	0	䐂
䐃	0	䐃	0	䐃
䐄	0	䐄	0	䐄
䐅	0	䐅	0	䐅
䐇	2	䐇&吻&脣&𦟕	3	吻&脣&𦟕
䐈	2	膱&䐈	2	膱&䐈
䐉	0	䐉	0	䐉
䐊	2	䖵&䐊	2	䖵&䐊
䐋	2	䐋&𦝰	0	䐋
䐌	1	腆	1	腆
䐍	3	脰&䐢	1	䐢
䐎	0	䐎	0	䐎
䐏	0	䐏	0	䐏
䐐	0	䐐	0	䐐
䐑	0	䐑	0	䐑
䐒	2	䐒&𦠏	2	䐒&𦠏
䐓	2	脜&䐓	2	脜&䐓
䐔	0	䐔	0	䐔
䐕	2	䐕&𦠾	2	䐕&𦠾
䐖	1	㕧	1	㕧
䐗	3	肚&豬	3	肚&豬
䐘	0	䐘	0	䐘
䐙	2	膈&䐙	1	膈
䐚	0	䐚	0	䐚
䐛	2	㿴&䐛	1	㿴
䐜	0	䐜	0	䐜
䐝	0	䐝	0	䐝
䐞	0	䐞	0	䐞
䐟	0	䐟	0	䐟
䐠	2	㬻&䐠	0	䐠
䐡	1	臍	1	臍
䐢	0	䐢	0	䐢
䐣	0	䐣	0	䐣
䐤	0	䐤	0	䐤
䐥	2	𦞡&䐥	2	𦞡&䐥
䐦	0	䐦	0	䐦
䐧	2	犒&膏&䐧	2	犒&膏&䐧
䐨	0	䐨	0	䐨
䐩	0	䐩	0	䐩
䐪	1	臇	3	
䐫	0	䐫	0	䐫
䐬	0	䐬	0	䐬
䐭	3	㿃&腣	3	㿃&腣
䐮	0	䐮	0	䐮
䐯	2	腂&䐯	2	腂&䐯
䐰	3	羞&饈	1	饈
䐱	0	䐱	0	䐱
䐲	0	䐲	0	䐲
䐳	1	穌	1	穌
䐴	0	䐴	0	䐴
䐵	0	䐵	0	䐵
䐶	0	䐶	0	䐶
䐷	0	䐷	0	䐷
䐸	2	膕&䐸	2	膕&䐸
䐹	2	鱐&䐹	2	鱐&䐹
䐺	2	醰&䐺	2	醰&䐺
䐻	0	䐻	0	䐻
䐼	0	䐼	0	䐼
䐽	1	瞞	1	瞞
䐾	0	䐾	0	䐾
䐿	0	䐿	0	䐿
䑀	2	癖&䑀	2	癖&䑀
䑁	0	䑁	0	䑁
䑂	0	䑂	0	䑂
䑃	2	朦&䑃	2	朦&䑃
䑄	0	䑄	0	䑄
䑅	1	𦢧	1	𦢧
䑆	0	䑆	0	䑆
䑇	0	䑇	0	䑇
䑈	0	䑈	0	䑈
䑉	2	𦝠&䑉	2	𦝠&䑉
䑊	2	膇&䑊	2	膇&䑊
䑋	0	䑋	0	䑋
䑌	0	䑌	0	䑌
䑍	2	癭&䑍	2	癭&䑍
䑎	0	䑎	0	䑎
䑏	0	䑏	0	䑏
䑐	1	𥅘	1	𥅘
䑑	1	僕	1	僕
䑒	1	勁	1	勁
䑓	1	臺	1	臺
䑔	0	䑔	0	䑔
䑕	1	鼠	1	鼠
䑗	0	䑗	0	䑗
䑘	2	䑘&䴾	2	䑘&䴾
䑙	2	舑&䑙	0	䑙
䑚	1	甜	1	甜
䑛	1	舐	1	舐
䑜	0	䑜	0	䑜
䑝	1	斝	1	斝
䑞	1	舜	1	舜
䑟	1	葟	1	葟
䑠	0	䑠	0	䑠
䑡	1	艖	1	艖
䑢	1	𦨉	1	𦨉
䑣	0	䑣	0	䑣
䑤	0	䑤	0	䑤
䑥	0	䑥	0	䑥
䑦	0	䑦	0	䑦
䑧	1	䒀	1	䒀
䑨	1	舵	1	舵
䑪	1	䑥	1	䑥
䑫	0	䑫	0	䑫
䑬	0	䑬	0	䑬
䑭	1	𦨢	1	𦨢
䑯	0	䑯	0	䑯
䑰	2	䑰&䒀	1	䒀
䑱	0	䑱	0	䑱
䑲	3	棹&櫂	1	棹
䑳	0	䑳	0	䑳
䑴	0	䑴	0	䑴
䑵	1	艒	1	艒
䑶	0	䑶	0	䑶
䑹	1	艘	1	艘
䑺	1	帆	1	帆
䑻	0	䑻	0	䑻
䑼	0	䑼	0	䑼
䑽	1	𦪙	1	𦪙
䑿	0	䑿	0	䑿
䒀	0	䒀	0	䒀
䒁	2	𥱵&䒁	2	𥱵&䒁
䒂	3	𥷃&槳	1	槳
䒃	3	艁&造	1	造
䒄	0	䒄	0	䒄
䒅	0	䒅	0	䒅
䒆	0	䒆	0	䒆
䒈	2	橨&䒈	2	橨&䒈
䒉	0	䒉	0	䒉
䒊	0	䒊	0	䒊
䒋	0	䒋	0	䒋
䒌	0	䒌	0	䒌
䒍	0	䒍	0	䒍
䒎	0	䒎	0	䒎
䒏	0	䒏	0	䒏
䒐	0	䒐	0	䒐
䒒	1	芀	1	芀
䒓	0	䒓	0	䒓
䒔	1	𦳞	1	𦳞
䒕	0	䒕	0	䒕
䒖	0	䒖	0	䒖
䒗	1	芞	1	芞
䒘	3	荽&荾	1	荾
䒚	0	䒚	0	䒚
䒛	0	䒛	0	䒛
䒜	0	䒜	0	䒜
䒝	1	𦺔	1	𦺔
䒞	2	莐&䒞	2	莐&䒞
䒟	0	䒟	0	䒟
䒠	3	丰&𦵯	3	丰&𦵯
䒡	0	䒡	0	䒡
䒢	0	䒢	0	䒢
䒣	1	苒	1	苒
䒤	0	䒤	0	䒤
䒥	0	䒥	0	䒥
䒦	0	䒦	0	䒦
䒧	0	䒧	0	䒧
䒨	0	䒨	0	䒨
䒩	2	莫&䒩	0	䒩
䒪	2	䒪&𦯨	2	䒪&𦯨
䒫	0	䒫	0	䒫
䒬	1	莫	1	莫
䒭	1	等	1	等
䒮	1	煢	3	
䒰	0	䒰	0	䒰
䒱	1	蒸	1	蒸
䒲	0	䒲	0	䒲
䒳	1	朵	1	朵
䒴	0	䒴	0	䒴
䒵	0	䒵	0	䒵
䒶	2	䒶&天	1	天
䒷	0	䒷	0	䒷
䒸	0	䒸	0	䒸
䒹	1	𦸓	1	𦸓
䒺	3	縈&堇&菫	3	堇&菫
䒻	0	䒻	0	䒻
䒼	0	䒼	0	䒼
䒽	1	菵	1	菵
䒿	1	膋	3	
䓁	1	等	1	等
䓂	0	䓂	0	䓂
䓃	0	䓃	0	䓃
䓄	0	䓄	0	䓄
䓅	1	芹	1	芹
䓆	0	䓆	0	䓆
䓇	2	赫&䓇	2	赫&䓇
䓈	0	䓈	0	䓈
䓉	0	䓉	0	䓉
䓊	2	䓊&䔡	0	䓊
䓋	0	䓋	0	䓋
䓌	0	䓌	0	䓌
䓍	1	蔊	1	蔊
䓎	0	䓎	0	䓎
䓏	1	芣	1	芣
䓐	0	䓐	0	䓐
䓑	3	萍&蓱	3	萍&蓱
䓒	3	荀&蒯&𦳋	3	蒯&𦳋
䓓	2	薵&䓓	0	䓓
䓕	1	薳	3	
䓖	1	藭	3	
䓗	1	蔥	1	蔥
䓘	0	䓘	0	䓘
䓙	0	䓙	0	䓙
䓚	0	䓚	0	䓚
䓛	0	䓛	0	䓛
䓜	0	䓜	0	䓜
䓝	0	䓝	0	䓝
䓞	0	䓞	0	䓞
䓟	2	茢&䓟	2	茢&䓟
䓠	0	䓠	0	䓠
䓡	0	䓡	0	䓡
䓢	0	䓢	0	䓢
䓣	2	㒼&䓣	0	䓣
䓤	0	䓤	0	䓤
䓥	0	䓥	0	䓥
䓦	1	典	1	典
䓧	2	亟&䓧	1	亟
䓨	1	罃	3	
䓭	0	䓭	0	䓭
䓮	0	䓮	0	䓮
䓯	0	䓯	0	䓯
䓰	1	茵	1	茵
䓱	2	𦸺&䓱	2	𦸺&䓱
䓲	0	䓲	0	䓲
䓳	0	䓳	0	䓳
䓴	0	䓴	0	䓴
䓵	2	蓲&䓵	2	蓲&䓵
䓶	2	莿&藾&䓶	1	藾
䓷	1	荇	1	荇
䓸	2	葌&䓸	0	䓸
䓹	1	饐	1	饐
䓺	2	䓺&蘼	1	蘼
䓼	2	䓼&𧀔	0	䓼
䓽	0	䓽	0	䓽
䓾	0	䓾	0	䓾
䓿	1	菡	1	菡
䔀	0	䔀	0	䔀
䔁	0	䔁	0	䔁
䔂	0	䔂	0	䔂
䔃	0	䔃	0	䔃
䔄	0	䔄	0	䔄
䔅	0	䔅	0	䔅
䔆	1	薶	1	薶
䔇	0	䔇	0	䔇
䔈	0	䔈	0	䔈
䔉	2	蒜&䔉	2	蒜&䔉
䔊	0	䔊	0	䔊
䔋	1	莎	1	莎
䔌	0	䔌	0	䔌
䔍	1	篤	1	篤
䔎	0	䔎	0	䔎
䔏	2	簉&䔏	0	䔏
䔐	0	䔐	0	䔐
䔑	0	䔑	0	䔑
䔒	3	菩&蓓	3	菩&蓓
䔓	0	䔓	0	䔓
䔔	0	䔔	0	䔔
䔕	2	𦡰&䔕	2	𦡰&䔕
䔖	3	菱&蔆	1	蔆
䔗	0	䔗	0	䔗
䔘	0	䔘	0	䔘
䔙	0	䔙	0	䔙
䔚	0	䔚	0	䔚
䔛	1	檾	1	檾
䔜	1	𦶈	1	𦶈
䔝	0	䔝	0	䔝
䔞	0	䔞	0	䔞
䔟	0	䔟	0	䔟
䔠	2	梢&槊&䔠	2	梢&槊&䔠
䔡	0	䔡	0	䔡
䔢	1	華	1	華
䔣	0	䔣	0	䔣
䔤	2	葩&䔤	2	葩&䔤
䔥	1	蕭	1	蕭
䔧	1	蔾	3	
䔨	1	蕹	3	
䔩	3	蔌&蓛	1	蔌
䔪	0	䔪	0	䔪
䔫	1	蔬	1	蔬
䔬	2	冀&䔬	2	冀&䔬
䔭	0	䔭	0	䔭
䔮	0	䔮	0	䔮
䔯	0	䔯	0	䔯
䔰	1	葍	1	葍
䔱	0	䔱	0	䔱
䔲	0	䔲	0	䔲
䔳	0	䔳	0	䔳
䔴	0	䔴	0	䔴
䔵	1	葌	1	葌
䔶	0	䔶	0	䔶
䔷	0	䔷	0	䔷
䔸	0	䔸	0	䔸
䔹	0	䔹	0	䔹
䔺	0	䔺	0	䔺
䔻	0	䔻	0	䔻
䔼	0	䔼	0	䔼
䔽	2	靄&䔽	2	靄&䔽
䔾	2	藒&䔾	2	藒&䔾
䔿	0	䔿	0	䔿
䕀	0	䕀	0	䕀
䕁	0	䕁	0	䕁
䕃	1	蔭	1	蔭
䕄	1	𧗆	1	𧗆
䕅	0	䕅	0	䕅
䕆	0	䕆	0	䕆
䕇	0	䕇	0	䕇
䕈	0	䕈	0	䕈
䕉	0	䕉	0	䕉
䕊	0	䕊	0	䕊
䕋	0	䕋	0	䕋
䕌	1	稚	1	稚
䕍	0	䕍	0	䕍
䕎	2	䕎&𦿁	2	䕎&𦿁
䕏	1	莪	1	莪
䕑	1	葰	1	葰
䕒	0	䕒	0	䕒
䕓	0	䕓	0	䕓
䕔	0	䕔	0	䕔
䕕	2	䕕&蔓	1	蔓
䕖	1	蓀	1	蓀
䕗	0	䕗	0	䕗
䕘	1	苓	1	苓
䕙	0	䕙	0	䕙
䕚	1	蕢	1	蕢
䕛	0	䕛	0	䕛
䕜	1	翠	3	
䕝	2	䕝&蕂	1	蕂
䕞	2	莨&䕞	2	莨&䕞
䕟	0	䕟	0	䕟
䕠	1	䉬	1	䉬
䕡	0	䕡	0	䕡
䕢	0	䕢	0	䕢
䕤	2	䕤&蘄	1	蘄
䕥	1	苨	1	苨
䕦	0	䕦	0	䕦
䕧	2	茭&䕧	2	茭&䕧
䕨	1	藤	1	藤
䕩	0	䕩	0	䕩
䕪	0	䕪	0	䕪
䕫	1	夔	1	夔
䕬	1	薑	1	薑
䕭	0	䕭	0	䕭
䕮	2	䕮&菊	1	菊
䕯	1	薸	1	薸
䕰	0	䕰	0	䕰
䕱	0	䕱	0	䕱
䕲	1	𦾰	1	𦾰
䕳	0	䕳	0	䕳
䕴	1	𧂒	1	𧂒
䕵	0	䕵	0	䕵
䕶	1	護	3	
䕷	0	䕷	3	
䕸	2	秸&䕸	0	䕸
䕹	3	𥷩&蓵	1	蓵
䕺	1	藂	1	藂
䕻	0	䕻	0	䕻
䕼	2	然&䕼	0	䕼
䕽	0	䕽	0	䕽
䕾	2	荶&䕾	2	荶&䕾
䕿	0	䕿	0	䕿
䖀	1	虈	1	虈
䖁	0	䖁	0	䖁
䖂	0	䖂	0	䖂
䖃	0	䖃	0	䖃
䖄	1	䕼	3	
䖅	2	䖅&蘦	1	蘦
䖆	0	䖆	0	䖆
䖇	2	䖇&𩰪	0	䖇
䖈	1	虐	1	虐
䖉	2	𧆜&虖&䖉	2	虖&䖉
䖊	0	䖊	0	䖊
䖋	1	虐	1	虐
䖌	2	䖌&䖊&𧆦	2	䖌&䖊&𧆦
䖍	1	虔	1	虔
䖎	1	罅	1	罅
䖏	1	處	1	處
䖐	0	䖐	0	䖐
䖑	0	䖑	0	䖑
䖒	0	䖒	0	䖒
䖓	0	䖓	0	䖓
䖔	0	䖔	0	䖔
䖕	2	䖕&虘	1	虘
䖖	1	𧆥	1	𧆥
䖗	0	䖗	0	䖗
䖘	2	菟&䖘	0	䖘
䖙	0	䖙	0	䖙
䖚	0	䖚	0	䖚
䖛	0	䖛	0	䖛
䖜	0	䖜	0	䖜
䖝	1	蟲	3	
䖞	0	䖞	0	䖞
䖟	1	虻	1	虻
䖠	3	蚖&螈	1	蚖
䖡	0	䖡	0	䖡
䖢	0	䖢	0	䖢
䖣	1	蚤	1	蚤
䖤	1	蜿	1	蜿
䖥	1	蟊	1	蟊
䖦	0	䖦	0	䖦
䖧	2	蜇&䖧	2	蜇&䖧
䖨	0	䖨	0	䖨
䖩	0	䖩	0	䖩
䖪	2	䖪&𪕊	2	䖪&𪕊
䖫	1	蚌	3	
䖭	0	䖭	0	䖭
䖮	2	䖮&蠁	1	蠁
䖯	2	奎&蛙&䖯	2	奎&蛙&䖯
䖰	0	䖰	0	䖰
䖱	0	䖱	0	䖱
䖲	0	䖲	0	䖲
䖳	2	虴&䖳	2	虴&䖳
䖴	2	珧&䖴	2	珧&䖴
䖵	0	䖵	0	䖵
䖶	0	䖶	0	䖶
䖷	0	䖷	0	䖷
䖸	3	𧒎&蛾	1	蛾
䖹	3	蛘&蝆	1	蛘
䖺	0	䖺	0	䖺
䖻	2	䖻&蝣	2	䖻&蝣
䖼	1	𧍕	3	
䖽	1	蜊	3	
䖿	2	蜊&䖿	1	蜊
䗀	2	蟶&䗀	2	蟶&䗀
䗁	0	䗁	0	䗁
䗂	0	䗂	0	䗂
䗃	0	䗃	0	䗃
䗄	0	䗄	0	䗄
䗅	0	䗅	0	䗅
䗆	0	䗆	0	䗆
䗇	0	䗇	0	䗇
䗈	3	蝱&虻	1	虻
䗉	0	䗉	0	䗉
䗊	1	舕	1	舕
䗋	2	䗋&蛑	1	蛑
䗌	0	䗌	0	䗌
䗍	1	蠡	1	蠡
䗎	0	䗎	0	䗎
䗏	1	螋	1	螋
䗐	0	䗐	0	䗐
䗑	1	𧐔	1	𧐔
䗒	0	䗒	0	䗒
䗓	1	蟌	1	蟌
䗔	0	䗔	0	䗔
䗕	1	蜿	1	蜿
䗖	1	螮	3	
䗗	0	䗗	0	䗗
䗘	0	䗘	0	䗘
䗙	1	𧑚	1	𧑚
䗚	0	䗚	0	䗚
䗛	0	䗛	0	䗛
䗜	2	䖻&䗜	2	䖻&䗜
䗝	1	蠶	1	蠶
䗞	1	蠶	1	蠶
䗟	2	蠮&䗟	2	蠮&䗟
䗠	0	䗠	0	䗠
䗡	0	䗡	0	䗡
䗢	1	蚤	1	蚤
䗣	2	蚶&䗣	2	蚶&䗣
䗤	0	䗤	0	䗤
䗥	0	䗥	0	䗥
䗦	1	蜂	1	蜂
䗧	0	䗧	0	䗧
䗨	0	䗨	0	䗨
䗩	0	䗩	0	䗩
䗪	1	蟅	1	蟅
䗫	1	蟆	1	蟆
䗬	1	蜂	1	蜂
䗮	0	䗮	0	䗮
䗯	0	䗯	0	䗯
䗰	0	䗰	0	䗰
䗱	0	䗱	0	䗱
䗲	0	䗲	0	䗲
䗴	0	䗴	0	䗴
䗵	0	䗵	0	䗵
䗶	1	蠟	1	蠟
䗷	0	䗷	0	䗷
䗸	0	䗸	0	䗸
䗹	1	蛓	3	
䗺	2	蜑&䗺	2	蜑&䗺
䗻	1	蠞	3	
䗼	0	䗼	0	䗼
䗽	0	䗽	0	䗽
䗾	1	蜆	1	蜆
䗿	3	𧑗&𧕝	3	𧑗&𧕝
䘀	1	蛗	1	蛗
䘁	2	䘁&蠽&蠘	3	蠽&蠘
䘂	1	䘋	1	䘋
䘃	2	蟔&䘃	2	蟔&䘃
䘄	0	䘄	0	䘄
䘅	1	螚	1	螚
䘆	1	蜸	1	蜸
䘇	1	蚊	1	蚊
䘈	1	蠣	1	蠣
䘉	1	蠶	1	蠶
䘊	1	蠛	1	蠛
䘋	0	䘋	0	䘋
䘌	1	𧏾	1	𧏾
䘍	1	蠆	1	蠆
䘎	0	䘎	0	䘎
䘏	2	䘏&卹	1	卹
䘐	1	衄	1	衄
䘑	1	脈	1	脈
䘒	2	䘒&脧	1	脧
䘓	0	䘓	0	䘓
䘔	1	喀	1	喀
䘕	0	䘕	0	䘕
䘖	2	御&銜&䘖	1	銜
䘗	2	䘗&徽	2	䘗&徽
䘘	2	御&䘘	2	御&䘘
䘙	1	衛	1	衛
䘚	1	卒	1	卒
䘜	1	巾	1	巾
䘝	0	䘝	0	䘝
䘞	1	禡	3	
䘟	0	䘟	0	䘟
䘠	1	袚	3	
䘡	0	䘡	0	䘡
䘢	0	䘢	0	䘢
䘣	0	䘣	0	䘣
䘤	0	䘤	0	䘤
䘥	2	䘥&裌	2	䘥&裌
䘦	0	䘦	0	䘦
䘨	0	䘨	0	䘨
䘩	3	袨&㡄	3	袨&㡄
䘪	0	䘪	0	䘪
䘫	1	袽	1	袽
䘬	0	䘬	0	䘬
䘭	0	䘭	0	䘭
䘮	1	喪	1	喪
䘯	0	䘯	0	䘯
䘰	0	䘰	0	䘰
䘱	1	裕	1	裕
䘳	2	襟&衿&䘳	0	䘳
䘴	2	衳&幒&䘴	2	幒&䘴
䘵	0	䘵	0	䘵
䘶	2	𢃗&䘶	0	䘶
䘷	0	䘷	0	䘷
䘸	1	𧜥	1	𧜥
䘹	0	䘹	0	䘹
䘺	2	䘺&綻	1	綻
䘻	0	䘻	0	䘻
䘼	0	䘼	0	䘼
䘽	0	䘽	0	䘽
䘾	0	䘾	0	䘾
䘿	0	䘿	0	䘿
䙀	2	䙀&繃	1	繃
䙁	0	䙁	0	䙁
䙂	3	衳&幒	1	幒
䙃	0	䙃	0	䙃
䙄	0	䙄	0	䙄
䙅	0	䙅	0	䙅
䙆	0	䙆	0	䙆
䙇	2	緛&䙇	2	緛&䙇
䙈	0	䙈	0	䙈
䙉	1	䋸	1	䋸
䙊	1	㯂	3	
䙌	1	䙡	3	
䙎	0	䙎	0	䙎
䙏	0	䙏	0	䙏
䙐	1	𩱘	1	𩱘
䙑	1	縗	1	縗
䙒	0	䙒	0	䙒
䙓	1	襬	3	
䙔	0	䙔	0	䙔
䙕	0	䙕	0	䙕
䙖	2	䙖&繃	1	繃
䙗	1	褅	1	褅
䙘	0	䙘	0	䙘
䙙	0	䙙	0	䙙
䙚	3	裊&褭	1	褭
䙛	1	衮	1	衮
䙜	2	𥛝&䙜	0	䙜
䙝	3	褻&褺	1	褻
䙞	0	䙞	0	䙞
䙟	0	䙟	0	䙟
䙠	0	䙠	0	䙠
䙡	0	䙡	0	䙡
䙢	0	䙢	0	䙢
䙣	0	䙣	0	䙣
䙤	0	䙤	0	䙤
䙥	1	𧟙	1	𧟙
䙦	0	䙦	0	䙦
䙧	1	纁	1	纁
䙨	2	裹&䙨	1	裹
䙩	0	䙩	0	䙩
䙪	1	襻	1	襻
䙫	1	禩	3	
䙬	0	䙬	0	䙬
䙭	1	褰	1	褰
䙮	1	䌯	1	䌯
䙯	1	䙘	1	䙘
䙰	1	褵	1	褵
䙱	2	襡&䙱	0	䙱
䙲	0	䙲	0	䙲
䙳	2	䙳&票&熛	3	票&熛
䙴	0	䙴	3	
䙵	0	䙵	0	䙵
䙷	2	䙷&得&㝵	3	得&㝵
䙸	3	䙷&得&㝵	3	得&㝵
䙹	0	䙹	0	䙹
䙺	1	覝	1	覝
䙼	0	䙼	0	䙼
䙽	0	䙽	0	䙽
䙾	0	䙾	0	䙾
䙿	0	䙿	0	䙿
䚀	2	䚀&𧡬	0	䚀
䚁	3	䚀&𧡬	1	𧡬
䚂	2	赧&䚂	2	赧&䚂
䚃	1	𧡹	1	𧡹
䚄	0	䚄	0	䚄
䚅	0	䚅	0	䚅
䚆	0	䚆	0	䚆
䚇	0	䚇	0	䚇
䚈	0	䚈	0	䚈
䚉	0	䚉	0	䚉
䚊	0	䚊	0	䚊
䚋	0	䚋	0	䚋
䚌	2	𧢌&䚌	0	䚌
䚍	0	䚍	0	䚍
䚎	1	𧢆	1	𧢆
䚏	0	䚏	0	䚏
䚐	0	䚐	0	䚐
䚑	1	䁲	1	䁲
䚒	0	䚒	0	䚒
䚓	1	瞫	1	瞫
䚔	0	䚔	0	䚔
䚕	0	䚕	0	䚕
䚖	1	𩵀	1	𩵀
䚗	2	船&䚗	0	䚗
䚘	0	䚘	0	䚘
䚙	0	䚙	0	䚙
䚚	0	䚚	0	䚚
䚛	0	䚛	0	䚛
䚜	0	䚜	0	䚜
䚝	0	䚝	0	䚝
䚞	0	䚞	0	䚞
䚟	3	歹&䚞	3	歹&䚞
䚠	2	㮯&䚠	2	㮯&䚠
䚡	0	䚡	0	䚡
䚢	0	䚢	0	䚢
䚣	0	䚣	0	䚣
䚥	2	䚥&𧣚	1	𧣚
䚦	0	䚦	0	䚦
䚧	0	䚧	0	䚧
䚨	0	䚨	0	䚨
䚩	0	䚩	0	䚩
䚪	0	䚪	0	䚪
䚫	0	䚫	0	䚫
䚭	0	䚭	0	䚭
䚮	0	䚮	0	䚮
䚯	2	叫&討&䚯	1	討
䚰	3	訛&庀	3	訛&庀
䚱	1	信	1	信
䚲	1	訕	1	訕
䚳	0	䚳	0	䚳
䚴	0	䚴	0	䚴
䚵	0	䚵	0	䚵
䚶	0	䚶	0	䚶
䚷	2	䚷&𧫦	2	䚷&𧫦
䚸	0	䚸	0	䚸
䚹	1	庀	1	庀
䚺	2	䚺&謠	1	謠
䚻	2	謠&䚻	0	䚻
䚼	2	恧&䚼	0	䚼
䚽	2	耗&託&䚽	2	託&䚽
䚾	1	䛘	1	䛘
䚿	2	𧥸&䚿	2	𧥸&䚿
䛀	0	䛀	0	䛀
䛁	2	喃&諵&䛁	0	䛁
䛂	1	誃	1	誃
䛃	0	䛃	0	䛃
䛄	2	婉&䛄	0	䛄
䛅	0	䛅	0	䛅
䛆	2	咒&䛆	2	咒&䛆
䛇	0	䛇	0	䛇
䛈	0	䛈	0	䛈
䛉	2	䛉&詪	2	䛉&詪
䛊	2	識&䛊	2	識&䛊
䛋	0	䛋	0	䛋
䛌	2	䛌&䛬	2	䛌&䛬
䛍	0	䛍	0	䛍
䛎	0	䛎	0	䛎
䛏	0	䛏	0	䛏
䛐	1	詞	1	詞
䛑	1	謐	1	謐
䛒	2	䛒&辯	1	辯
䛓	1	監	3	
䛔	2	䛔&誽	0	䛔
䛕	1	諛	1	諛
䛖	1	詍	1	詍
䛗	0	䛗	0	䛗
䛘	0	䛘	0	䛘
䛙	0	䛙	0	䛙
䛚	0	䛚	0	䛚
䛛	2	䛛&詯	1	詯
䛜	1	訊	1	訊
䛝	0	䛝	0	䛝
䛞	0	䛞	0	䛞
䛟	1	唊	1	唊
䛠	0	䛠	0	䛠
䛡	1	話	1	話
䛢	0	䛢	0	䛢
䛣	0	䛣	0	䛣
䛤	0	䛤	0	䛤
䛥	2	唏&䛥	2	唏&䛥
䛦	1	訟	1	訟
䛧	1	謎	1	謎
䛨	2	信&䛨	0	䛨
䛩	2	啞&惡&䛩	0	䛩
䛪	0	䛪	0	䛪
䛫	0	䛫	0	䛫
䛬	2	啕&䛬	0	䛬
䛭	0	䛭	0	䛭
䛮	1	倃	1	倃
䛯	0	䛯	0	䛯
䛰	0	䛰	0	䛰
䛱	0	䛱	0	䛱
䛲	0	䛲	0	䛲
䛳	0	䛳	0	䛳
䛴	0	䛴	0	䛴
䛵	3	授&㖟	1	㖟
䛶	1	誄	1	誄
䛷	2	婉&䛷	2	婉&䛷
䛸	1	詀	1	詀
䛹	0	䛹	0	䛹
䛺	1	誡	1	誡
䛻	1	誘	1	誘
䛼	3	毀&譭	3	毀&譭
䛽	2	喢&䛽	0	䛽
䛾	0	䛾	0	䛾
䛿	0	䛿	0	䛿
䜀	1	𧩣	1	𧩣
䜁	1	謑	1	謑
䜂	0	䜂	0	䜂
䜃	2	堆&䜃	2	堆&䜃
䜄	1	謘	1	謘
䜅	0	䜅	0	䜅
䜆	2	讘&䜆	2	讘&䜆
䜇	0	䜇	0	䜇
䜈	2	勦&𦗔&䜈	0	䜈
䜉	0	䜉	0	䜉
䜊	1	嘈	1	嘈
䜋	0	䜋	0	䜋
䜌	0	䜌	0	䜌
䜍	0	䜍	0	䜍
䜎	0	䜎	0	䜎
䜏	0	䜏	0	䜏
䜐	1	䜏	1	䜏
䜑	2	惡&䛩&䜑	2	惡&䛩&䜑
䜒	0	䜒	0	䜒
䜓	2	諜&䜓	2	諜&䜓
䜔	1	䜏	1	䜏
䜕	2	噧&䜕	0	䜕
䜖	1	譚	1	譚
䜗	0	䜗	0	䜗
䜘	1	警	1	警
䜙	2	儑&䜙	2	儑&䜙
䜚	2	誻&䜚	0	䜚
䜛	1	讒	1	讒
䜜	0	䜜	0	䜜
䜝	0	䜝	0	䜝
䜞	2	劑&䜞	0	䜞
䜟	1	讖	1	讖
䜠	1	𡂒	1	𡂒
䜡	0	䜡	0	䜡
䜢	0	䜢	0	䜢
䜣	1	訢	1	訢
䜤	1	鿁	3	
䜥	1	誕	3	
䜧	1	𧩣	3	
䜩	1	讌	1	讌
䜪	0	䜪	0	䜪
䜫	2	谼&䜫	2	谼&䜫
䜬	1	岫	1	岫
䜭	2	濬&睿&䜭	2	濬&睿&䜭
䜮	0	䜮	0	䜮
䜯	0	䜯	0	䜯
䜰	0	䜰	0	䜰
䜱	0	䜱	0	䜱
䜲	0	䜲	0	䜲
䜴	0	䜴	0	䜴
䜵	1	豉	1	豉
䜶	0	䜶	0	䜶
䜷	0	䜷	0	䜷
䜸	0	䜸	0	䜸
䜹	1	酥	1	酥
䜺	0	䜺	0	䜺
䜻	1	豉	1	豉
䜼	0	䜼	0	䜼
䜽	0	䜽	0	䜽
䜾	0	䜾	0	䜾
䜿	1	豎	1	豎
䝀	0	䝀	0	䝀
䝁	0	䝁	0	䝁
䝂	1	豎	1	豎
䝃	0	䝃	0	䝃
䝄	0	䝄	0	䝄
䝅	2	䖶&䝅	2	䖶&䝅
䝆	2	𢑢&䝆	1	𢑢
䝇	1	豗	1	豗
䝈	1	豟	1	豟
䝉	3	蒙&懞	1	蒙
䝊	3	𤟃&𧲌	1	𧲌
䝋	0	䝋	0	䝋
䝌	1	𧱝	1	𧱝
䝍	0	䝍	0	䝍
䝎	1	貒	1	貒
䝏	0	䝏	0	䝏
䝐	0	䝐	0	䝐
䝑	0	䝑	0	䝑
䝒	0	䝒	0	䝒
䝓	1	鬣	1	鬣
䝔	3	貛&獾	1	獾
䝕	0	䝕	0	䝕
䝖	0	䝖	0	䝖
䝗	2	䝗&貅	1	貅
䝘	1	毅	1	毅
䝙	1	貙	3	
䝚	0	䝚	0	䝚
䝜	1	狻	1	狻
䝝	1	猗	1	猗
䝞	0	䝞	0	䝞
䝟	2	猰&䝟	0	䝟
䝠	3	獂&豲	1	獂
䝡	1	獌	1	獌
䝢	2	䝢&獌	1	獌
䝣	0	䝣	0	䝣
䝤	2	䝤&獠	1	獠
䝥	1	嗥	1	嗥
䝦	0	䝦	0	䝦
䝧	2	䝧&錉	2	䝧&錉
䝨	1	賢	1	賢
䝩	2	賑&䝩	1	賑
䝪	0	䝪	0	䝪
䝫	0	䝫	0	䝫
䝬	0	䝬	0	䝬
䝭	0	䝭	0	䝭
䝮	1	衒	1	衒
䝯	2	䝯&貤	1	貤
䝰	0	䝰	0	䝰
䝱	0	䝱	0	䝱
䝲	1	贐	1	贐
䝳	0	䝳	0	䝳
䝴	1	齎	1	齎
䝵	0	䝵	0	䝵
䝶	0	䝶	0	䝶
䝷	0	䝷	0	䝷
䝸	0	䝸	0	䝸
䝹	0	䝹	0	䝹
䝺	1	貫	1	貫
䝻	0	䝻	0	䝻
䝼	0	䝼	3	
䝽	0	䝽	0	䝽
䝾	1	賦	1	賦
䝿	1	貴	1	貴
䞀	0	䞀	0	䞀
䞁	0	䞁	0	䞁
䞂	0	䞂	0	䞂
䞃	0	䞃	0	䞃
䞄	1	俵	1	俵
䞅	1	貽	1	貽
䞆	2	䐝&䞆	0	䞆
䞇	1	贄	3	
䞈	0	䞈	0	䞈
䞉	1	賸	1	賸
䞊	0	䞊	0	䞊
䞋	2	䞋&嚫	1	嚫
䞌	1	𧵳	3	
䞍	1	䝼	3	
䞎	1	賵	3	
䞐	1	賰	3	
䞑	0	䞑	0	䞑
䞒	0	䞒	0	䞒
䞓	2	䞓&赬	1	赬
䞔	0	䞔	0	䞔
䞕	0	䞕	0	䞕
䞖	0	䞖	0	䞖
䞗	0	䞗	0	䞗
䞘	0	䞘	0	䞘
䞙	0	䞙	0	䞙
䞚	0	䞚	0	䞚
䞛	0	䞛	0	䞛
䞜	3	𧻳&赴&踣	3	赴&踣
䞝	0	䞝	0	䞝
䞞	0	䞞	0	䞞
䞟	0	䞟	0	䞟
䞠	0	䞠	0	䞠
䞡	2	趄&䞡	2	趄&䞡
䞢	0	䞢	0	䞢
䞣	0	䞣	0	䞣
䞤	2	䞤&𧾱	0	䞤
䞥	0	䞥	0	䞥
䞦	0	䞦	0	䞦
䞧	0	䞧	0	䞧
䞨	1	跬	1	跬
䞩	0	䞩	0	䞩
䞪	0	䞪	0	䞪
䞫	0	䞫	0	䞫
䞬	1	透	1	透
䞭	0	䞭	0	䞭
䞮	0	䞮	0	䞮
䞯	2	赴&𠓗&䞯	2	赴&𠓗&䞯
䞰	1	䟄	1	䟄
䞱	0	䞱	0	䞱
䞳	1	踣	1	踣
䞴	0	䞴	0	䞴
䞵	0	䞵	0	䞵
䞶	0	䞶	0	䞶
䞷	1	趉	1	趉
䞸	3	𧻳&踣	1	踣
䞹	0	䞹	0	䞹
䞺	2	遁&䞺	2	遁&䞺
䞻	2	踊&䞻	2	踊&䞻
䞼	1	竄	1	竄
䞽	0	䞽	0	䞽
䞾	0	䞾	0	䞾
䞿	2	䞿&𧽐	2	䞿&𧽐
䟀	0	䟀	0	䟀
䟁	0	䟁	0	䟁
䟂	0	䟂	0	䟂
䟃	0	䟃	0	䟃
䟄	0	䟄	0	䟄
䟅	0	䟅	0	䟅
䟆	2	蹕&䟆	0	䟆
䟇	0	䟇	0	䟇
䟈	0	䟈	0	䟈
䟉	0	䟉	0	䟉
䟊	0	䟊	0	䟊
䟋	0	䟋	0	䟋
䟌	1	𧾢	1	𧾢
䟍	0	䟍	0	䟍
䟎	1	趲	1	趲
䟏	0	䟏	0	䟏
䟐	0	䟐	0	䟐
䟑	0	䟑	0	䟑
䟒	0	䟒	0	䟒
䟓	0	䟓	0	䟓
䟔	2	赴&踣&䟔	2	赴&踣&䟔
䟕	0	䟕	0	䟕
䟖	1	趾	1	趾
䟗	0	䟗	0	䟗
䟘	0	䟘	0	䟘
䟙	0	䟙	0	䟙
䟚	1	踑	1	踑
䟛	0	䟛	0	䟛
䟜	0	䟜	0	䟜
䟝	0	䟝	0	䟝
䟞	1	躕	1	躕
䟟	2	促&䟟	2	促&䟟
䟠	0	䟠	0	䟠
䟡	0	䟡	0	䟡
䟢	1	跈	1	跈
䟣	2	跂&䟣	2	跂&䟣
䟤	0	䟤	0	䟤
䟥	1	髳	1	髳
䟦	1	跋	1	跋
䟧	0	䟧	0	䟧
䟨	0	䟨	0	䟨
䟩	0	䟩	0	䟩
䟪	2	覂&䟪	2	覂&䟪
䟫	0	䟫	0	䟫
䟬	0	䟬	0	䟬
䟭	3	跳&阼	3	跳&阼
䟮	0	䟮	0	䟮
䟯	0	䟯	0	䟯
䟰	0	䟰	0	䟰
䟱	1	跡	1	跡
䟲	1	疏	3	
䟴	0	䟴	0	䟴
䟵	0	䟵	0	䟵
䟶	2	夎&蓌&䟶	2	夎&蓌&䟶
䟷	0	䟷	0	䟷
䟸	0	䟸	0	䟸
䟹	0	䟹	0	䟹
䟺	0	䟺	0	䟺
䟻	0	䟻	0	䟻
䟼	0	䟼	0	䟼
䟽	1	疏	1	疏
䟾	2	䞵&䟾	2	䞵&䟾
䟿	0	䟿	0	䟿
䠀	2	趟&䟫&䠀	2	趟&䟫&䠀
䠁	1	躋	1	躋
䠂	1	楚	1	楚
䠃	0	䠃	0	䠃
䠄	0	䠄	0	䠄
䠅	0	䠅	0	䠅
䠆	0	䠆	0	䠆
䠇	0	䠇	0	䠇
䠈	0	䠈	0	䠈
䠉	2	逭&䠉	2	逭&䠉
䠊	1	剕	1	剕
䠋	2	髀&䠋	2	髀&䠋
䠍	0	䠍	0	䠍
䠎	0	䠎	0	䠎
䠏	2	䟸&䠏	2	䟸&䠏
䠐	0	䠐	0	䠐
䠑	0	䠑	0	䠑
䠒	0	䠒	0	䠒
䠓	1	趥	1	趥
䠔	2	䠔&𨆏	2	䠔&𨆏
䠕	0	䠕	0	䠕
䠗	2	𧽒&䠗	0	䠗
䠘	0	䠘	0	䠘
䠙	0	䠙	0	䠙
䠛	0	䠛	0	䠛
䠜	0	䠜	0	䠜
䠝	0	䠝	0	䠝
䠞	1	蹙	1	蹙
䠟	0	䠟	0	䠟
䠠	2	逝&踅&蹛&䠠	2	逝&踅&蹛&䠠
䠡	0	䠡	0	䠡
䠢	0	䠢	0	䠢
䠣	2	䠣&𦌔	1	𦌔
䠤	0	䠤	0	䠤
䠥	1	蹩	1	蹩
䠦	2	躓&䠦	2	躓&䠦
䠧	1	躇	1	躇
䠨	0	䠨	0	䠨
䠩	0	䠩	0	䠩
䠪	1	躖	1	躖
䠫	0	䠫	0	䠫
䠬	0	䠬	0	䠬
䠭	1	𨇆	1	𨇆
䠮	1	騰	1	騰
䠯	2	躍&䠯	0	䠯
䠰	1	踡	1	踡
䠱	2	䠱&躅	1	躅
䠲	1	聆	1	聆
䠳	0	䠳	0	䠳
䠴	0	䠴	0	䠴
䠵	0	䠵	0	䠵
䠶	1	射	1	射
䠷	0	䠷	0	䠷
䠸	0	䠸	0	䠸
䠹	1	骸	1	骸
䠻	2	窮&䠻	2	窮&䠻
䠼	0	䠼	0	䠼
䠽	0	䠽	0	䠽
䠾	0	䠾	0	䠾
䠿	2	聵&䠿	2	聵&䠿
䡀	0	䡀	0	䡀
䡁	0	䡁	0	䡁
䡂	0	䡂	0	䡂
䡃	0	䡃	0	䡃
䡄	1	軌	1	軌
䡅	1	輴	1	輴
䡆	0	䡆	0	䡆
䡇	1	軏	1	軏
䡈	1	較	1	較
䡉	0	䡉	0	䡉
䡊	0	䡊	0	䡊
䡋	3	陳&軝	1	軝
䡌	2	䡌&鞃	1	鞃
䡍	0	䡍	0	䡍
䡎	1	轤	1	轤
䡏	1	鞃	1	鞃
䡐	0	䡐	0	䡐
䡑	0	䡑	0	䡑
䡒	1	䡘	1	䡘
䡓	2	軒&䡓	2	軒&䡓
䡔	0	䡔	0	䡔
䡕	0	䡕	0	䡕
䡖	1	輕	1	輕
䡗	0	䡗	0	䡗
䡘	0	䡘	0	䡘
䡙	2	輬&䡙	2	輬&䡙
䡚	2	輗&䡚	0	䡚
䡛	0	䡛	0	䡛
䡜	0	䡜	0	䡜
䡝	0	䡝	0	䡝
䡞	0	䡞	0	䡞
䡟	0	䡟	0	䡟
䡠	2	䡠&䡰	0	䡠
䡡	0	䡡	0	䡡
䡢	0	䡢	0	䡢
䡣	0	䡣	0	䡣
䡤	2	櫧&䡤	2	櫧&䡤
䡥	1	䡆	1	䡆
䡦	0	䡦	0	䡦
䡧	0	䡧	0	䡧
䡨	1	𨌅	1	𨌅
䡩	0	䡩	0	䡩
䡪	0	䡪	0	䡪
䡫	0	䡫	0	䡫
䡬	0	䡬	0	䡬
䡭	0	䡭	0	䡭
䡮	0	䡮	0	䡮
䡯	0	䡯	0	䡯
䡰	2	轂&䡰	0	䡰
䡱	1	驅	3	
䡲	0	䡲	0	䡲
䡳	0	䡳	0	䡳
䡴	0	䡴	0	䡴
䡵	0	䡵	0	䡵
䡶	0	䡶	0	䡶
䡷	2	轄&䡷	2	轄&䡷
䡹	1	輊	1	輊
䡺	3	轊&軎	1	軎
䡻	1	䡑	3	
䡼	1	軨	1	軨
䡽	2	䡽&𩎑	0	䡽
䡾	0	䡾	0	䡾
䡿	2	䡿&軨	1	軨
䢀	1	𨊰	3	
䢁	1	𨊸	3	
䢂	1	𨋢	3	
䢃	0	䢃	0	䢃
䢄	1	枲	1	枲
䢅	0	䢅	0	䢅
䢆	0	䢆	3	
䢇	0	䢇	0	䢇
䢈	0	䢈	0	䢈
䢉	1	農	1	農
䢊	1	遊	1	遊
䢋	0	䢋	0	䢋
䢌	0	䢌	3	
䢍	0	䢍	0	䢍
䢎	2	䢋&䢎	0	䢎
䢐	1	徂	1	徂
䢑	0	䢑	0	䢑
䢒	0	䢒	0	䢒
䢓	0	䢓	0	䢓
䢔	0	䢔	0	䢔
䢕	0	䢕	0	䢕
䢖	2	建&䢖	2	建&䢖
䢙	2	敗&䢙	2	敗&䢙
䢚	1	迒	1	迒
䢛	1	迥	1	迥
䢜	1	歸	1	歸
䢝	2	亞&䢝	2	亞&䢝
䢞	0	䢞	0	䢞
䢟	3	由&遊	1	遊
䢠	1	送	1	送
䢡	2	𨒉&䢡	0	䢡
䢢	0	䢢	0	䢢
䢣	1	𨖈	3	
䢤	1	述	1	述
䢥	2	𢌨&䢥	0	䢥
䢦	2	率&䢦	2	率&䢦
䢧	0	䢧	0	䢧
䢨	1	從	1	從
䢩	3	御&禦	3	御&禦
䢪	1	橇	1	橇
䢫	1	隨	1	隨
䢬	1	遷	1	遷
䢭	0	䢭	0	䢭
䢮	0	䢮	0	䢮
䢯	1	遴	1	遴
䢰	1	趯	1	趯
䢱	2	嬻&𨗣&䢱	0	䢱
䢲	0	䢲	0	䢲
䢳	0	䢳	0	䢳
䢴	2	䢴&𨝍	1	𨝍
䢵	1	鄖	1	鄖
䢶	1	邦	1	邦
䢷	1	那	1	那
䢸	2	即&䢸	2	即&䢸
䢹	0	䢹	0	䢹
䢻	0	䢻	0	䢻
䢼	0	䢼	0	䢼
䢽	1	巷	1	巷
䢾	1	姺	1	姺
䢿	0	䢿	0	䢿
䣀	0	䣀	0	䣀
䣁	0	䣁	0	䣁
䣂	0	䣂	0	䣂
䣃	1	卸	1	卸
䣄	0	䣄	0	䣄
䣅	0	䣅	0	䣅
䣆	0	䣆	0	䣆
䣇	0	䣇	0	䣇
䣈	1	巷	1	巷
䣊	0	䣊	0	䣊
䣋	0	䣋	0	䣋
䣌	1	邸	1	邸
䣍	0	䣍	0	䣍
䣎	0	䣎	0	䣎
䣏	2	巷&䢼&䣏	1	䢼
䣐	0	䣐	0	䣐
䣑	1	廛	1	廛
䣓	2	酈&䣓	2	酈&䣓
䣔	0	䣔	0	䣔
䣕	0	䣕	0	䣕
䣖	1	䣕	1	䣕
䣗	0	䣗	0	䣗
䣘	0	䣘	0	䣘
䣙	2	剻&䣙	2	剻&䣙
䣚	0	䣚	0	䣚
䣛	2	膝&䣛	0	䣛
䣜	0	䣜	0	䣜
䣝	0	䣝	0	䣝
䣞	1	鄂	1	鄂
䣟	2	䣟&𨛳	1	𨛳
䣠	3	䣟&𨛳	1	𨛳
䣡	0	䣡	0	䣡
䣢	0	䣢	0	䣢
䣣	1	䣊	1	䣊
䣤	1	𨟠	1	𨟠
䣥	1	𨟵	1	𨟵
䣧	1	黓	1	黓
䣨	3	䣩&醇	1	醇
䣩	2	䣩&醇	1	醇
䣪	0	䣪	0	䣪
䣫	0	䣫	0	䣫
䣬	0	䣬	0	䣬
䣭	1	猷	3	
䣮	2	䣪&䣮	1	䣪
䣯	2	靦&䣯	2	靦&䣯
䣰	1	醵	1	醵
䣱	1	酗	1	酗
䣲	1	𨠒	1	𨠒
䣳	1	酮	3	
䣴	1	酗	1	酗
䣵	0	䣵	0	䣵
䣶	2	甜&䣶	2	甜&䣶
䣷	0	䣷	0	䣷
䣸	0	䣸	0	䣸
䣹	0	䣹	0	䣹
䣺	0	䣺	0	䣺
䣻	2	酣&䣻&𩈣	2	酣&䣻&𩈣
䣼	0	䣼	0	䣼
䣽	2	醍&䣽	2	醍&䣽
䣾	2	䣾&𨢎	1	𨢎
䣿	0	䣿	0	䣿
䤁	0	䤁	0	䤁
䤂	0	䤂	0	䤂
䤃	0	䤃	0	䤃
䤄	1	湎	1	湎
䤅	0	䤅	0	䤅
䤆	2	醱&䤆	2	醱&䤆
䤇	1	醙	1	醙
䤈	1	醯	1	醯
䤉	0	䤉	0	䤉
䤊	1	䣵	1	䣵
䤋	2	聝&馘&䤋	2	聝&馘&䤋
䤌	0	䤌	0	䤌
䤍	0	䤍	0	䤍
䤎	0	䤎	0	䤎
䤏	2	圮&䤏	0	䤏
䤐	0	䤐	0	䤐
䤑	0	䤑	0	䤑
䤒	0	䤒	0	䤒
䤓	0	䤓	0	䤓
䤔	0	䤔	0	䤔
䤕	2	嚛&䤕	2	嚛&䤕
䤖	0	䤖	0	䤖
䤗	0	䤗	0	䤗
䤘	0	䤘	0	䤘
䤙	0	䤙	0	䤙
䤚	1	李	1	李
䤛	3	銶&釚	1	釚
䤜	1	鈍	1	鈍
䤝	0	䤝	0	䤝
䤞	1	鈗	1	鈗
䤟	1	鈂	1	鈂
䤠	0	䤠	0	䤠
䤡	0	䤡	0	䤡
䤢	2	釛&䤢	0	䤢
䤣	1	鋝	1	鋝
䤤	0	䤤	0	䤤
䤥	0	䤥	0	䤥
䤦	1	鉞	1	鉞
䤧	0	䤧	0	䤧
䤨	2	䤨&釽&銢	3	釽&銢
䤩	0	䤩	3	
䤪	0	䤪	0	䤪
䤫	1	鑱	1	鑱
䤬	0	䤬	0	䤬
䤭	2	鉓&䤭	2	鉓&䤭
䤮	0	䤮	0	䤮
䤯	1	鉶	1	鉶
䤰	0	䤰	0	䤰
䤱	1	誓	1	誓
䤳	0	䤳	0	䤳
䤴	2	函&䤴	0	䤴
䤵	2	扉&䤵	2	扉&䤵
䤶	0	䤶	0	䤶
䤷	1	𥍻	1	𥍻
䤸	3	鏦&䂎	1	鏦
䤹	2	䤹&鎪	1	鎪
䤺	0	䤺	0	䤺
䤻	2	䤻&𨬍	2	䤻&𨬍
䤼	0	䤼	3	
䤽	0	䤽	0	䤽
䤾	0	䤾	0	䤾
䤿	1	鍥	1	鍥
䥀	0	䥀	0	䥀
䥁	1	䤴	1	䤴
䥂	0	䥂	0	䥂
䥃	0	䥃	0	䥃
䥄	2	錯&䥄	0	䥄
䥅	1	琴	1	琴
䥆	1	琴	1	琴
䥇	2	䥇&釤	1	釤
䥈	0	䥈	0	䥈
䥉	0	䥉	0	䥉
䥊	1	錆	1	錆
䥋	0	䥋	0	䥋
䥌	1	證	1	證
䥍	2	𨫔&䥍	1	𨫔
䥎	0	䥎	0	䥎
䥏	2	鋙&䥏	0	䥏
䥐	1	鍪	1	鍪
䥑	2	䥑&鋄	1	鋄
䥒	0	䥒	0	䥒
䥔	2	鋉&䥔	2	鋉&䥔
䥕	1	鐅	1	鐅
䥖	1	鈿	1	鈿
䥗	0	䥗	0	䥗
䥘	1	錯	1	錯
䥙	2	䥙&鐆	0	䥙
䥚	1	初	1	初
䥛	2	䥛&鍥&鐑	3	鍥&鐑
䥝	2	鏖&鐭&䥝	0	䥝
䥞	0	䥞	0	䥞
䥟	0	䥟	0	䥟
䥠	3	針&鍼	1	鍼
䥡	2	鍱&䥡	1	鍱
䥢	2	䥢&鼜&鏧&𪔳	3	鼜&鏧&𪔳
䥣	1	鑿	1	鑿
䥤	2	鉋&䥤	2	鉋&䥤
䥥	3	鐮&鎌	1	鎌
䥦	1	𨬍	3	
䥧	1	璿	1	璿
䥨	2	鑢&䥨	2	鑢&䥨
䥩	0	䥩	0	䥩
䥪	1	𠠁	1	𠠁
䥫	1	鐵	1	鐵
䥬	1	鑮	1	鑮
䥭	1	證	1	證
䥮	0	䥮	0	䥮
䥯	0	䥯	0	䥯
䥰	0	䥰	0	䥰
䥱	2	寫&䥱	0	䥱
䥲	0	䥲	0	䥲
䥳	0	䥳	0	䥳
䥴	3	鐫&鑴	1	鑴
䥵	0	䥵	0	䥵
䥶	3	鬲&鎘	1	鬲
䥷	2	䥷&鍘&𠝝	3	鍘&𠝝
䥸	1	𨧮	1	𨧮
䥺	1	釾	3	
䥽	1	鏺	3	
䥾	1	䥱	3	
䥿	1	礪	3	
䦀	1	𨦫	3	
䦁	1	𨧜	3	
䦂	1	䥇	3	
䦃	3	鐯&斫&櫡	3	斫&櫡
䦅	1	鐥	3	
䦆	1	钁	1	钁
䦇	1	髻	1	髻
䦈	2	嗟&䦈	0	䦈
䦉	3	肆&駟	1	肆
䦊	0	䦊	0	䦊
䦋	0	䦋	0	䦋
䦌	0	䦌	0	䦌
䦍	0	䦍	0	䦍
䦎	2	閌&䦎&𨵄	2	閌&䦎
䦏	0	䦏	0	䦏
䦐	3	開&𨳝	1	𨳝
䦑	2	䆕&䦑	2	䆕&䦑
䦒	0	䦒	0	䦒
䦓	2	覘&䦓	2	覘&䦓
䦔	0	䦔	0	䦔
䦕	1	閛	1	閛
䦖	0	䦖	0	䦖
䦗	1	侐	1	侐
䦘	0	䦘	0	䦘
䦙	2	寺&䦙	0	䦙
䦚	0	䦚	0	䦚
䦛	0	䦛	3	
䦜	2	䦜&郚	1	郚
䦝	0	䦝	0	䦝
䦞	1	閏	1	閏
䦟	2	穩&䦟	0	䦟
䦠	0	䦠	0	䦠
䦡	0	䦡	0	䦡
䦢	2	闊&䦢	2	闊&䦢
䦣	0	䦣	0	䦣
䦤	0	䦤	0	䦤
䦥	2	閑&䦥	2	閑&䦥
䦦	1	琴	1	琴
䦧	1	鬩	1	鬩
䦨	1	闌	1	闌
䦩	1	闅	1	闅
䦪	0	䦪	0	䦪
䦫	0	䦫	0	䦫
䦬	1	𨴒	1	𨴒
䦭	0	䦭	0	䦭
䦮	0	䦮	0	䦮
䦯	0	䦯	0	䦯
䦱	2	䦱&𨵧	0	䦱
䦲	0	䦲	0	䦲
䦳	0	䦳	0	䦳
䦴	0	䦴	0	䦴
䦵	2	䦵&𩰞	1	𩰞
䦶	1	䦛	3	
䦷	3	穩&䦟	1	䦟
䦹	0	䦹	0	䦹
䦺	0	䦺	0	䦺
䦻	0	䦻	0	䦻
䦼	0	䦼	0	䦼
䦽	1	序	1	序
䧁	0	䧁	0	䧁
䧂	1	𨹸	1	𨹸
䧃	0	䧃	0	䧃
䧄	0	䧄	0	䧄
䧅	0	䧅	0	䧅
䧆	0	䧆	0	䧆
䧇	0	䧇	0	䧇
䧉	1	𨛋	1	𨛋
䧊	0	䧊	0	䧊
䧋	0	䧋	0	䧋
䧌	0	䧌	0	䧌
䧍	1	隙	1	隙
䧎	0	䧎	0	䧎
䧏	1	降	3	
䧐	1	崞	1	崞
䧑	2	隄&䧑	2	隄&䧑
䧒	0	䧒	0	䧒
䧓	0	䧓	0	䧓
䧔	0	䧔	0	䧔
䧕	1	域	1	域
䧖	0	䧖	0	䧖
䧗	0	䧗	0	䧗
䧘	0	䧘	0	䧘
䧙	1	陵	1	陵
䧚	1	鄗	1	鄗
䧛	3	傍&𨍩	3	傍&𨍩
䧜	1	塘	1	塘
䧝	0	䧝	0	䧝
䧞	2	𨹺&䧞&𩣸	0	䧞
䧟	1	陷	1	陷
䧠	1	鄟	1	鄟
䧡	1	墉	1	墉
䧢	2	䧢&嶇	1	嶇
䧣	1	垔	1	垔
䧤	0	䧤	0	䧤
䧥	0	䧥	0	䧥
䧦	2	䧦&鄬	1	鄬
䧧	0	䧧	0	䧧
䧨	0	䧨	0	䧨
䧪	0	䧪	0	䧪
䧫	3	𨼍&壕	1	壕
䧬	2	瀕&䧬	1	瀕
䧮	0	䧮	0	䧮
䧯	0	䧯	0	䧯
䧰	0	䧰	0	䧰
䧱	1	鳩	1	鳩
䧲	1	鳱	1	鳱
䧳	1	雌	1	雌
䧴	0	䧴	0	䧴
䧵	1	鴆	1	鴆
䧶	2	𨾗&䧶	0	䧶
䧷	2	䧷&鴤	2	䧷&鴤
䧸	1	鴣	3	
䧹	1	鷹	1	鷹
䧺	1	雄	1	雄
䧻	1	鴿	1	鴿
䧼	1	鵠	1	鵠
䧽	1	𨿐	1	𨿐
䧾	3	𪅰&鵨	1	鵨
䧿	1	鵲	1	鵲
䨀	1	糴	1	糴
䨁	2	鶩&䨁	1	鶩
䨂	2	鶖&䨂	2	鶖&䨂
䨃	1	鷃	1	鷃
䨄	2	鵪&䨄	0	䨄
䨅	1	鷯	1	鷯
䨆	1	鷩	1	鷩
䨇	1	雙	1	雙
䨈	2	䨈&𪇕	0	䨈
䨉	1	鸚	1	鸚
䨊	0	䨊	0	䨊
䨋	1	虐	1	虐
䨌	1	雹	1	雹
䨍	3	穽&𤌌	1	𤌌
䨎	1	霐	1	霐
䨏	0	䨏	0	䨏
䨐	2	洽&䨐	2	洽&䨐
䨑	0	䨑	0	䨑
䨒	0	䨒	0	䨒
䨓	3	靁&雷	1	雷
䨔	1	雹	1	雹
䨕	1	𩂧	1	𩂧
䨖	1	霽	1	霽
䨗	0	䨗	0	䨗
䨘	1	霰	1	霰
䨙	1	霪	1	霪
䨛	0	䨛	0	䨛
䨜	0	䨜	0	䨜
䨝	0	䨝	0	䨝
䨞	0	䨞	0	䨞
䨟	2	窪&窊&䨟	2	窪&窊&䨟
䨠	1	靄	1	靄
䨡	0	䨡	0	䨡
䨢	1	霮	1	霮
䨣	0	䨣	0	䨣
䨤	0	䨤	0	䨤
䨥	2	雙&䨥	0	䨥
䨦	3	滂&雱&霶	1	雱
䨧	3	𩃬&霒	1	霒
䨨	0	䨨	0	䨨
䨩	1	靈	1	靈
䨪	1	霾	1	霾
䨫	1	霡	1	霡
䨬	1	𩄡	1	𩄡
䨭	1	霄	1	霄
䨮	1	雪	1	雪
䨯	1	𩄛	1	𩄛
䨰	2	濼&䨰	2	濼&䨰
䨱	2	覆&䨱	1	覆
䨲	0	䨲	0	䨲
䨳	0	䨳	0	䨳
䨴	0	䨴	0	䨴
䨵	0	䨵	0	䨵
䨶	1	霣	1	霣
䨷	1	霰	1	霰
䨸	0	䨸	0	䨸
䨹	0	䨹	0	䨹
䨺	0	䨺	0	䨺
䨻	0	䨻	0	䨻
䨼	0	䨼	0	䨼
䨽	0	䨽	0	䨽
䨾	3	扉&厞	3	扉&厞
䨿	0	䨿	0	䨿
䩀	0	䩀	0	䩀
䩁	0	䩁	0	䩁
䩂	0	䩂	0	䩂
䩃	0	䩃	0	䩃
䩄	1	靦	3	
䩅	0	䩅	0	䩅
䩆	0	䩆	0	䩆
䩇	0	䩇	0	䩇
䩈	1	𩔁	1	𩔁
䩉	0	䩉	0	䩉
䩊	0	䩊	0	䩊
䩋	2	懡&䩋	0	䩋
䩌	0	䩌	0	䩌
䩍	0	䩍	0	䩍
䩏	0	䩏	0	䩏
䩐	2	䩤&䩐	0	䩐
䩑	1	鞃	1	鞃
䩒	0	䩒	0	䩒
䩓	0	䩓	0	䩓
䩔	2	鞶&䩔&𩊜&𩌰	0	䩔
䩕	0	䩕	0	䩕
䩖	0	䩖	0	䩖
䩗	3	朔&霸	3	朔&霸
䩘	3	䩚&鞮	1	鞮
䩙	2	鞙&䩙	2	鞙&䩙
䩚	2	䩚&靪&鞮	3	靪&鞮
䩛	2	轡&䩛	2	轡&䩛
䩜	3	冑&胄	1	冑
䩝	1	鞄	1	鞄
䩞	0	䩞	0	䩞
䩟	0	䩟	0	䩟
䩠	2	綎&鞓&䩠	1	鞓
䩡	2	鞈&䩡	2	鞈&䩡
䩢	2	靼&䩢	2	靼&䩢
䩣	0	䩣	0	䩣
䩤	0	䩤	0	䩤
䩥	0	䩥	0	䩥
䩦	1	鞗	1	鞗
䩧	0	䩧	0	䩧
䩨	1	韔	1	韔
䩩	3	䡝&𩌑	3	䡝&𩌑
䩪	0	䩪	0	䩪
䩫	1	緉	1	緉
䩬	2	琫&䩬	2	琫&䩬
䩭	1	羈	1	羈
䩮	2	䩮&簶	1	簶
䩯	0	䩯	0	䩯
䩰	2	鞙&䩰	1	鞙
䩱	0	䩱	0	䩱
䩲	0	䩲	0	䩲
䩳	0	䩳	0	䩳
䩴	0	䩴	0	䩴
䩵	2	韗&䩵	0	䩵
䩶	0	䩶	0	䩶
䩷	3	幫&鞤	1	幫
䩸	0	䩸	0	䩸
䩹	0	䩹	0	䩹
䩺	0	䩺	0	䩺
䩻	0	䩻	0	䩻
䩼	0	䩼	0	䩼
䩽	0	䩽	0	䩽
䩾	0	䩾	0	䩾
䩿	1	鼖	1	鼖
䪀	1	䩪	3	
䪁	0	䪁	0	䪁
䪂	0	䪂	0	䪂
䪃	2	鞹&䪃	2	鞹&䪃
䪄	1	煌	1	煌
䪅	1	韣	1	韣
䪆	0	䪆	0	䪆
䪇	1	𩍿	1	𩍿
䪈	0	䪈	0	䪈
䪉	0	䪉	0	䪉
䪊	0	䪊	0	䪊
䪋	0	䪋	0	䪋
䪌	0	䪌	0	䪌
䪍	1	籣	1	籣
䪎	0	䪎	0	䪎
䪏	0	䪏	0	䪏
䪐	0	䪐	0	䪐
䪑	0	䪑	0	䪑
䪒	0	䪒	0	䪒
䪓	2	䪓&韘	0	䪓
䪔	2	䪔&䪙&𩏵	3	䪙&𩏵
䪕	2	鞠&䪕	2	鞠&䪕
䪖	1	䪙	1	䪙
䪗	2	䪗&𩏇	0	䪗
䪘	2	䪘&韙	1	韙
䪙	2	𩌏&䪙	0	䪙
䪚	2	𩌇&䪚	2	𩌇&䪚
䪛	0	䪛	0	䪛
䪜	2	䪜&襜&韂	3	襜&韂
䪝	1	韄	1	韄
䪞	2	䨿&䪞	2	䨿&䪞
䪠	3	䪡&齏	1	齏
䪡	2	䪡&齏	1	齏
䪢	2	䪢&齏	1	齏
䪣	1	齏	1	齏
䪤	0	䪤	0	䪤
䪥	1	薤	1	薤
䪦	0	䪦	0	䪦
䪧	0	䪧	0	䪧
䪨	0	䪨	0	䪨
䪩	1	吟	1	吟
䪫	0	䪫	0	䪫
䪬	0	䪬	0	䪬
䪭	0	䪭	0	䪭
䪮	0	䪮	0	䪮
䪯	0	䪯	0	䪯
䪰	2	噫&䪰	1	噫
䪱	2	孩&胲&頦&䪱	2	孩&胲&頦&䪱
䪲	1	髡	3	
䪳	0	䪳	0	䪳
䪴	0	䪴	0	䪴
䪵	0	䪵	0	䪵
䪶	0	䪶	0	䪶
䪷	0	䪷	0	䪷
䪸	2	䪸&䫒	2	䪸&䫒
䪹	2	䪹&𩑢	1	𩑢
䪺	1	頓	1	頓
䪻	0	䪻	0	䪻
䪼	0	䪼	0	䪼
䪽	0	䪽	0	䪽
䪾	0	䪾	0	䪾
䪿	1	囟	1	囟
䫀	0	䫀	0	䫀
䫁	2	頭&𦤫&䫁	0	䫁
䫂	0	䫂	0	䫂
䫃	2	脣&䫃	2	脣&䫃
䫄	0	䫄	0	䫄
䫅	0	䫅	0	䫅
䫆	0	䫆	0	䫆
䫇	1	髯	1	髯
䫈	0	䫈	0	䫈
䫉	1	貌	1	貌
䫊	3	䪹&𩑢	1	𩑢
䫋	2	頹&隤&䫋	2	頹&隤&䫋
䫌	0	䫌	0	䫌
䫍	2	頫&䫍	1	頫
䫎	0	䫎	0	䫎
䫏	2	䫏&䫑	1	䫑
䫐	0	䫐	0	䫐
䫑	0	䫑	0	䫑
䫒	0	䫒	0	䫒
䫓	1	𩒾	1	𩒾
䫔	0	䫔	0	䫔
䫕	0	䫕	0	䫕
䫖	0	䫖	0	䫖
䫗	0	䫗	0	䫗
䫘	0	䫘	0	䫘
䫙	1	顙	1	顙
䫚	0	䫚	0	䫚
䫛	0	䫛	0	䫛
䫜	0	䫜	0	䫜
䫝	1	馥	1	馥
䫞	2	頒&䫞	2	頒&䫞
䫟	0	䫟	0	䫟
䫠	0	䫠	0	䫠
䫡	0	䫡	0	䫡
䫢	0	䫢	0	䫢
䫣	0	䫣	0	䫣
䫤	2	名&䫤	0	䫤
䫥	0	䫥	0	䫥
䫦	0	䫦	0	䫦
䫧	2	𧢌&䫧	0	䫧
䫨	0	䫨	0	䫨
䫩	0	䫩	0	䫩
䫪	0	䫪	0	䫪
䫫	1	髏	1	髏
䫬	0	䫬	0	䫬
䫭	0	䫭	0	䫭
䫮	0	䫮	0	䫮
䫯	1	𩕲	1	𩕲
䫰	1	𩕔	1	𩕔
䫱	1	顬	1	顬
䫲	0	䫲	0	䫲
䫳	1	髑	1	髑
䫴	2	噤&䫴	0	䫴
䫵	0	䫵	0	䫵
䫶	0	䫶	0	䫶
䫷	2	顎&䫷	1	顎
䫸	0	䫸	0	䫸
䫹	2	䫹&𩘎	1	𩘎
䫺	0	䫺	0	䫺
䫻	0	䫻	0	䫻
䫼	2	䫼&𩖶	1	𩖶
䫽	0	䫽	0	䫽
䫾	2	飋&㓖&䫾	0	䫾
䫿	0	䫿	0	䫿
䬀	0	䬀	0	䬀
䬁	0	䬁	0	䬁
䬂	0	䬂	0	䬂
䬃	1	颯	1	颯
䬄	0	䬄	0	䬄
䬅	0	䬅	0	䬅
䬆	0	䬆	0	䬆
䬇	2	䬇&𩘍	0	䬇
䬈	0	䬈	0	䬈
䬉	0	䬉	0	䬉
䬊	0	䬊	0	䬊
䬋	0	䬋	0	䬋
䬌	0	䬌	0	䬌
䬍	0	䬍	0	䬍
䬎	0	䬎	0	䬎
䬏	0	䬏	0	䬏
䬐	0	䬐	0	䬐
䬑	0	䬑	0	䬑
䬒	2	䬒&颼	1	颼
䬓	0	䬓	0	䬓
䬔	0	䬔	0	䬔
䬕	0	䬕	0	䬕
䬖	1	䬝	1	䬝
䬗	1	颺	1	颺
䬘	0	䬘	0	䬘
䬙	1	颻	1	颻
䬚	1	颿	1	颿
䬛	2	㓖&䫾&䬛	2	㓖&䫾&䬛
䬜	1	魑	1	魑
䬝	0	䬝	0	䬝
䬞	0	䬞	0	䬞
䬟	2	𩖴&飀&䬟	0	䬟
䬠	1	霏	1	霏
䬡	1	翥	1	翥
䬢	1	饕	1	饕
䬣	2	餼&䬣	0	䬣
䬤	3	饘&饡	3	饘&饡
䬥	1	饐	1	饐
䬦	0	䬦	0	䬦
䬧	0	䬧	0	䬧
䬨	2	𠣿&䬨	1	𠣿
䬩	1	齋	1	齋
䬪	1	餺	1	餺
䬫	0	䬫	0	䬫
䬬	2	䬬&䭘	1	䭘
䬭	1	饕	1	饕
䬮	1	飴	3	
䬯	2	餂&䬯	0	䬯
䬰	0	䬰	0	䬰
䬱	0	䬱	0	䬱
䬲	0	䬲	0	䬲
䬳	2	䬳&粄	1	粄
䬴	2	䬴&秣	1	秣
䬵	0	䬵	0	䬵
䬶	0	䬶	0	䬶
䬷	0	䬷	0	䬷
䬸	3	飧&餐	1	餐
䬹	0	䬹	0	䬹
䬺	1	䭐	1	䭐
䬻	1	餞	1	餞
䬼	0	䬼	0	䬼
䬽	0	䬽	0	䬽
䬾	0	䬾	0	䬾
䬿	0	䬿	0	䬿
䭀	0	䭀	0	䭀
䭁	0	䭁	0	䭁
䭂	0	䭂	0	䭂
䭃	2	飪&䭃	0	䭃
䭄	1	𩛌	1	𩛌
䭅	0	䭅	0	䭅
䭆	0	䭆	0	䭆
䭇	2	䭇&噎&饐	3	噎&饐
䭈	2	饘&䭈	2	饘&䭈
䭉	0	䭉	0	䭉
䭊	2	䭊&䭘	1	䭘
䭋	1	飽	1	飽
䭌	1	餬	1	餬
䭍	2	餬&䭍	1	餬
䭎	0	䭎	0	䭎
䭐	0	䭐	0	䭐
䭑	2	歉&餡&䭑	0	䭑
䭒	0	䭒	0	䭒
䭓	0	䭓	0	䭓
䭔	0	䭔	0	䭔
䭕	0	䭕	0	䭕
䭖	0	䭖	0	䭖
䭗	1	䭘	1	䭘
䭘	0	䭘	0	䭘
䭙	0	䭙	0	䭙
䭚	2	噇&䭚	0	䭚
䭛	3	饏&澉	1	澉
䭝	2	膾&䭝	2	膾&䭝
䭞	0	䭞	0	䭞
䭟	2	䭎&䭟	0	䭟
䭠	0	䭠	0	䭠
䭡	0	䭡	0	䭡
䭢	0	䭢	0	䭢
䭣	1	餈	1	餈
䭤	1	𩝡	1	𩝡
䭥	1	䭐	1	䭐
䭦	2	䭦&餺	1	餺
䭧	2	糜&䭧	2	糜&䭧
䭨	2	䬽&䭨	1	䬽
䭩	1	䭧	1	䭧
䭪	1	糧	3	
䭫	2	䭫&稽	1	稽
䭬	1	稽	1	稽
䭭	0	䭭	0	䭭
䭮	0	䭮	0	䭮
䭯	1	馞	1	馞
䭰	0	䭰	0	䭰
䭱	2	馝&䭱	0	䭱
䭲	0	䭲	0	䭲
䭳	0	䭳	0	䭳
䭴	2	𩡧&䭴	1	𩡧
䭵	2	颿&䭵	1	颿
䭶	1	騏	1	騏
䭷	2	髦&䭷	2	髦&䭷
䭸	0	䭸	0	䭸
䭹	0	䭹	0	䭹
䭺	2	䭺&䭹	2	䭺&䭹
䭻	0	䭻	0	䭻
䭼	1	騏	1	騏
䭽	1	群	1	群
䭾	1	馱	1	馱
䭿	0	䭿	0	䭿
䮀	1	𩣡	1	𩣡
䮁	1	駢	1	駢
䮂	0	䮂	0	䮂
䮃	3	駈&驅	1	驅
䮄	0	䮄	0	䮄
䮅	3	駥&𩣊	1	𩣊
䮆	1	駓	1	駓
䮇	1	驈	1	驈
䮈	1	馳	1	馳
䮉	2	𩥆&䮉	0	䮉
䮊	0	䮊	0	䮊
䮋	1	𩢾	1	𩢾
䮌	2	䮌&𩢮	1	𩢮
䮍	1	褭	1	褭
䮎	0	䮎	0	䮎
䮏	0	䮏	0	䮏
䮐	1	駉	1	駉
䮑	0	䮑	0	䮑
䮒	0	䮒	0	䮒
䮓	0	䮓	0	䮓
䮔	0	䮔	0	䮔
䮕	0	䮕	0	䮕
䮖	0	䮖	0	䮖
䮗	0	䮗	0	䮗
䮘	0	䮘	0	䮘
䮙	0	䮙	0	䮙
䮚	0	䮚	0	䮚
䮛	1	駙	1	駙
䮜	0	䮜	0	䮜
䮝	0	䮝	0	䮝
䮞	2	䮞&𩥫	0	䮞
䮟	2	駷&䮟	2	駷&䮟
䮠	0	䮠	0	䮠
䮡	2	駁&駜&䮡	2	駁&駜&䮡
䮢	0	䮢	0	䮢
䮣	2	䮣&𩦌	1	𩦌
䮤	0	䮤	0	䮤
䮥	1	𩧂	1	𩧂
䮦	2	驕&䮦	1	驕
䮧	0	䮧	0	䮧
䮨	0	䮨	0	䮨
䮩	0	䮩	0	䮩
䮪	2	騬&䮪	1	騬
䮫	2	驢&䮫	0	䮫
䮬	2	騲&䮬	0	䮬
䮭	0	䮭	0	䮭
䮮	1	𩢷	1	𩢷
䮯	1	驁	1	驁
䮰	0	䮰	0	䮰
䮱	0	䮱	0	䮱
䮲	1	騜	1	騜
䮳	2	蕃&䮳	0	䮳
䮴	0	䮴	0	䮴
䮵	0	䮵	0	䮵
䮶	1	驫	1	驫
䮷	0	䮷	0	䮷
䮸	0	䮸	0	䮸
䮹	0	䮹	0	䮹
䮺	0	䮺	0	䮺
䮻	1	禂	1	禂
䮼	1	驎	1	驎
䮽	1	鑣	1	鑣
䮾	2	龐&龍&䮾	0	䮾
䮿	2	䮿&蹇	1	蹇
䯀	2	𩣘&䯀	1	𩣘
䯁	2	䯁&騾	1	騾
䯂	0	䯂	0	䯂
䯃	1	鞍	3	
䯄	1	騧	3	
䯅	1	𩣘	3	
䯆	0	䯆	0	䯆
䯇	0	䯇	0	䯇
䯈	0	䯈	0	䯈
䯉	0	䯉	0	䯉
䯊	2	髂&䯊	2	髂&䯊
䯋	0	䯋	0	䯋
䯌	0	䯌	0	䯌
䯍	0	䯍	0	䯍
䯎	1	骭	3	
䯏	0	䯏	0	䯏
䯐	1	骸	1	骸
䯑	0	䯑	0	䯑
䯒	0	䯒	0	䯒
䯓	0	䯓	0	䯓
䯔	0	䯔	0	䯔
䯕	0	䯕	0	䯕
䯖	0	䯖	0	䯖
䯗	1	髀	1	髀
䯘	0	䯘	0	䯘
䯙	2	髆&䯙	0	䯙
䯚	0	䯚	0	䯚
䯛	0	䯛	0	䯛
䯜	0	䯜	0	䯜
䯝	1	髓	1	髓
䯞	0	䯞	0	䯞
䯟	0	䯟	0	䯟
䯠	0	䯠	0	䯠
䯡	0	䯡	0	䯡
䯢	1	髍	1	髍
䯣	0	䯣	0	䯣
䯤	0	䯤	0	䯤
䯥	0	䯥	0	䯥
䯦	0	䯦	0	䯦
䯧	1	廎	1	廎
䯨	2	敲&䯨	2	敲&䯨
䯪	0	䯪	0	䯪
䯫	2	顥&䯫	0	䯫
䯬	1	嚲	1	嚲
䯭	0	䯭	0	䯭
䯮	0	䯮	0	䯮
䯯	1	髿	1	髿
䯰	0	䯰	0	䯰
䯱	0	䯱	0	䯱
䯲	0	䯲	0	䯲
䯳	2	鬆&䯳	1	鬆
䯴	0	䯴	0	䯴
䯵	0	䯵	0	䯵
䯶	1	鬘	1	鬘
䯷	0	䯷	0	䯷
䯸	0	䯸	0	䯸
䯹	0	䯹	0	䯹
䯺	1	髺	1	髺
䯻	1	髻	3	
䯼	0	䯼	0	䯼
䯽	0	䯽	0	䯽
䯾	0	䯾	0	䯾
䯿	0	䯿	0	䯿
䰀	0	䰀	0	䰀
䰁	0	䰁	0	䰁
䰂	0	䰂	0	䰂
䰃	0	䰃	0	䰃
䰄	0	䰄	0	䰄
䰅	1	鬚	1	鬚
䰆	0	䰆	0	䰆
䰇	1	鬐	3	
䰈	0	䰈	0	䰈
䰉	0	䰉	0	䰉
䰊	0	䰊	0	䰊
䰋	1	鬘	1	鬘
䰌	2	𩮀&䰌	2	𩮀&䰌
䰍	2	䰍&髹	1	髹
䰎	0	䰎	0	䰎
䰏	1	𩯰	1	𩯰
䰐	0	䰐	0	䰐
䰑	1	鬚	1	鬚
䰒	0	䰒	0	䰒
䰓	0	䰓	0	䰓
䰔	1	䰉	1	䰉
䰕	0	䰕	0	䰕
䰖	0	䰖	0	䰖
䰗	1	鬮	1	鬮
䰘	0	䰘	0	䰘
䰙	0	䰙	0	䰙
䰚	0	䰚	0	䰚
䰛	1	鬲	1	鬲
䰜	1	鬲	1	鬲
䰝	1	甑	1	甑
䰞	1	煮	1	煮
䰟	1	魂	1	魂
䰠	2	神&䰠	0	䰠
䰡	0	䰡	0	䰡
䰢	0	䰢	0	䰢
䰣	1	魍	1	魍
䰤	0	䰤	0	䰤
䰥	1	魊	1	魊
䰦	0	䰦	0	䰦
䰧	0	䰧	0	䰧
䰨	1	魅	1	魅
䰩	0	䰩	0	䰩
䰪	1	魅	1	魅
䰫	0	䰫	0	䰫
䰬	0	䰬	0	䰬
䰭	1	䰰	1	䰰
䰯	0	䰯	0	䰯
䰰	0	䰰	0	䰰
䰱	1	𩵀	1	𩵀
䰲	0	䰲	0	䰲
䰴	0	䰴	0	䰴
䰵	0	䰵	0	䰵
䰷	0	䰷	0	䰷
䰸	0	䰸	0	䰸
䰹	3	鱡&鰂	1	鰂
䰺	1	魪	1	魪
䰻	3	䱷&漁	1	漁
䰼	2	鱗&䰼	0	䰼
䰽	0	䰽	0	䰽
䰾	0	䰾	0	䰾
䰿	1	鮀	1	鮀
䱀	0	䱀	0	䱀
䱁	2	魾&䱁	0	䱁
䱂	0	䱂	0	䱂
䱃	0	䱃	0	䱃
䱄	3	觚&魪	1	魪
䱅	0	䱅	0	䱅
䱆	1	鱦	1	鱦
䱇	2	䱇&鱔	1	鱔
䱈	1	鮨	1	鮨
䱉	2	䱇&鱔&䱉	2	鱔&䱉
䱊	0	䱊	0	䱊
䱋	0	䱋	0	䱋
䱌	0	䱌	0	䱌
䱍	2	䱍&䱎	1	䱎
䱎	0	䱎	0	䱎
䱏	0	䱏	0	䱏
䱐	0	䱐	0	䱐
䱑	2	𧋍&䱑	2	𧋍&䱑
䱒	1	𩸆	1	𩸆
䱓	0	䱓	0	䱓
䱔	3	鯈&鰷	3	鯈&鰷
䱕	0	䱕	0	䱕
䱖	1	鰡	1	鰡
䱗	1	𩽐	1	𩽐
䱘	1	鯬	1	鯬
䱙	2	鮛&䱙	0	䱙
䱚	0	䱚	0	䱚
䱛	2	䱛&𩷍	1	𩷍
䱜	0	䱜	0	䱜
䱝	0	䱝	0	䱝
䱞	0	䱞	0	䱞
䱟	2	蜛&䱟	2	蜛&䱟
䱠	0	䱠	0	䱠
䱡	0	䱡	0	䱡
䱢	0	䱢	0	䱢
䱣	0	䱣	0	䱣
䱤	0	䱤	0	䱤
䱥	2	䱥&鰶	0	䱥
䱦	0	䱦	0	䱦
䱧	2	䱧&鱔	1	鱔
䱨	1	䱥	1	䱥
䱫	1	鯻	1	鯻
䱬	0	䱬	0	䱬
䱭	1	䱎	1	䱎
䱮	0	䱮	0	䱮
䱯	0	䱯	0	䱯
䱰	2	鮦&䱰	0	䱰
䱱	0	䱱	0	䱱
䱲	0	䱲	0	䱲
䱳	1	鱣	1	鱣
䱴	1	䱎	3	
䱵	0	䱵	0	䱵
䱶	1	𩷕	1	𩷕
䱷	2	䱷&漁	1	漁
䱸	0	䱸	0	䱸
䱹	2	䱹&鮺	1	鮺
䱺	0	䱺	0	䱺
䱻	0	䱻	0	䱻
䱼	0	䱼	0	䱼
䱽	1	鯧	1	鯧
䱾	0	䱾	0	䱾
䱿	0	䱿	0	䱿
䲀	0	䲀	0	䲀
䲁	0	䲁	0	䲁
䲂	0	䲂	0	䲂
䲃	0	䲃	0	䲃
䲄	3	鰵&鮸	1	鮸
䲅	0	䲅	0	䲅
䲆	2	穌&鮮&䲆	2	穌&鮮&䲆
䲉	0	䲉	0	䲉
䲊	0	䲊	0	䲊
䲋	1	𩻛	1	𩻛
䲌	0	䲌	0	䲌
䲍	1	鰧	1	鰧
䲎	1	鯘	1	鯘
䲏	0	䲏	0	䲏
䲐	0	䲐	0	䲐
䲑	0	䲑	0	䲑
䲒	2	蟹&䲒	0	䲒
䲓	2	噞&䲓	2	噞&䲓
䲔	1	鯨	1	鯨
䲕	2	鯆&䲕	0	䲕
䲖	0	䲖	0	䲖
䲗	0	䲗	0	䲗
䲘	0	䲘	3	
䲙	0	䲙	0	䲙
䲚	0	䲚	0	䲚
䲛	1	𩶶	1	𩶶
䲜	2	𩼋&䲜	2	𩼋&䲜
䲝	1	鯧	3	
䲞	1	𩶘	3	
䲟	1	鮣	3	
䲠	1	鰆	1	鰆
䲡	1	鰌	3	
䲢	1	鰧	3	
䲣	1	䱷	3	
䲤	1	鿐	3	
䲥	2	鳩&䲥	1	鳩
䲦	0	䲦	0	䲦
䲧	0	䲧	0	䲧
䲨	2	鴻&𨾊&䲨	1	鴻
䲩	1	鳲	1	鳲
䲪	0	䲪	0	䲪
䲫	1	鳩	1	鳩
䲬	0	䲬	0	䲬
䲭	2	䲭&鴟	1	鴟
䲮	0	䲮	0	䲮
䲯	3	鷑&𩾶	3	鷑&𩾶
䲰	0	䲰	0	䲰
䲱	1	鶭	1	鶭
䲲	2	䲲&𪀚	2	䲲&𪀚
䲳	3	鴆&𦐄	3	鴆&𦐄
䲴	1	鴆	1	鴆
䲵	1	雀	1	雀
䲷	1	梟	1	梟
䲸	0	䲸	0	䲸
䲹	0	䲹	0	䲹
䲺	0	䲺	0	䲺
䲻	0	䲻	0	䲻
䲼	2	鼪&䲼	0	䲼
䲽	0	䲽	0	䲽
䲾	0	䲾	0	䲾
䲿	1	鶿	1	鶿
䳀	2	䳀&鴩	1	鴩
䳁	0	䳁	0	䳁
䳂	2	䳂&𩾗	2	䳂&𩾗
䳃	2	𪂧&䳃	0	䳃
䳄	3	雌&鴜	1	雌
䳅	0	䳅	0	䳅
䳆	0	䳆	0	䳆
䳇	2	䳇&鵡	1	鵡
䳈	1	鴇	1	鴇
䳉	2	鴆&䳉	2	鴆&䳉
䳊	1	䳁	1	䳁
䳋	2	蟂&䳋	2	蟂&䳋
䳌	1	鵑	1	鵑
䳍	0	䳍	0	䳍
䳎	2	䳎&䳔	0	䳎
䳏	2	鴃&䳏	2	鴃&䳏
䳐	0	䳐	0	䳐
䳑	0	䳑	0	䳑
䳒	1	鳶	1	鳶
䳓	0	䳓	0	䳓
䳔	0	䳔	0	䳔
䳕	0	䳕	0	䳕
䳖	0	䳖	0	䳖
䳗	1	鵝	1	鵝
䳘	1	鵝	1	鵝
䳙	0	䳙	0	䳙
䳚	2	鳱&鶡&䳚	0	䳚
䳛	2	鷃&䳛	1	鷃
䳜	2	䳜&鵌	1	鵌
䳝	0	䳝	0	䳝
䳞	0	䳞	0	䳞
䳟	0	䳟	0	䳟
䳠	2	𨿠&䳠	2	𨿠&䳠
䳡	3	鵻&鷃	3	鵻&鷃
䳢	1	鶀	1	鶀
䳣	2	鳶&䳣	0	䳣
䳤	0	䳤	0	䳤
䳦	0	䳦	0	䳦
䳧	1	𪃶	1	𪃶
䳨	1	凰	1	凰
䳩	0	䳩	0	䳩
䳪	2	鷒&䳪	1	鷒
䳫	2	䳫&𪆴	0	䳫
䳬	2	鷊&鷤&䳬	2	鷊&䳬
䳭	2	䳭&鶺	1	鶺
䳮	0	䳮	0	䳮
䳯	2	𨿿&䳯	2	𨿿&䳯
䳰	1	鴇	1	鴇
䳱	1	鶩	1	鶩
䳲	0	䳲	0	䳲
䳳	0	䳳	0	䳳
䳴	2	𦑲&䳴	2	𦑲&䳴
䳵	2	鷘&䳵	0	䳵
䳶	3	雞&鸂	3	雞&鸂
䳷	2	𩀨&䳷	0	䳷
䳸	1	䳸	1	䳸
䳺	2	䳺&鵪&䨄	3	鵪&䨄
䳻	0	䳻	0	䳻
䳼	1	鷗	1	鷗
䳽	3	鸖&鶴	1	鶴
䳾	0	䳾	0	䳾
䳿	0	䳿	0	䳿
䴀	0	䴀	0	䴀
䴁	2	𪃍&䴁	2	𪃍&䴁
䴂	0	䴂	0	䴂
䴃	0	䴃	0	䴃
䴄	0	䴄	0	䴄
䴅	0	䴅	0	䴅
䴆	0	䴆	0	䴆
䴇	2	鴒&䴇	0	䴇
䴈	2	𪁾&䴈	0	䴈
䴉	0	䴉	0	䴉
䴊	1	鸃	1	鸃
䴋	2	䴋&䴉	1	䴉
䴌	1	鸏	1	鸏
䴍	0	䴍	0	䴍
䴎	1	鸓	1	鸓
䴏	1	燕	1	燕
䴐	2	鴇&䴐	2	鴇&䴐
䴑	0	䴑	0	䴑
䴒	1	鴒	1	鴒
䴓	1	鳾	3	
䴔	1	鵁	3	
䴕	1	鴷	1	鴷
䴖	1	鶄	1	鶄
䴗	1	鶪	1	鶪
䴘	1	鷉	3	
䴙	1	鸊	3	
䴚	0	䴚	0	䴚
䴛	0	䴛	0	䴛
䴜	1	𪊉	1	𪊉
䴝	0	䴝	0	䴝
䴞	0	䴞	0	䴞
䴟	0	䴟	0	䴟
䴠	0	䴠	0	䴠
䴡	1	麗	1	麗
䴢	1	麋	1	麋
䴣	0	䴣	0	䴣
䴤	0	䴤	0	䴤
䴥	2	䴥&麚	1	麚
䴦	0	䴦	0	䴦
䴧	0	䴧	0	䴧
䴨	1	麖	3	
䴩	0	䴩	0	䴩
䴪	0	䴪	0	䴪
䴫	3	𪋪&羚	1	羚
䴬	0	䴬	0	䴬
䴭	0	䴭	0	䴭
䴮	0	䴮	0	䴮
䴯	0	䴯	0	䴯
䴰	0	䴰	0	䴰
䴱	0	䴱	0	䴱
䴲	0	䴲	0	䴲
䴳	0	䴳	0	䴳
䴴	2	黏&䴴	0	䴴
䴵	1	餅	1	餅
䴶	0	䴶	0	䴶
䴷	2	䴷&䴹&𪍺	0	䴷
䴸	1	麩	1	麩
䴹	0	䴹	0	䴹
䴺	0	䴺	0	䴺
䴻	0	䴻	0	䴻
䴼	0	䴼	0	䴼
䴽	0	䴽	0	䴽
䴾	0	䴾	0	䴾
䴿	2	䤓&䴿	0	䴿
䵀	2	𪍛&䵀	0	䵀
䵁	0	䵁	0	䵁
䵂	0	䵂	0	䵂
䵃	0	䵃	0	䵃
䵄	1	麷	1	麷
䵅	2	䵅&熬	1	熬
䵆	1	䴿	1	䴿
䵇	1	𢊰	1	𢊰
䵈	0	䵈	0	䵈
䵉	0	䵉	0	䵉
䵊	1	𪏆	1	𪏆
䵋	0	䵋	0	䵋
䵌	0	䵌	0	䵌
䵍	1	𪏆	1	𪏆
䵎	0	䵎	0	䵎
䵏	0	䵏	0	䵏
䵐	0	䵐	0	䵐
䵑	1	䵒	1	䵒
䵒	0	䵒	0	䵒
䵓	1	犁	1	犁
䵔	0	䵔	0	䵔
䵕	0	䵕	0	䵕
䵖	0	䵖	0	䵖
䵗	0	䵗	0	䵗
䵘	2	曬&䵘	0	䵘
䵙	0	䵙	0	䵙
䵚	0	䵚	0	䵚
䵛	1	䵖	1	䵖
䵜	0	䵜	0	䵜
䵝	0	䵝	0	䵝
䵞	1	黥	1	黥
䵟	2	皯&䵟	2	皯&䵟
䵠	0	䵠	0	䵠
䵡	2	䵡&䵤	0	䵡
䵢	0	䵢	0	䵢
䵣	0	䵣	0	䵣
䵤	0	䵤	0	䵤
䵥	0	䵥	0	䵥
䵦	2	汙&䵦	2	汙&䵦
䵧	0	䵧	0	䵧
䵨	0	䵨	0	䵨
䵩	2	黧&䵩	1	黧
䵪	0	䵪	0	䵪
䵫	2	黦&䵫	2	黦&䵫
䵬	0	䵬	0	䵬
䵭	0	䵭	0	䵭
䵮	0	䵮	0	䵮
䵯	2	畽&䵯	1	畽
䵰	0	䵰	0	䵰
䵱	0	䵱	0	䵱
䵲	0	䵲	0	䵲
䵳	0	䵳	0	䵳
䵴	2	𪒟&䵴	0	䵴
䵵	0	䵵	0	䵵
䵶	0	䵶	0	䵶
䵷	1	蛙	1	蛙
䵸	1	鼀	1	鼀
䵹	1	鼅	1	鼅
䵺	2	圢&䵺	0	䵺
䵻	0	䵻	0	䵻
䵼	2	䵼&鬺	1	鬺
䵽	0	䵽	0	䵽
䵾	2	拊&䵾	2	拊&䵾
䵿	2	䵿&𪔪	1	𪔪
䶀	0	䶀	0	䶀
䶁	0	䶁	0	䶁
䶂	0	䶂	0	䶂
䶃	0	䶃	0	䶃
䶄	0	䶄	0	䶄
䶅	0	䶅	0	䶅
䶆	0	䶆	0	䶆
䶇	2	鼬&䶇	2	鼬&䶇
䶈	0	䶈	0	䶈
䶉	2	䶉&𪕋	1	𪕋
䶊	0	䶊	0	䶊
䶋	0	䶋	0	䶋
䶌	2	䶌&皰	1	皰
䶍	3	嚏&𪖣	1	嚏
䶎	0	䶎	0	䶎
䶏	2	涕&洟&䶏	1	洟
䶐	0	䶐	0	䶐
䶑	2	嚏&𪖣&䶑	0	䶑
䶒	0	䶒	0	䶒
䶓	0	䶓	0	䶓
䶔	0	䶔	0	䶔
䶕	0	䶕	0	䶕
䶖	2	𤘡&𦧈&䶖	1	𦧈
䶗	0	䶗	0	䶗
䶘	0	䶘	0	䶘
䶙	0	䶙	0	䶙
䶚	2	齲&䶚	1	齲
䶛	0	䶛	0	䶛
䶜	0	䶜	0	䶜
䶝	0	䶝	0	䶝
䶞	0	䶞	0	䶞
䶟	0	䶟	0	䶟
䶠	0	䶠	0	䶠
䶡	0	䶡	0	䶡
䶢	1	䶠	1	䶠
䶣	0	䶣	0	䶣
䶤	2	𩪲&䶤	0	䶤
䶥	0	䶥	0	䶥
䶦	2	䶦&齰	1	齰
䶧	3	齩&咬	1	咬
䶨	0	䶨	0	䶨
䶩	0	䶩	0	䶩
䶪	0	䶪	0	䶪
䶫	1	𪙊	1	𪙊
䶬	0	䶬	0	䶬
䶮	1	龑	1	龑
䶯	0	䶯	0	䶯
䶰	0	䶰	0	䶰
䶱	0	䶱	0	䶱
䶲	1	𪚮	3	
䶳	0	䶳	0	䶳
䶴	2	吹&䶴	0	䶴
䶵	2	䶵&篪	1	篪
䶷	2	䶷&叫	2	䶷&叫
𠀀	0	𠀀	0	𠀀
𠀁	1	七	3	
𠀃	3	且&几	3	且&几
𠀄	1	衛	1	衛
𠀅	1	亥	1	亥
𠀇	1	且	1	且
𠀈	1	丘	1	丘
𠀉	2	丘&𠀉	1	丘
𠀋	1	丈	1	丈
𠀌	1	丘	1	丘
𠀍	1	世	3	
𠀒	1	平	1	平
𠀓	3	亞&思	1	思
𠀔	2	𠀔&孒	2	𠀔&孒
𠀕	1	亙	3	
𠀘	1	天	1	天
𠀙	1	麗	1	麗
𠀚	1	不	1	不
𠀜	1	邱	3	
𠀟	1	𣐺	3	
𠀠	1	箕	1	箕
𠀡	1	天	1	天
𠀢	0	𠀢	0	𠀢
𠀤	1	並	3	
𠀥	3	亙&亘	1	亘
𠀩	1	汀	1	汀
𠀬	1	㐁	1	㐁
𠀭	1	平	1	平
𠀮	1	箕	1	箕
𠀯	3	囦&淵	1	淵
𠀰	1	多	3	
𠀹	1	君	1	君
𠀻	1	黿	1	黿
𠀾	1	𠁞	3	
𠁁	0	𠁁	0	𠁁
𠁃	2	鋪&𠁃	2	鋪&𠁃
𠁅	3	處&豦	1	處
𠁈	1	君	1	君
𠁊	1	爽	3	
𠁏	1	壼	1	壼
𠁐	1	壼	3	
𠁕	1	壼	1	壼
𠁗	3	奭&𥇛	3	奭&𥇛
𠁜	1	踴	3	
𠁞	0	𠁞	3	
𠁡	1	卜	1	卜
𠁢	1	卜	1	卜
𠁤	1	四	1	四
𠁥	0	𠁥	0	𠁥
𠁦	1	中	1	中
𠁧	1	中	1	中
𠁩	1	中	1	中
𠁫	0	𠁫	0	𠁫
𠁭	0	𠁭	0	𠁭
𠁮	2	𠁮&叔	1	叔
𠁰	1	乖	1	乖
𠁱	1	事	1	事
𠁲	1	阱	1	阱
𠁴	1	龜	1	龜
𠁷	2	丳&𠁷	1	丳
𠁽	1	丸	1	丸
𠁾	2	卩&𠁾	0	𠁾
𠁿	1	丹	1	丹
𠂁	1	丹	3	
𠂂	1	終	1	終
𠂃	1	仇	3	
𠂆	0	𠂆	0	𠂆
𠂇	2	左&有&𠂇	2	左&有&𠂇
𠂈	3	殄&丩&𠄍	3	殄&丩&𠄍
𠂌	1	垂	3	
𠂍	1	萬	1	萬
𠂎	1	卩	3	
𠂏	3	乳&奶	3	乳&奶
𠂔	0	𠂔	0	𠂔
𠂕	1	矢	1	矢
𠂘	1	厄	1	厄
𠂛	1	正	3	
𠂜	1	乏	1	乏
𠂝	1	匝	1	匝
𠂞	1	乎	1	乎
𠂠	3	乎&釆	3	乎&釆
𠂢	1	派	1	派
𠂣	0	𠂣	0	𠂣
𠂤	2	堆&𠂤	0	𠂤
𠂥	0	𠂥	0	𠂥
𠂦	1	用	3	
𠂨	1	窗	1	窗
𠂩	1	氏	1	氏
𠂬	2	𠂬&卮&厄	3	卮&厄
𠂮	1	辰	1	辰
𠂯	1	乖	1	乖
𠂰	1	虎	1	虎
𠂱	1	𤿙	1	𤿙
𠂲	1	棗	1	棗
𠂳	1	總	1	總
𠂵	1	用	1	用
𠂶	1	烏	1	烏
𠂷	1	幸	1	幸
𠂹	2	垂&𠂹	0	𠂹
𠂺	1	思	1	思
𠂻	1	衷	3	
𠂼	1	扂	1	扂
𠂽	1	畏	1	畏
𠂾	3	坏&壞	1	坏
𠂿	1	手	1	手
𠃀	1	𠂹	3	
𠃂	1	岯	1	岯
𠃃	1	𡭐	1	𡭐
𠃄	1	愈	1	愈
𠃆	0	𠃆	0	𠃆
𠃉	2	鳦&𠃉	1	鳦
𠃊	3	乙&隱	1	乙
𠃋	2	肱&𠃋	2	肱&𠃋
𠃏	1	丩	1	丩
𠃐	1	會	1	會
𠃑	0	𠃑	0	𠃑
𠃒	2	世&𠃒	0	𠃒
𠃓	1	昜	3	
𠃔	1	允	3	
𠃕	1	州	1	州
𠃖	2	丩&𠃖	0	𠃖
𠃚	1	丩	3	
𠃜	1	尸	1	尸
𠃞	1	禮	1	禮
𠃟	2	𠃟&也&匜	3	也&匜
𠃠	1	丑	1	丑
𠃡	2	萬&𠃡	2	萬&𠃡
𠃢	1	四	3	
𠃤	1	荒	1	荒
𠃥	1	舉	1	舉
𠃧	1	飛	1	飛
𠃨	1	丮	3	
𠃭	1	始	1	始
𠃰	3	備&𤰈	3	備&𤰈
𠃱	1	勃	1	勃
𠃲	1	截	1	截
𠃳	1	馗	1	馗
𠃵	1	乾	3	
𠃶	1	亂	1	亂
𠃸	1	亄	1	亄
𠃹	1	亂	3	
𠃼	1	思	1	思
𠃽	2	𠃽&慃	0	𠃽
𠃾	1	龜	1	龜
𠃿	1	亂	3	
𠄁	1	馗	1	馗
𠄄	1	乾	1	乾
𠄅	0	𠄅	0	𠄅
𠄇	1	酪	1	酪
𠄈	1	亃	1	亃
𠄉	2	𠄉&湩	1	湩
𠄊	1	乾	1	乾
𠄋	1	乾	1	乾
𠄌	2	亅&𠄌	2	亅&𠄌
𠄍	0	𠄍	0	𠄍
𠄎	2	乃&𠄎	1	乃
𠄏	0	𠄏	0	𠄏
𠄑	0	𠄑	0	𠄑
𠄓	1	州	1	州
𠄔	1	幻	1	幻
𠄕	1	乃	1	乃
𠄖	0	𠄖	0	𠄖
𠄗	1	周	1	周
𠄘	1	承	3	
𠄙	1	爭	1	爭
𠄚	2	訂&𠄚	2	訂&𠄚
𠄛	1	豫	1	豫
𠄝	1	豫	1	豫
𠄟	1	下	1	下
𠄠	1	二	1	二
𠄡	1	五	1	五
𠄢	3	亙&亘	1	亘
𠄣	1	亙	1	亙
𠄤	1	純	1	純
𠄨	2	𠄨&恆	1	恆
𠄬	1	棗	1	棗
𠄭	0	𠄭	0	𠄭
𠄮	2	亞&𠄮	2	亞&𠄮
𠄰	1	老	1	老
𠄱	0	𠄱	0	𠄱
𠄴	1	𩃸	1	𩃸
𠄵	1	聖	1	聖
𠄹	1	亟	1	亟
𠅀	1	藝	3	
𠅁	1	亡	3	
𠅃	3	亦&衣	1	亦
𠅆	1	亥	3	
𠅈	2	𠆴&𠅈	0	𠅈
𠅌	0	𠅌	0	𠅌
𠅏	1	克	1	克
𠅓	1	䢱	3	
𠅔	1	克	1	克
𠅖	3	亨&享&烹	1	享
𠅗	0	𠅗	0	𠅗
𠅘	1	亭	1	亭
𠅙	1	亮	1	亮
𠅛	1	緦	1	緦
𠅞	1	乘	1	乘
𠅟	1	乘	1	乘
𠅠	3	享&烹	1	享
𠅡	1	克	1	克
𠅢	1	亳	1	亳
𠅣	2	𠅣&𡕧	0	𠅣
𠅤	1	惠	1	惠
𠅦	1	勉	3	
𠅨	1	𠅬	3	
𠅩	1	孰	1	孰
𠅪	3	尪&聒	3	尪&聒
𠅫	1	勝	1	勝
𠅬	0	𠅬	0	𠅬
𠅰	1	彘	1	彘
𠅷	1	享	3	
𠅸	1	耄	3	
𠅺	0	𠅺	3	
𠅽	1	𡮎	3	
𠆀	1	郭	1	郭
𠆁	2	蓏&𠆁	0	𠆁
𠆂	1	衰	1	衰
𠆆	3	𦎧&𦎫	1	𦎫
𠆇	1	奥	1	奥
𠆈	1	䶒	3	
𠆉	1	棄	1	棄
𠆊	1	壼	1	壼
𠆋	1	𠆗	3	
𠆌	2	𠆌&庸	1	庸
𠆎	1	𩎮	1	𩎮
𠆑	1	奥	3	
𠆒	1	𦤘	1	𦤘
𠆓	1	𠆙	3	
𠆕	1	𢆣	3	
𠆖	1	𠆗	3	
𠆗	2	𠆗&泰	1	泰
𠆘	1	裔	3	
𠆙	0	𠆙	3	
𠆚	1	衰	3	
𠆜	3	䶒&𪗍	1	䶒
𠆝	1	襄	1	襄
𠆟	1	亹	3	
𠆠	1	亹	3	
𠆡	1	爨	3	
𠆣	1	寡	1	寡
𠆤	1	丁	1	丁
𠆥	1	久	3	
𠆦	1	乍	1	乍
𠆨	1	孑	1	孑
𠆩	0	𠆩	0	𠆩
𠆬	1	孑	1	孑
𠆭	1	𩃬	3	
𠆯	1	作	1	作
𠆰	1	仉	1	仉
𠆲	0	𠆲	0	𠆲
𠆳	1	倉	1	倉
𠆴	2	𠆴&鬧	1	鬧
𠆵	0	𠆵	0	𠆵
𠆶	0	𠆶	0	𠆶
𠆷	1	尬	1	尬
𠆸	3	侮&伎&攸	1	侮
𠆹	1	施	1	施
𠆺	2	𠆺&伭	0	𠆺
𠆻	1	俓	1	俓
𠆼	1	岡	1	岡
𠆿	1	烏	3	
𠇂	1	個	1	個
𠇃	1	高	1	高
𠇄	1	笑	3	
𠇆	1	仰	3	
𠇈	3	仙&企	3	仙&企
𠇋	0	𠇋	0	𠇋
𠇌	1	魂	1	魂
𠇍	1	爾	3	
𠇎	1	介	3	
𠇏	1	夲	1	夲
𠇐	2	伃&𠇐	0	𠇐
𠇓	1	低	3	
𠇔	1	奼	1	奼
𠇗	0	𠇗	0	𠇗
𠇘	0	𠇘	0	𠇘
𠇙	3	但&剛	3	但&剛
𠇚	1	甲	1	甲
𠇛	1	佛	1	佛
𠇝	1	剛	1	剛
𠇞	1	伎	1	伎
𠇟	1	侅	3	
𠇨	1	夲	3	
𠇩	1	仰	3	
𠇬	0	𠇬	3	
𠇭	1	命	1	命
𠇮	1	命	1	命
𠇯	1	去	3	
𠇰	1	鬧	3	
𠇱	0	𠇱	0	𠇱
𠇲	1	休	1	休
𠇳	1	失	3	
𠇴	3	價&价	1	价
𠇵	1	𠆶	3	
𠇶	1	佪	3	
𠇸	1	佐	3	
𠇹	1	俓	3	
𠇻	1	伵	3	
𠇾	3	仕&休&烋	3	仕&休
𠇿	1	癶	1	癶
𠈀	2	囟&𠈀	0	𠈀
𠈁	1	侂	1	侂
𠈃	1	保	1	保
𠈄	1	宦	1	宦
𠈅	0	𠈅	0	𠈅
𠈆	2	倠&𠈆	0	𠈆
𠈇	1	夙	1	夙
𠈈	0	𠈈	0	𠈈
𠈉	1	侃	1	侃
𠈊	0	𠈊	0	𠈊
𠈋	2	戎&𠈋	0	𠈋
𠈌	2	虞&𠈌	2	虞&𠈌
𠈍	1	備	1	備
𠈎	1	侈	1	侈
𠈏	1	儉	1	儉
𠈐	1	伸	1	伸
𠈑	1	光	1	光
𠈓	1	倆	3	
𠈕	2	𠈕&𠊰	2	𠈕&𠊰
𠈖	3	𠈪&㑞	1	𠈪
𠈗	1	桓	3	
𠈞	1	拯	3	
𠈟	1	仰	1	仰
𠈢	1	怨	1	怨
𠈣	1	老	3	
𠈤	1	孕	3	
𠈧	1	役	1	役
𠈨	1	作	1	作
𠈩	1	傂	1	傂
𠈪	2	媵&𠈪&㑞	2	媵&𠈪
𠈫	1	㑞	3	
𠈬	0	𠈬	0	𠈬
𠈭	0	𠈭	0	𠈭
𠈮	2	𠈮&企&跂	3	企&跂
𠈯	1	兵	1	兵
𠈰	0	𠈰	0	𠈰
𠈱	0	𠈱	0	𠈱
𠈲	1	佸	1	佸
𠈳	1	辟	1	辟
𠈴	1	痴	1	痴
𠈵	0	𠈵	0	𠈵
𠈶	0	𠈶	0	𠈶
𠈷	1	俾	3	
𠈸	0	𠈸	0	𠈸
𠈹	2	攸&𠈹	1	攸
𠈺	0	𠈺	0	𠈺
𠈻	3	𠌢&𠌋	1	𠌋
𠈼	1	順	1	順
𠈽	2	𠈽&伊	1	伊
𠈾	1	宰	1	宰
𠈿	1	役	1	役
𠉂	1	㒓	3	
𠉃	1	順	1	順
𠉌	1	悁	3	
𠉏	1	仹	3	
𠉒	1	龍	1	龍
𠉔	1	兵	1	兵
𠉕	1	使	1	使
𠉖	1	侔	1	侔
𠉗	1	儺	3	
𠉘	1	佖	1	佖
𠉙	1	侖	3	
𠉚	1	俗	3	
𠉡	1	陟	1	陟
𠉢	0	𠉢	0	𠉢
𠉣	0	𠉣	0	𠉣
𠉤	0	𠉤	0	𠉤
𠉥	1	胤	1	胤
𠉦	1	夙	1	夙
𠉧	0	𠉧	0	𠉧
𠉨	1	劫	1	劫
𠉩	2	妯&𠉩	0	𠉩
𠉪	1	偞	1	偞
𠉫	1	俇	1	俇
𠉬	0	𠉬	0	𠉬
𠉭	1	盜	1	盜
𠉮	2	倦&𠉮	1	倦
𠉰	1	徑	3	
𠉳	3	御&禦	1	御
𠉶	2	俾&𠉶	0	𠉶
𠊅	1	倏	3	
𠊊	1	食	1	食
𠊋	1	龍	1	龍
𠊌	1	䛁	1	䛁
𠊍	1	金	3	
𠊏	1	禦	3	
𠊑	1	倍	1	倍
𠊒	1	𠋵	1	𠋵
𠊓	1	傍	3	
𠊔	0	𠊔	0	𠊔
𠊕	1	辟	3	
𠊖	1	例	1	例
𠊗	1	傁	3	
𠊘	1	掮	3	
𠊙	1	值	3	
𠊚	1	得	3	
𠊟	1	僶	3	
𠊡	0	𠊡	3	
𠊢	2	侒&𠊢	1	侒
𠊣	2	𠊣&㑳	2	𠊣&㑳
𠊤	0	𠊤	0	𠊤
𠊥	0	𠊥	0	𠊥
𠊦	0	𠊦	0	𠊦
𠊧	0	𠊧	0	𠊧
𠊨	1	僎	1	僎
𠊩	1	僝	1	僝
𠊪	3	樹&尌&侸	1	樹
𠊫	2	侚&𠊫	2	侚&𠊫
𠊬	0	𠊬	0	𠊬
𠊭	1	𢜩	1	𢜩
𠊮	2	𠊮&霿	1	霿
𠊯	1	叟	3	
𠊰	0	𠊰	0	𠊰
𠊱	1	候	1	候
𠊲	0	𠊲	0	𠊲
𠊳	1	便	1	便
𠊴	1	侂	1	侂
𠊵	2	傰&𠊵	0	𠊵
𠊶	2	媵&𠊶	2	媵&𠊶
𠊷	0	𠊷	0	𠊷
𠊸	1	辟	1	辟
𠊹	1	𥉈	1	𥉈
𠊺	1	陰	1	陰
𠊻	2	𠊻&保	1	保
𠊽	1	惽	3	
𠊾	1	𠋳	1	𠋳
𠊿	0	𠊿	3	
𠋁	1	龠	1	龠
𠋂	1	儳	1	儳
𠋃	1	胤	3	
𠋆	1	儭	3	
𠋏	1	傊	3	
𠋑	1	食	1	食
𠋒	1	命	1	命
𠋓	1	爵	1	爵
𠋔	1	傘	1	傘
𠋕	3	𠌖&𠋸	1	𠋸
𠋖	0	𠋖	0	𠋖
𠋘	1	崴	1	崴
𠋚	1	傄	3	
𠋛	1	脩	1	脩
𠋝	2	紗&𠋝	0	𠋝
𠋟	2	窳&𠋟	0	𠋟
𠋠	1	援	3	
𠋡	0	𠋡	0	𠋡
𠋢	1	叟	1	叟
𠋣	1	倚	1	倚
𠋧	0	𠋧	0	𠋧
𠋨	2	似&𠋨	1	似
𠋩	2	復&𠋩	0	𠋩
𠋪	1	宦	1	宦
𠋫	1	候	1	候
𠋬	0	𠋬	0	𠋬
𠋭	1	倍	1	倍
𠋮	1	壽	1	壽
𠋯	0	𠋯	0	𠋯
𠋰	2	戚&𠋰	1	戚
𠋱	1	僁	1	僁
𠋲	0	𠋲	0	𠋲
𠋳	0	𠋳	0	𠋳
𠋴	2	倓&𠋴	1	倓
𠋵	0	𠋵	0	𠋵
𠋶	3	酩&姳	3	酩&姳
𠋷	0	𠋷	0	𠋷
𠋸	2	𠌖&𠋸	0	𠋸
𠋹	1	侚	1	侚
𠋺	0	𠋺	0	𠋺
𠋻	0	𠋻	0	𠋻
𠋼	1	俁	1	俁
𠋽	1	㒓	1	㒓
𠋾	1	寶	1	寶
𠋿	1	侳	1	侳
𠌀	3	𠊻&保	1	保
𠌁	1	𠌢	3	
𠌂	1	傘	3	
𠌅	1	傰	3	
𠌆	1	全	3	
𠌈	1	侖	1	侖
𠌉	0	𠌉	0	𠌉
𠌋	2	卻&𠌋	0	𠌋
𠌌	3	傁&叟	1	叟
𠌖	0	𠌖	3	
𠌗	3	貳&貸	1	貸
𠌘	1	夏	1	夏
𠌙	1	鞗	1	鞗
𠌛	3	辟&偭	1	辟
𠌜	1	徯	1	徯
𠌝	1	微	3	
𠌠	1	傜	1	傜
𠌡	0	𠌡	0	𠌡
𠌢	0	𠌢	3	
𠌣	1	僒	3	
𠌤	1	愆	3	
𠌥	1	烏	3	
𠌨	1	匪	3	
𠌩	1	憑	1	憑
𠌪	2	𠌪&䀺	2	𠌪&䀺
𠌫	3	蹕&䟆	1	蹕
𠌬	2	徲&𠌬	0	𠌬
𠌭	0	𠌭	0	𠌭
𠌮	0	𠌮	0	𠌮
𠌯	1	儷	1	儷
𠌰	0	𠌰	0	𠌰
𠌱	0	𠌱	0	𠌱
𠌲	0	𠌲	0	𠌲
𠌳	1	瘸	1	瘸
𠌴	0	𠌴	0	𠌴
𠌵	1	褭	1	褭
𠌶	2	𠌶&華	1	華
𠌷	1	執	1	執
𠌸	1	偋	3	
𠌹	1	陟	1	陟
𠌺	1	衰	1	衰
𠌻	3	𠎽&煢	1	煢
𠌼	3	𠐥&億	1	億
𠌾	2	義&𠌾	2	義&𠌾
𠌿	1	倢	1	倢
𠍀	2	倲&𠍀	0	𠍀
𠍂	1	保	3	
𠍃	1	饑	3	
𠍄	1	侸	1	侸
𠍈	1	儳	1	儳
𠍎	1	貸	3	
𠍒	1	僩	3	
𠍗	1	會	1	會
𠍘	3	傘&繖	1	傘
𠍙	1	寶	3	
𠍞	1	絛	1	絛
𠍟	1	可	1	可
𠍠	1	𠊬	3	
𠍡	1	袖	3	
𠍢	3	𠊮&霿	1	霿
𠍧	2	𠍧&俇&傎	3	俇&傎
𠍨	0	𠍨	0	𠍨
𠍩	0	𠍩	0	𠍩
𠍪	2	低&𠍪	2	低&𠍪
𠍫	0	𠍫	0	𠍫
𠍬	1	倬	1	倬
𠍮	1	倕	1	倕
𠍯	2	𠍯&徶	2	𠍯&徶
𠍰	1	偫	1	偫
𠍱	2	集&𠍱	0	𠍱
𠍲	0	𠍲	0	𠍲
𠍳	1	嗌	1	嗌
𠍴	3	僭&愆&䇂	1	愆
𠍵	0	𠍵	0	𠍵
𠍶	1	儒	1	儒
𠍷	1	僰	1	僰
𠍸	1	眾	1	眾
𠍹	0	𠍹	0	𠍹
𠍺	2	𠍺&夏	1	夏
𠍻	1	儔	1	儔
𠍽	1	啥	1	啥
𠍾	1	偃	3	
𠎂	1	僦	1	僦
𠎃	1	傘	1	傘
𠎉	1	傳	3	
𠎑	1	華	3	
𠎒	0	𠎒	3	
𠎘	1	禽	1	禽
𠎙	0	𠎙	0	𠎙
𠎚	1	侖	1	侖
𠎛	1	爽	1	爽
𠎜	1	齡	3	
𠎝	2	𠎝&愆	1	愆
𠎞	3	倛&䫑	1	倛
𠎟	1	僦	3	
𠎠	1	景	3	
𠎡	1	偭	1	偭
𠎢	3	興&行	1	興
𠎣	1	仙	3	
𠎤	1	龠	3	
𠎥	1	借	1	借
𠎦	1	强	3	
𠎮	0	𠎮	0	𠎮
𠎯	1	蕩	1	蕩
𠎰	3	慼&戚	1	慼
𠎱	3	𠎝&愆	1	愆
𠎲	1	偆	1	偆
𠎳	2	余&餘&𠎳	2	余&餘&𠎳
𠎶	0	𠎶	0	𠎶
𠎷	2	㒎&𠎷	2	㒎&𠎷
𠎸	2	嗇&𠎸	2	嗇&𠎸
𠎹	1	僾	1	僾
𠎺	1	傀	1	傀
𠎻	1	遁	1	遁
𠎼	1	僄	1	僄
𠎽	2	𠎽&煢	1	煢
𠎾	1	𠐻	1	𠐻
𠎿	0	𠎿	0	𠎿
𠏀	0	𠏀	0	𠏀
𠏁	1	化	1	化
𠏂	1	地	1	地
𠏃	0	𠏃	0	𠏃
𠏄	1	偵	1	偵
𠏆	1	備	3	
𠏇	0	𠏇	0	𠏇
𠏈	0	𠏈	0	𠏈
𠏉	1	榦	3	
𠏊	1	儷	1	儷
𠏔	1	蹙	1	蹙
𠏖	0	𠏖	0	𠏖
𠏗	1	僚	1	僚
𠏙	1	鼠	3	
𠏞	1	貸	3	
𠏡	3	仙&零	3	仙&零
𠏢	0	𠏢	0	𠏢
𠏣	1	篽	1	篽
𠏤	0	𠏤	0	𠏤
𠏧	0	𠏧	0	𠏧
𠏨	2	傯&𠏨	2	傯&𠏨
𠏩	0	𠏩	0	𠏩
𠏪	1	㒠	1	㒠
𠏫	0	𠏫	0	𠏫
𠏬	1	俜	1	俜
𠏭	0	𠏭	0	𠏭
𠏮	0	𠏮	0	𠏮
𠏯	1	𠐻	1	𠐻
𠏰	0	𠏰	0	𠏰
𠏴	2	𠐑&𠏴	0	𠏴
𠏾	1	𠑞	3	
𠐀	0	𠐀	0	𠐀
𠐁	1	懞	3	
𠐃	1	𨁀	3	
𠐆	2	僄&𠐆	1	僄
𠐇	1	棗	1	棗
𠐈	2	𠐈&𠑟	1	𠑟
𠐉	0	𠐉	0	𠐉
𠐊	0	𠐊	0	𠐊
𠐋	0	𠐋	0	𠐋
𠐌	0	𠐌	0	𠐌
𠐍	0	𠐍	0	𠐍
𠐎	1	滿	1	滿
𠐏	1	𠑅	3	
𠐐	1	際	1	際
𠐑	0	𠐑	3	
𠐒	1	養	3	
𠐙	1	䵉	3	
𠐚	1	儷	1	儷
𠐛	1	儇	1	儇
𠐜	1	論	1	論
𠐝	1	適	3	
𠐡	0	𠐡	0	𠐡
𠐢	1	翫	1	翫
𠐣	1	憨	1	憨
𠐤	1	傀	1	傀
𠐥	2	𠐥&億	1	億
𠐦	1	傀	1	傀
𠐧	1	儚	1	儚
𠐨	1	愆	1	愆
𠐮	0	𠐮	3	
𠐱	1	倝	1	倝
𠐲	2	𠐲&誖	0	𠐲
𠐳	1	儢	1	儢
𠐴	1	懸	3	
𠐵	2	導&𠐵	0	𠐵
𠐶	2	傕&𠐶	1	傕
𠐷	1	愆	1	愆
𠐺	0	𠐺	0	𠐺
𠐻	0	𠐻	0	𠐻
𠐼	0	𠐼	0	𠐼
𠐽	0	𠐽	0	𠐽
𠐾	2	僛&𠐾	2	僛&𠐾
𠐿	0	𠐿	0	𠐿
𠑂	1	爾	1	爾
𠑄	0	𠑄	0	𠑄
𠑅	0	𠑅	0	𠑅
𠑌	0	𠑌	0	𠑌
𠑍	2	獿&𠑍	1	獿
𠑎	1	僄	1	僄
𠑑	0	𠑑	0	𠑑
𠑒	1	颹	1	颹
𠑓	3	你&您	1	您
𠑔	1	儤	3	
𠑗	0	𠑗	3	
𠑘	0	𠑘	0	𠑘
𠑙	0	𠑙	0	𠑙
𠑚	1	𠑍	1	𠑍
𠑛	0	𠑛	0	𠑛
𠑞	0	𠑞	3	
𠑟	0	𠑟	0	𠑟
𠑣	3	𠑗&僊	1	僊
𠑤	1	傮	1	傮
𠑩	0	𠑩	0	𠑩
𠑪	0	𠑪	0	𠑪
𠑫	1	僐	1	僐
𠑯	2	蹙&𠑯	1	蹙
𠑲	2	鹼&僉&𠑲	0	𠑲
𠑵	1	佛	1	佛
𠑶	1	旡	1	旡
𠑷	1	長	1	長
𠑸	1	旡	3	
𠑹	0	𠑹	0	𠑹
𠑺	1	天	1	天
𠑻	1	長	1	長
𠑽	3	充&克	1	充
𠑾	3	𠒁&死	1	死
𠑿	1	長	1	長
𠒀	2	兂&簪&𠒀	2	簪&𠒀
𠒁	2	𠒁&死	1	死
𠒂	1	𠑹	3	
𠒃	1	兕	1	兕
𠒄	1	卼	1	卼
𠒅	1	兕	1	兕
𠒆	1	兒	1	兒
𠒇	1	兒	3	
𠒉	1	尪	3	
𠒊	1	兕	1	兕
𠒌	1	羌	1	羌
𠒍	1	臾	1	臾
𠒎	1	鳧	3	
𠒖	1	堯	3	
𠒝	1	炳	3	
𠒞	1	黿	1	黿
𠒢	0	𠒢	0	𠒢
𠒧	1	僰	3	
𠒨	3	涼&𣄴	1	涼
𠒰	1	嬲	1	嬲
𠒱	1	僻	1	僻
𠒵	0	𠒵	0	𠒵
𠒶	3	𡴫&圥	1	圥
𠒸	0	𠒸	0	𠒸
𠒹	1	僰	1	僰
𠒿	0	𠒿	0	𠒿
𠓆	1	兢	1	兢
𠓊	1	輝	1	輝
𠓋	1	燡	1	燡
𠓌	0	𠓌	0	𠓌
𠓓	1	𨮠	3	
𠓗	2	𠓗&𣬚	0	𠓗
𠓛	1	亼	1	亼
𠓜	0	𠓜	0	𠓜
𠓝	0	𠓝	0	𠓝
𠓟	1	乏	1	乏
𠓠	1	鞭	1	鞭
𠓡	1	矢	1	矢
𠓢	0	𠓢	3	
𠓤	0	𠓤	0	𠓤
𠓥	3	鞭&𢻶	1	𢻶
𠓧	2	𠓢&𠓧	0	𠓧
𠓪	0	𠓪	0	𠓪
𠓫	0	𠓫	0	𠓫
𠓭	0	𠓭	0	𠓭
𠓮	1	𤎭	1	𤎭
𠓱	1	遇	1	遇
𠓲	1	乘	3	
𠓳	1	全	1	全
𠓴	1	全	1	全
𠓶	0	𠓶	0	𠓶
𠓷	0	𠓷	0	𠓷
𠓸	1	乘	1	乘
𠓽	2	乘&𠓽	2	乘&𠓽
𠔀	1	攀	1	攀
𠔁	1	别	1	别
𠔂	0	𠔂	0	𠔂
𠔃	1	兮	1	兮
𠔄	1	也	1	也
𠔅	1	歺	3	
𠔆	2	歹&𠔆	2	歹&𠔆
𠔇	1	之	1	之
𠔈	1	中	1	中
𠔉	1	𢍏	1	𢍏
𠔊	1	長	1	長
𠔋	1	箕	1	箕
𠔌	2	谷&𠔌&𧮫	1	𧮫
𠔏	1	共	1	共
𠔐	1	箕	1	箕
𠔒	1	齒	1	齒
𠔓	1	典	1	典
𠔔	1	與	3	
𠔕	0	𠔕	0	𠔕
𠔖	1	舉	1	舉
𠔗	1	中	1	中
𠔘	1	髴	1	髴
𠔙	1	冬	1	冬
𠔚	1	棄	1	棄
𠔛	1	箕	1	箕
𠔜	1	坤	3	
𠔝	1	箕	1	箕
𠔟	1	奪	1	奪
𠔠	0	𠔠	0	𠔠
𠔥	1	兼	1	兼
𠔧	1	坤	1	坤
𠔨	0	𠔨	0	𠔨
𠔩	1	典	1	典
𠔯	0	𠔯	0	𠔯
𠔰	1	典	3	
𠔱	1	異	1	異
𠔳	1	廉	3	
𠔶	0	𠔶	0	𠔶
𠔸	1	期	1	期
𠔹	1	晨	1	晨
𠔼	0	𠔼	0	𠔼
𠔽	1	人	1	人
𠔾	1	終	1	終
𠔿	3	甘&網&罔&网	3	甘&罔&网
𠕁	1	冊	1	冊
𠕂	1	再	1	再
𠕃	1	网	1	网
𠕄	0	𠕄	0	𠕄
𠕅	1	再	1	再
𠕈	1	网	1	网
𠕉	1	穴	3	
𠕊	0	𠕊	0	𠕊
𠕋	3	册&冊	1	冊
𠕍	1	官	1	官
𠕎	1	肉	1	肉
𠕏	1	罔	1	罔
𠕐	3	册&冊	1	冊
𠕑	1	丹	1	丹
𠕒	1	雨	1	雨
𠕓	2	𡉉&𠕓	0	𠕓
𠕔	1	肯	1	肯
𠕖	0	𠕖	0	𠕖
𠕗	1	㲋	3	
𠕘	1	雨	1	雨
𠕙	1	冒	3	
𠕚	1	冒	1	冒
𠕛	1	害	1	害
𠕜	1	肉	3	
𠕝	2	𠕝&侈&㡅	3	侈&㡅
𠕞	1	次	1	次
𠕟	0	𠕟	0	𠕟
𠕠	0	𠕠	0	𠕠
𠕢	1	爵	1	爵
𠕣	1	帢	1	帢
𠕤	1	冕	3	
𠕥	1	𠕭	1	𠕭
𠕦	0	𠕦	0	𠕦
𠕧	2	矯&𠕧	0	𠕧
𠕨	1	暨	1	暨
𠕩	1	㗗	1	㗗
𠕪	1	鼏	3	
𠕫	1	昊	1	昊
𠕬	1	冒	1	冒
𠕭	0	𠕭	0	𠕭
𠕮	3	𦀒&冔	1	冔
𠕰	3	侈&㡅	1	㡅
𠕲	1	雨	1	雨
𠕳	0	𠕳	0	𠕳
𠕵	1	亢	1	亢
𠕷	1	安	3	
𠕹	1	天	1	天
𠕺	1	容	1	容
𠕻	2	𠕻&𠣑	0	𠕻
𠕾	1	冥	3	
𠖃	1	宜	3	
𠖄	0	𠖄	0	𠖄
𠖇	1	冥	3	
𠖉	0	𠖉	3	
𠖊	1	段	1	段
𠖌	1	冠	1	冠
𠖏	1	寄	3	
𠖐	1	富	3	
𠖓	0	𠖓	0	𠖓
𠖔	1	家	1	家
𠖗	3	𡩠&寑	1	寑
𠖚	1	宣	1	宣
𠖜	1	煙	1	煙
𠖟	0	𠖟	0	𠖟
𠖠	1	古	1	古
𠖣	1	煙	1	煙
𠖥	1	寵	3	
𠖦	1	禋	1	禋
𠖧	3	𠖪&蜜	1	蜜
𠖩	2	顛&𠖩	0	𠖩
𠖪	2	𠖪&蜜	1	蜜
𠖫	0	𠖫	0	𠖫
𠖬	1	丩	3	
𠖱	1	冱	1	冱
𠖲	1	汾	3	
𠖵	1	瓨	3	
𠖶	2	𠖶&㓎	1	㓎
𠖷	2	泂&𠖷	2	泂&𠖷
𠖸	1	凔	1	凔
𠖹	0	𠖹	0	𠖹
𠗂	2	洛&𠗂	2	洛&𠗂
𠗃	1	凐	1	凐
𠗄	1	𠗺	1	𠗺
𠗅	3	侐&洫	1	侐
𠗈	0	𠗈	0	𠗈
𠗉	0	𠗉	0	𠗉
𠗊	0	𠗊	0	𠗊
𠗋	0	𠗋	0	𠗋
𠗌	0	𠗌	0	𠗌
𠗍	2	𠗍&𣴨	0	𠗍
𠗎	1	莊	1	莊
𠗕	1	峻	3	
𠗗	1	冽	1	冽
𠗘	0	𠗘	0	𠗘
𠗙	2	𠗙&𠗴	1	𠗴
𠗚	0	𠗚	0	𠗚
𠗛	2	𠗛&𠗨	2	𠗛&𠗨
𠗜	1	清	1	清
𠗝	0	𠗝	0	𠗝
𠗢	1	冽	1	冽
𠗣	0	𠗣	3	
𠗥	0	𠗥	0	𠗥
𠗦	1	馮	1	馮
𠗧	3	測&凘	1	凘
𠗨	0	𠗨	0	𠗨
𠗱	1	臧	1	臧
𠗲	2	凌&𠗲	1	凌
𠗳	0	𠗳	0	𠗳
𠗴	0	𠗴	0	𠗴
𠗵	0	𠗵	0	𠗵
𠗶	0	𠗶	0	𠗶
𠗺	2	𠗺&謻	0	𠗺
𠗻	0	𠗻	0	𠗻
𠗼	0	𠗼	0	𠗼
𠗽	0	𠗽	0	𠗽
𠗾	0	𠗾	0	𠗾
𠗿	0	𠗿	0	𠗿
𠘀	1	冬	1	冬
𠘂	0	𠘂	3	
𠘄	1	印	1	印
𠘅	2	凜&𠘅	2	凜&𠘅
𠘆	0	𠘆	0	𠘆
𠘇	1	𠘢	1	𠘢
𠘊	0	𠘊	0	𠘊
𠘋	0	𠘋	0	𠘋
𠘌	0	𠘌	0	𠘌
𠘍	1	凓	1	凓
𠘏	1	𠘆	3	
𠘐	1	凜	3	
𠘒	1	𠘢	1	𠘢
𠘕	1	熙	3	
𠘖	0	𠘖	0	𠘖
𠘗	1	冬	1	冬
𠘘	0	𠘘	0	𠘘
𠘝	0	𠘝	0	𠘝
𠘞	0	𠘞	0	𠘞
𠘟	0	𠘟	0	𠘟
𠘡	1	凜	1	凜
𠘢	0	𠘢	0	𠘢
𠘣	0	𠘣	0	𠘣
𠘤	1	冷	1	冷
𠘥	2	凝&𠘥	0	𠘥
𠘦	1	冶	3	
𠘧	0	𠘧	0	𠘧
𠘩	1	無	1	無
𠘬	1	從	1	從
𠘭	3	允&台	1	台
𠘯	1	禸	1	禸
𠘱	0	𠘱	0	𠘱
𠘲	3	大&天	3	大&天
𠘳	0	𠘳	0	𠘳
𠘴	1	風	3	
𠘵	1	夙	1	夙
𠘶	1	否	1	否
𠘷	1	永	1	永
𠘸	1	旡	1	旡
𠘻	0	𠘻	3	
𠘼	1	𩖷	1	𩖷
𠘽	1	民	1	民
𠘾	1	商	1	商
𠙁	1	長	1	長
𠙄	1	𠙈	3	
𠙆	2	𠙆&谻&𠊬	3	谻&𠊬
𠙇	1	夜	1	夜
𠙈	2	風&𠙈	0	𠙈
𠙉	3	始&怡	3	始&怡
𠙊	1	風	1	風
𠙋	1	以	1	以
𠙍	1	虺	3	
𠙎	1	殊	3	
𠙏	3	𠙆&谻	1	谻
𠙐	1	不	1	不
𠙑	1	夜	1	夜
𠙒	1	賵	1	賵
𠙖	1	凴	3	
𠙗	1	風	1	風
𠙘	1	爵	1	爵
𠙙	1	冠	1	冠
𠙚	1	處	1	處
𠙟	1	勝	1	勝
𠙠	3	勝&爽	3	勝&爽
𠙢	1	蘧	1	蘧
𠙥	1	凴	3	
𠙦	1	煢	3	
𠙬	1	蚤	3	
𠙭	1	子	1	子
𠙶	0	𠙶	0	𠙶
𠙷	1	囟	1	囟
𠙸	3	山&甘	3	山&甘
𠙹	1	甾	1	甾
𠙺	2	正&𠙺	0	𠙺
𠙻	1	王	1	王
𠙽	3	凷&塊	1	塊
𠙾	3	甾&𠙺	1	甾
𠙿	1	甘	1	甘
𠚀	3	甾&𠙺	1	甾
𠚁	3	顖&囟	1	囟
𠚆	0	𠚆	0	𠚆
𠚇	1	畫	1	畫
𠚊	1	鬯	3	
𠚋	1	甾	1	甾
𠚌	1	𠚓	3	
𠚍	1	鬯	1	鬯
𠚎	1	圖	1	圖
𠚏	1	臿	1	臿
𠚑	3	面&麵	1	面
𠚒	1	齒	1	齒
𠚓	0	𠚓	3	
𠚕	1	齒	3	
𠚖	1	曲	1	曲
𠚗	1	函	1	函
𠚘	2	𠚜&𠚘	0	𠚘
𠚙	1	笄	1	笄
𠚛	3	凷&塊	1	塊
𠚜	0	𠚜	3	
𠚝	1	乃	1	乃
𠚞	0	𠚞	0	𠚞
𠚟	2	𠚓&𠚟	0	𠚟
𠚡	3	𠚘&𤔱	3	𠚘&𤔱
𠚣	1	刀	1	刀
𠚥	0	𠚥	0	𠚥
𠚦	1	似	1	似
𠚧	0	𠚧	0	𠚧
𠚨	0	𠚨	0	𠚨
𠚩	2	𠚩&剝	1	剝
𠚪	3	剝&從	3	剝&從
𠚫	1	刈	3	
𠚬	3	𠚩&剝	1	剝
𠚭	0	𠚭	0	𠚭
𠚮	0	𠚮	0	𠚮
𠚯	2	刓&𠚯	2	刓&𠚯
𠚰	1	刻	1	刻
𠚱	0	𠚱	0	𠚱
𠚲	1	㔓	1	㔓
𠚳	1	刌	1	刌
𠚴	1	州	1	州
𠚶	1	㓞	3	
𠚷	2	𠚷&𠛔	1	𠛔
𠚸	1	𠛎	1	𠛎
𠚹	0	𠚹	0	𠚹
𠚺	0	𠚺	0	𠚺
𠚻	0	𠚻	0	𠚻
𠚼	2	刎&𠚼	2	刎&𠚼
𠚽	2	剞&𠚽	2	剞&𠚽
𠚾	1	砑	1	砑
𠚿	1	鏟	1	鏟
𠛀	0	𠛀	0	𠛀
𠛁	1	用	1	用
𠛂	3	創&刅	1	刅
𠛃	2	𠛃&𢩬	0	𠛃
𠛄	1	刈	1	刈
𠛅	1	剾	3	
𠛆	1	𠞆	3	
𠛉	1	㓞	1	㓞
𠛊	1	割	3	
𠛍	1	截	1	截
𠛎	0	𠛎	0	𠛎
𠛏	1	州	1	州
𠛐	3	制&製	1	制
𠛑	0	𠛑	0	𠛑
𠛒	2	刳&𠛒	2	刳&𠛒
𠛓	0	𠛓	0	𠛓
𠛔	0	𠛔	0	𠛔
𠛕	0	𠛕	0	𠛕
𠛖	2	𠛖&剶	2	𠛖&剶
𠛗	1	劫	1	劫
𠛘	0	𠛘	0	𠛘
𠛙	0	𠛙	0	𠛙
𠛚	2	刷&𠛚	2	刷&𠛚
𠛛	1	割	1	割
𠛞	1	夯	3	
𠛠	1	剜	1	剜
𠛢	1	割	1	割
𠛥	0	𠛥	0	𠛥
𠛦	0	𠛦	0	𠛦
𠛧	1	剝	1	剝
𠛨	2	𠛨&㓼	0	𠛨
𠛩	2	糾&𠛩	0	𠛩
𠛪	2	𠚥&𠛪	0	𠛪
𠛫	0	𠛫	0	𠛫
𠛬	1	刑	1	刑
𠛭	1	剈	1	剈
𠛮	2	𠛮&剶	2	𠛮&剶
𠛯	3	𠜔&制	1	制
𠛰	1	别	1	别
𠛱	1	列	1	列
𠛳	3	刻&劾	3	刻&劾
𠛴	1	刹	1	刹
𠛵	0	𠛵	0	𠛵
𠛶	0	𠛶	0	𠛶
𠛷	1	割	1	割
𠛸	0	𠛸	0	𠛸
𠛹	1	刪	1	刪
𠛺	1	㓡	3	
𠛻	0	𠛻	0	𠛻
𠛼	1	荊	3	
𠛾	1	𪟖	3	
𠛿	1	虯	3	
𠜀	1	㓼	3	
𠜂	1	刪	1	刪
𠜆	1	初	1	初
𠜇	1	刻	1	刻
𠜉	0	𠜉	0	𠜉
𠜊	1	列	3	
𠜌	1	㲋	1	㲋
𠜍	1	冠	3	
𠜐	0	𠜐	0	𠜐
𠜑	0	𠜑	0	𠜑
𠜒	2	𠜒&𠞉	1	𠞉
𠜓	1	剔	1	剔
𠜔	2	𠜔&制	1	制
𠜕	1	𠝞	1	𠝞
𠜖	0	𠜖	0	𠜖
𠜗	1	郤	1	郤
𠜘	0	𠜘	0	𠜘
𠜙	0	𠜙	0	𠜙
𠜚	3	刑&型	1	型
𠜛	1	剛	1	剛
𠜜	1	刮	1	刮
𠜝	1	工	1	工
𠜟	1	剈	1	剈
𠜠	1	剈	1	剈
𠜥	3	𠜒&𠞉	1	𠜒
𠜦	2	𠜦&𠱛	0	𠜦
𠜧	0	𠜧	3	
𠜨	1	劾	1	劾
𠜩	1	𠛪	3	
𠜰	3	𠜧&伊	1	伊
𠜱	0	𠜱	0	𠜱
𠜲	0	𠜲	0	𠜲
𠜳	0	𠜳	0	𠜳
𠜴	0	𠜴	0	𠜴
𠜵	0	𠜵	0	𠜵
𠜶	2	𠜶&腦	1	腦
𠜷	1	斷	1	斷
𠜸	1	劑	1	劑
𠜹	0	𠜹	0	𠜹
𠜺	1	列	1	列
𠜻	2	劃&𠜻&剨	1	劃
𠜼	2	掐&㓣&𠜼	2	掐&𠜼
𠜽	1	刹	1	刹
𠜾	1	劂	1	劂
𠜿	1	制	1	制
𠝀	1	創	1	創
𠝁	1	制	1	制
𠝂	1	眷	1	眷
𠝃	1	淵	1	淵
𠝄	0	𠝄	0	𠝄
𠝅	1	斷	1	斷
𠝒	1	剖	1	剖
𠝘	0	𠝘	0	𠝘
𠝙	0	𠝙	0	𠝙
𠝚	0	𠝚	0	𠝚
𠝛	2	㓤&𠝛	0	𠝛
𠝝	2	𠝝&䐑	2	𠝝&䐑
𠝞	0	𠝞	0	𠝞
𠝟	0	𠝟	0	𠝟
𠝠	0	𠝠	0	𠝠
𠝡	1	鍬	1	鍬
𠝢	0	𠝢	0	𠝢
𠝣	3	前&剪	1	剪
𠝤	2	𠝤&𠟍	2	𠝤&𠟍
𠝥	1	刲	1	刲
𠝦	1	制	1	制
𠝧	3	戮&勠	3	戮&勠
𠝨	2	𠝨&𤟆	0	𠝨
𠝩	2	劗&𠝩	1	劗
𠝪	0	𠝪	0	𠝪
𠝰	1	危	3	
𠝱	1	㓼	1	㓼
𠝳	1	刓	3	
𠝴	1	剛	3	
𠝵	1	刱	3	
𠝶	1	𠝞	3	
𠝷	1	鳻	3	
𠝸	1	務	3	
𠝽	1	疇	1	疇
𠝾	1	剛	1	剛
𠝿	0	𠝿	0	𠝿
𠞀	0	𠞀	0	𠞀
𠞁	1	策	1	策
𠞂	1	㓾	1	㓾
𠞃	0	𠞃	0	𠞃
𠞄	0	𠞄	0	𠞄
𠞅	2	畟&𠞅	1	畟
𠞆	0	𠞆	0	𠞆
𠞇	1	𠜱	1	𠜱
𠞈	0	𠞈	0	𠞈
𠞉	0	𠞉	0	𠞉
𠞊	0	𠞊	0	𠞊
𠞋	1	則	1	則
𠞌	1	剖	1	剖
𠞍	1	吻	1	吻
𠞎	0	𠞎	0	𠞎
𠞏	2	劫&𠞏	2	劫&𠞏
𠞐	1	剉	1	剉
𠞘	1	㓼	1	㓼
𠞚	3	剜&搯	1	剜
𠞜	1	䅀	1	䅀
𠞝	1	茢	1	茢
𠞞	1	㓣	3	
𠞣	1	荊	3	
𠞤	0	𠞤	0	𠞤
𠞥	1	劘	1	劘
𠞦	1	策	1	策
𠞧	3	靡&𪎕	1	𪎕
𠞨	1	戮	1	戮
𠞩	2	𠞩&㓼	2	𠞩&㓼
𠞪	2	𠞪&𠢕	0	𠞪
𠞫	1	刻	1	刻
𠞬	0	𠞬	0	𠞬
𠞭	0	𠞭	0	𠞭
𠞮	0	𠞮	0	𠞮
𠞯	0	𠞯	0	𠞯
𠞰	1	剿	1	剿
𠞱	0	𠞱	0	𠞱
𠞲	1	剺	1	剺
𠞴	1	創	3	
𠞶	1	摘	3	
𠞷	3	劃&畫	1	畫
𠞻	1	㓼	1	㓼
𠞼	1	㓱	1	㓱
𠞽	3	剪&翦	1	剪
𠞾	0	𠞾	0	𠞾
𠞿	0	𠞿	0	𠞿
𠟂	0	𠟂	0	𠟂
𠟃	0	𠟃	0	𠟃
𠟄	1	𠠝	1	𠠝
𠟅	2	罩&箌&𠟅	2	罩&箌&𠟅
𠟆	1	㔆	1	㔆
𠟇	1	剩	1	剩
𠟈	0	𠟈	0	𠟈
𠟉	0	𠟉	0	𠟉
𠟊	0	𠟊	0	𠟊
𠟋	0	𠟋	0	𠟋
𠟌	0	𠟌	0	𠟌
𠟍	0	𠟍	0	𠟍
𠟎	1	㓵	1	㓵
𠟏	1	剒	1	剒
𠟐	1	創	1	創
𠟑	1	罰	1	罰
𠟒	2	鄮&𠟒	0	𠟒
𠟓	0	𠟓	0	𠟓
𠟔	1	則	1	則
𠟕	2	𠟕&㔌	0	𠟕
𠟖	1	𠟊	1	𠟊
𠟗	0	𠟗	0	𠟗
𠟘	1	剿	1	剿
𠟜	1	𠠃	1	𠠃
𠟝	1	芥	3	
𠟞	3	𠜶&腦	1	腦
𠟟	1	罰	1	罰
𠟠	1	翦	3	
𠟦	0	𠟦	0	𠟦
𠟧	0	𠟧	0	𠟧
𠟨	0	𠟨	0	𠟨
𠟩	0	𠟩	0	𠟩
𠟪	0	𠟪	0	𠟪
𠟫	1	𠞉	1	𠞉
𠟬	1	㔍	1	㔍
𠟭	1	則	1	則
𠟮	1	魝	1	魝
𠟯	1	劋	1	劋
𠟰	0	𠟰	0	𠟰
𠟱	1	劃	1	劃
𠟳	3	𢆟&𤲒	1	𤲒
𠟴	1	㓼	1	㓼
𠟵	1	劇	1	劇
𠟶	1	𠞀	3	
𠟷	1	劃	3	
𠟺	2	㓴&𠟺	2	㓴&𠟺
𠟻	3	則&䢙	3	則&䢙
𠟼	0	𠟼	0	𠟼
𠟽	3	毒&劀	1	劀
𠟾	3	剿&劋	1	剿
𠟿	1	剿	1	剿
𠠀	1	㔍	1	㔍
𠠁	0	𠠁	0	𠠁
𠠂	2	劙&𠠂	1	劙
𠠃	0	𠠃	0	𠠃
𠠄	1	㨄	3	
𠠅	1	𢆚	1	𢆚
𠠆	1	劍	1	劍
𠠇	1	㓸	3	
𠠋	0	𠠋	0	𠠋
𠠌	1	𠠗	3	
𠠍	0	𠠍	0	𠠍
𠠎	0	𠠎	0	𠠎
𠠏	0	𠠏	0	𠠏
𠠐	2	濡&𠠐	0	𠠐
𠠒	1	劘	1	劘
𠠕	1	飄	3	
𠠖	1	𥨐	3	
𠠗	0	𠠗	0	𠠗
𠠘	1	𠟰	3	
𠠛	1	𠠎	1	𠠎
𠠜	0	𠠜	0	𠠜
𠠝	0	𠠝	0	𠠝
𠠞	1	劙	1	劙
𠠠	0	𠠠	0	𠠠
𠠡	1	剔	1	剔
𠠢	1	𠟨	1	𠟨
𠠣	1	靡	1	靡
𠠤	1	劖	3	
𠠥	1	劖	3	
𠠦	1	副	1	副
𠠧	1	剽	1	剽
𠠨	1	刵	1	刵
𠠪	0	𠠪	0	𠠪
𠠫	1	劙	1	劙
𠠬	0	𠠬	3	
𠠮	2	剗&𠠮	0	𠠮
𠠯	0	𠠯	0	𠠯
𠠰	1	𠠎	1	𠠎
𠠱	1	刢	1	刢
𠠲	1	力	1	力
𠠳	0	𠠳	0	𠠳
𠠴	3	剝&從	3	剝&從
𠠵	1	𡯄	1	𡯄
𠠶	0	𠠶	0	𠠶
𠠷	0	𠠷	0	𠠷
𠠸	0	𠠸	0	𠠸
𠠹	0	𠠹	0	𠠹
𠠺	1	劥	3	
𠠻	0	𠠻	0	𠠻
𠡀	1	𠠻	3	
𠡁	0	𠡁	0	𠡁
𠡂	3	弼&㔗	3	弼&㔗
𠡃	2	佐&𠡃	1	佐
𠡄	0	𠡄	0	𠡄
𠡅	1	敕	3	
𠡆	1	玅	3	
𠡉	1	鼓	3	
𠡊	1	夯	3	
𠡋	1	𢄋	3	
𠡌	1	劾	1	劾
𠡍	1	勁	1	勁
𠡑	0	𠡑	0	𠡑
𠡒	0	𠡒	0	𠡒
𠡓	1	逸	1	逸
𠡔	0	𠡔	0	𠡔
𠡕	1	勁	1	勁
𠡜	1	劾	3	
𠡞	0	𠡞	0	𠡞
𠡟	2	赳&𠡟	1	赳
𠡠	3	勑&敕	1	敕
𠡡	2	殘&𠡡	0	𠡡
𠡢	0	𠡢	0	𠡢
𠡤	1	劾	3	
𠡦	1	年	1	年
𠡫	1	勩	1	勩
𠡬	1	劸	1	劸
𠡭	2	陵&𠡭&掕	0	𠡭
𠡮	2	㔙&𠡮	2	㔙&𠡮
𠡯	0	𠡯	0	𠡯
𠡰	2	𠡰&䠇	1	䠇
𠡱	0	𠡱	0	𠡱
𠡳	1	勔	3	
𠡴	1	剺	3	
𠡶	1	勌	3	
𠡸	1	𠡯	1	𠡯
𠡹	3	殘&𠡡	1	𠡡
𠡻	0	𠡻	0	𠡻
𠡼	3	勗&勖	1	勗
𠡽	1	勍	1	勍
𠡾	3	勩&𠢉	1	𠢉
𠡿	1	兵	1	兵
𠢀	1	勤	1	勤
𠢄	1	勤	1	勤
𠢅	0	𠢅	0	𠢅
𠢆	0	𠢆	0	𠢆
𠢇	0	𠢇	0	𠢇
𠢈	2	舉&舁&𠢈	2	舉&𠢈
𠢉	2	勩&𠢉	0	𠢉
𠢍	1	𠢅	1	𠢅
𠢎	1	舅	1	舅
𠢏	3	劵&倦	1	倦
𠢐	1	剺	1	剺
𠢒	1	㔡	1	㔡
𠢓	0	𠢓	0	𠢓
𠢔	0	𠢔	0	𠢔
𠢕	0	𠢕	0	𠢕
𠢖	1	勉	1	勉
𠢗	1	敵	1	敵
𠢙	0	𠢙	0	𠢙
𠢜	1	勠	3	
𠢠	0	𠢠	0	𠢠
𠢡	0	𠢡	0	𠢡
𠢢	0	𠢢	0	𠢢
𠢣	0	𠢣	0	𠢣
𠢤	0	𠢤	0	𠢤
𠢥	0	𠢥	0	𠢥
𠢦	2	整&𠢦	1	整
𠢧	1	勝	1	勝
𠢫	1	整	3	
𠢭	1	𠢤	1	𠢤
𠢯	1	勠	1	勠
𠢰	2	勨&𠢰	1	勨
𠢱	0	𠢱	0	𠢱
𠢲	2	懈&𠢲	2	懈&𠢲
𠢳	0	𠢳	0	𠢳
𠢴	0	𠢴	0	𠢴
𠢶	1	勦	1	勦
𠢷	2	閫&𠢷	0	𠢷
𠢸	1	勞	3	
𠢹	0	𠢹	0	𠢹
𠢺	0	𠢺	0	𠢺
𠢻	1	𠣊	1	𠣊
𠢼	3	勳&勛	1	勛
𠢽	1	篳	3	
𠢾	1	𠣊	3	
𠢿	1	㔣	1	㔣
𠣀	0	𠣀	0	𠣀
𠣁	1	勞	1	勞
𠣃	1	𠣀	1	𠣀
𠣄	0	𠣄	0	𠣄
𠣅	0	𠣅	0	𠣅
𠣆	3	勡&剽	1	剽
𠣇	0	𠣇	0	𠣇
𠣈	1	攣	1	攣
𠣉	0	𠣉	0	𠣉
𠣊	0	𠣊	0	𠣊
𠣋	1	𠣊	1	𠣊
𠣌	0	𠣌	0	𠣌
𠣍	1	翰	1	翰
𠣎	1	幼	1	幼
𠣏	2	匄&丐&𠣏	2	丐&𠣏
𠣐	1	勻	3	
𠣑	0	𠣑	0	𠣑
𠣒	2	包&𠣒	1	包
𠣔	1	垂	1	垂
𠣖	0	𠣖	0	𠣖
𠣗	0	𠣗	0	𠣗
𠣘	2	周&𠣘	2	周&𠣘
𠣙	1	旬	1	旬
𠣚	1	旬	1	旬
𠣜	1	蝨	3	
𠣞	1	軍	1	軍
𠣟	2	竣&𠣟	0	𠣟
𠣠	2	𠣠&喟	1	喟
𠣡	1	旬	1	旬
𠣣	3	匄&丐	1	丐
𠣤	2	𠣬&𠣤	0	𠣤
𠣥	1	冢	1	冢
𠣦	1	軍	1	軍
𠣧	1	芻	1	芻
𠣨	1	宜	1	宜
𠣩	1	約	1	約
𠣪	3	朐&胊	1	胊
𠣫	0	𠣫	0	𠣫
𠣬	0	𠣬	3	
𠣭	1	訇	1	訇
𠣮	1	𠤄	1	𠤄
𠣯	3	𠣲&蒯&𦳋	3	蒯&𦳋
𠣰	0	𠣰	0	𠣰
𠣱	2	𠣠&喟&𠣱	2	喟&𠣱
𠣲	0	𠣲	3	
𠣳	0	𠣳	0	𠣳
𠣴	1	𠣾	1	𠣾
𠣵	1	匐	1	匐
𠣸	1	𠣾	1	𠣾
𠣹	2	𠣹&𠣿	0	𠣹
𠣺	0	𠣺	0	𠣺
𠣻	1	匏	3	
𠣼	1	鞄	3	
𠣽	1	𠣿	1	𠣿
𠣾	2	復&𠣾	0	𠣾
𠣿	0	𠣿	0	𠣿
𠤀	0	𠤀	0	𠤀
𠤂	3	匑&𠤊	1	匑
𠤄	0	𠤄	0	𠤄
𠤅	1	㔩	1	㔩
𠤇	1	𠣾	1	𠣾
𠤈	1	鳳	1	鳳
𠤉	1	絕	1	絕
𠤊	0	𠤊	0	𠤊
𠤋	3	虱&蝨	3	虱&蝨
𠤎	3	匕&化	3	匕&化
𠤏	0	𠤏	0	𠤏
𠤐	1	長	1	長
𠤑	1	𠤗	1	𠤗
𠤒	1	施	1	施
𠤓	2	𠤓&輰	0	𠤓
𠤔	1	旨	1	旨
𠤕	3	矢&賢&𠤗	3	矢&賢&𠤗
𠤖	1	輩	3	
𠤗	2	疑&𠤗	0	𠤗
𠤘	3	疑&矣&𠤗	3	疑&矣&𠤗
𠤙	2	𠤙&廄	1	廄
𠤚	1	卓	1	卓
𠤛	1	真	1	真
𠤜	1	𠤗	1	𠤗
𠤞	1	卓	1	卓
𠤟	1	卓	1	卓
𠤢	3	丘&坵	1	丘
𠤣	0	𠤣	3	
𠤤	1	真	3	
𠤦	0	𠤦	3	
𠤩	0	𠤩	3	
𠤪	1	一	1	一
𠤫	0	𠤫	0	𠤫
𠤬	1	匚	1	匚
𠤭	1	正	3	
𠤮	0	𠤮	0	𠤮
𠤯	3	杯&桮	3	杯&桮
𠤰	0	𠤰	0	𠤰
𠤱	1	簠	1	簠
𠤳	1	簠	1	簠
𠤴	0	𠤴	0	𠤴
𠤵	3	𠥱&匡&生	3	匡&生
𠤷	1	匜	3	
𠤸	1	𩋃	1	𩋃
𠤹	0	𠤹	0	𠤹
𠤺	0	𠤺	0	𠤺
𠤻	1	播	3	
𠤼	0	𠤼	0	𠤼
𠤽	1	𠧴	3	
𠤾	1	𠤿	1	𠤿
𠤿	0	𠤿	0	𠤿
𠥀	1	桮	1	桮
𠥁	2	𠤴&𠥁	1	𠤴
𠥂	1	柩	1	柩
𠥃	1	㔸	1	㔸
𠥄	1	甚	1	甚
𠥆	1	匡	3	
𠥉	2	箄&𠥉	1	箄
𠥊	1	箕	1	箕
𠥋	1	匢	1	匢
𠥌	0	𠥌	0	𠥌
𠥎	3	帷&幃	3	帷&幃
𠥐	2	倉&𠥐	2	倉&𠥐
𠥑	3	蓧&𠤼	1	𠤼
𠥒	3	𠚜&𠚘	1	𠚘
𠥓	1	匚	1	匚
𠥖	0	𠥖	0	𠥖
𠥙	0	𠥙	0	𠥙
𠥚	1	彀	1	彀
𠥛	1	帷	1	帷
𠥜	0	𠥜	0	𠥜
𠥝	0	𠥝	0	𠥝
𠥞	0	𠥞	0	𠥞
𠥢	0	𠥢	0	𠥢
𠥣	1	籩	1	籩
𠥦	2	㔴&𠥦	2	㔴&𠥦
𠥩	1	箕	1	箕
𠥪	1	𤔱	1	𤔱
𠥫	1	籩	1	籩
𠥬	1	柩	1	柩
𠥮	0	𠥮	0	𠥮
𠥯	1	抵	1	抵
𠥰	0	𠥰	0	𠥰
𠥱	2	𠥱&月&生	3	月&生
𠥴	2	𠥴&淦&浛	3	淦&浛
𠥵	0	𠥵	0	𠥵
𠥶	1	㔸	1	㔸
𠥸	1	䖙	1	䖙
𠥺	3	謳&鏂	1	鏂
𠥻	1	疾	1	疾
𠥽	0	𠥽	0	𠥽
𠥾	2	卒&𠥾	1	卒
𠦀	3	保&𠤏	3	保&𠤏
𠦁	1	鬥	3	
𠦂	1	夲	1	夲
𠦃	1	卅	1	卅
𠦄	1	卉	3	
𠦅	1	年	1	年
𠦆	1	𠦒	1	𠦒
𠦇	1	亥	1	亥
𠦈	0	𠦈	0	𠦈
𠦌	2	卌&𠦌	1	卌
𠦍	1	夲	1	夲
𠦑	1	叔	1	叔
𠦒	0	𠦒	0	𠦒
𠦓	3	丕&本	1	丕
𠦔	1	世	1	世
𠦕	1	𠦘	1	𠦘
𠦘	2	𠦘&㧬	0	𠦘
𠦙	2	𠦙&支	1	支
𠦚	1	年	1	年
𠦛	1	兵	1	兵
𠦜	3	庶&卌	3	庶&卌
𠦝	1	卓	1	卓
𠦟	1	軎	3	
𠦡	1	幸	3	
𠦢	1	協	1	協
𠦣	1	𠦫	1	𠦫
𠦤	1	單	1	單
𠦪	0	𠦪	0	𠦪
𠦫	2	卙&𠦫	0	𠦫
𠦬	2	乖&垂&𠦬	2	乖&垂&𠦬
𠦮	1	舉	3	
𠦴	1	車	1	車
𠦵	1	師	1	師
𠦶	1	革	1	革
𠦷	1	斡	1	斡
𠦸	1	率	3	
𠧀	0	𠧀	0	𠧀
𠧃	1	脾	3	
𠧄	1	幹	1	幹
𠧈	3	敦&𦎫	1	敦
𠧎	2	𠧎&亂&䜌	3	亂&䜌
𠧏	3	亂&䜌	3	亂&䜌
𠧐	3	犫&犨	1	犨
𠧑	3	𡣿&壤	1	壤
𠧒	1	乞	3	
𠧓	1	剝	1	剝
𠧔	3	歺&歹	1	歹
𠧕	1	和	1	和
𠧗	1	弄	1	弄
𠧘	1	虔	1	虔
𠧙	2	兆&𠧙	2	兆&𠧙
𠧚	0	𠧚	0	𠧚
𠧛	0	𠧛	0	𠧛
𠧜	1	西	1	西
𠧝	1	虚	3	
𠧞	1	兆	1	兆
𠧟	2	迺&𠧟	0	𠧟
𠧠	1	逌	1	逌
𠧡	1	專	1	專
𠧢	1	叀	1	叀
𠧣	1	近	1	近
𠧤	1	乃	1	乃
𠧥	1	麗	1	麗
𠧦	3	茲&玆	3	茲&玆
𠧧	1	西	3	
𠧨	1	咎	1	咎
𠧩	2	悔&𠧩	2	悔&𠧩
𠧪	2	西&卣&𠧪	2	西&卣&𠧪
𠧫	0	𠧫	0	𠧫
𠧱	1	𠧟	3	
𠧲	1	衡	1	衡
𠧳	1	克	1	克
𠧴	2	𠧴&攸&逌	3	攸&逌
𠧵	0	𠧵	0	𠧵
𠧶	1	剋	1	剋
𠧷	3	𠧴&逌	1	逌
𠧸	1	鹵	1	鹵
𠧹	1	克	1	克
𠧺	1	虔	1	虔
𠧻	1	克	1	克
𠧼	1	粟	1	粟
𠧽	1	衡	1	衡
𠨀	1	貞	1	貞
𠨁	3	禼&𥜾	1	𥜾
𠨂	1	我	1	我
𠨃	0	𠨃	0	𠨃
𠨄	1	禼	3	
𠨅	1	𠧟	1	𠧟
𠨆	0	𠨆	0	𠨆
𠨇	1	乘	1	乘
𠨈	1	𥜾	1	𥜾
𠨋	1	𠧪	1	𠧪
𠨍	2	卿&𠨍	2	卿&𠨍
𠨎	0	𠨎	0	𠨎
𠨐	1	卬	1	卬
𠨑	1	邙	3	
𠨒	1	弼	1	弼
𠨓	1	𠨎	1	𠨎
𠨔	1	抑	1	抑
𠨖	1	𠨎	1	𠨎
𠨗	3	卮&厄	1	卮
𠨘	0	𠨘	0	𠨘
𠨙	3	御&禦	1	御
𠨚	0	𠨚	0	𠨚
𠨛	1	怨	1	怨
𠨜	1	卼	1	卼
𠨝	1	怨	1	怨
𠨞	1	卿	1	卿
𠨟	1	卷	1	卷
𠨠	0	𠨠	0	𠨠
𠨢	0	𠨢	0	𠨢
𠨣	3	𠁁&𨪐	1	𨪐
𠨥	0	𠨥	0	𠨥
𠨧	2	𠨧&𢍱	1	𢍱
𠨨	1	𠨧	3	
𠨩	1	𠨧	3	
𠨫	1	卵	3	
𠨬	2	卮&厄&庀&𠨬	1	卮
𠨭	0	𠨭	0	𠨭
𠨮	1	仄	1	仄
𠨯	1	宇	1	宇
𠨰	1	女	1	女
𠨱	1	辰	1	辰
𠨲	0	𠨲	0	𠨲
𠨳	1	𠂬	3	
𠨴	0	𠨴	0	𠨴
𠨵	0	𠨵	0	𠨵
𠨶	3	𥎦&侯	1	侯
𠨷	1	辰	1	辰
𠨸	0	𠨸	0	𠨸
𠨹	2	派&𠨸&𠨹	2	派&𠨹
𠨺	2	斥&𠨺	1	斥
𠨻	2	仄&𠨻	2	仄&𠨻
𠨽	1	庇	3	
𠨿	1	底	3	
𠩀	1	𠨭	1	𠨭
𠩁	0	𠩁	0	𠩁
𠩂	3	厒&𠪟	1	厒
𠩃	2	𠨲&𠩃	1	𠨲
𠩄	1	所	1	所
𠩅	1	瓦	3	
𠩆	1	𠩪	1	𠩪
𠩊	1	旨	1	旨
𠩋	1	斥	1	斥
𠩌	1	席	1	席
𠩍	1	應	1	應
𠩎	2	厏&𠩎	1	厏
𠩏	2	屬&𠩏	0	𠩏
𠩓	1	庣	1	庣
𠩕	1	屎	3	
𠩖	1	庚	1	庚
𠩗	0	𠩗	0	𠩗
𠩘	2	狹&𠩘	0	𠩘
𠩙	1	峨	1	峨
𠩚	1	庮	1	庮
𠩛	1	席	1	席
𠩜	1	猛	1	猛
𠩝	1	房	1	房
𠩞	1	厚	1	厚
𠩟	1	辰	1	辰
𠩠	1	原	1	原
𠩡	1	昃	3	
𠩢	1	庭	3	
𠩤	1	原	1	原
𠩦	1	𠩗	1	𠩗
𠩧	2	𠩧&厒	1	厒
𠩨	3	孥&砮	1	砮
𠩩	2	仄&𠩩	1	仄
𠩪	0	𠩪	0	𠩪
𠩫	0	𠩫	0	𠩫
𠩬	1	斄	1	斄
𠩭	1	淳	1	淳
𠩮	1	盾	1	盾
𠩯	1	存	1	存
𠩰	1	厚	1	厚
𠩱	1	璹	1	璹
𠩲	2	庳&𠩲	0	𠩲
𠩶	1	𠪂	3	
𠩸	1	饋	3	
𠩹	1	𠪇	1	𠪇
𠩺	0	𠩺	0	𠩺
𠩻	1	段	1	段
𠩼	3	𠪁&盜	1	盜
𠩽	1	庶	1	庶
𠩿	0	𠩿	0	𠩿
𠪀	1	厚	3	
𠪁	2	𠪁&盜	1	盜
𠪂	0	𠪂	3	
𠪄	3	厲&廟	1	厲
𠪆	2	厥&𠪆	1	厥
𠪇	2	叟&𠪇	0	𠪇
𠪈	3	𠩧&厒	1	厒
𠪉	1	嵯	1	嵯
𠪊	1	廉	1	廉
𠪋	1	厚	1	厚
𠪌	1	庶	1	庶
𠪍	1	憂	1	憂
𠪏	1	厥	3	
𠪑	0	𠪑	0	𠪑
𠪒	0	𠪒	0	𠪒
𠪓	2	𠪓&砮	1	砮
𠪔	1	𠪚	1	𠪚
𠪕	1	麗	1	麗
𠪘	1	𠪚	1	𠪚
𠪙	0	𠪙	0	𠪙
𠪚	0	𠪚	0	𠪚
𠪛	2	𠪛&庶	1	庶
𠪜	1	庶	1	庶
𠪝	1	奠	1	奠
𠪞	3	厝&錯	1	厝
𠪟	0	𠪟	0	𠪟
𠪠	1	曆	3	
𠪡	1	廜	3	
𠪢	1	廞	3	
𠪤	3	𠪛&庶	1	庶
𠪥	1	原	1	原
𠪦	1	厒	1	厒
𠪨	1	廛	3	
𠪪	1	厜	1	厜
𠪫	1	瞂	1	瞂
𠪭	1	廒	1	廒
𠪮	0	𠪮	0	𠪮
𠪯	2	𠪯&𢋇	0	𠪯
𠪰	3	原&愿&願	1	願
𠪱	1	歷	3	
𠪲	1	廑	3	
𠪳	1	虎	1	虎
𠪹	1	甍	1	甍
𠪺	2	𠪺&𪎕	2	𠪺&𪎕
𠪻	1	𡭐	1	𡭐
𠪼	1	厥	1	厥
𠪾	1	歷	3	
𠪿	1	厲	1	厲
𠫂	1	壚	3	
𠫇	1	廳	3	
𠫈	1	𦇧	1	𦇧
𠫉	1	厧	1	厧
𠫊	1	廳	3	
𠫋	1	㢝	3	
𠫌	0	𠫌	0	𠫌
𠫍	1	屭	1	屭
𠫎	1	初	1	初
𠫐	3	原&源	3	原&源
𠫒	1	源	1	源
𠫓	0	𠫓	0	𠫓
𠫔	1	肱	1	肱
𠫕	3	巨&目	3	巨&目
𠫖	3	厷&肱	1	肱
𠫗	1	禸	1	禸
𠫙	1	穹	1	穹
𠫚	1	牟	1	牟
𠫞	3	兌&𠫨	1	𠫨
𠫟	1	去	1	去
𠫠	1	徒	1	徒
𠫡	1	呆	1	呆
𠫤	1	吝	1	吝
𠫥	1	去	1	去
𠫦	1	帝	1	帝
𠫨	0	𠫨	0	𠫨
𠫩	1	爭	1	爭
𠫪	1	六	1	六
𠫫	1	華	1	華
𠫬	1	幽	1	幽
𠫭	1	參	3	
𠫰	1	參	1	參
𠫱	1	齋	1	齋
𠫲	1	谻	3	
𠫳	2	𠫳&彶	0	𠫳
𠫵	1	參	1	參
𠫶	1	𠹈	3	
𠫷	1	谻	3	
𠫹	1	單	1	單
𠫺	3	事&年	3	事&年
𠫻	1	畚	1	畚
𠫼	1	齊	1	齊
𠫽	1	仨	3	
𠫿	2	軬&𠫿	1	軬
𠬀	3	畜&嘼	1	畜
𠬁	1	𡊄	1	𡊄
𠬂	1	斝	1	斝
𠬅	1	參	1	參
𠬆	0	𠬆	0	𠬆
𠬇	1	棄	1	棄
𠬈	0	𠬈	0	𠬈
𠬍	1	㕙	3	
𠬎	3	齎&𪗍	1	齎
𠬐	1	臍	1	臍
𠬑	1	去	1	去
𠬓	0	𠬓	0	𠬓
𠬘	1	齏	1	齏
𠬙	0	𠬙	3	
𠬚	1	宄	1	宄
𠬛	0	𠬛	0	𠬛
𠬜	2	𠬜&攀	1	攀
𠬝	0	𠬝	0	𠬝
𠬞	1	廾	1	廾
𠬟	1	肱	1	肱
𠬡	1	反	1	反
𠬢	0	𠬢	0	𠬢
𠬣	0	𠬣	0	𠬣
𠬤	1	睪	3	
𠬥	1	𠬢	1	𠬢
𠬦	2	𠬦&硇	1	硇
𠬧	1	收	1	收
𠬨	1	𢻮	1	𢻮
𠬩	3	𠬝&𠬮	1	𠬝
𠬪	3	摽&莩	3	摽&莩
𠬫	1	㼱	1	㼱
𠬬	0	𠬬	0	𠬬
𠬭	1	怪	1	怪
𠬮	0	𠬮	0	𠬮
𠬯	1	希	1	希
𠬰	1	𠬬	3	
𠬱	1	皮	1	皮
𠬲	1	叟	1	叟
𠬳	0	𠬳	0	𠬳
𠬸	1	𠬛	1	𠬛
𠬹	1	希	1	希
𠬺	1	友	1	友
𠬻	1	奉	1	奉
𠬼	1	奔	1	奔
𠬿	1	兵	1	兵
𠭀	1	若	1	若
𠭁	1	得	1	得
𠭂	3	𡥉&𡥈	1	𡥈
𠭃	1	臤	1	臤
𠭇	3	畮&畝	1	畝
𠭉	0	𠭉	0	𠭉
𠭊	3	叚&假	1	假
𠭋	0	𠭋	0	𠭋
𠭌	1	桑	1	桑
𠭍	1	更	1	更
𠭎	1	啟	1	啟
𠭏	1	事	1	事
𠭔	1	阪	1	阪
𠭕	1	奏	1	奏
𠭖	1	敢	1	敢
𠭗	2	𠭗&𠭘	0	𠭗
𠭘	2	𠭗&𠭘	0	𠭘
𠭙	2	𠭙&申	1	申
𠭚	1	若	1	若
𠭜	3	𠭙&申	1	申
𠭝	2	𠭝&㼱	0	𠭝
𠭞	1	若	1	若
𠭟	1	𤔔	1	𤔔
𠭠	1	㼱	1	㼱
𠭡	1	奏	1	奏
𠭢	1	𠭘	3	
𠭣	1	豚	1	豚
𠭥	0	𠭥	0	𠭥
𠭦	2	𠭦&𤔣	0	𠭦
𠭧	1	受	3	
𠭨	1	桑	1	桑
𠭮	1	𠭗	1	𠭗
𠭯	1	摣	1	摣
𠭰	0	𠭰	0	𠭰
𠭱	1	劉	1	劉
𠭲	1	揚	1	揚
𠭳	1	康	1	康
𠭴	0	𠭴	0	𠭴
𠭵	3	壽&𠾉	1	壽
𠭶	1	薦	1	薦
𠭷	1	𠭰	3	
𠭸	1	㕢	1	㕢
𠭻	1	庸	1	庸
𠭼	1	㼱	1	㼱
𠭾	1	㣈	1	㣈
𠭿	0	𠭿	0	𠭿
𠮁	1	殺	1	殺
𠮃	3	辟&䢃	1	䢃
𠮄	2	𠭴&𠮄	0	𠮄
𠮆	2	𠮆&𧶢	2	𠮆&𧶢
𠮇	1	㣈	1	㣈
𠮉	1	叡	1	叡
𠮊	0	𠮊	0	𠮊
𠮋	1	趣	1	趣
𠮌	1	𠮐	1	𠮐
𠮍	1	搜	1	搜
𠮎	1	巫	1	巫
𠮏	1	叡	3	
𠮐	0	𠮐	0	𠮐
𠮑	1	鞠	1	鞠
𠮒	1	𩑇	1	𩑇
𠮓	1	變	1	變
𠮕	1	憂	1	憂
𠮖	2	𠮖&奱	0	𠮖
𠮗	3	亂&䜌	3	亂&䜌
𠮘	1	齋	1	齋
𠮙	0	𠮙	0	𠮙
𠮚	3	口&甘	1	口
𠮛	1	旨	1	旨
𠮜	0	𠮜	0	𠮜
𠮞	3	吁&噢	3	吁&噢
𠮟	1	叱	1	叱
𠮠	2	剮&𠮠	2	剮&𠮠
𠮡	3	只&隻	1	只
𠮢	1	右	1	右
𠮣	1	吾	1	吾
𠮤	1	𢎘	1	𢎘
𠮥	1	召	1	召
𠮦	1	召	1	召
𠮧	1	叫	1	叫
𠮪	1	叫	1	叫
𠮫	2	𠮫&叴	0	𠮫
𠮬	3	𠮫&叴	1	𠮫
𠮭	2	嚗&𠮭	2	嚗&𠮭
𠮮	3	后&𠯑	1	𠯑
𠮯	2	台&𠮯	2	台&𠮯
𠮰	0	𠮰	0	𠮰
𠮱	1	吁	1	吁
𠮲	1	吁	3	
𠮳	0	𠮳	0	𠮳
𠮴	2	𠮴&咉	1	咉
𠮵	0	𠮵	0	𠮵
𠮷	1	吉	1	吉
𠮼	1	叫	3	
𠮾	1	嗯	3	
𠯁	1	足	1	足
𠯄	1	訒	3	
𠯆	1	汝	3	
𠯈	0	𠯈	0	𠯈
𠯉	1	亟	1	亟
𠯊	1	吁	1	吁
𠯋	0	𠯋	0	𠯋
𠯌	1	吝	1	吝
𠯍	1	呥	1	呥
𠯎	1	𠱨	1	𠱨
𠯏	1	吃	1	吃
𠯐	0	𠯐	0	𠯐
𠯑	0	𠯑	0	𠯑
𠯒	1	化	1	化
𠯓	0	𠯓	0	𠯓
𠯔	0	𠯔	0	𠯔
𠯕	1	甚	1	甚
𠯖	2	𠯖&𢎘	0	𠯖
𠯗	2	咂&𠯗	1	咂
𠯘	2	𠯘&㖕	2	𠯘&㖕
𠯙	0	𠯙	0	𠯙
𠯚	3	荒&巟	3	荒&巟
𠯛	2	吝&𠯛	1	吝
𠯜	0	𠯜	0	𠯜
𠯝	2	詆&𠯝&呧	1	呧
𠯞	3	詆&呧	1	詆
𠯟	1	哯	3	
𠯠	1	噅	3	
𠯡	2	吃&𠯡	2	吃&𠯡
𠯣	1	足	1	足
𠯥	1	啐	3	
𠯪	1	呔	1	呔
𠯬	1	𠯙	1	𠯙
𠯮	1	品	1	品
𠯳	3	吻&曶	3	吻&曶
𠯵	1	吳	1	吳
𠯶	2	句&𠯶	1	句
𠯸	1	聽	3	
𠰄	0	𠰄	0	𠰄
𠰅	0	𠰅	0	𠰅
𠰆	1	吃	3	
𠰈	0	𠰈	0	𠰈
𠰉	0	𠰉	0	𠰉
𠰊	1	𠯔	1	𠯔
𠰋	2	詆&呧&𠰋	2	詆&呧&𠰋
𠰌	2	𠰌&昩	0	𠰌
𠰍	2	咮&𠰍	2	咮&𠰍
𠰎	1	皮	1	皮
𠰏	2	啑&𠰏	2	啑&𠰏
𠰐	2	叵&𠰐	2	叵&𠰐
𠰑	0	𠰑	0	𠰑
𠰒	2	喏&𠰒	1	喏
𠰓	2	𠰓&啝	0	𠰓
𠰔	1	謀	1	謀
𠰕	0	𠰕	0	𠰕
𠰖	0	𠰖	0	𠰖
𠰗	1	呼	1	呼
𠰘	2	嗥&𠰘	2	嗥&𠰘
𠰙	2	𠰙&囐	0	𠰙
𠰚	0	𠰚	0	𠰚
𠰛	2	告&岵&郜&𠰛	2	告&岵&郜&𠰛
𠰜	0	𠰜	0	𠰜
𠰝	2	呬&𠰝	1	呬
𠰞	3	復&复	1	复
𠰟	1	疇	3	
𠰡	0	𠰡	0	𠰡
𠰥	1	若	3	
𠰧	1	國	1	國
𠰩	1	呥	1	呥
𠰱	1	㘉	3	
𠰲	2	述&𠰲	1	述
𠰵	1	趺	1	趺
𠰶	2	王&𠰶	1	王
𠰷	1	嚧	3	
𠰸	1	咽	1	咽
𠰹	1	拖	3	
𠰼	1	𠯗	1	𠯗
𠰿	1	詠	1	詠
𠱄	1	𥁕	3	
𠱅	1	𪢎	3	
𠱎	1	呧	1	呧
𠱏	1	咓	3	
𠱐	0	𠱐	0	𠱐
𠱑	2	吺&𠱑	2	吺&𠱑
𠱒	2	吺&𠱒	1	吺
𠱓	2	詭&𠱓	2	詭&𠱓
𠱔	0	𠱔	0	𠱔
𠱕	2	𠱕&哾&𠻜	2	𠱕&哾
𠱖	2	𠱖&訊	1	訊
𠱗	1	蓑	1	蓑
𠱘	0	𠱘	0	𠱘
𠱙	2	喌&𠱙	2	喌&𠱙
𠱚	2	弄&哢&𠱚	0	𠱚
𠱛	0	𠱛	0	𠱛
𠱜	0	𠱜	0	𠱜
𠱝	2	哨&𠱝	2	哨&𠱝
𠱞	0	𠱞	0	𠱞
𠱟	2	嗤&𠱟	1	嗤
𠱠	0	𠱠	0	𠱠
𠱡	0	𠱡	0	𠱡
𠱢	2	鼾&𠱢	1	鼾
𠱣	2	𠱣&𡄷	1	𡄷
𠱤	0	𠱤	0	𠱤
𠱥	0	𠱥	0	𠱥
𠱦	3	𠱧&眾	1	眾
𠱧	2	𠱧&眾	1	眾
𠱨	0	𠱨	0	𠱨
𠱩	1	君	1	君
𠱪	1	𠱫	3	
𠱫	2	𠰜&𠱫	0	𠱫
𠱬	1	周	1	周
𠱭	1	君	1	君
𠱮	2	肙&𠱮	1	肙
𠱯	1	坐	1	坐
𠱰	1	君	1	君
𠱱	1	呧	1	呧
𠱲	0	𠱲	0	𠱲
𠱳	0	𠱳	0	𠱳
𠱴	1	唫	3	
𠱾	1	持	3	
𠱿	1	啗	3	
𠲅	1	咆	1	咆
𠲊	0	𠲊	3	
𠲋	2	觜&𠲋	2	觜&𠲋
𠲌	2	𠲌&㖅	2	𠲌&㖅
𠲎	2	吠&𠲎	2	吠&𠲎
𠲏	0	𠲏	0	𠲏
𠲐	1	呱	1	呱
𠲒	1	含	3	
𠲓	2	𠲓&䪦	1	䪦
𠲕	1	噇	3	
𠲗	2	𠱫&𠲗	1	𠱫
𠲘	1	善	1	善
𠲣	1	呫	3	
𠲩	2	𠱫&𠲩	0	𠲩
𠲪	1	呝	3	
𠲫	1	𠱨	1	𠱨
𠲭	1	呦	1	呦
𠲮	0	𠲮	0	𠲮
𠲯	1	誨	1	誨
𠲰	1	喗	1	喗
𠲱	2	格&𠲱	1	格
𠲲	1	吝	1	吝
𠲳	2	呻&𠲳	1	呻
𠲴	0	𠲴	0	𠲴
𠲵	2	呦&𠲵	2	呦&𠲵
𠲶	2	𠲶&喕	1	喕
𠲷	2	囁&𠲷	2	囁&𠲷
𠲸	2	喃&𠲸	1	喃
𠲹	2	喫&𠲹	2	喫&𠲹
𠲺	0	𠲺	0	𠲺
𠲻	0	𠲻	0	𠲻
𠲼	2	齧&𠲼	1	齧
𠲽	2	咈&𠲽	1	咈
𠲾	2	咰&𠲾	2	咰&𠲾
𠲿	2	嘴&欶&𠲋&𠲿	2	嘴&𠲋&𠲿
𠳀	1	𠹍	1	𠹍
𠳁	2	㖥&𠳁	2	㖥&𠳁
𠳂	2	咶&𠳂	1	咶
𠳃	0	𠳃	0	𠳃
𠳄	2	靈&𠳄	1	靈
𠳅	1	問	1	問
𠳆	1	哉	1	哉
𠳇	0	𠳇	0	𠳇
𠳈	1	吝	1	吝
𠳉	2	詆&呧&𠳉	1	呧
𠳊	0	𠳊	0	𠳊
𠳋	0	𠳋	0	𠳋
𠳌	0	𠳌	0	𠳌
𠳍	0	𠳍	0	𠳍
𠳎	0	𠳎	0	𠳎
𠳝	1	否	1	否
𠳫	1	堋	1	堋
𠳬	1	競	3	
𠳮	1	喬	1	喬
𠳯	2	號&𠳯	1	號
𠳰	2	𠲊&𠳰	0	𠳰
𠳱	2	𠱖&訊&𠳱	2	訊&𠳱
𠳲	1	冔	3	
𠳴	1	嘍	1	嘍
𠳵	1	鄰	1	鄰
𠳷	2	呿&𠳷	1	呿
𠳸	2	𠳸&嗘	1	嗘
𠳹	0	𠳹	0	𠳹
𠳺	2	吝&𠳺	1	吝
𠳻	2	吝&𠳻	1	吝
𠳾	1	喊	3	
𠴀	1	啞	3	
𠴁	1	呴	3	
𠴃	2	哭&𠴃	1	哭
𠴅	1	容	3	
𠴈	1	吰	1	吰
𠴔	1	埕	3	
𠴛	1	𡃕	3	
𠴟	1	咩	3	
𠴡	2	莞&𠴡	2	莞&𠴡
𠴢	2	聲&𠴢	1	聲
𠴣	2	吽&𠴣	2	吽&𠴣
𠴦	0	𠴦	0	𠴦
𠴧	2	嚌&𠴧	0	𠴧
𠴨	0	𠴨	0	𠴨
𠴩	1	箕	1	箕
𠴪	1	唰	1	唰
𠴫	1	𠱙	1	𠱙
𠴬	1	喋	1	喋
𠴭	0	𠴭	0	𠴭
𠴮	2	噴&𠴮	1	噴
𠴯	2	唾&喢&𠴯	2	唾&喢&𠴯
𠴰	2	嘔&𠴰	1	嘔
𠴱	2	胡&𠴱	0	𠴱
𠴲	1	誻	1	誻
𠴳	0	𠴳	0	𠴳
𠴴	1	𠯗	1	𠯗
𠴵	2	噪&𠴵	1	噪
𠴶	2	唲&𠴶	0	𠴶
𠴷	2	𠴷&𠶸	0	𠴷
𠴸	0	𠴸	0	𠴸
𠴹	0	𠴹	0	𠴹
𠴺	2	唲&𠴺	0	𠴺
𠴻	2	咃&𠴻	0	𠴻
𠴼	0	𠴼	0	𠴼
𠴽	1	吝	1	吝
𠴾	1	㗙	1	㗙
𠴿	1	鄙	1	鄙
𠵀	1	師	1	師
𠵁	1	讎	1	讎
𠵂	2	啉&𠵂	1	啉
𠵃	2	囋&𠵃	0	𠵃
𠵊	1	善	1	善
𠵍	1	晳	3	
𠵑	0	𠵑	0	𠵑
𠵒	1	啐	1	啐
𠵓	1	玄	1	玄
𠵖	1	灒	3	
𠵘	0	𠵘	3	
𠵠	2	𪘨&𠵠	1	𪘨
𠵡	1	𠱡	1	𠱡
𠵢	2	嚇&𠵢	0	𠵢
𠵥	1	悟	1	悟
𠵦	1	啎	1	啎
𠵪	2	𠵪&𤕦	1	𤕦
𠵰	2	嘵&𠵰	1	嘵
𠵲	1	哿	1	哿
𠵵	2	唵&𠵵	1	唵
𠵶	1	箕	1	箕
𠵷	1	吮	1	吮
𠵹	0	𠵹	0	𠵹
𠵾	1	㗲	3	
𠶏	1	詠	3	
𠶜	1	掣	3	
𠶧	0	𠶧	0	𠶧
𠶨	0	𠶨	0	𠶨
𠶩	2	呱&𠶩	1	呱
𠶪	2	唬&嗥&𠶪	2	唬&嗥&𠶪
𠶫	0	𠶫	0	𠶫
𠶬	0	𠶬	0	𠶬
𠶭	1	嘍	1	嘍
𠶮	1	喜	1	喜
𠶰	0	𠶰	0	𠶰
𠶱	0	𠶱	0	𠶱
𠶲	1	𠷄	1	𠷄
𠶳	1	啟	1	啟
𠶴	2	咂&𠯗&𠶴	2	𠯗&𠶴
𠶵	2	杞&𠶵	2	杞&𠶵
𠶶	1	啟	3	
𠶷	0	𠶷	0	𠶷
𠶸	2	𠶸&𧮫	0	𠶸
𠶺	1	哽	1	哽
𠶻	2	咠&𠶻	1	咠
𠶼	2	𠶼&叫	1	叫
𠶽	1	𠴨	1	𠴨
𠶾	0	𠶾	0	𠶾
𠶿	1	𤅊	1	𤅊
𠷀	0	𠷀	0	𠷀
𠷁	0	𠷁	0	𠷁
𠷂	0	𠷂	0	𠷂
𠷃	2	嗖&𠷃	2	嗖&𠷃
𠷄	0	𠷄	0	𠷄
𠷅	2	咄&𠷅	2	咄&𠷅
𠷆	2	咋&𠷆	1	咋
𠷇	0	𠷇	0	𠷇
𠷈	0	𠷈	0	𠷈
𠷉	0	𠷉	0	𠷉
𠷊	0	𠷊	0	𠷊
𠷋	0	𠷋	0	𠷋
𠷌	2	唧&𠷌	2	唧&𠷌
𠷍	0	𠷍	0	𠷍
𠷎	3	壽&疇&𠾉&𪇘	3	壽&疇&𠾉&𪇘
𠷏	0	𠷏	0	𠷏
𠷑	0	𠷑	0	𠷑
𠷒	0	𠷒	0	𠷒
𠷓	0	𠷓	0	𠷓
𠷔	1	喪	1	喪
𠷕	1	吹	1	吹
𠷖	0	𠷖	0	𠷖
𠷗	1	諺	1	諺
𠷘	1	啾	1	啾
𠷙	1	𠷾	1	𠷾
𠷚	0	𠷚	0	𠷚
𠷛	1	箕	1	箕
𠷜	1	茍	1	茍
𠷝	1	喟	1	喟
𠷞	0	𠷞	0	𠷞
𠷟	2	界&𠷟	1	界
𠷠	1	啟	3	
𠷢	1	銜	3	
𠷣	1	嗤	3	
𠷬	1	諫	3	
𠷸	2	吪&喁&𠷸	2	吪&喁&𠷸
𠷻	2	漂&𠷻	1	漂
𠷼	2	恧&𠷼	1	恧
𠷽	2	策&𠷽	1	策
𠷾	2	㖪&𠷾	0	𠷾
𠷿	1	咋	3	
𠸀	1	咬	1	咬
𠸃	1	噀	3	
𠸅	1	哭	1	哭
𠸆	1	澹	3	
𠸇	1	噀	3	
𠸍	1	笑	3	
𠸝	1	啑	3	
𠸭	2	㖷&𠸭	1	㖷
𠸮	0	𠸮	0	𠸮
𠸰	1	呦	1	呦
𠸱	0	𠸱	0	𠸱
𠸲	0	𠸲	0	𠸲
𠸳	0	𠸳	0	𠸳
𠸵	3	𠶼&叫	1	叫
𠸶	1	喪	1	喪
𠸷	2	哹&𠸷	1	哹
𠸸	2	唇&𠸸	1	唇
𠸹	0	𠸹	0	𠸹
𠸺	1	𠱘	1	𠱘
𠸻	2	唼&𠸻	0	𠸻
𠸿	1	斷	1	斷
𠹀	2	潠&𠹀	2	潠&𠹀
𠹁	0	𠹁	0	𠹁
𠹂	1	㖢	1	㖢
𠹃	0	𠹃	0	𠹃
𠹄	1	頜	1	頜
𠹅	3	哄&鬨	1	哄
𠹆	0	𠹆	0	𠹆
𠹇	2	𠹇&𧪫	0	𠹇
𠹈	2	𠹈&儺	1	儺
𠹉	1	嘗	1	嘗
𠹊	0	𠹊	0	𠹊
𠹋	0	𠹋	0	𠹋
𠹌	0	𠹌	0	𠹌
𠹍	0	𠹍	0	𠹍
𠹎	1	烋	1	烋
𠹏	3	噪&喿	1	喿
𠹐	0	𠹐	0	𠹐
𠹑	0	𠹑	0	𠹑
𠹒	3	哄&鬨	1	哄
𠹓	0	𠹓	0	𠹓
𠹔	0	𠹔	0	𠹔
𠹕	0	𠹕	0	𠹕
𠹖	0	𠹖	0	𠹖
𠹗	1	哳	1	哳
𠹘	2	嗄&𠹘	2	嗄&𠹘
𠹙	1	喫	1	喫
𠹚	2	呁&𠹚	0	𠹚
𠹛	2	孩&𠹛	0	𠹛
𠹜	3	喦&嵒	1	喦
𠹞	1	啽	1	啽
𠹟	1	謇	1	謇
𠹠	1	㘀	1	㘀
𠹡	1	喤	1	喤
𠹢	2	嗀&𠹢	1	嗀
𠹣	1	𤕦	1	𤕦
𠹤	0	𠹤	0	𠹤
𠹥	0	𠹥	0	𠹥
𠹦	0	𠹦	0	𠹦
𠹧	1	商	1	商
𠹨	1	殂	1	殂
𠹩	1	群	1	群
𠹪	1	䞤	1	䞤
𠹫	1	嗇	1	嗇
𠹮	1	嘴	3	
𠺀	1	𠹍	1	𠹍
𠺎	3	駡&罵	1	罵
𠺏	1	啻	1	啻
𠺐	1	喚	3	
𠺑	1	笑	3	
𠺓	1	啀	1	啀
𠺛	3	耄&𦒺	1	𦒺
𠺜	1	嗟	3	
𠺠	1	嚨	3	
𠺡	1	咳	1	咳
𠺤	1	哲	1	哲
𠺪	1	喈	3	
𠺮	0	𠺮	3	
𠺽	1	啥	1	啥
𠻌	2	嘂&𠻌	0	𠻌
𠻍	0	𠻍	0	𠻍
𠻎	2	嚌&𠻎	1	嚌
𠻏	2	嘁&𠻏	2	嘁&𠻏
𠻐	0	𠻐	0	𠻐
𠻔	1	噱	1	噱
𠻕	1	嘬	1	嘬
𠻖	1	星	1	星
𠻗	0	𠻗	0	𠻗
𠻘	1	嚼	1	嚼
𠻙	1	𪘁	1	𪘁
𠻚	1	謨	1	謨
𠻛	1	嗾	1	嗾
𠻜	2	𠷈&𠻜	0	𠻜
𠻝	1	參	1	參
𠻞	0	𠻞	0	𠻞
𠻟	2	叱&𠻟	1	叱
𠻠	0	𠻠	0	𠻠
𠻡	0	𠻡	0	𠻡
𠻢	3	嘑&謼	1	謼
𠻣	1	嗾	1	嗾
𠻤	0	𠻤	0	𠻤
𠻥	2	嘈&𠻥	2	嘈&𠻥
𠻦	0	𠻦	0	𠻦
𠻧	0	𠻧	0	𠻧
𠻨	0	𠻨	0	𠻨
𠻩	1	誂	1	誂
𠻪	0	𠻪	0	𠻪
𠻫	0	𠻫	0	𠻫
𠻬	0	𠻬	0	𠻬
𠻭	1	壺	1	壺
𠻮	1	嗇	1	嗇
𠻯	1	哳	1	哳
𠻰	3	𠼛&阜	1	阜
𠻱	0	𠻱	0	𠻱
𠻳	3	嗽&㘀	1	㘀
𠻶	1	嗼	1	嗼
𠻸	1	嗣	3	
𠼅	1	罨	3	
𠼕	2	𠼕&唄	1	唄
𠼗	1	囋	1	囋
𠼘	2	悟&𠼘	0	𠼘
𠼙	1	嗓	3	
𠼚	2	唄&𠼚	1	唄
𠼛	2	𠼛&阜	1	阜
𠼜	1	齧	1	齧
𠼞	0	𠼞	0	𠼞
𠼟	0	𠼟	0	𠼟
𠼡	1	𠾉	1	𠾉
𠼣	1	啜	1	啜
𠼤	0	𠼤	3	
𠼥	1	噱	3	
𠼦	1	𠿐	3	
𠼧	1	喦	3	
𠼨	1	嘂	3	
𠼩	1	圇	1	圇
𠼫	1	銜	3	
𠼬	1	商	3	
𠼮	0	𠼮	3	
𠼱	1	呢	1	呢
𠽁	1	噱	3	
𠽈	0	𠽈	3	
𠽓	1	𡁺	3	
𠽜	0	𠽜	0	𠽜
𠽝	0	𠽝	0	𠽝
𠽡	1	嘒	1	嘒
𠽢	1	㗘	1	㗘
𠽣	2	喢&𠽣	2	喢&𠽣
𠽤	1	𠱨	1	𠱨
𠽥	1	咽	1	咽
𠽦	2	喊&𠽦	0	𠽦
𠽧	1	咥	1	咥
𠽨	1	噾	1	噾
𠽩	0	𠽩	0	𠽩
𠽪	0	𠽪	0	𠽪
𠽫	0	𠽫	0	𠽫
𠽬	1	呢	1	呢
𠽭	2	𠽭&𡄷	0	𠽭
𠽮	3	𠽭&𡄷	1	𠽭
𠽯	3	𠽭&𡄷	1	𠽭
𠽰	0	𠽰	0	𠽰
𠽱	1	謇	1	謇
𠽲	0	𠽲	0	𠽲
𠽳	1	𠽲	1	𠽲
𠽴	1	喘	1	喘
𠽵	0	𠽵	0	𠽵
𠽶	2	嘬&歠&𠽶&𣤌	2	嘬&歠&𠽶&𣤌
𠽸	1	囂	1	囂
𠽹	0	𠽹	0	𠽹
𠽺	1	嚚	1	嚚
𠽻	2	哳&𠽻	2	哳&𠽻
𠽼	2	澀&𠽼	2	澀&𠽼
𠽽	1	𤕦	1	𤕦
𠽾	2	噴&𠽾	2	噴&𠽾
𠽿	1	呱	1	呱
𠾀	0	𠾀	0	𠾀
𠾁	1	囈	1	囈
𠾂	1	嗇	1	嗇
𠾃	1	商	1	商
𠾄	1	善	1	善
𠾅	3	要&嚚	1	嚚
𠾈	1	游	1	游
𠾉	2	疇&𠾉	2	疇&𠾉
𠾊	1	唾	1	唾
𠾋	3	嘴&觜	1	嘴
𠾌	0	𠾌	0	𠾌
𠾎	1	撒	3	
𠾖	1	器	1	器
𠾗	0	𠾗	0	𠾗
𠾚	1	曊	3	
𠾣	1	𠾬	3	
𠾥	0	𠾥	0	𠾥
𠾦	1	悲	1	悲
𠾧	1	嘼	1	嘼
𠾪	1	噮	1	噮
𠾫	1	須	3	
𠾬	0	𠾬	3	
𠾯	1	囂	1	囂
𠾰	1	咽	1	咽
𠾱	1	噆	3	
𠿅	2	喚&𠿅	0	𠿅
𠿆	0	𠿆	0	𠿆
𠿇	1	謑	1	謑
𠿈	2	啾&𠿈	1	啾
𠿉	2	毄&𠿉	2	毄&𠿉
𠿊	1	喫	1	喫
𠿋	2	粤&𠿋	0	𠿋
𠿌	1	嗂	1	嗂
𠿍	1	唸	1	唸
𠿎	0	𠿎	0	𠿎
𠿏	0	𠿏	0	𠿏
𠿐	2	𠿐&謾	1	謾
𠿑	2	喊&𠿑	2	喊&𠿑
𠿒	1	喝	1	喝
𠿓	0	𠿓	0	𠿓
𠿔	2	𠿔&𣨶	0	𠿔
𠿕	0	𠿕	0	𠿕
𠿖	2	彪&𠿖	1	彪
𠿗	0	𠿗	0	𠿗
𠿘	3	嘴&觜&㭰	3	嘴&㭰
𠿙	1	咆	1	咆
𠿚	1	喋	1	喋
𠿛	0	𠿛	0	𠿛
𠿜	1	㼫	1	㼫
𠿝	0	𠿝	0	𠿝
𠿞	0	𠿞	0	𠿞
𠿟	2	嚳&𠿟	2	嚳&𠿟
𠿠	0	𠿠	0	𠿠
𠿡	0	𠿡	0	𠿡
𠿢	3	涎&羨	3	涎&羨
𠿣	0	𠿣	0	𠿣
𠿤	0	𠿤	0	𠿤
𠿥	1	喟	1	喟
𠿦	1	嚚	1	嚚
𠿧	1	商	1	商
𠿷	0	𠿷	3	
𠿺	0	𠿺	0	𠿺
𠿻	1	𠿕	1	𠿕
𠿼	1	煞	3	
𠿽	1	釜	1	釜
𠿿	0	𠿿	3	
𡀆	1	嚭	1	嚭
𡀇	1	噇	3	
𡀐	1	佇	1	佇
𡀒	1	嘐	1	嘐
𡀓	1	靈	1	靈
𡀕	1	喉	3	
𡀘	0	𡀘	3	
𡀛	1	呼	1	呼
𡀜	1	筭	3	
𡀹	1	𡂒	1	𡂒
𡀺	0	𡀺	0	𡀺
𡀼	2	𡀘&𡀼	0	𡀼
𡀽	1	喝	1	喝
𡀿	0	𡀿	0	𡀿
𡁁	0	𡁁	0	𡁁
𡁂	1	𡂙	1	𡂙
𡁃	1	賾	1	賾
𡁄	1	𠽵	1	𠽵
𡁅	1	嚵	1	嚵
𡁆	0	𡁆	0	𡁆
𡁇	0	𡁇	0	𡁇
𡁈	0	𡁈	0	𡁈
𡁉	2	𡁉&𡂣	2	𡁉&𡂣
𡁋	0	𡁋	0	𡁋
𡁌	0	𡁌	0	𡁌
𡁎	0	𡁎	0	𡁎
𡁏	1	𧭊	1	𧭊
𡁐	1	嗌	1	嗌
𡁑	1	𠿎	1	𠿎
𡁒	1	喫	1	喫
𡁓	2	𡁓&𡂩	2	𡁓&𡂩
𡁕	0	𡁕	0	𡁕
𡁖	1	㗼	1	㗼
𡁗	1	𠿕	1	𠿕
𡁘	1	罼	3	
𡁠	1	喏	3	
𡁨	1	對	1	對
𡁩	1	韻	1	韻
𡁫	3	嘴&觜&㭰	3	嘴&㭰
𡁬	1	嚚	1	嚚
𡁭	3	𠼕&唄	1	唄
𡁰	1	𡃃	3	
𡁲	3	嚏&策	1	策
𡁵	1	緊	3	
𡁺	0	𡁺	3	
𡂈	1	潽	3	
𡂉	1	哮	1	哮
𡂊	0	𡂊	0	𡂊
𡂋	2	啖&𡂋	0	𡂋
𡂏	0	𡂏	0	𡂏
𡂐	3	讚&囋	1	囋
𡂑	1	𠽲	1	𠽲
𡂒	0	𡂒	0	𡂒
𡂓	2	謫&𡂓	2	謫&𡂓
𡂔	1	嘁	1	嘁
𡂕	0	𡂕	0	𡂕
𡂖	2	噧&𡂖	0	𡂖
𡂗	2	嘴&𡂗	2	嘴&𡂗
𡂘	1	咆	1	咆
𡂙	0	𡂙	0	𡂙
𡂚	0	𡂚	0	𡂚
𡂛	2	吺&𡂛	2	吺&𡂛
𡂜	2	啜&歠&𡂜	2	啜&𡂜
𡂝	1	讀	1	讀
𡂞	1	囈	1	囈
𡂟	0	𡂟	0	𡂟
𡂠	1	㗫	1	㗫
𡂡	2	嗾&𡂡	0	𡂡
𡂢	1	嘄	1	嘄
𡂣	2	𡁉&𡂣	2	𡁉&𡂣
𡂤	1	喪	1	喪
𡂥	1	嘆	1	嘆
𡂦	1	商	1	商
𡂧	1	喪	1	喪
𡂨	1	嚚	1	嚚
𡂩	0	𡂩	0	𡂩
𡂶	1	碣	1	碣
𡂼	1	罵	3	
𡂿	0	𡂿	3	
𡃃	0	𡃃	3	
𡃄	0	𡃄	3	
𡃕	0	𡃕	3	
𡃝	0	𡃝	0	𡃝
𡃠	3	否&咅	1	否
𡃡	0	𡃡	0	𡃡
𡃢	0	𡃢	0	𡃢
𡃣	1	戰	1	戰
𡃤	1	𡂖	1	𡂖
𡃥	1	啍	1	啍
𡃦	0	𡃦	0	𡃦
𡃧	2	歔&𡃧	0	𡃧
𡃨	1	嘻	1	嘻
𡃩	0	𡃩	0	𡃩
𡃪	3	喟&嘳	1	喟
𡃫	1	嚴	1	嚴
𡃬	1	商	1	商
𡃭	1	歌	1	歌
𡃮	1	譸	1	譸
𡃯	1	唐	1	唐
𡃰	1	嚱	3	
𡃱	1	嚃	3	
𡃷	0	𡃷	0	𡃷
𡄇	1	謦	3	
𡄈	1	馨	1	馨
𡄉	1	𤕦	1	𤕦
𡄊	1	吃	1	吃
𡄋	1	噆	1	噆
𡄌	1	碣	1	碣
𡄑	0	𡄑	0	𡄑
𡄒	2	悼&𡄒&𦒺	0	𡄒
𡄓	2	謇&𡄓	1	謇
𡄔	0	𡄔	0	𡄔
𡄕	0	𡄕	0	𡄕
𡄖	1	應	1	應
𡄗	1	嚗	1	嚗
𡄘	1	齮	1	齮
𡄙	1	賾	1	賾
𡄚	1	商	1	商
𡄛	1	器	1	器
𡄜	1	囊	3	
𡄠	1	喘	1	喘
𡄣	0	𡄣	0	𡄣
𡄥	1	噞	3	
𡄱	1	嘁	1	嘁
𡄲	0	𡄲	0	𡄲
𡄳	0	𡄳	0	𡄳
𡄴	0	𡄴	0	𡄴
𡄵	0	𡄵	0	𡄵
𡄶	1	嚏	1	嚏
𡄷	0	𡄷	0	𡄷
𡄸	1	噰	1	噰
𡄹	0	𡄹	0	𡄹
𡄺	1	嘌	1	嘌
𡄻	2	懿&𡄻	2	懿&𡄻
𡅁	0	𡅁	0	𡅁
𡅔	1	嚴	1	嚴
𡅗	3	𧈅&虩	1	虩
𡅘	1	𡂏	1	𡂏
𡅙	0	𡅙	0	𡅙
𡅚	1	嚚	1	嚚
𡅜	1	𧭤	1	𧭤
𡅝	1	嚴	1	嚴
𡅞	1	嚂	1	嚂
𡅟	1	商	1	商
𡅡	3	噩&諤	3	噩&諤
𡅤	1	艱	3	
𡅥	0	𡅥	3	
𡅦	1	鼛	3	
𡅧	1	難	3	
𡅭	0	𡅭	0	𡅭
𡅮	1	嚴	1	嚴
𡅰	1	嘈	1	嘈
𡅱	3	喚&𡅻	1	𡅻
𡅵	1	釋	3	
𡅶	3	騫&謇	1	謇
𡅸	1	艱	1	艱
𡅹	2	𠿞&𡅹	2	𠿞&𡅹
𡅺	2	𠿠&𡅺	2	𠿠&𡅺
𡅻	2	喚&𡅻	1	喚
𡅼	1	𡁈	1	𡁈
𡅽	3	喚&𡅻	1	𡅻
𡅾	1	嚴	1	嚴
𡅿	1	嘾	1	嘾
𡆅	0	𡆅	0	𡆅
𡆆	0	𡆆	0	𡆆
𡆉	1	嚴	1	嚴
𡆎	1	靦	1	靦
𡆏	1	𡂛	1	𡂛
𡆐	1	艱	3	
𡆑	1	㘙	1	㘙
𡆒	1	艱	1	艱
𡆓	1	譸	1	譸
𡆔	1	囂	1	囂
𡆟	1	啃	3	
𡆠	1	日	1	日
𡆡	1	起	1	起
𡆣	2	㘝&𡆣	2	㘝&𡆣
𡆥	3	囚&舊	1	囚
𡆦	1	曰	3	
𡆧	3	囪&窗	3	囪&窗
𡆨	1	良	1	良
𡆩	0	𡆩	0	𡆩
𡆪	1	囪	3	
𡆬	1	因	1	因
𡆮	1	因	1	因
𡆰	1	囤	1	囤
𡆲	1	目	1	目
𡆳	2	回&曶&𡆳	2	曶&𡆳
𡆴	1	㘝	1	㘝
𡆵	1	壼	1	壼
𡆶	1	模	1	模
𡆷	1	曶	1	曶
𡆸	3	國&日	3	國&日
𡆻	1	國	1	國
𡆼	3	囦&淵	1	淵
𡆾	1	囧	1	囧
𡆿	1	國	1	國
𡇁	1	日	1	日
𡇃	1	邑	1	邑
𡇄	1	㘝	1	㘝
𡇅	1	國	1	國
𡇆	1	曶	1	曶
𡇇	1	囧	1	囧
𡇈	2	固&橐&𡇈	2	固&橐&𡇈
𡇉	1	笏	1	笏
𡇊	1	圃	1	圃
𡇋	3	囦&淵	1	淵
𡇌	1	回	1	回
𡇍	1	畫	1	畫
𡇎	1	國	1	國
𡇑	0	𡇑	0	𡇑
𡇒	2	㘠&𡇒	2	㘠&𡇒
𡇓	0	𡇓	0	𡇓
𡇔	1	婁	1	婁
𡇕	1	國	1	國
𡇖	0	𡇖	0	𡇖
𡇗	3	囸&日	1	日
𡇘	1	𡆩	1	𡆩
𡇛	1	直	1	直
𡇜	1	函	3	
𡇞	1	合	3	
𡇠	0	𡇠	0	𡇠
𡇡	1	目	1	目
𡇢	3	面&麵	1	面
𡇣	1	古	1	古
𡇤	0	𡇤	0	𡇤
𡇨	1	囝	3	
𡇪	1	窖	1	窖
𡇫	1	圖	3	
𡇭	1	婁	1	婁
𡇯	1	混	3	
𡇰	0	𡇰	0	𡇰
𡇱	0	𡇱	0	𡇱
𡇲	3	乳&嬭	3	乳&嬭
𡇳	0	𡇳	0	𡇳
𡇴	1	圖	1	圖
𡇵	3	宕&𡇈	3	宕&𡇈
𡇶	0	𡇶	0	𡇶
𡇷	0	𡇷	0	𡇷
𡇹	1	月	1	月
𡇼	0	𡇼	0	𡇼
𡇽	1	煙	1	煙
𡇾	1	冒	1	冒
𡇿	0	𡇿	0	𡇿
𡈀	0	𡈀	0	𡈀
𡈇	1	圖	1	圖
𡈉	0	𡈉	0	𡈉
𡈊	2	縶&𡈊	0	𡈊
𡈋	1	壼	1	壼
𡈌	0	𡈌	0	𡈌
𡈍	3	零&囹	3	零&囹
𡈎	3	日&烏	3	日&烏
𡈏	0	𡈏	0	𡈏
𡈑	1	國	1	國
𡈕	1	圈	1	圈
𡈖	1	圖	1	圖
𡈗	0	𡈗	0	𡈗
𡈘	1	冒	1	冒
𡈙	1	囮	1	囮
𡈚	1	罪	1	罪
𡈛	1	㘤	3	
𡈟	1	看	1	看
𡈢	3	絭&𡈳&稛	3	絭&𡈳
𡈣	1	𩕖	1	𩕖
𡈤	1	園	1	園
𡈦	1	繞	3	
𡈧	1	壼	3	
𡈪	1	滿	1	滿
𡈫	3	㘥&囮	1	囮
𡈭	1	獄	1	獄
𡈮	1	圔	1	圔
𡈱	1	囮	1	囮
𡈳	2	𡈳&稛&𦇘	1	稛
𡈶	1	雷	3	
𡈷	1	稛	1	稛
𡈸	1	囮	1	囮
𡈹	1	囿	1	囿
𡈻	3	圞&圝	1	圝
𡈼	2	壬&王&𡈼	0	𡈼
𡈽	1	土	3	
𡈾	2	瘞&𡈾	1	瘞
𡈿	1	斟	1	斟
𡉄	3	在&聖	3	在&聖
𡉇	1	塊	1	塊
𡉈	1	在	3	
𡉉	0	𡉉	3	
𡉊	3	基&巫&巠	1	基
𡉏	3	圯&圮	1	圮
𡉒	1	坉	1	坉
𡉔	1	澀	3	
𡉘	1	封	1	封
𡉙	1	塈	1	塈
𡉚	2	𡉚&封	1	封
𡉛	1	圪	1	圪
𡉜	1	㘰	3	
𡉝	1	基	1	基
𡉟	1	壯	1	壯
𡉠	1	在	1	在
𡉡	1	坐	1	坐
𡉢	1	堅	1	堅
𡉣	1	根	3	
𡉨	1	基	3	
𡉫	1	坉	3	
𡉬	1	坻	1	坻
𡉮	1	堈	3	
𡉯	1	牡	3	
𡉰	1	至	1	至
𡉱	1	坍	1	坍
𡉲	1	均	1	均
𡉳	1	坻	1	坻
𡉵	1	兆	1	兆
𡉶	3	墀&坻	3	墀&坻
𡉷	0	𡉷	0	𡉷
𡉼	1	基	3	
𡊀	2	汰&𡊀	1	汰
𡊁	0	𡊁	0	𡊁
𡊂	2	坐&𡊂	0	𡊂
𡊃	2	阪&𡊃	1	阪
𡊄	0	𡊄	0	𡊄
𡊅	2	𡊅&𡊄	1	𡊄
𡊆	1	坻	1	坻
𡊇	1	坻	1	坻
𡊈	1	坻	1	坻
𡊉	0	𡊉	0	𡊉
𡊊	1	圯	3	
𡊋	1	封	1	封
𡊌	3	汰&汏	1	汰
𡊍	0	𡊍	0	𡊍
𡊎	1	坐	1	坐
𡊏	1	至	1	至
𡊓	1	坻	1	坻
𡊚	1	拍	3	
𡊜	1	坫	3	
𡊞	2	𡊞&坪	1	坪
𡊠	1	凹	3	
𡊢	1	坍	3	
𡊣	1	丘	1	丘
𡊤	1	堋	1	堋
𡊥	1	兆	1	兆
𡊦	3	坸&垢	1	垢
𡊧	0	𡊧	3	
𡊨	3	壇&罈	3	壇&罈
𡊪	1	堯	3	
𡊬	1	坑	1	坑
𡊭	1	密	3	
𡊮	1	袁	3	
𡊯	1	坋	3	
𡊰	0	𡊰	3	
𡊴	3	泥&坭	1	泥
𡊵	2	𡊵&堶	1	堶
𡊶	0	𡊶	0	𡊶
𡊷	1	垠	1	垠
𡊸	0	𡊸	0	𡊸
𡊹	2	垔&𡊹	2	垔&𡊹
𡊺	3	汗&洋	1	汗
𡊻	0	𡊻	0	𡊻
𡊼	2	𡊼&䂬	0	𡊼
𡊽	1	封	1	封
𡊾	1	宅	1	宅
𡋍	1	㘫	3	
𡋐	1	坐	3	
𡋑	1	坐	3	
𡋗	1	𡑭	3	
𡋘	3	垔&堙	1	垔
𡋛	1	臺	1	臺
𡋜	1	胏	1	胏
𡋝	1	垑	1	垑
𡋞	1	胡	1	胡
𡋠	1	堡	1	堡
𡋡	1	袁	3	
𡋢	1	幽	3	
𡋤	1	壗	3	
𡋧	0	𡋧	0	𡋧
𡋨	0	𡋨	0	𡋨
𡋩	0	𡋩	0	𡋩
𡋪	0	𡋪	0	𡋪
𡋫	2	𡊧&𡋫	0	𡋫
𡋬	0	𡋬	0	𡋬
𡋭	0	𡋭	0	𡋭
𡋮	1	墺	1	墺
𡋯	0	𡋯	0	𡋯
𡋰	1	堯	1	堯
𡋱	1	𥦌	1	𥦌
𡋲	1	坐	1	坐
𡋳	1	垠	1	垠
𡋴	1	峻	1	峻
𡋵	1	基	1	基
𡋶	1	韓	1	韓
𡋷	1	沙	1	沙
𡋸	1	墺	1	墺
𡋹	1	壑	3	
𡋺	1	埏	3	
𡋻	1	𡊞	3	
𡌁	1	型	1	型
𡌂	1	坌	3	
𡌄	1	坤	3	
𡌆	1	畬	1	畬
𡌉	1	𤥝	3	
𡌐	1	𡌽	3	
𡌑	1	型	1	型
𡌒	1	型	1	型
𡌓	1	垔	1	垔
𡌕	1	堽	1	堽
𡌖	1	坑	1	坑
𡌗	3	院&垸	1	垸
𡌘	2	塗&𡌘	0	𡌘
𡌙	1	堆	1	堆
𡌚	0	𡌚	3	
𡌝	1	坳	1	坳
𡌟	3	坻&垓	1	坻
𡌡	1	梯	3	
𡌤	2	奎&𡌤	1	奎
𡌥	2	堊&𡌥	1	堊
𡌦	0	𡌦	0	𡌦
𡌧	1	淤	1	淤
𡌨	1	埤	3	
𡌩	0	𡌩	0	𡌩
𡌪	0	𡌪	0	𡌪
𡌫	1	臺	1	臺
𡌬	1	臺	1	臺
𡌭	0	𡌭	0	𡌭
𡌮	1	培	1	培
𡌯	2	𡌯&漜	1	漜
𡌰	1	泥	1	泥
𡌱	1	墺	1	墺
𡌲	0	𡌲	0	𡌲
𡌳	1	域	1	域
𡌴	1	埴	1	埴
𡌸	1	埤	1	埤
𡌹	1	埤	1	埤
𡌽	0	𡌽	3	
𡍀	1	妨	3	
𡍊	2	𡊅&𡊄&𡍊	2	𡊄&𡍊
𡍎	1	磔	1	磔
𡍏	1	垔	1	垔
𡍐	1	壺	3	
𡍑	1	地	1	地
𡍒	1	窯	3	
𡍓	1	坻	1	坻
𡍔	1	坼	1	坼
𡍕	1	堞	1	堞
𡍖	1	埭	3	
𡍗	1	腦	3	
𡍠	2	埴&𡍠	1	埴
𡍡	2	圪&𡍡	0	𡍡
𡍤	1	㘿	1	㘿
𡍥	3	柴&砦	1	柴
𡍦	0	𡍦	0	𡍦
𡍧	1	𡋯	1	𡋯
𡍨	0	𡍨	0	𡍨
𡍩	1	坼	1	坼
𡍪	0	𡍪	0	𡍪
𡍫	0	𡍫	0	𡍫
𡍬	1	睦	1	睦
𡍭	1	墾	1	墾
𡍮	1	垂	1	垂
𡍯	1	垔	1	垔
𡍰	1	墢	1	墢
𡍱	3	𡒉&臧	1	臧
𡍲	0	𡍲	0	𡍲
𡍳	3	暨&塈	3	暨&塈
𡍴	1	重	1	重
𡍵	2	峻&𡍵	1	峻
𡍶	0	𡍶	0	𡍶
𡍷	1	堩	1	堩
𡍹	1	壩	3	
𡍺	1	重	1	重
𡍻	0	𡍻	0	𡍻
𡍼	1	塗	3	
𡎁	1	瑚	3	
𡎇	1	堠	3	
𡎈	3	封&堼	1	封
𡎌	1	壒	3	
𡎎	3	壻&婿	1	婿
𡎏	1	㙞	3	
𡎐	3	勢&埶	1	埶
𡎓	1	赫	3	
𡎕	1	蟻	1	蟻
𡎖	1	塤	1	塤
𡎗	1	𡊻	1	𡊻
𡎘	1	瑛	3	
𡎙	1	壑	1	壑
𡎧	2	㙁&𡎧	0	𡎧
𡎨	0	𡎨	0	𡎨
𡎩	1	埂	1	埂
𡎪	2	𡎪&㙱	2	𡎪&㙱
𡎫	0	𡎫	0	𡎫
𡎬	0	𡎬	0	𡎬
𡎮	0	𡎮	0	𡎮
𡎯	1	壞	1	壞
𡎰	1	墀	1	墀
𡎱	1	垔	1	垔
𡎲	1	臺	3	
𡎳	0	𡎳	0	𡎳
𡎴	2	𡎴&𡔕	1	𡔕
𡎵	1	砦	1	砦
𡎶	1	瘞	1	瘞
𡎷	2	𣪝&𡎷	0	𡎷
𡎸	1	堇	1	堇
𡎹	2	埐&𡎹	2	埐&𡎹
𡎺	0	𡎺	0	𡎺
𡎻	0	𡎻	0	𡎻
𡎼	1	隑	1	隑
𡎽	1	郛	1	郛
𡎾	0	𡎾	0	𡎾
𡎿	2	屔&𡎿	1	屔
𡏀	2	𡏀&㙷	1	㙷
𡏁	0	𡏁	0	𡏁
𡏂	1	廛	1	廛
𡏃	1	㙪	1	㙪
𡏇	1	地	1	地
𡏈	1	拯	1	拯
𡏖	1	壒	3	
𡏗	1	多	1	多
𡏛	1	溪	3	
𡏜	1	䴰	3	
𡏝	1	榤	3	
𡏟	1	窯	3	
𡏡	1	隴	3	
𡏦	1	瑳	3	
𡏩	0	𡏩	0	𡏩
𡏪	2	郛&𡏪	2	郛&𡏪
𡏫	2	磔&𡏫	1	磔
𡏬	1	瑬	3	
𡏭	0	𡏭	0	𡏭
𡏮	0	𡏮	0	𡏮
𡏯	0	𡏯	0	𡏯
𡏰	1	𡊄	1	𡊄
𡏱	2	蔂&𡏱	0	𡏱
𡏲	1	塈	1	塈
𡏳	1	堇	1	堇
𡏴	1	垠	1	垠
𡏵	0	𡏵	0	𡏵
𡏶	1	墳	1	墳
𡏷	2	𡑎&𡏷	0	𡏷
𡏸	3	𦥊&懫	1	懫
𡐀	1	蕩	3	
𡐉	1	臺	1	臺
𡐊	1	墼	3	
𡐍	1	壑	3	
𡐎	1	壺	1	壺
𡐐	1	堋	1	堋
𡐑	1	睦	1	睦
𡐒	3	壕&耗	3	壕&耗
𡐔	0	𡐔	0	𡐔
𡐕	3	埤&墠	1	墠
𡐛	1	塹	1	塹
𡐜	1	𤦄	3	
𡐝	0	𡐝	0	𡐝
𡐞	0	𡐞	0	𡐞
𡐟	1	墺	1	墺
𡐠	0	𡐠	0	𡐠
𡐡	1	埭	1	埭
𡐢	1	糞	3	
𡐣	3	𡑉&㙏	1	㙏
𡐤	0	𡐤	0	𡐤
𡐥	0	𡐥	0	𡐥
𡐦	3	墮&隓	1	墮
𡐧	1	墰	3	
𡐨	2	𡐨&野	1	野
𡐩	1	舜	1	舜
𡐪	1	塵	1	塵
𡐫	1	子	1	子
𡐰	2	壢&𡐰	1	壢
𡐱	0	𡐱	0	𡐱
𡐲	1	垔	1	垔
𡐳	1	堇	1	堇
𡐽	1	堞	3	
𡐾	1	堤	1	堤
𡐿	1	墶	3	
𡑀	3	墅&野	3	墅&野
𡑁	1	塵	1	塵
𡑂	3	堧&壖	1	壖
𡑃	1	垠	1	垠
𡑅	1	壓	3	
𡑇	1	堮	1	堮
𡑈	0	𡑈	0	𡑈
𡑉	2	𡑉&㙏	1	㙏
𡑊	1	埵	1	埵
𡑌	3	𡑠&埴	1	埴
𡑍	0	𡑍	3	
𡑎	0	𡑎	3	
𡑏	2	𡑏&壔	1	壔
𡑐	1	墋	1	墋
𡑒	1	坎	3	
𡑘	0	𡑘	0	𡑘
𡑙	2	磔&𡑙	1	磔
𡑚	0	𡑚	0	𡑚
𡑛	1	窖	1	窖
𡑜	2	𡑜&壣	1	壣
𡑞	1	隧	1	隧
𡑟	1	窩	1	窩
𡑠	2	𡑠&埴	1	埴
𡑡	0	𡑡	0	𡑡
𡑢	1	堞	1	堞
𡑣	3	窟&𡒈	3	窟&𡒈
𡑤	1	裸	1	裸
𡑥	1	堀	3	
𡑦	1	墁	1	墁
𡑧	1	𧷎	3	
𡑭	0	𡑭	3	
𡑱	0	𡑱	3	
𡑳	1	𡑱	3	
𡑴	1	𡊰	3	
𡑶	0	𡑶	0	𡑶
𡑷	1	壒	1	壒
𡑸	2	地&𡑸	1	地
𡑹	2	𡑏&𡑹&壔	2	𡑹&壔
𡑺	1	聖	1	聖
𡑻	0	𡑻	3	
𡑼	1	墼	3	
𡑽	1	爽	3	
𡑿	1	墣	3	
𡒂	1	毀	1	毀
𡒅	1	牆	3	
𡒆	1	填	1	填
𡒇	1	堫	3	
𡒈	2	堀&𡒈	1	堀
𡒉	2	𡒉&臧	1	臧
𡒊	0	𡒊	0	𡒊
𡒋	1	墽	1	墽
𡒌	2	堆&𡒌	2	堆&𡒌
𡒍	1	埾	1	埾
𡒎	3	塗&途	1	途
𡒐	3	𦥊&懫	1	懫
𡒒	1	熟	1	熟
𡒓	2	壏&𡒓	0	𡒓
𡒖	1	塈	1	塈
𡒡	1	鼖	1	鼖
𡒣	1	墐	1	墐
𡒤	3	𡒉&臧	1	臧
𡒥	1	𡒉	3	
𡒦	1	壓	3	
𡒧	1	䵺	3	
𡒨	1	殯	1	殯
𡒩	1	櫜	3	
𡒯	0	𡒯	0	𡒯
𡒰	3	地&墬	1	墬
𡒱	0	𡒱	0	𡒱
𡒲	1	塵	1	塵
𡒳	0	𡒳	0	𡒳
𡒴	1	地	1	地
𡒶	1	塉	3	
𡒼	1	墼	1	墼
𡒽	3	凷&塊	1	塊
𡒿	1	地	3	
𡓁	0	𡓁	3	
𡓇	1	增	3	
𡓉	2	墮&𡓉	2	墮&𡓉
𡓊	2	墢&𡓊	0	𡓊
𡓍	0	𡓍	0	𡓍
𡓐	1	堮	1	堮
𡓑	1	埻	1	埻
𡓒	2	𡓒&攋	0	𡓒
𡓓	1	垔	1	垔
𡓔	1	壈	1	壈
𡓗	1	墮	3	
𡓙	1	墣	1	墣
𡓚	1	墾	1	墾
𡓛	1	壑	1	壑
𡓜	1	牆	3	
𡓝	1	叡	1	叡
𡓣	1	埻	1	埻
𡓤	3	墤&隤	1	隤
𡓦	0	𡓦	0	𡓦
𡓬	1	地	1	地
𡓰	0	𡓰	0	𡓰
𡓱	1	壅	1	壅
𡓲	2	塌&𡓲	1	塌
𡓳	1	𤮱	1	𤮱
𡓴	1	𡊄	1	𡊄
𡓵	1	寅	1	寅
𡓶	1	嚚	1	嚚
𡓸	0	𡓸	0	𡓸
𡓼	1	壑	1	壑
𡓿	2	嚚&𡓿	2	嚚&𡓿
𡔀	0	𡔀	3	
𡔁	2	堞&𡔁	0	𡔁
𡔂	1	塞	1	塞
𡔆	1	㙙	3	
𡔇	0	𡔇	0	𡔇
𡔈	1	初	1	初
𡔉	0	𡔉	0	𡔉
𡔊	1	塾	1	塾
𡔋	1	墩	3	
𡔎	1	瓛	3	
𡔏	1	壅	1	壅
𡔓	1	𡔉	3	
𡔕	0	𡔕	0	𡔕
𡔗	2	壑&𡔗	1	壑
𡔘	1	麤	1	麤
𡔙	1	麤	1	麤
𡔚	3	𪋻&塵	1	塵
𡔛	1	𡈼	1	𡈼
𡔝	1	磬	1	磬
𡔞	3	妄&罔	3	妄&罔
𡔟	1	憑	1	憑
𡔢	2	𡔣&𡔢	0	𡔢
𡔣	0	𡔣	3	
𡔤	1	蓑	1	蓑
𡔥	1	壺	1	壺
𡔦	1	壺	1	壺
𡔨	2	羞&𡔨	0	𡔨
𡔩	1	𪓤	3	
𡔫	3	壺&㚃	1	壺
𡔬	1	載	1	載
𡔮	1	嗀	1	嗀
𡔯	1	喜	1	喜
𡔰	1	夏	1	夏
𡔱	1	𢍚	3	
𡔲	1	壺	3	
𡔳	1	壺	3	
𡔵	1	㝅	1	㝅
𡔶	1	壼	1	壼
𡔷	1	鼓	1	鼓
𡔸	3	壹&殪	3	壹&殪
𡔹	1	壹	1	壹
𡔻	1	蛙	1	蛙
𡔼	1	臺	1	臺
𡔽	1	壽	1	壽
𡔾	1	壹	1	壹
𡕂	1	㚃	3	
𡕃	1	㚃	3	
𡕄	1	壹	1	壹
𡕅	1	寰	1	寰
𡕆	1	懿	1	懿
𡕇	1	哲	3	
𡕈	1	㚃	3	
𡕋	1	壹	1	壹
𡕌	1	壹	1	壹
𡕍	1	壹	1	壹
𡕎	3	蠧&蠹	1	蠹
𡕑	1	儔	1	儔
𡕒	0	𡕒	0	𡕒
𡕓	1	齊	1	齊
𡕔	1	夃	3	
𡕕	1	學	1	學
𡕖	3	舉&夆	3	舉&夆
𡕘	1	牢	1	牢
𡕙	1	冬	3	
𡕚	1	覺	1	覺
𡕛	1	黃	1	黃
𡕜	1	屈	1	屈
𡕝	1	徙	1	徙
𡕞	1	𡰿	1	𡰿
𡕟	1	夭	1	夭
𡕠	2	𡕠&𡰿	1	𡰿
𡕡	2	𡕡&𡰿	1	𡰿
𡕢	0	𡕢	0	𡕢
𡕣	1	長	1	長
𡕥	1	𥄎	3	
𡕧	0	𡕧	0	𡕧
𡕨	3	復&复	1	复
𡕩	1	𡕢	1	𡕢
𡕪	0	𡕪	0	𡕪
𡕫	1	𡕢	1	𡕢
𡕬	1	𡕧	1	𡕧
𡕭	1	夏	3	
𡕮	0	𡕮	0	𡕮
𡕯	1	要	1	要
𡕰	1	㚇	3	
𡕱	1	敻	3	
𡕲	1	勝	1	勝
𡕴	1	復	1	復
𡕶	2	𡕶&㼱	1	㼱
𡕷	1	敻	3	
𡕸	1	夔	3	
𡕹	1	要	1	要
𡕺	3	御&馭	3	御&馭
𡕻	1	夏	1	夏
𡕼	1	婚	1	婚
𡕽	1	婚	1	婚
𡕾	1	夏	1	夏
𡕿	1	夔	1	夔
𡖀	1	婚	1	婚
𡖁	1	鞠	3	
𡖂	1	夔	3	
𡖃	1	夏	1	夏
𡖄	1	外	1	外
𡖅	1	鴛	3	
𡖆	3	夙&𡕠	3	夙&𡕠
𡖇	1	多	1	多
𡖈	1	多	1	多
𡖉	1	鯤	3	
𡖊	1	夙	1	夙
𡖋	1	亦	1	亦
𡖌	1	中	3	
𡖍	1	夜	3	
𡖑	0	𡖑	0	𡖑
𡖒	0	𡖒	0	𡖒
𡖓	0	𡖓	0	𡖓
𡖔	0	𡖔	0	𡖔
𡖕	1	夙	1	夙
𡖖	1	卿	3	
𡖗	1	烏	1	烏
𡖚	1	豋	1	豋
𡖜	2	夠&𡖜	1	夠
𡖝	1	𡖔	1	𡖔
𡖞	0	𡖞	0	𡖞
𡖟	1	螭	1	螭
𡖠	3	𡌪&𡖪	1	𡖪
𡖢	0	𡖢	0	𡖢
𡖣	0	𡖣	0	𡖣
𡖤	0	𡖤	0	𡖤
𡖥	1	卿	3	
𡖦	1	甥	3	
𡖨	1	㷇	3	
𡖩	1	多	1	多
𡖪	2	𡌪&𡖪	1	𡌪
𡖫	0	𡖫	0	𡖫
𡖬	0	𡖬	0	𡖬
𡖭	2	𡖔&𡖭	1	𡖔
𡖯	0	𡖯	0	𡖯
𡖰	1	移	1	移
𡖲	0	𡖲	0	𡖲
𡖳	0	𡖳	0	𡖳
𡖴	3	𡖷&夤	1	夤
𡖶	2	寞&𡖶	2	寞&𡖶
𡖷	2	𡖷&夤	1	夤
𡖸	1	夤	1	夤
𡖹	1	㗬	1	㗬
𡖻	1	𡖽	1	𡖽
𡖽	0	𡖽	0	𡖽
𡖾	0	𡖾	0	𡖾
𡖿	1	夥	1	夥
𡗀	0	𡗀	0	𡗀
𡗁	0	𡗁	0	𡗁
𡗃	1	烏	1	烏
𡗆	0	𡗆	0	𡗆
𡗇	1	獵	3	
𡗈	0	𡗈	0	𡗈
𡗌	1	郺	1	郺
𡗒	1	夬	1	夬
𡗓	1	立	3	
𡗕	1	亦	1	亦
𡗘	1	不	3	
𡗚	1	𠆴	3	
𡗛	1	夨	1	夨
𡗜	2	犮&𡗜	0	𡗜
𡗝	1	夷	1	夷
𡗞	2	矣&𡗞	2	矣&𡗞
𡗟	3	介&𡗦	3	介&𡗦
𡗠	1	内	1	内
𡗡	1	青	1	青
𡗢	0	𡗢	3	
𡗥	0	𡗥	0	𡗥
𡗦	0	𡗦	0	𡗦
𡗧	1	𡗢	3	
𡗨	1	奃	1	奃
𡗰	1	奃	1	奃
𡗱	1	走	3	
𡗴	3	夸&誇	1	夸
𡗷	0	𡗷	0	𡗷
𡗸	0	𡗸	0	𡗸
𡗹	2	𡗹&𨠒	2	𡗹&𨠒
𡗺	1	軍	1	軍
𡗻	1	㚕	1	㚕
𡗼	2	𡗼&𡘌	0	𡗼
𡗽	3	𠖉&軍	1	軍
𡗾	2	𡗾&吳	1	吳
𡗿	3	𡗾&吳	1	吳
𡘂	1	套	1	套
𡘃	1	盤	3	
𡘄	1	奃	1	奃
𡘅	1	㚖	1	㚖
𡘆	3	夸&誇	1	夸
𡘇	1	玠	1	玠
𡘈	1	哭	1	哭
𡘉	1	㚕	1	㚕
𡘊	3	畚&奋	3	畚&奋
𡘋	1	並	1	並
𡘌	2	𡗼&𡘌	1	𡗼
𡘍	2	㚗&𡘍	0	𡘍
𡘎	2	𡗷&𡘎	1	𡗷
𡘏	0	𡘏	0	𡘏
𡘐	2	奓&𡘐	0	𡘐
𡘑	1	舁	3	
𡘓	1	侯	3	
𡘙	1	太	3	
𡘚	1	寬	3	
𡘜	1	哭	1	哭
𡘝	0	𡘝	0	𡘝
𡘞	1	畚	3	
𡘟	1	𡘍	1	𡘍
𡘠	1	牢	1	牢
𡘢	0	𡘢	0	𡘢
𡘣	2	奅&𡘣	0	𡘣
𡘤	1	奄	1	奄
𡘨	1	𡙋	3	
𡘩	1	坤	1	坤
𡘫	2	𡘫&穩	1	穩
𡘰	0	𡘰	0	𡘰
𡘱	1	𡘢	3	
𡘲	2	模&𡘲	2	模&𡘲
𡘴	0	𡘴	0	𡘴
𡘵	1	壹	1	壹
𡘶	1	奏	1	奏
𡘷	1	套	1	套
𡘸	1	𢆚	1	𢆚
𡘹	1	奄	1	奄
𡘺	1	執	1	執
𡘻	3	𡙉&衡	1	衡
𡘼	1	瑟	1	瑟
𡘽	3	焚&礬	1	焚
𡘾	1	奘	3	
𡙁	1	爽	1	爽
𡙂	1	畚	3	
𡙄	2	𡘐&𡙄	1	𡘐
𡙅	1	拳	3	
𡙆	1	奫	3	
𡙇	2	𡙇&缺	1	缺
𡙈	1	報	1	報
𡙉	2	𡙉&衡	1	衡
𡙊	1	真	1	真
𡙋	2	𡙋&𡙐	1	𡙐
𡙌	1	泰	1	泰
𡙎	3	渺&皎	3	渺&皎
𡙏	1	衡	1	衡
𡙐	0	𡙐	0	𡙐
𡙕	1	執	1	執
𡙖	0	𡙖	0	𡙖
𡙗	2	奩&𡙗	1	奩
𡙘	2	傘&𡙘	2	傘&𡙘
𡙚	1	載	1	載
𡙛	1	𡙠	1	𡙠
𡙜	1	奪	1	奪
𡙝	1	韋	1	韋
𡙞	1	壺	3	
𡙟	1	㚟	3	
𡙠	0	𡙠	0	𡙠
𡙡	1	羹	1	羹
𡙥	1	泰	1	泰
𡙨	2	奫&𡙨	1	奫
𡙩	2	㚒&𡙩	1	㚒
𡙪	0	𡙪	0	𡙪
𡙫	3	傘&繖	1	傘
𡙬	2	奪&𡙬	2	奪&𡙬
𡙭	0	𡙭	0	𡙭
𡙮	0	𡙮	0	𡙮
𡙲	1	畚	1	畚
𡙳	1	掬	1	掬
𡙶	0	𡙶	0	𡙶
𡙷	2	𡙷&𡚇	1	𡚇
𡙸	1	奪	1	奪
𡙹	1	奏	1	奏
𡙺	1	載	1	載
𡙻	1	無	1	無
𡙼	1	彆	1	彆
𡙽	0	𡙽	0	𡙽
𡚀	1	㯻	1	㯻
𡚁	1	弊	1	弊
𡚂	1	㢼	3	
𡚅	0	𡚅	0	𡚅
𡚆	3	𡙇&缺	1	缺
𡚇	0	𡚇	0	𡚇
𡚈	1	韋	1	韋
𡚉	1	瑟	1	瑟
𡚊	0	𡚊	0	𡚊
𡚌	3	皎&皓&結	3	皎&皓&結
𡚏	1	喪	1	喪
𡚐	1	奭	3	
𡚑	0	𡚑	0	𡚑
𡚒	1	奮	1	奮
𡚓	1	奯	1	奯
𡚕	1	㷏	3	
𡚖	1	歸	1	歸
𡚗	0	𡚗	0	𡚗
𡚙	1	帝	3	
𡚛	0	𡚛	0	𡚛
𡚜	1	𡚊	1	𡚊
𡚠	0	𡚠	0	𡚠
𡚤	1	奰	1	奰
𡚧	0	𡚧	3	
𡚨	0	𡚨	0	𡚨
𡚩	1	要	1	要
𡚬	1	女	3	
𡚮	0	𡚮	3	
𡚯	1	嫭	1	嫭
𡚰	2	𡚮&𡚰	0	𡚰
𡚱	1	妃	1	妃
𡚴	1	安	3	
𡚶	1	妄	3	
𡚸	0	𡚸	0	𡚸
𡚹	0	𡚹	0	𡚹
𡚺	3	執&奿	1	奿
𡚻	0	𡚻	0	𡚻
𡚼	1	姼	1	姼
𡚽	0	𡚽	0	𡚽
𡚾	2	姝&𡚾	1	姝
𡛂	1	蛜	3	
𡛍	1	妘	1	妘
𡛎	1	妥	1	妥
𡛐	1	妎	1	妎
𡛑	1	坌	3	
𡛒	1	𡛝	1	𡛝
𡛓	1	姌	3	
𡛖	0	𡛖	0	𡛖
𡛗	0	𡛗	0	𡛗
𡛘	0	𡛘	0	𡛘
𡛙	0	𡛙	0	𡛙
𡛚	3	嫭&媩	1	媩
𡛛	1	㛴	1	㛴
𡛜	2	姼&𡛜	2	姼&𡛜
𡛝	0	𡛝	0	𡛝
𡛞	0	𡛞	0	𡛞
𡛟	0	𡛟	0	𡛟
𡛠	0	𡛠	0	𡛠
𡛡	0	𡛡	0	𡛡
𡛢	1	婩	1	婩
𡛣	1	𡛖	3	
𡛥	1	奼	3	
𡛪	0	𡛪	3	
𡛭	1	姝	3	
𡛮	1	妒	1	妒
𡛰	1	姊	1	姊
𡛵	1	妥	3	
𡛶	1	媟	3	
𡛷	1	姊	1	姊
𡛸	1	姻	1	姻
𡛹	3	粲&𡛝	1	粲
𡛽	0	𡛽	0	𡛽
𡛾	2	嬭&𡛾	1	嬭
𡜀	0	𡜀	0	𡜀
𡜁	0	𡜁	0	𡜁
𡜂	0	𡜂	0	𡜂
𡜃	0	𡜃	0	𡜃
𡜄	1	媟	1	媟
𡜅	1	㛎	1	㛎
𡜆	1	𡡕	1	𡡕
𡜇	2	娙&𡜇	1	娙
𡜈	1	妻	1	妻
𡜉	2	𡜉&媣	2	𡜉&媣
𡜊	2	妚&𡜊	0	𡜊
𡜋	0	𡜋	0	𡜋
𡜌	1	妻	1	妻
𡜍	1	嫉	1	嫉
𡜎	3	奪&敓	3	奪&敓
𡜏	0	𡜏	0	𡜏
𡜑	1	姦	1	姦
𡜖	1	始	3	
𡜛	1	妻	1	妻
𡜜	1	姍	1	姍
𡜝	1	姛	1	姛
𡜞	1	姚	3	
𡜟	1	妊	1	妊
𡜠	3	㛔&姜&妦	3	姜&妦
𡜡	1	𡜂	1	𡜂
𡜢	1	㚹	3	
𡜣	1	㛴	1	㛴
𡜥	0	𡜥	0	𡜥
𡜦	0	𡜦	0	𡜦
𡜧	0	𡜧	0	𡜧
𡜨	0	𡜨	0	𡜨
𡜩	1	姞	1	姞
𡜪	1	㛴	1	㛴
𡜫	0	𡜫	0	𡜫
𡜬	0	𡜬	0	𡜬
𡜭	1	姻	1	姻
𡜮	1	𡛖	1	𡛖
𡜯	0	𡜯	0	𡜯
𡜰	1	婁	1	婁
𡜱	0	𡜱	0	𡜱
𡜲	0	𡜲	0	𡜲
𡜳	0	𡜳	0	𡜳
𡜴	1	妠	1	妠
𡜵	0	𡜵	0	𡜵
𡜶	1	姡	1	姡
𡜷	1	𡝏	3	
𡜸	1	屢	1	屢
𡜽	1	妻	1	妻
𡝈	1	觸	3	
𡝊	1	娎	1	娎
𡝋	0	𡝋	3	
𡝌	1	娠	3	
𡝍	0	𡝍	0	𡝍
𡝏	2	𡝏&嬪	1	嬪
𡝑	1	妃	1	妃
𡝙	0	𡝙	0	𡝙
𡝚	0	𡝚	0	𡝚
𡝛	0	𡝛	0	𡝛
𡝜	2	妒&𡝜	2	妒&𡝜
𡝝	0	𡝝	0	𡝝
𡝞	1	妃	1	妃
𡝟	1	姩	1	姩
𡝠	1	㜷	1	㜷
𡝡	1	㜷	1	㜷
𡝢	2	𡝢&𡞬	0	𡝢
𡝣	1	妻	1	妻
𡝤	1	婁	1	婁
𡝥	1	媟	1	媟
𡝦	0	𡝦	0	𡝦
𡝧	0	𡝧	0	𡝧
𡝨	1	婁	1	婁
𡝩	1	妖	1	妖
𡝪	1	婚	1	婚
𡝫	0	𡝫	0	𡝫
𡝭	1	媢	3	
𡝲	1	㛴	1	㛴
𡝵	1	悴	3	
𡝻	1	姱	3	
𡞋	1	㜗	3	
𡞍	1	嫥	3	
𡞏	1	𡞫	3	
𡞐	1	聘	1	聘
𡞑	1	娸	3	
𡞒	1	婦	3	
𡞓	1	妝	1	妝
𡞔	1	婁	1	婁
𡞘	0	𡞘	0	𡞘
𡞙	0	𡞙	0	𡞙
𡞚	0	𡞚	0	𡞚
𡞛	2	嫭&𡞛	1	嫭
𡞜	0	𡞜	0	𡞜
𡞝	1	髮	1	髮
𡞞	0	𡞞	0	𡞞
𡞟	0	𡞟	0	𡞟
𡞠	1	𡜂	1	𡜂
𡞡	1	㛍	1	㛍
𡞢	0	𡞢	0	𡞢
𡞣	0	𡞣	0	𡞣
𡞤	1	嫥	1	嫥
𡞦	1	惸	1	惸
𡞧	0	𡞧	0	𡞧
𡞨	1	娀	1	娀
𡞩	1	妘	1	妘
𡞪	0	𡞪	0	𡞪
𡞫	0	𡞫	0	𡞫
𡞬	2	𡝢&𡞬	0	𡞬
𡞭	0	𡞭	0	𡞭
𡞮	2	𡞮&𡡥	1	𡡥
𡞯	0	𡞯	0	𡞯
𡞱	1	㜢	3	
𡞲	1	聘	3	
𡞵	1	㛟	3	
𡞾	1	媆	3	
𡟋	1	嫠	3	
𡟌	1	觸	3	
𡟎	1	媸	3	
𡟐	1	旋	3	
𡟑	0	𡟑	0	𡟑
𡟒	1	媵	3	
𡟔	1	欲	1	欲
𡟕	0	𡟕	0	𡟕
𡟖	1	婆	1	婆
𡟗	1	奸	1	奸
𡟘	1	𡝋	3	
𡟛	1	𡟭	3	
𡟝	2	𡟝&嬘	1	嬘
𡟞	0	𡟞	0	𡟞
𡟟	0	𡟟	0	𡟟
𡟠	0	𡟠	0	𡟠
𡟡	2	婞&𡟡	1	婞
𡟢	0	𡟢	0	𡟢
𡟣	0	𡟣	0	𡟣
𡟤	0	𡟤	0	𡟤
𡟥	0	𡟥	0	𡟥
𡟦	1	娜	1	娜
𡟨	0	𡟨	0	𡟨
𡟩	0	𡟩	0	𡟩
𡟪	0	𡟪	0	𡟪
𡟫	0	𡟫	0	𡟫
𡟬	3	滅&搣	3	滅&搣
𡟭	0	𡟭	0	𡟭
𡟮	1	媐	1	媐
𡟯	0	𡟯	0	𡟯
𡟰	0	𡟰	0	𡟰
𡟱	1	姰	1	姰
𡟲	1	妎	3	
𡟳	1	㛒	1	㛒
𡟴	2	𡜥&𡟴	1	𡜥
𡟷	0	𡟷	0	𡟷
𡟽	1	㛗	1	㛗
𡠀	1	嬌	3	
𡠇	1	婹	3	
𡠈	1	孋	1	孋
𡠉	1	嫠	3	
𡠋	1	𡟪	1	𡟪
𡠌	1	媲	3	
𡠍	1	覅	3	
𡠎	1	㛨	3	
𡠐	1	嬋	1	嬋
𡠑	2	娕&𡠑	0	𡠑
𡠒	0	𡠒	0	𡠒
𡠓	2	婎&𡠓	1	婎
𡠔	1	媊	1	媊
𡠗	2	𡠗&𡠦	1	𡠦
𡠙	0	𡠙	0	𡠙
𡠚	0	𡠚	0	𡠚
𡠛	1	奻	1	奻
𡠜	3	嫫&𡖶	3	嫫&𡖶
𡠝	1	嫢	1	嫢
𡠞	0	𡠞	0	𡠞
𡠟	1	孎	1	孎
𡠠	1	㜍	1	㜍
𡠢	1	戮	1	戮
𡠤	1	𡠥	3	
𡠥	0	𡠥	0	𡠥
𡠦	2	摯&𡠦	0	𡠦
𡠧	0	𡠧	0	𡠧
𡠷	1	嫟	1	嫟
𡠸	1	婿	1	婿
𡠹	0	𡠹	3	
𡠽	2	戚&摵&𡠽	2	戚&𡠽
𡠾	1	媺	3	
𡡁	1	媳	3	
𡡂	0	𡡂	0	𡡂
𡡃	3	窱&𥧽	1	𥧽
𡡄	0	𡡄	3	
𡡈	0	𡡈	0	𡡈
𡡉	2	嬤&𡡉	2	嬤&𡡉
𡡊	0	𡡊	0	𡡊
𡡋	1	婁	1	婁
𡡌	2	嫕&𡡌	0	𡡌
𡡍	1	嫙	1	嫙
𡡏	2	娋&𡡏	1	娋
𡡐	0	𡡐	0	𡡐
𡡑	0	𡡑	0	𡡑
𡡒	0	𡡒	0	𡡒
𡡓	1	嬃	1	嬃
𡡔	0	𡡔	0	𡡔
𡡕	0	𡡕	0	𡡕
𡡖	2	㜗&𡡖	2	㜗&𡡖
𡡗	2	孌&𢿳&𡡗	2	孌&𢿳&𡡗
𡡘	1	𡠗	3	
𡡙	2	惰&𡡙	1	惰
𡡚	1	媚	1	媚
𡡛	3	盛&娍	1	娍
𡡜	1	麗	1	麗
𡡟	3	惱&㛴	1	㛴
𡡥	0	𡡥	0	𡡥
𡡨	0	𡡨	0	𡡨
𡡸	1	媊	1	媊
𡡹	1	嫳	1	嫳
𡡼	1	婁	1	婁
𡡽	3	𡣊&𡣔	1	𡣔
𡡾	1	媚	1	媚
𡡿	1	嫡	1	嫡
𡢂	3	摯&𡠦	1	𡠦
𡢃	1	嫺	3	
𡢆	0	𡢆	0	𡢆
𡢇	2	𡢇&婹	0	𡢇
𡢈	0	𡢈	0	𡢈
𡢉	1	嬬	1	嬬
𡢊	0	𡢊	0	𡢊
𡢋	1	㛴	1	㛴
𡢌	1	嫇	3	
𡢎	0	𡢎	3	
𡢏	1	數	3	
𡢑	2	䆯&𡢑	1	䆯
𡢒	0	𡢒	0	𡢒
𡢓	1	媧	1	媧
𡢔	1	嬴	1	嬴
𡢕	0	𡢕	0	𡢕
𡢖	0	𡢖	0	𡢖
𡢗	1	要	1	要
𡢘	3	孕&蠅	3	孕&蠅
𡢙	1	嫭	1	嫭
𡢚	0	𡢚	0	𡢚
𡢛	1	孌	1	孌
𡢜	0	𡢜	0	𡢜
𡢝	1	𡢕	1	𡢕
𡢣	1	嬴	1	嬴
𡢬	1	媟	3	
𡢯	1	𡡄	3	
𡢰	1	媐	3	
𡢱	0	𡢱	0	𡢱
𡢲	1	嫧	1	嫧
𡢳	1	妗	1	妗
𡢴	1	嫽	1	嫽
𡢵	1	窈	1	窈
𡢶	1	𡢕	3	
𡢷	1	䆯	1	䆯
𡢸	3	孉&婘	1	婘
𡢹	1	妖	3	
𡢿	0	𡢿	3	
𡣀	0	𡣀	0	𡣀
𡣁	0	𡣁	0	𡣁
𡣂	0	𡣂	0	𡣂
𡣃	1	媦	1	媦
𡣅	1	嫢	1	嫢
𡣆	1	嫵	1	嫵
𡣇	1	瘱	1	瘱
𡣈	0	𡣈	0	𡣈
𡣉	1	䬐	1	䬐
𡣊	0	𡣊	3	
𡣋	2	𡢱&𡣋	2	𡢱&𡣋
𡣌	1	嫸	1	嫸
𡣍	1	嬴	1	嬴
𡣎	1	㜪	1	㜪
𡣏	2	㜗&𡣏	1	㜗
𡣐	1	鞀	1	鞀
𡣑	1	嬪	1	嬪
𡣒	3	娖&娕	1	娕
𡣔	2	𡣊&𡣔	0	𡣔
𡣕	1	嬪	1	嬪
𡣞	1	娶	3	
𡣠	1	妖	3	
𡣡	3	妖&窕	1	妖
𡣤	3	𡣊&𡣔	1	𡣔
𡣩	1	婆	1	婆
𡣪	2	適&𡣪	2	適&𡣪
𡣫	2	嫼&𡣫	1	嫼
𡣭	1	儢	1	儢
𡣮	0	𡣮	0	𡣮
𡣯	0	𡣯	0	𡣯
𡣰	1	嬙	1	嬙
𡣱	1	嬛	1	嬛
𡣳	1	孅	1	孅
𡣶	1	㜺	3	
𡣷	1	娐	1	娐
𡣸	1	孈	1	孈
𡣼	3	𡠗&𡠦	1	𡠦
𡣽	0	𡣽	0	𡣽
𡣾	0	𡣾	0	𡣾
𡣿	2	𡣿&襄	1	襄
𡤀	1	妘	1	妘
𡤁	1	嬪	1	嬪
𡤃	1	嫺	3	
𡤈	1	嬿	1	嬿
𡤉	1	顰	1	顰
𡤋	0	𡤋	0	𡤋
𡤌	0	𡤌	0	𡤌
𡤎	1	㜶	3	
𡤏	1	媟	1	媟
𡤒	0	𡤒	0	𡤒
𡤖	2	嫛&𡤖	1	嫛
𡤗	0	𡤗	0	𡤗
𡤘	1	嬭	1	嬭
𡤙	0	𡤙	0	𡤙
𡤚	1	嫖	1	嫖
𡤛	0	𡤛	0	𡤛
𡤡	1	婘	1	婘
𡤢	0	𡤢	0	𡤢
𡤣	1	孌	1	孌
𡤤	1	鑠	1	鑠
𡤥	1	儵	1	儵
𡤨	1	孌	1	孌
𡤩	1	豔	1	豔
𡤫	0	𡤫	0	𡤫
𡤬	1	嬳	1	嬳
𡤮	1	嫸	1	嫸
𡤯	1	嫘	1	嫘
𡤱	1	㜮	1	㜮
𡤲	1	㜤	1	㜤
𡤳	3	𡢎&嬎	1	嬎
𡤵	1	懿	3	
𡤶	0	𡤶	0	𡤶
𡤸	1	艷	3	
𡤹	3	𡢎&嬎	1	嬎
𡤺	2	𡢎&𡤺	0	𡤺
𡤼	1	孑	1	孑
𡤾	1	孫	1	孫
𡤿	2	孔&𡤿	2	孔&𡤿
𡥀	1	保	1	保
𡥂	1	存	3	
𡥃	1	好	1	好
𡥅	1	存	1	存
𡥆	3	好&𡚽	3	好&𡚽
𡥇	1	孛	1	孛
𡥈	2	孝&𡥈	2	孝&𡥈
𡥉	2	孝&𡥉	0	𡥉
𡥍	2	孝&𡥍	2	孝&𡥍
𡥎	0	𡥎	0	𡥎
𡥏	3	悖&孛	1	悖
𡥐	3	使&悖	3	使&悖
𡥗	1	孕	1	孕
𡥛	1	殊	1	殊
𡥜	1	字	1	字
𡥝	3	孳&期	3	孳&期
𡥞	3	季&孛	3	季&孛
𡥦	3	進&孴	3	進&孴
𡥨	3	晉&孴	3	晉&孴
𡥩	0	𡥩	0	𡥩
𡥪	1	信	1	信
𡥭	2	孵&𡥭	1	孵
𡥳	1	舉	3	
𡥶	0	𡥶	0	𡥶
𡥷	3	犀&屖	1	屖
𡥸	1	𡲪	3	
𡥹	0	𡥹	0	𡥹
𡥺	1	姪	1	姪
𡥽	1	孷	1	孷
𡦀	1	朗	1	朗
𡦃	2	嬛&𡦃	0	𡦃
𡦄	0	𡦄	0	𡦄
𡦅	1	媰	1	媰
𡦆	0	𡦆	0	𡦆
𡦋	3	掔&孯	1	孯
𡦌	3	晉&孻	1	孻
𡦎	2	𡦎&𢟪	0	𡦎
𡦏	2	孴&𡦏	1	孴
𡦑	1	槻	1	槻
𡦕	0	𡦕	0	𡦕
𡦗	1	孺	1	孺
𡦘	1	孺	1	孺
𡦝	0	𡦝	0	𡦝
𡦞	1	𡛝	1	𡛝
𡦟	3	睥&陴	3	睥&陴
𡦠	1	季	1	季
𡦡	1	堵	1	堵
𡦢	2	湩&𡦢	1	湩
𡦣	1	孽	1	孽
𡦦	1	熟	3	
𡦩	3	𡦬&厚	1	厚
𡦬	2	𡦬&厚	1	厚
𡦭	2	𡦭&𡦵	1	𡦵
𡦯	1	孽	3	
𡦱	1	𡦲	3	
𡦲	0	𡦲	3	
𡦳	3	𡦲&𡦵	1	𡦵
𡦴	3	𡦭&𡦵	1	𡦵
𡦵	2	𡦲&𡦵	0	𡦵
𡦹	1	官	1	官
𡦼	0	𡦼	0	𡦼
𡦽	3	罔&网	1	罔
𡦾	1	突	1	突
𡦿	1	終	1	終
𡧂	1	𡧍	1	𡧍
𡧃	3	冗&宇&穴	3	冗&穴
𡧄	1	究	3	
𡧇	1	窮	3	
𡧈	1	宇	1	宇
𡧉	1	髡	3	
𡧊	1	𡧍	3	
𡧋	2	𡧋&貧	1	貧
𡧌	1	宄	1	宄
𡧍	2	賓&𡧍	0	𡧍
𡧎	3	賓&𡧍	1	𡧍
𡧏	1	罔	1	罔
𡧐	1	宍	3	
𡧓	1	肯	3	
𡧔	1	殊	3	
𡧖	0	𡧖	0	𡧖
𡧗	2	𡧗&𤬦	0	𡧗
𡧘	1	寂	1	寂
𡧙	0	𡧙	0	𡧙
𡧚	1	家	1	家
𡧛	1	府	3	
𡧜	1	宅	1	宅
𡧡	1	定	3	
𡧢	1	肉	1	肉
𡧣	1	宥	3	
𡧤	1	寂	3	
𡧧	1	宜	3	
𡧨	1	窋	3	
𡧩	0	𡧩	0	𡧩
𡧪	3	宅&度	1	宅
𡧫	1	宄	1	宄
𡧬	2	𡧽&𡧬	0	𡧬
𡧭	0	𡧭	0	𡧭
𡧮	3	㝔&窔	1	窔
𡧯	2	𡧯&寂	1	寂
𡧰	1	𡧖	1	𡧖
𡧱	1	害	1	害
𡧳	1	賽	1	賽
𡧴	1	寂	1	寂
𡧺	1	官	1	官
𡧻	1	若	1	若
𡧽	0	𡧽	3	
𡧿	1	𡩍	3	
𡨀	0	𡨀	0	𡨀
𡨁	1	寂	1	寂
𡨂	2	寤&𡨂	0	𡨂
𡨃	2	求&𡨃	1	求
𡨄	0	𡨄	0	𡨄
𡨅	0	𡨅	0	𡨅
𡨆	2	𡨆&宜	1	宜
𡨇	1	響	1	響
𡨈	1	宣	1	宣
𡨉	1	毫	1	毫
𡨊	2	虔&𡨊	1	虔
𡨋	1	冥	3	
𡨍	1	㼚	3	
𡨎	1	叟	1	叟
𡨏	1	軍	1	軍
𡨒	1	寅	3	
𡨓	1	栗	1	栗
𡨔	1	宰	1	宰
𡨕	1	冥	3	
𡨘	1	冤	3	
𡨙	1	叟	1	叟
𡨚	1	冤	3	
𡨜	1	寂	1	寂
𡨞	1	寢	1	寢
𡨟	2	害&寤&𡨂&𡨟	2	害&寤&𡨟
𡨠	2	穩&𡨠	1	穩
𡨡	1	寏	3	
𡨢	2	居&𡨢&䝻	2	居&𡨢&䝻
𡨣	0	𡨣	0	𡨣
𡨤	1	窡	1	窡
𡨥	1	寇	1	寇
𡨦	1	寢	1	寢
𡨧	1	宰	1	宰
𡨨	1	叟	1	叟
𡨩	0	𡨩	0	𡨩
𡨳	0	𡨳	3	
𡨴	1	寧	1	寧
𡨶	1	冥	1	冥
𡨷	1	𡨳	3	
𡨻	0	𡨻	0	𡨻
𡨼	1	叟	1	叟
𡨽	2	省&𡨽	2	省&𡨽
𡨾	1	煙	1	煙
𡨿	0	𡨿	0	𡨿
𡩀	3	𡩵&家&篆	3	家&篆
𡩁	3	親&寴	3	親&寴
𡩂	0	𡩂	0	𡩂
𡩃	0	𡩃	0	𡩃
𡩄	2	冕&𡩄	2	冕&𡩄
𡩅	1	家	1	家
𡩆	0	𡩆	0	𡩆
𡩇	0	𡩇	0	𡩇
𡩈	1	苗	1	苗
𡩉	3	嚮&響	3	嚮&響
𡩋	1	寧	3	
𡩍	0	𡩍	3	
𡩏	1	賓	3	
𡩖	1	寬	3	
𡩙	1	家	1	家
𡩚	3	𡩵&家&篆	3	家&篆
𡩟	1	寅	1	寅
𡩠	2	𡩠&寑	1	寑
𡩡	2	索&𡩡	2	索&𡩡
𡩢	1	窱	1	窱
𡩣	0	𡩣	0	𡩣
𡩤	3	宿&㝜	1	㝜
𡩥	0	𡩥	0	𡩥
𡩦	1	宣	1	宣
𡩧	1	寶	1	寶
𡩨	1	審	1	審
𡩩	0	𡩩	0	𡩩
𡩪	1	寅	1	寅
𡩬	1	寧	1	寧
𡩭	1	粤	1	粤
𡩴	1	窯	3	
𡩵	0	𡩵	3	
𡩷	1	宴	3	
𡩹	1	窞	3	
𡩺	1	寣	1	寣
𡩻	1	浸	1	浸
𡩼	1	寡	1	寡
𡩽	0	𡩽	0	𡩽
𡩾	0	𡩾	0	𡩾
𡩿	1	塞	1	塞
𡪀	1	宜	1	宜
𡪁	0	𡪁	0	𡪁
𡪂	1	釐	1	釐
𡪃	1	奥	1	奥
𡪄	1	貯	3	
𡪅	0	𡪅	0	𡪅
𡪆	1	響	1	響
𡪉	1	𡪅	1	𡪅
𡪌	1	寂	3	
𡪍	1	寡	3	
𡪎	1	㝱	1	㝱
𡪏	1	宣	1	宣
𡪐	1	㝪	1	㝪
𡪓	1	寶	1	寶
𡪔	1	親	1	親
𡪕	1	寧	3	
𡪖	1	密	1	密
𡪗	0	𡪗	0	𡪗
𡪘	3	㝥&𡬍	1	㝥
𡪚	1	䆯	3	
𡪛	1	賓	1	賓
𡪟	1	㝭	1	㝭
𡪠	0	𡪠	0	𡪠
𡪡	1	窾	1	窾
𡪢	3	寢&寑	1	寢
𡪣	1	竁	1	竁
𡪤	1	宰	1	宰
𡪥	3	嚮&響	1	響
𡪯	1	𠪚	3	
𡪰	1	𡨳	3	
𡪲	1	實	3	
𡪴	1	宿	1	宿
𡪶	1	𡬖	1	𡬖
𡪷	1	寢	3	
𡪹	1	寥	3	
𡪺	0	𡪺	0	𡪺
𡪼	1	㝩	1	㝩
𡪽	2	窺&𡪽	1	窺
𡪾	1	寓	1	寓
𡪿	1	奥	1	奥
𡫀	0	𡫀	0	𡫀
𡫁	0	𡫁	0	𡫁
𡫂	2	羂&𡫂	0	𡫂
𡫃	0	𡫃	0	𡫃
𡫄	2	𡫄&究	1	究
𡫅	2	𡫅&賓	1	賓
𡫆	1	牆	1	牆
𡫋	1	寷	1	寷
𡫏	1	浸	3	
𡫑	1	㝪	3	
𡫒	1	寢	1	寢
𡫓	1	㝪	1	㝪
𡫔	0	𡫔	0	𡫔
𡫙	1	寒	3	
𡫚	2	𡫚&禋	1	禋
𡫛	1	㝰	1	㝰
𡫜	1	寒	1	寒
𡫝	2	寥&𡫝	1	寥
𡫞	1	踰	1	踰
𡫟	2	塞&𡫟	0	𡫟
𡫤	1	寠	3	
𡫧	1	𡫔	1	𡫔
𡫩	1	塞	1	塞
𡫬	0	𡫬	0	𡫬
𡫭	1	鞫	1	鞫
𡫮	1	寒	1	寒
𡫯	0	𡫯	0	𡫯
𡫰	1	䲽	1	䲽
𡫱	1	𥗀	1	𥗀
𡫳	3	塞&𡫟	1	𡫟
𡫵	1	實	3	
𡫷	1	寶	1	寶
𡫻	1	禋	1	禋
𡫼	1	塞	1	塞
𡫽	0	𡫽	0	𡫽
𡫾	1	寒	1	寒
𡬁	2	𡨳&𡬁	0	𡬁
𡬃	3	𡨳&𡬁	1	𡬁
𡬄	0	𡬄	0	𡬄
𡬅	2	顛&𡬅	0	𡬅
𡬆	1	𡬌	1	𡬌
𡬇	0	𡬇	0	𡬇
𡬊	1	𡫽	1	𡫽
𡬌	0	𡬌	0	𡬌
𡬍	0	𡬍	0	𡬍
𡬎	1	羌	3	
𡬐	1	宜	3	
𡬑	1	寤	1	寤
𡬒	1	寱	1	寱
𡬓	2	寢&𡬓	2	寢&𡬓
𡬖	0	𡬖	0	𡬖
𡬘	0	𡬘	0	𡬘
𡬙	0	𡬙	0	𡬙
𡬚	1	擠	1	擠
𡬛	1	寧	1	寧
𡬝	1	等	1	等
𡬟	1	叔	1	叔
𡬠	1	爵	1	爵
𡬡	1	尀	3	
𡬤	1	射	1	射
𡬦	1	等	3	
𡬧	2	叔&𡬧	1	叔
𡬨	1	契	1	契
𡬪	1	耐	1	耐
𡬬	1	刪	1	刪
𡬭	1	尊	1	尊
𡬮	1	守	1	守
𡬯	2	𡬯&貶	1	貶
𡬰	1	尋	1	尋
𡬱	1	京	1	京
𡬳	2	受&𡬳	2	受&𡬳
𡬴	1	守	1	守
𡬶	1	尋	3	
𡬸	1	𡬯	3	
𡬹	1	道	1	道
𡬺	1	剛	1	剛
𡬻	1	尋	1	尋
𡬽	1	剽	1	剽
𡬾	1	樹	1	樹
𡭀	0	𡭀	3	
𡭁	1	戮	1	戮
𡭂	0	𡭂	0	𡭂
𡭃	1	𡭋	3	
𡭆	1	尊	1	尊
𡭈	3	𡭀&劉	1	劉
𡭊	1	對	1	對
𡭋	0	𡭋	0	𡭋
𡭌	1	爵	1	爵
𡭍	1	𡭐	1	𡭐
𡭎	1	導	1	導
𡭏	1	壽	1	壽
𡭐	0	𡭐	0	𡭐
𡭑	2	𡭑&導	1	導
𡭒	1	治	1	治
𡭓	1	剽	1	剽
𡭕	3	伊&示	3	伊&示
𡭖	1	不	3	
𡭙	1	貴	1	貴
𡭚	2	麼&𡭚	1	麼
𡭜	1	𡮉	3	
𡭝	1	米	1	米
𡭞	2	尖&𡭞	2	尖&𡭞
𡭟	1	些	1	些
𡭠	1	當	1	當
𡭣	1	劣	3	
𡭤	1	王	3	
𡭥	0	𡭥	0	𡭥
𡭩	1	筆	1	筆
𡭪	3	弁&㝸	1	㝸
𡭫	1	叔	1	叔
𡭬	1	𡮣	3	
𡭯	1	麼	1	麼
𡭳	0	𡭳	0	𡭳
𡭴	2	隙&𡭴	0	𡭴
𡭶	1	些	3	
𡭹	3	妙&玅	1	玅
𡭼	1	卑	3	
𡭽	2	𡭽&𡭴	1	𡭴
𡭾	0	𡭾	0	𡭾
𡭿	0	𡭿	0	𡭿
𡮀	1	省	1	省
𡮁	1	卑	1	卑
𡮂	3	𡭽&𡭴	1	𡭴
𡮉	0	𡮉	3	
𡮎	2	𡮎&𣄴	1	𣄴
𡮐	1	小	1	小
𡮑	1	𡭾	1	𡭾
𡮕	1	薏	1	薏
𡮙	0	𡮙	0	𡮙
𡮞	0	𡮞	0	𡮞
𡮟	1	𢇇	1	𢇇
𡮡	1	麼	1	麼
𡮢	1	嘗	3	
𡮣	0	𡮣	3	
𡮤	0	𡮤	3	
𡮦	0	𡮦	0	𡮦
𡮧	1	臮	1	臮
𡮰	0	𡮰	0	𡮰
𡮱	1	隙	1	隙
𡮻	0	𡮻	0	𡮻
𡮿	0	𡮿	0	𡮿
𡯁	1	尢	3	
𡯂	1	尢	1	尢
𡯃	1	左	3	
𡯄	0	𡯄	0	𡯄
𡯉	1	又	1	又
𡯊	1	尤	1	尤
𡯋	0	𡯋	3	
𡯌	1	尥	3	
𡯍	2	𡯍&𡯏	0	𡯍
𡯎	1	尨	3	
𡯏	0	𡯏	0	𡯏
𡯐	0	𡯐	0	𡯐
𡯑	1	㝽	1	㝽
𡯒	0	𡯒	0	𡯒
𡯓	1	尬	3	
𡯔	1	尬	1	尬
𡯕	1	尬	3	
𡯖	2	忽&𡯖	0	𡯖
𡯗	1	尬	3	
𡯘	0	𡯘	0	𡯘
𡯙	0	𡯙	0	𡯙
𡯚	3	尥&𡯡	1	𡯡
𡯛	1	㝾	1	㝾
𡯜	2	尳&𡯜	0	𡯜
𡯝	1	𡯏	1	𡯏
𡯠	3	尳&𡯜	1	𡯜
𡯡	2	尥&𡯡	2	尥&𡯡
𡯢	0	𡯢	0	𡯢
𡯣	1	㞁	1	㞁
𡯤	1	㞃	3	
𡯥	1	虺	1	虺
𡯦	0	𡯦	0	𡯦
𡯧	1	㞁	1	㞁
𡯨	0	𡯨	0	𡯨
𡯩	1	痟	1	痟
𡯪	1	尪	1	尪
𡯬	0	𡯬	0	𡯬
𡯭	1	尪	1	尪
𡯮	1	㞃	1	㞃
𡯲	1	尪	1	尪
𡯳	0	𡯳	0	𡯳
𡯴	0	𡯴	0	𡯴
𡯵	2	㞂&𡯵	2	㞂&𡯵
𡯶	1	就	1	就
𡯷	3	寇&𡯳	3	寇&𡯳
𡯸	1	㞄	1	㞄
𡯹	1	㞇	3	
𡯺	1	尵	1	尵
𡯻	1	𡰖	1	𡰖
𡯾	1	馗	3	
𡰁	1	尰	1	尰
𡰂	1	㞇	1	㞇
𡰃	1	㞁	1	㞁
𡰄	1	𡰖	1	𡰖
𡰅	1	尳	3	
𡰇	2	㞊&𥚋&𡰇	2	𥚋&𡰇
𡰉	3	尲&尷	1	尷
𡰊	1	尳	1	尳
𡰋	0	𡰋	0	𡰋
𡰌	0	𡰌	0	𡰌
𡰍	1	𡰌	1	𡰌
𡰎	0	𡰎	0	𡰎
𡰐	1	𧇠	1	𧇠
𡰑	2	𡰑&𠿕	1	𠿕
𡰒	1	尰	1	尰
𡰓	1	𡰌	3	
𡰔	1	就	1	就
𡰕	1	尰	1	尰
𡰖	0	𡰖	0	𡰖
𡰗	1	就	1	就
𡰘	3	𡰑&𠿕	1	𠿕
𡰛	1	尲	3	
𡰜	1	就	1	就
𡰝	0	𡰝	0	𡰝
𡰟	1	𡰠	3	
𡰠	0	𡰠	0	𡰠
𡰡	1	𡰢	3	
𡰢	0	𡰢	0	𡰢
𡰣	3	尸&屍	1	尸
𡰤	3	歹&𣦵	3	歹&𣦵
𡰥	2	仁&夷&尼&𡰥	2	仁&夷&尼&𡰥
𡰦	3	㞋&𡰫	1	㞋
𡰩	1	良	1	良
𡰪	2	𡰪&𡱂&䐁	3	𡱂&䐁
𡰫	2	㞋&𡰫	0	𡰫
𡰬	1	身	1	身
𡰭	1	夭	1	夭
𡰮	3	歹&𣦵	3	歹&𣦵
𡰯	3	此&豕	3	此&豕
𡰱	1	尼	1	尼
𡰳	1	卷	3	
𡰴	1	𠂣	3	
𡰵	1	屐	3	
𡰶	1	看	1	看
𡰷	1	戽	1	戽
𡰸	1	屐	1	屐
𡰹	1	㞏	3	
𡰺	1	㼱	1	㼱
𡰻	1	皮	1	皮
𡰼	1	尻	1	尻
𡰽	0	𡰽	0	𡰽
𡰾	2	𡰾&𧠎	2	𡰾&𧠎
𡰿	0	𡰿	0	𡰿
𡱀	1	克	1	克
𡱁	2	𡱁&屎	1	屎
𡱂	2	臀&𡱂	0	𡱂
𡱃	1	㣇	1	㣇
𡱆	1	屬	3	
𡱈	3	局&扃	1	局
𡱋	2	𡱋&㽕	0	𡱋
𡱌	0	𡱌	0	𡱌
𡱍	1	骸	1	骸
𡱎	1	肩	1	肩
𡱏	2	𡱏&䋀	1	䋀
𡱐	0	𡱐	0	𡱐
𡱑	0	𡱑	0	𡱑
𡱒	3	殿&臀&𡱂	1	臀
𡱓	1	尾	1	尾
𡱔	3	旨&㞓	3	旨&㞓
𡱕	1	尾	1	尾
𡱙	1	履	3	
𡱝	1	犀	1	犀
𡱞	1	斥	3	
𡱟	1	孕	1	孕
𡱠	1	克	1	克
𡱡	2	𡱡&𡱷	0	𡱡
𡱢	1	俟	1	俟
𡱣	0	𡱣	0	𡱣
𡱤	1	尿	1	尿
𡱥	2	朘&脧&𡱥	2	脧&𡱥
𡱦	1	蹝	1	蹝
𡱧	1	尻	1	尻
𡱨	1	辜	1	辜
𡱪	1	屐	3	
𡱮	1	畫	1	畫
𡱯	1	弄	1	弄
𡱰	2	𡰪&𡱰&䐁	2	𡱰&䐁
𡱱	0	𡱱	0	𡱱
𡱲	1	尾	1	尾
𡱴	1	尿	1	尿
𡱷	0	𡱷	0	𡱷
𡱹	1	㞛	1	㞛
𡱺	1	絇	1	絇
𡱻	1	屙	1	屙
𡱼	2	胯&髁&𡱼&骻	2	胯&髁&𡱼&骻
𡱽	0	𡱽	0	𡱽
𡱾	0	𡱾	0	𡱾
𡱿	2	易&𡱿	2	易&𡱿
𡲀	0	𡲀	0	𡲀
𡲁	2	𡱣&𡲁	0	𡲁
𡲂	1	殂	1	殂
𡲃	1	屋	1	屋
𡲅	1	屐	3	
𡲆	1	屐	3	
𡲌	1	屔	1	屔
𡲍	1	兵	1	兵
𡲎	1	庳	1	庳
𡲏	1	㞛	3	
𡲐	1	乳	3	
𡲑	1	屎	1	屎
𡲒	3	𡲬&屈	1	屈
𡲔	1	屎	1	屎
𡲕	1	屧	1	屧
𡲖	1	屎	1	屎
𡲗	2	屈&𡲗	2	屈&𡲗
𡲘	1	尿	1	尿
𡲙	1	咽	1	咽
𡲚	0	𡲚	0	𡲚
𡲛	2	降&𡲛	1	降
𡲜	2	扁&𡲜	1	扁
𡲝	1	拽	1	拽
𡲞	2	𡲞&辜	1	辜
𡲟	1	履	1	履
𡲠	1	破	1	破
𡲡	1	徂	1	徂
𡲣	1	降	1	降
𡲩	1	屁	1	屁
𡲪	0	𡲪	0	𡲪
𡲬	2	𡲬&屈	1	屈
𡲭	0	𡲭	0	𡲭
𡲮	0	𡲮	0	𡲮
𡲯	1	奏	1	奏
𡲰	0	𡲰	0	𡲰
𡲱	1	奏	1	奏
𡲲	1	靴	1	靴
𡲳	3	尿&溺	1	溺
𡲴	1	徙	1	徙
𡲵	1	尾	1	尾
𡲶	1	屈	1	屈
𡲷	1	屟	3	
𡲺	1	脊	3	
𡲻	1	群	1	群
𡲽	1	憩	3	
𡲾	1	㞜	1	㞜
𡳂	0	𡳂	0	𡳂
𡳃	1	𡳳	3	
𡳄	0	𡳄	0	𡳄
𡳅	3	憩&愒	1	憩
𡳆	0	𡳆	0	𡳆
𡳇	1	屪	1	屪
𡳈	1	舜	1	舜
𡳉	1	舜	1	舜
𡳋	1	𩛻	1	𩛻
𡳌	1	𡱣	3	
𡳍	1	絇	1	絇
𡳏	2	𡳏&𣂁	0	𡳏
𡳐	1	履	1	履
𡳑	0	𡳑	0	𡳑
𡳒	1	𦘧	3	
𡳘	2	屈&𡳘	2	屈&𡳘
𡳙	1	屧	1	屧
𡳚	1	犀	1	犀
𡳞	0	𡳞	0	𡳞
𡳟	1	䵶	1	䵶
𡳠	3	𡰾&㞖	1	𡰾
𡳡	1	奏	1	奏
𡳧	3	𤳫&𤲒	1	𤲒
𡳨	1	𡳭	1	𡳭
𡳫	1	樓	1	樓
𡳬	1	廬	1	廬
𡳭	0	𡳭	0	𡳭
𡳯	1	屩	3	
𡳳	0	𡳳	3	
𡳴	0	𡳴	0	𡳴
𡳸	0	𡳸	0	𡳸
𡳻	1	屭	1	屭
𡳼	3	𩋎&倔	1	倔
𡳾	2	𠄑&𡳾	2	𠄑&𡳾
𡳿	1	之	1	之
𡴀	2	𡴀&丰	1	丰
𡴁	1	叀	1	叀
𡴃	1	舉	3	
𡴄	3	市&巿	1	市
𡴅	0	𡴅	0	𡴅
𡴆	0	𡴆	0	𡴆
𡴇	1	豐	3	
𡴈	1	𠨭	1	𠨭
𡴋	2	𡴋&每	1	每
𡴌	1	甲	1	甲
𡴍	1	㞷	1	㞷
𡴎	0	𡴎	0	𡴎
𡴏	1	青	1	青
𡴐	1	青	3	
𡴑	1	青	1	青
𡴒	0	𡴒	0	𡴒
𡴓	1	思	1	思
𡴕	3	𡴋&每	1	每
𡴖	2	𡴖&南	1	南
𡴗	1	叀	1	叀
𡴘	1	幸	1	幸
𡴚	1	芬	3	
𡴛	1	毒	1	毒
𡴜	1	慎	1	慎
𡴝	1	奏	1	奏
𡴞	0	𡴞	0	𡴞
𡴟	3	𡴖&南	1	南
𡴡	3	𡴩&本	1	本
𡴤	1	手	1	手
𡴥	3	𡼁&离	1	离
𡴦	1	熏	1	熏
𡴧	2	𡴧&喪	1	喪
𡴨	2	𡴨&奏	1	奏
𡴩	2	𡴩&本	1	本
𡴪	1	𡴫	3	
𡴫	2	𡴫&𡴆	1	𡴆
𡴬	1	拜	1	拜
𡴭	2	圠&𡴭	0	𡴭
𡴮	1	乢	3	
𡴯	0	𡴯	0	𡴯
𡴰	1	扈	1	扈
𡴱	3	扈&岊	3	扈&岊
𡴲	2	𡴲&危	1	危
𡴳	1	嶽	1	嶽
𡴴	1	厹	3	
𡴸	1	危	1	危
𡴹	1	岊	1	岊
𡴺	1	岊	1	岊
𡴻	2	危&𡴻	0	𡴻
𡴼	1	岊	1	岊
𡴽	1	屴	1	屴
𡴾	1	屺	3	
𡴿	1	峘	1	峘
𡵀	1	𥐞	1	𥐞
𡵁	3	𡴲&危	1	危
𡵂	1	美	3	
𡵃	1	乾	3	
𡵄	1	𡴀	3	
𡵆	3	扈&屺	1	屺
𡵇	1	字	3	
𡵈	1	𡴆	3	
𡵉	1	屼	1	屼
𡵊	3	屹&𡵋	1	屹
𡵋	2	屹&𡵋	1	屹
𡵎	1	峘	1	峘
𡵏	1	叀	1	叀
𡵐	1	屼	1	屼
𡵑	0	𡵑	0	𡵑
𡵒	2	𡵒&屺&岊	3	屺&岊
𡵓	1	嶸	1	嶸
𡵔	2	崤&𡵔	1	崤
𡵕	0	𡵕	0	𡵕
𡵖	0	𡵖	0	𡵖
𡵗	1	𡸦	1	𡸦
𡵘	0	𡵘	0	𡵘
𡵙	0	𡵙	0	𡵙
𡵚	0	𡵚	0	𡵚
𡵛	0	𡵛	0	𡵛
𡵜	0	𡵜	0	𡵜
𡵝	2	𡵝&嵷	1	嵷
𡵞	2	𡵞&峰	1	峰
𡵣	1	𡵜	1	𡵜
𡵥	1	岈	3	
𡵧	1	屼	3	
𡵨	1	岐	3	
𡵬	0	𡵬	3	
𡵭	3	邨&村	1	村
𡵮	1	岻	1	岻
𡵯	1	步	1	步
𡵰	1	流	1	流
𡵱	3	岸&岓	1	岓
𡵲	1	岐	3	
𡵳	1	㞣	3	
𡵵	1	𡵬	3	
𡵶	1	歰	3	
𡵷	3	𡵝&嵷	1	嵷
𡵹	1	岳	1	岳
𡵺	1	岣	1	岣
𡵼	1	炭	1	炭
𡵽	1	岳	3	
𡵾	1	谷	1	谷
𡵿	1	岰	3	
𡶂	0	𡶂	0	𡶂
𡶃	0	𡶃	0	𡶃
𡶄	0	𡶄	0	𡶄
𡶅	3	坡&𡽠	1	坡
𡶆	3	坡&𡽠	3	坡&𡽠
𡶇	1	密	1	密
𡶈	0	𡶈	0	𡶈
𡶉	0	𡶉	0	𡶉
𡶊	3	陁&陀	1	陀
𡶋	0	𡶋	0	𡶋
𡶌	1	岯	1	岯
𡶍	3	倉&蒼	1	倉
𡶎	0	𡶎	0	𡶎
𡶏	3	崛&𡼿	3	崛&𡼿
𡶐	0	𡶐	0	𡶐
𡶑	0	𡶑	0	𡶑
𡶒	1	岪	1	岪
𡶓	1	嶽	1	嶽
𡶗	1	岷	3	
𡶛	0	𡶛	3	
𡶜	1	岸	3	
𡶝	1	峒	3	
𡶠	1	岳	3	
𡶢	1	岲	1	岲
𡶣	1	歲	1	歲
𡶤	3	崩&用	3	崩&用
𡶧	1	岦	3	
𡶩	1	岡	1	岡
𡶪	0	𡶪	0	𡶪
𡶫	3	嵲&𡴎	3	嵲&𡴎
𡶬	1	岡	1	岡
𡶭	0	𡶭	0	𡶭
𡶮	1	墺	1	墺
𡶯	0	𡶯	0	𡶯
𡶰	1	峔	1	峔
𡶱	0	𡶱	0	𡶱
𡶲	1	崜	3	
𡶳	3	岳&嶽	1	嶽
𡶴	1	嵼	3	
𡶶	3	峻&峰	1	峰
𡶸	1	山	1	山
𡶹	1	巃	1	巃
𡷅	3	𡵞&峰	1	峰
𡷆	1	峘	1	峘
𡷇	1	岡	1	岡
𡷈	1	澀	3	
𡷉	1	青	1	青
𡷌	1	崩	1	崩
𡷎	1	雨	1	雨
𡷏	1	峍	1	峍
𡷒	1	嶽	1	嶽
𡷓	0	𡷓	0	𡷓
𡷔	0	𡷔	0	𡷔
𡷕	0	𡷕	0	𡷕
𡷖	0	𡷖	0	𡷖
𡷗	2	峘&𡷗	2	峘&𡷗
𡷘	0	𡷘	0	𡷘
𡷙	0	𡷙	0	𡷙
𡷚	1	𦭮	1	𦭮
𡷛	0	𡷛	0	𡷛
𡷜	2	𡷜&嵟	2	𡷜&嵟
𡷝	0	𡷝	0	𡷝
𡷞	0	𡷞	0	𡷞
𡷟	1	𥦌	1	𥦌
𡷠	0	𡷠	0	𡷠
𡷡	0	𡷡	0	𡷡
𡷢	0	𡷢	0	𡷢
𡷣	3	嵞&峹	1	峹
𡷤	2	𡷤&峿	1	峿
𡷥	0	𡷥	0	𡷥
𡷦	3	𡵒&岊	1	岊
𡷧	2	𡷧&崟	1	崟
𡷨	2	陘&𡷨	0	𡷨
𡷩	1	垂	1	垂
𡷪	3	凝&疑&嶷	3	凝&疑&嶷
𡷫	1	盛	3	
𡷭	3	巉&𡸊	1	𡸊
𡷮	1	使	1	使
𡷯	1	巫	1	巫
𡷰	1	𡻌	3	
𡷸	0	𡷸	0	𡷸
𡷹	1	峴	3	
𡷼	1	歲	1	歲
𡷽	1	竦	1	竦
𡷾	1	崷	3	
𡸁	1	垂	3	
𡸃	1	嶮	3	
𡸄	1	𡺾	3	
𡸅	1	弢	3	
𡸆	1	峱	3	
𡸈	0	𡸈	0	𡸈
𡸉	0	𡸉	0	𡸉
𡸊	2	巉&𡸊	0	𡸊
𡸋	3	酋&輶	1	輶
𡸌	0	𡸌	0	𡸌
𡸎	2	𡵒&岊&𡸎	2	岊&𡸎
𡸑	0	𡸑	0	𡸑
𡸒	1	硉	1	硉
𡸓	3	𡺛&羌	1	羌
𡸔	1	𦋅	1	𦋅
𡸕	2	穹&𡸕	0	𡸕
𡸖	3	嵬&磈	1	嵬
𡸗	0	𡸗	0	𡸗
𡸘	1	𡸨	1	𡸨
𡸙	2	峮&𡸙	0	𡸙
𡸚	3	㟞&嶘	1	㟞
𡸛	0	𡸛	0	𡸛
𡸜	0	𡸜	0	𡸜
𡸝	1	崒	1	崒
𡸞	1	坎	1	坎
𡸟	1	崰	1	崰
𡸠	3	堆&阜	3	堆&阜
𡸡	1	峇	1	峇
𡸢	1	𡸣	1	𡸣
𡸣	2	嵲&𡸣	0	𡸣
𡸤	0	𡸤	0	𡸤
𡸥	0	𡸥	0	𡸥
𡸦	0	𡸦	0	𡸦
𡸧	1	岷	1	岷
𡸨	0	𡸨	0	𡸨
𡸩	2	腃&𡸩	1	腃
𡸪	0	𡸪	0	𡸪
𡸬	1	堆	1	堆
𡸳	1	嶢	1	嶢
𡸵	1	崢	1	崢
𡸶	1	崇	3	
𡸽	1	𡸜	3	
𡸾	1	澠	3	
𡹀	1	峻	3	
𡹃	1	崚	1	崚
𡹄	1	埡	3	
𡹅	1	埡	3	
𡹆	1	毒	1	毒
𡹈	1	崨	1	崨
𡹉	1	岐	3	
𡹊	1	垠	1	垠
𡹋	1	岷	1	岷
𡹌	1	崩	1	崩
𡹍	1	崮	3	
𡹏	1	崗	1	崗
𡹐	1	崔	3	
𡹑	1	𡷨	3	
𡹒	3	脊&嵴	1	嵴
𡹔	1	崩	1	崩
𡹖	1	歲	3	
𡹗	1	𡸕	3	
𡹚	1	棽	3	
𡹛	1	崦	1	崦
𡹜	1	崣	3	
𡹝	1	崆	3	
𡹡	1	䃄	3	
𡹢	0	𡹢	0	𡹢
𡹣	2	阿&𡹣	2	阿&𡹣
𡹤	2	岡&菌&齒&𡹤	2	岡&齒&𡹤
𡹥	2	𡌚&𡹥	0	𡹥
𡹦	1	走	1	走
𡹧	0	𡹧	0	𡹧
𡹨	0	𡹨	0	𡹨
𡹩	0	𡹩	0	𡹩
𡹪	0	𡹪	0	𡹪
𡹫	1	坰	1	坰
𡹬	0	𡹬	0	𡹬
𡹭	2	嵽&𡹭	0	𡹭
𡹮	1	崦	1	崦
𡹯	0	𡹯	0	𡹯
𡹰	0	𡹰	0	𡹰
𡹲	0	𡹲	0	𡹲
𡹳	2	𡺜&𡹳	0	𡹳
𡹴	1	嵊	3	
𡹵	0	𡹵	0	𡹵
𡹶	0	𡹶	0	𡹶
𡹷	0	𡹷	0	𡹷
𡹸	0	𡹸	0	𡹸
𡹹	0	𡹹	0	𡹹
𡹺	1	峭	1	峭
𡹻	1	嶀	1	嶀
𡹼	0	𡹼	0	𡹼
𡹽	1	羌	1	羌
𡹾	0	𡹾	0	𡹾
𡹿	1	𡴞	3	
𡺃	1	嶈	3	
𡺄	1	嶘	3	
𡺆	3	墮&嶞	1	墮
𡺇	1	堆	3	
𡺊	0	𡺊	0	𡺊
𡺍	1	動	3	
𡺎	1	巉	3	
𡺐	1	崤	3	
𡺒	1	憂	1	憂
𡺔	0	𡺔	0	𡺔
𡺙	3	㟫&泉	1	泉
𡺚	1	崷	1	崷
𡺛	0	𡺛	3	
𡺜	0	𡺜	3	
𡺝	1	𡹵	1	𡹵
𡺞	1	旹	3	
𡺟	0	𡺟	0	𡺟
𡺡	1	盈	1	盈
𡺢	1	崱	1	崱
𡺣	1	嵉	3	
𡺤	1	嵐	3	
𡺨	0	𡺨	3	
𡺪	3	𡻑&㠓	1	㠓
𡺫	0	𡺫	0	𡺫
𡺬	1	𡶃	1	𡶃
𡺭	0	𡺭	0	𡺭
𡺮	0	𡺮	0	𡺮
𡺯	0	𡺯	0	𡺯
𡺰	1	嶭	1	嶭
𡺱	1	嵍	1	嵍
𡺲	1	峻	1	峻
𡺳	1	豳	1	豳
𡺴	0	𡺴	0	𡺴
𡺵	0	𡺵	0	𡺵
𡺶	1	塞	1	塞
𡺷	0	𡺷	0	𡺷
𡺹	1	巏	1	巏
𡺺	1	𡾈	1	𡾈
𡺻	1	壑	1	壑
𡺼	1	嵲	1	嵲
𡺽	0	𡺽	0	𡺽
𡺾	2	𡺾&堆&嵟	3	堆&嵟
𡺿	2	𡺿&崚	1	崚
𡻇	1	𡼗	1	𡼗
𡻉	1	構	3	
𡻊	1	𡻘	3	
𡻋	1	窟	1	窟
𡻌	0	𡻌	3	
𡻍	1	峨	1	峨
𡻑	0	𡻑	0	𡻑
𡻒	1	嵍	3	
𡻕	1	歲	3	
𡻗	1	巔	1	巔
𡻘	0	𡻘	0	𡻘
𡻙	0	𡻙	0	𡻙
𡻚	2	嵻&𡻚	2	嵻&𡻚
𡻛	3	𡺾&堆	1	堆
𡻜	2	嵽&𡻜	0	𡻜
𡻝	0	𡻝	0	𡻝
𡻞	0	𡻞	0	𡻞
𡻟	0	𡻟	0	𡻟
𡻠	0	𡻠	0	𡻠
𡻡	0	𡻡	0	𡻡
𡻢	0	𡻢	0	𡻢
𡻣	0	𡻣	0	𡻣
𡻤	2	歷&麼&𡻤	2	歷&麼&𡻤
𡻥	1	㠧	1	㠧
𡻦	1	若	1	若
𡻧	0	𡻧	0	𡻧
𡻨	0	𡻨	0	𡻨
𡻩	0	𡻩	0	𡻩
𡻪	3	嵺&嶚	3	嵺&嶚
𡻬	0	𡻬	0	𡻬
𡻭	2	𡻭&礧&𡼊	3	礧&𡼊
𡻮	0	𡻮	0	𡻮
𡻯	0	𡻯	0	𡻯
𡻰	0	𡻰	0	𡻰
𡻱	2	𡻱&𡼊&㠥	3	𡼊&㠥
𡻲	1	睦	1	睦
𡻴	3	𡺿&峻&崚	3	峻&崚
𡻵	0	𡻵	0	𡻵
𡻻	1	嶀	3	
𡻽	1	𡻢	3	
𡻾	1	民	1	民
𡻿	1	岑	3	
𡼀	3	華&崋	1	華
𡼁	0	𡼁	3	
𡼅	1	㟹	3	
𡼆	1	嶇	3	
𡼊	0	𡼊	0	𡼊
𡼋	2	𡼋&崎	1	崎
𡼌	1	𡾰	1	𡾰
𡼍	1	崵	1	崵
𡼎	0	𡼎	0	𡼎
𡼏	1	澗	1	澗
𡼐	1	岷	1	岷
𡼑	1	崿	1	崿
𡼒	2	𡼬&𡼒	0	𡼒
𡼓	0	𡼓	0	𡼓
𡼔	1	㟅	1	㟅
𡼕	1	峻	1	峻
𡼖	0	𡼖	0	𡼖
𡼗	0	𡼗	0	𡼗
𡼘	3	𡴨&𦱧	1	𦱧
𡼙	1	崋	1	崋
𡼚	0	𡼚	0	𡼚
𡼛	0	𡼛	0	𡼛
𡼜	0	𡼜	0	𡼜
𡼝	1	墳	1	墳
𡼠	1	磯	3	
𡼡	1	熏	3	
𡼢	1	尋	3	
𡼥	1	澗	1	澗
𡼪	1	㟷	3	
𡼫	1	嶜	1	嶜
𡼬	0	𡼬	3	
𡼭	1	𡼋	3	
𡼯	1	㠆	1	㠆
𡼰	1	崿	1	崿
𡼲	1	嶔	1	嶔
𡼳	1	嶒	3	
𡼴	1	嵋	1	嵋
𡼵	1	嶙	3	
𡼶	1	嵾	1	嵾
𡼷	1	𤎚	3	
𡼺	2	嵊&𡼺	0	𡼺
𡼻	1	𡑈	1	𡑈
𡼼	1	潮	1	潮
𡼽	2	嶔&𡼽	2	嶔&𡼽
𡼾	0	𡼾	0	𡼾
𡼿	0	𡼿	0	𡼿
𡽀	1	嵕	1	嵕
𡽁	2	𡽁&㠑	2	𡽁&㠑
𡽂	0	𡽂	0	𡽂
𡽃	3	嶞&㟎	1	嶞
𡽄	2	嶤&𡽄	0	𡽄
𡽅	0	𡽅	0	𡽅
𡽆	0	𡽆	0	𡽆
𡽇	1	巁	1	巁
𡽈	1	崛	1	崛
𡽉	0	𡽉	0	𡽉
𡽊	0	𡽊	0	𡽊
𡽋	1	禄	3	
𡽏	1	䨲	3	
𡽐	2	𡽐&寥	1	寥
𡽑	1	澠	3	
𡽒	1	支	3	
𡽓	1	嵯	1	嵯
𡽔	1	齒	1	齒
𡽕	3	𡽁&㠑	1	𡽁
𡽗	1	嶮	1	嶮
𡽘	1	路	1	路
𡽚	1	嵞	1	嵞
𡽛	0	𡽛	0	𡽛
𡽜	0	𡽜	0	𡽜
𡽝	0	𡽝	0	𡽝
𡽞	2	㟙&𡽞	1	㟙
𡽟	1	嵺	1	嵺
𡽠	0	𡽠	0	𡽠
𡽡	1	巉	1	巉
𡽣	0	𡽣	0	𡽣
𡽤	1	嶙	1	嶙
𡽥	1	峨	1	峨
𡽦	3	𡽐&寥	1	寥
𡽧	0	𡽧	0	𡽧
𡽪	1	徽	3	
𡽬	1	嶼	1	嶼
𡽱	1	嶻	1	嶻
𡽳	0	𡽳	3	
𡽵	1	㠚	1	㠚
𡽷	1	陸	1	陸
𡽸	1	嶾	1	嶾
𡽹	1	嶺	3	
𡽺	1	嶽	1	嶽
𡽻	3	嶄&嶺&岭	3	嶺&岭
𡽽	1	熏	1	熏
𡾀	2	華&𡾀	1	華
𡾂	2	峱&𡾂	2	峱&𡾂
𡾃	1	嶻	3	
𡾄	1	藪	3	
𡾅	0	𡾅	0	𡾅
𡾆	2	𡾆&峉	1	峉
𡾇	0	𡾇	0	𡾇
𡾈	0	𡾈	0	𡾈
𡾉	0	𡾉	0	𡾉
𡾊	3	𡾋&㠥	1	㠥
𡾋	2	𡾋&𡿈	1	𡿈
𡾌	0	𡾌	0	𡾌
𡾍	1	實	1	實
𡾏	1	藞	3	
𡾐	1	𡿖	1	𡿖
𡾑	1	嵯	1	嵯
𡾔	2	𡾋&𡾔	0	𡾔
𡾕	0	𡾕	0	𡾕
𡾘	1	崞	1	崞
𡾙	2	崿&𡾙	2	崿&𡾙
𡾚	1	𡼊	1	𡼊
𡾛	0	𡾛	0	𡾛
𡾜	0	𡾜	0	𡾜
𡾝	1	㠢	1	㠢
𡾞	1	巇	1	巇
𡾟	1	巇	1	巇
𡾠	1	巇	3	
𡾤	1	孽	3	
𡾦	1	嶭	1	嶭
𡾧	3	嶲&巂	1	嶲
𡾩	3	壟&巃	1	巃
𡾪	1	嵹	3	
𡾮	0	𡾮	0	𡾮
𡾯	1	嶾	1	嶾
𡾰	0	𡾰	0	𡾰
𡾱	0	𡾱	0	𡾱
𡾲	1	嶭	1	嶭
𡾴	1	嶮	3	
𡾷	1	磊	1	磊
𡾸	1	巊	3	
𡾹	1	嶭	3	
𡾺	1	嶻	3	
𡾻	0	𡾻	0	𡾻
𡾼	0	𡾼	0	𡾼
𡾽	0	𡾽	0	𡾽
𡾾	0	𡾾	0	𡾾
𡾿	1	㠦	3	
𡿁	1	巍	1	巍
𡿃	3	𡾆&峉	1	峉
𡿆	1	巍	1	巍
𡿇	0	𡿇	0	𡿇
𡿈	2	𡼊&𡿈	1	𡼊
𡿉	0	𡿉	0	𡿉
𡿊	1	𡷙	1	𡷙
𡿋	1	巁	1	巁
𡿌	1	歷	1	歷
𡿏	1	𡿇	1	𡿇
𡿐	1	㠧	1	㠧
𡿑	2	嶙&𡿑	0	𡿑
𡿒	1	嶭	3	
𡿔	3	𡻱&㠥	1	㠥
𡿕	2	巘&𡿕	0	𡿕
𡿖	0	𡿖	0	𡿖
𡿗	0	𡿗	0	𡿗
𡿘	1	嶒	1	嶒
𡿚	3	峱&巙	1	巙
𡿛	0	𡿛	0	𡿛
𡿜	3	𡻭&𡼊	1	𡼊
𡿝	0	𡿝	0	𡿝
𡿞	1	灣	3	
𡿟	1	峱	3	
𡿠	0	𡿠	0	𡿠
𡿡	2	嶺&岭&𡿡	2	岭&𡿡
𡿢	2	巋&𡿢	1	巋
𡿣	1	巉	1	巉
𡿥	0	𡿥	0	𡿥
𡿧	1	災	1	災
𡿨	2	肱&畎&𡿨	1	畎
𡿩	0	𡿩	0	𡿩
𡿪	2	𡿩&𡿪	1	𡿩
𡿫	1	巟	1	巟
𡿬	1	巟	1	巟
𡿭	2	坤&水&𡿭	2	坤&水&𡿭
𡿮	1	𠫓	1	𠫓
𡿯	0	𡿯	0	𡿯
𡿰	2	巟&𡿰	0	𡿰
𡿱	1	巠	1	巠
𡿲	1	巤	3	
𡿴	3	巟&𡿰	1	𡿰
𡿵	1	苦	3	
𡿶	1	笨	3	
𡿷	1	邕	1	邕
𡿸	1	箕	1	箕
𡿹	1	子	1	子
𡿻	1	眾	1	眾
𡿼	1	訓	3	
𡿽	1	巡	1	巡
𡿾	0	𡿾	0	𡿾
𡿿	0	𡿿	0	𡿿
𢀀	1	龍	1	龍
𢀁	0	𢀁	0	𢀁
𢀂	3	巤&鬣	1	鬣
𢀃	1	載	1	載
𢀄	0	𢀄	0	𢀄
𢀇	2	𢀇&子	1	子
𢀈	3	𢀇&子	1	子
𢀉	1	子	1	子
𢀊	0	𢀊	0	𢀊
𢀍	1	邕	3	
𢀎	1	河	1	河
𢀏	1	狒	3	
𢀐	1	孳	1	孳
𢀑	1	巨	1	巨
𢀒	1	己	1	己
𢀓	1	巨	1	巨
𢀖	1	巠	1	巠
𢀘	0	𢀘	0	𢀘
𢀙	2	糾&𢀙	2	糾&𢀙
𢀛	1	舌	1	舌
𢀜	0	𢀜	0	𢀜
𢀝	1	新	1	新
𢀞	1	差	3	
𢀠	1	差	1	差
𢀡	3	左&隳	3	左&隳
𢀣	1	巫	1	巫
𢀩	1	差	1	差
𢀯	1	初	1	初
𢀴	1	厄	1	厄
𢀶	0	𢀶	0	𢀶
𢀷	1	巹	3	
𢀸	1	死	3	
𢀹	1	朕	1	朕
𢀺	1	鬯	1	鬯
𢀽	1	起	3	
𢀾	1	巹	3	
𢀿	3	巹&𧯷	1	𧯷
𢁀	1	𦮹	1	𦮹
𢁁	2	𢁁&𧱓&䐁	2	𢁁&𧱓&䐁
𢁂	2	㠱&𢁂	2	㠱&𢁂
𢁃	1	躋	1	躋
𢁄	2	疑&𢁄	0	𢁄
𢁅	1	巽	1	巽
𢁈	1	匙	1	匙
𢁉	1	巽	1	巽
𢁌	1	巽	1	巽
𢁐	1	寅	1	寅
𢁒	0	𢁒	0	𢁒
𢁓	3	亥&豕	3	亥&豕
𢁔	3	吊&彝	3	吊&彝
𢁕	0	𢁕	0	𢁕
𢁖	0	𢁖	0	𢁖
𢁗	0	𢁗	0	𢁗
𢁘	0	𢁘	0	𢁘
𢁙	3	布&希	1	布
𢁚	1	𢁘	1	𢁘
𢁛	1	殺	1	殺
𢁟	1	芇	3	
𢁡	1	帊	3	
𢁢	0	𢁢	0	𢁢
𢁣	1	㡆	1	㡆
𢁤	0	𢁤	0	𢁤
𢁥	1	帉	1	帉
𢁦	1	㠲	1	㠲
𢁧	0	𢁧	0	𢁧
𢁨	1	尹	1	尹
𢁩	0	𢁩	0	𢁩
𢁪	2	帙&𢁪	2	帙&𢁪
𢁫	1	希	3	
𢁬	0	𢁬	0	𢁬
𢁭	1	萬	1	萬
𢁮	0	𢁮	0	𢁮
𢁯	1	㠴	1	㠴
𢁰	1	禹	1	禹
𢁱	0	𢁱	0	𢁱
𢁳	1	亥	1	亥
𢁴	3	系&繫	1	系
𢁵	1	帗	1	帗
𢁹	0	𢁹	0	𢁹
𢁺	1	虎	1	虎
𢁻	0	𢁻	0	𢁻
𢁼	0	𢁼	0	𢁼
𢁽	2	幎&𢁽	2	幎&𢁽
𢁾	0	𢁾	0	𢁾
𢁿	0	𢁿	0	𢁿
𢂀	0	𢂀	0	𢂀
𢂁	0	𢂁	0	𢂁
𢂂	1	鬧	1	鬧
𢂃	0	𢂃	0	𢂃
𢂅	3	𢂊&靿	1	𢂊
𢂆	0	𢂆	0	𢂆
𢂇	1	帝	1	帝
𢂈	1	怚	3	
𢂉	1	草	3	
𢂊	0	𢂊	0	𢂊
𢂋	1	京	1	京
𢂍	0	𢂍	0	𢂍
𢂏	0	𢂏	0	𢂏
𢂐	0	𢂐	0	𢂐
𢂑	1	拭	1	拭
𢂒	0	𢂒	0	𢂒
𢂓	0	𢂓	0	𢂓
𢂔	0	𢂔	0	𢂔
𢂕	0	𢂕	0	𢂕
𢂖	1	師	1	師
𢂗	0	𢂗	0	𢂗
𢂘	0	𢂘	0	𢂘
𢂙	1	㠵	3	
𢂚	1	卓	1	卓
𢂝	0	𢂝	0	𢂝
𢂞	1	希	1	希
𢂟	1	尹	1	尹
𢂠	3	㠵&㡆	3	㠵&㡆
𢂤	3	𢼆&犻	3	𢼆&犻
𢂥	1	㡂	1	㡂
𢂦	1	卓	1	卓
𢂩	1	㡆	1	㡆
𢂪	1	㠵	1	㠵
𢂫	1	尹	1	尹
𢂬	1	尹	1	尹
𢂮	1	帙	3	
𢂯	1	亦	3	
𢂰	1	幀	1	幀
𢂱	0	𢂱	0	𢂱
𢂲	1	綌	1	綌
𢂴	2	幟&𢂴	1	幟
𢂵	1	㠹	1	㠹
𢂶	0	𢂶	0	𢂶
𢂷	2	韐&𢂷	1	韐
𢂸	1	帶	1	帶
𢂹	0	𢂹	0	𢂹
𢂺	0	𢂺	0	𢂺
𢂻	1	㠴	1	㠴
𢂼	0	𢂼	0	𢂼
𢂽	1	裙	1	裙
𢂾	1	㡆	1	㡆
𢂿	1	帢	1	帢
𢃀	0	𢃀	0	𢃀
𢃁	1	尹	1	尹
𢃂	1	尹	1	尹
𢃄	1	帶	1	帶
𢃅	1	床	3	
𢃆	3	帬&裙	1	裙
𢃋	1	師	1	師
𢃌	1	㠿	1	㠿
𢃍	0	𢃍	0	𢃍
𢃎	0	𢃎	0	𢃎
𢃏	2	賨&𢃏	2	賨&𢃏
𢃐	0	𢃐	0	𢃐
𢃑	2	裮&𢃑	1	裮
𢃒	2	𢃒&𪓌	1	𪓌
𢃓	2	𢃓&幒	1	幒
𢃔	2	幨&𢃔	1	幨
𢃕	0	𢃕	0	𢃕
𢃖	1	幬	1	幬
𢃗	0	𢃗	0	𢃗
𢃘	0	𢃘	0	𢃘
𢃙	1	冠	1	冠
𢃚	3	㡓&褌	1	褌
𢃛	1	帺	1	帺
𢃜	2	犆&𢃜	2	犆&𢃜
𢃝	1	𧝴	1	𧝴
𢃣	1	㡇	1	㡇
𢃤	1	𢃎	1	𢃎
𢃦	1	裹	3	
𢃧	1	幒	1	幒
𢃨	1	帿	1	帿
𢃪	3	𢃓&幒	1	幒
𢃫	1	帢	1	帢
𢃬	1	㡐	1	㡐
𢃭	1	幒	1	幒
𢃮	2	幎&𢃮	2	幎&𢃮
𢃯	0	𢃯	0	𢃯
𢃰	0	𢃰	0	𢃰
𢃱	0	𢃱	0	𢃱
𢃲	1	緙	1	緙
𢃳	0	𢃳	0	𢃳
𢃴	0	𢃴	0	𢃴
𢃵	2	尹&𢃵	2	尹&𢃵
𢃶	1	纛	3	
𢃷	1	牟	1	牟
𢃸	1	𧛸	1	𧛸
𢃹	1	尹	1	尹
𢃺	0	𢃺	0	𢃺
𢃻	1	豚	1	豚
𢃿	1	朄	3	
𢄀	1	𭫝	3	
𢄁	1	業	1	業
𢄄	2	𢄄&抯	2	𢄄&抯
𢄅	0	𢄅	0	𢄅
𢄆	1	策	1	策
𢄇	0	𢄇	0	𢄇
𢄊	0	𢄊	0	𢄊
𢄋	2	營&縈&𢄋	0	𢄋
𢄌	0	𢄌	0	𢄌
𢄍	2	𢂷&𢄍	2	𢂷&𢄍
𢄎	0	𢄎	0	𢄎
𢄏	0	𢄏	0	𢄏
𢄐	2	幪&𢄐	2	幪&𢄐
𢄑	1	幐	3	
𢄒	1	扇	3	
𢄓	0	𢄓	0	𢄓
𢄔	2	帶&𢄔	1	帶
𢄕	1	禽	1	禽
𢄖	1	異	1	異
𢄗	1	絅	1	絅
𢄘	1	逐	1	逐
𢄙	1	員	3	
𢄚	2	𦥱&𢄚	0	𢄚
𢄛	1	幬	1	幬
𢄜	2	𢃗&𢄜	2	𢃗&𢄜
𢄞	2	幣&𢄞	1	幣
𢄟	1	𢂓	1	𢂓
𢄠	1	𢂁	1	𢂁
𢄡	0	𢄡	0	𢄡
𢄢	0	𢄢	0	𢄢
𢄣	2	𢄣&𢅫	2	𢄣&𢅫
𢄤	0	𢄤	0	𢄤
𢄥	1	肄	1	肄
𢄦	2	𢁕&𢄦	2	𢁕&𢄦
𢄧	0	𢄧	0	𢄧
𢄫	1	龍	1	龍
𢄬	1	棘	1	棘
𢄭	1	褶	3	
𢄮	1	豫	3	
𢄰	2	幄&𢄰	1	幄
𢄱	0	𢄱	0	𢄱
𢄲	2	𢄲&𢄧	1	𢄧
𢄳	0	𢄳	0	𢄳
𢄴	1	㡅	1	㡅
𢄵	1	襐	1	襐
𢄶	0	𢄶	0	𢄶
𢄷	2	橑&𢄷	0	𢄷
𢄸	0	𢄸	0	𢄸
𢄹	0	𢄹	0	𢄹
𢄺	0	𢄺	0	𢄺
𢄻	1	繖	3	
𢄼	2	繻&𢄼	0	𢄼
𢄽	0	𢄽	0	𢄽
𢄾	1	盟	1	盟
𢄿	1	橐	1	橐
𢅂	1	幬	1	幬
𢅃	1	㡠	3	
𢅉	0	𢅉	0	𢅉
𢅊	2	蹛&𢅊	2	蹛&𢅊
𢅋	0	𢅋	0	𢅋
𢅍	1	橐	1	橐
𢅎	0	𢅎	0	𢅎
𢅏	1	㡘	1	㡘
𢅐	1	幨	1	幨
𢅑	0	𢅑	0	𢅑
𢅒	0	𢅒	0	𢅒
𢅓	3	幦&幭	1	幭
𢅔	1	𢁼	1	𢁼
𢅕	0	𢅕	0	𢅕
𢅖	1	㡘	1	㡘
𢅗	0	𢅗	0	𢅗
𢅙	1	幘	1	幘
𢅚	2	褾&幖&𢅚	2	褾&幖&𢅚
𢅛	1	龍	1	龍
𢅞	1	綠	1	綠
𢅟	0	𢅟	0	𢅟
𢅠	0	𢅠	0	𢅠
𢅡	0	𢅡	0	𢅡
𢅢	3	搜&溲	1	搜
𢅦	3	𢅨&歸	1	歸
𢅨	2	𢅨&歸	1	歸
𢅩	0	𢅩	0	𢅩
𢅪	0	𢅪	0	𢅪
𢅫	0	𢅫	0	𢅫
𢅭	1	襰	1	襰
𢅮	0	𢅮	0	𢅮
𢅯	0	𢅯	0	𢅯
𢅰	0	𢅰	0	𢅰
𢅱	1	幬	1	幬
𢅲	1	𢅮	1	𢅮
𢅴	1	懵	3	
𢅵	2	幭&𢅵	1	幭
𢅷	1	蔽	3	
𢅸	3	籢&奩	1	奩
𢅹	0	𢅹	0	𢅹
𢅻	1	欆	1	欆
𢅼	1	㡪	1	㡪
𢅽	2	幖&𢅽	0	𢅽
𢅾	0	𢅾	0	𢅾
𢅿	1	幠	1	幠
𢆃	1	㡪	1	㡪
𢆄	1	幱	1	幱
𢆅	0	𢆅	0	𢆅
𢆆	1	㡪	3	
𢆇	1	駱	1	駱
𢆈	1	𧲝	1	𧲝
𢆉	2	羊&𢆉	0	𢆉
𢆊	1	汀	1	汀
𢆋	2	𡯋&𢆋	0	𢆋
𢆍	1	臿	1	臿
𢆎	1	幸	1	幸
𢆑	3	𠁮&叔	1	叔
𢆔	1	罕	1	罕
𢆙	1	并	1	并
𢆚	0	𢆚	0	𢆚
𢆛	1	幵	1	幵
𢆜	0	𢆜	0	𢆜
𢆝	3	趕&赶	1	赶
𢆞	1	𢆚	3	
𢆟	2	𢆟&𤲒	1	𤲒
𢆢	0	𢆢	0	𢆢
𢆣	0	𢆣	3	
𢆬	1	𢆚	1	𢆚
𢆯	3	玄&糸	3	玄&糸
𢆱	3	幻&幼	1	幻
𢆲	1	幼	1	幼
𢆳	2	𢆴&𠄏&𢆳	2	𠄏&𢆳
𢆴	2	𢆴&𠄏	1	𠄏
𢆶	2	幽&茲&玆&𢆶	0	𢆶
𢆷	2	妙&𢆷	0	𢆷
𢆸	2	絣&𢆸	1	絣
𢆻	1	幾	1	幾
𢆼	1	幾	1	幾
𢆽	0	𢆽	0	𢆽
𢆾	2	𢆶&𢆾	1	𢆶
𢆿	1	緦	1	緦
𢇀	3	泥&屔	1	屔
𢇁	1	絲	1	絲
𢇂	1	𢇇	1	𢇇
𢇄	1	𢆷	3	
𢇅	1	𢇇	3	
𢇆	1	緦	1	緦
𢇇	0	𢇇	0	𢇇
𢇊	1	紹	1	紹
𢇋	0	𢇋	0	𢇋
𢇌	2	佌&𢇌	0	𢇌
𢇍	1	絕	1	絕
𢇏	1	彝	1	彝
𢇑	1	絕	1	絕
𢇒	1	㡮	1	㡮
𢇓	1	㡮	1	㡮
𢇔	1	有	1	有
𢇖	1	孳	1	孳
𢇗	2	廈&𢇗	2	廈&𢇗
𢇘	0	𢇘	0	𢇘
𢇙	1	廙	1	廙
𢇚	0	𢇚	0	𢇚
𢇛	2	斥&𢇛	1	斥
𢇜	1	廡	1	廡
𢇝	3	底&麼	1	底
𢇞	0	𢇞	0	𢇞
𢇠	1	庉	1	庉
𢇣	1	𢋔	1	𢋔
𢇤	0	𢇤	0	𢇤
𢇥	0	𢇥	0	𢇥
𢇦	0	𢇦	0	𢇦
𢇧	0	𢇧	0	𢇧
𢇨	2	底&𢇨	0	𢇨
𢇩	1	庍	1	庍
𢇪	1	番	1	番
𢇫	1	覂	1	覂
𢇬	1	𢇷	3	
𢇭	1	應	1	應
𢇮	1	庋	1	庋
𢇯	1	府	1	府
𢇰	0	𢇰	0	𢇰
𢇲	0	𢇲	0	𢇲
𢇳	0	𢇳	0	𢇳
𢇴	0	𢇴	0	𢇴
𢇵	0	𢇵	0	𢇵
𢇶	0	𢇶	0	𢇶
𢇷	0	𢇷	0	𢇷
𢇸	1	㡼	1	㡼
𢇹	3	底&𢇨	1	𢇨
𢇺	1	扃	1	扃
𢇻	3	疾&知	3	疾&知
𢇼	1	鬼	1	鬼
𢈂	0	𢈂	0	𢈂
𢈃	1	庛	3	
𢈄	0	𢈄	0	𢈄
𢈅	1	㽿	1	㽿
𢈇	0	𢈇	0	𢈇
𢈈	2	凹&匼&𢈈	2	凹&匼&𢈈
𢈉	0	𢈉	0	𢈉
𢈊	1	㧁	1	㧁
𢈋	0	𢈋	0	𢈋
𢈌	1	𡧭	1	𡧭
𢈎	1	庶	3	
𢈏	1	庚	3	
𢈒	1	𤵽	3	
𢈔	1	庾	3	
𢈗	1	幼	1	幼
𢈙	0	𢈙	0	𢈙
𢈚	0	𢈚	0	𢈚
𢈛	0	𢈛	0	𢈛
𢈜	0	𢈜	0	𢈜
𢈝	0	𢈝	0	𢈝
𢈞	2	𢈞&庮	1	庮
𢈟	1	俟	1	俟
𢈠	2	㢀&𢈠	2	㢀&𢈠
𢈡	0	𢈡	0	𢈡
𢈢	0	𢈢	0	𢈢
𢈣	1	𢊕	1	𢊕
𢈤	2	𢈤&𧆥	2	𢈤&𧆥
𢈥	1	親	1	親
𢈦	1	玤	3	
𢈧	1	庪	3	
𢈩	0	𢈩	3	
𢈫	1	振	3	
𢈬	3	𢈞&廉&庮	3	廉&庮
𢈭	1	痟	1	痟
𢈱	1	痢	3	
𢈲	2	厚&𢈲	2	厚&𢈲
𢈳	0	𢈳	0	𢈳
𢈴	0	𢈴	0	𢈴
𢈵	0	𢈵	0	𢈵
𢈶	0	𢈶	0	𢈶
𢈷	1	庳	1	庳
𢈸	0	𢈸	0	𢈸
𢈹	1	㢈	1	㢈
𢈺	1	廩	1	廩
𢈻	0	𢈻	0	𢈻
𢈼	0	𢈼	0	𢈼
𢈽	0	𢈽	0	𢈽
𢈾	0	𢈾	0	𢈾
𢈿	1	或	1	或
𢉀	1	漏	1	漏
𢉁	0	𢉁	0	𢉁
𢉂	0	𢉂	0	𢉂
𢉃	0	𢉃	0	𢉃
𢉄	1	廞	1	廞
𢉅	0	𢉅	0	𢉅
𢉆	0	𢉆	0	𢉆
𢉇	1	𢈩	3	
𢉈	3	墻&牆	1	牆
𢉉	1	瘞	3	
𢉎	1	庪	3	
𢉒	1	廠	3	
𢉔	1	𢉣	3	
𢉕	1	䨲	1	䨲
𢉖	1	鹿	1	鹿
𢉘	0	𢉘	0	𢉘
𢉙	1	庶	1	庶
𢉚	0	𢉚	0	𢉚
𢉛	1	𢊕	1	𢊕
𢉜	2	廜&𢉜	2	廜&𢉜
𢉝	0	𢉝	0	𢉝
𢉞	0	𢉞	0	𢉞
𢉟	2	庰&𢉟	0	𢉟
𢉠	1	宇	1	宇
𢉡	1	俟	1	俟
𢉢	0	𢉢	0	𢉢
𢉣	2	𢉣&𡧖	1	𡧖
𢉤	0	𢉤	0	𢉤
𢉥	0	𢉥	0	𢉥
𢉦	0	𢉦	0	𢉦
𢉧	3	廉&籃	3	廉&籃
𢉨	1	𢈠	1	𢈠
𢉩	0	𢉩	0	𢉩
𢉪	1	庛	1	庛
𢉫	3	𣐺&𣎺	1	𣎺
𢉬	1	黟	1	黟
𢉭	0	𢉭	0	𢉭
𢉰	1	座	3	
𢉱	1	廟	1	廟
𢉳	1	磨	3	
𢉴	1	傴	1	傴
𢉶	1	腐	1	腐
𢉷	1	庮	3	
𢉸	2	𢉸&恢	1	恢
𢉻	1	䴥	3	
𢉼	1	賡	3	
𢉿	0	𢉿	0	𢉿
𢊀	0	𢊀	0	𢊀
𢊁	1	廌	1	廌
𢊂	1	廧	1	廧
𢊃	1	瘞	1	瘞
𢊄	0	𢊄	0	𢊄
𢊅	0	𢊅	0	𢊅
𢊆	3	歷&厤	1	歷
𢊇	0	𢊇	0	𢊇
𢊈	1	廋	3	
𢊉	1	廧	1	廧
𢊊	1	庵	3	
𢊌	1	瘠	3	
𢊎	1	瑟	1	瑟
𢊐	1	𢊀	1	𢊀
𢊒	0	𢊒	0	𢊒
𢊓	0	𢊓	0	𢊓
𢊔	1	㢚	1	㢚
𢊕	0	𢊕	0	𢊕
𢊖	0	𢊖	0	𢊖
𢊗	0	𢊗	0	𢊗
𢊘	0	𢊘	0	𢊘
𢊙	3	鍬&銚	1	鍬
𢊛	0	𢊛	0	𢊛
𢊜	2	庰&𢊜	0	𢊜
𢊝	3	𢉸&恢	1	恢
𢊣	1	廩	1	廩
𢊨	3	𠪓&砮	1	砮
𢊪	3	康&糠	1	糠
𢊬	1	廩	3	
𢊭	3	袠&秩	1	秩
𢊮	0	𢊮	0	𢊮
𢊯	0	𢊯	0	𢊯
𢊰	0	𢊰	0	𢊰
𢊱	0	𢊱	0	𢊱
𢊲	0	𢊲	0	𢊲
𢊳	1	庛	1	庛
𢊴	1	奩	1	奩
𢊵	2	𢋛&𢊵	0	𢊵
𢊶	0	𢊶	0	𢊶
𢊸	1	廩	1	廩
𢊺	1	廇	1	廇
𢊻	1	遼	1	遼
𢊼	1	廎	1	廎
𢊾	1	府	3	
𢊿	3	𢊄&𢋌	1	𢋌
𢋀	1	訾	3	
𢋁	1	廄	1	廄
𢋂	0	𢋂	0	𢋂
𢋃	0	𢋃	0	𢋃
𢋄	0	𢋄	0	𢋄
𢋅	0	𢋅	0	𢋅
𢋆	0	𢋆	0	𢋆
𢋇	0	𢋇	0	𢋇
𢋈	1	㢝	3	
𢋉	1	𡢜	3	
𢋊	1	壅	3	
𢋌	0	𢋌	0	𢋌
𢋎	1	穈	3	
𢋑	1	廡	1	廡
𢋒	0	𢋒	0	𢋒
𢋓	1	廑	1	廑
𢋔	0	𢋔	0	𢋔
𢋘	3	雍&廱	1	廱
𢋙	1	厲	3	
𢋚	0	𢋚	0	𢋚
𢋛	0	𢋛	3	
𢋜	1	螷	1	螷
𢋝	0	𢋝	0	𢋝
𢋞	1	𩒯	3	
𢋟	1	穈	3	
𢋡	1	㢚	1	㢚
𢋢	1	廧	1	廧
𢋣	0	𢋣	0	𢋣
𢋦	3	嗇&穡	1	嗇
𢋧	3	𤻳&瘰	1	瘰
𢋨	1	廛	1	廛
𢋪	1	虎	1	虎
𢋫	1	賡	3	
𢋭	1	厲	1	厲
𢋮	1	𢊰	1	𢊰
𢋯	1	廉	1	廉
𢋰	1	廡	1	廡
𢋱	0	𢋱	0	𢋱
𢋲	2	腐&𢋲	1	腐
𢋸	0	𢋸	0	𢋸
𢋹	1	無	3	
𢋺	1	爵	3	
𢋻	0	𢋻	0	𢋻
𢋼	0	𢋼	0	𢋼
𢋽	1	廓	1	廓
𢋾	1	廧	1	廧
𢋿	2	齋&𢋿	2	齋&𢋿
𢌀	2	褻&𢌀	2	褻&𢌀
𢌁	3	靡&爢	1	靡
𢌂	1	廈	1	廈
𢌃	1	𢋻	1	𢋻
𢌄	0	𢌄	0	𢌄
𢌅	1	鄽	3	
𢌆	3	蠯&螷	1	蠯
𢌇	3	灋&法	1	法
𢌈	0	𢌈	0	𢌈
𢌉	1	廈	1	廈
𢌋	1	廡	1	廡
𢌍	0	𢌍	0	𢌍
𢌐	1	𩐌	1	𩐌
𢌑	1	糜	1	糜
𢌒	1	廲	1	廲
𢌓	1	廓	3	
𢌔	0	𢌔	0	𢌔
𢌕	0	𢌕	0	𢌕
𢌛	3	𨒌&征	1	征
𢌝	1	趁	1	趁
𢌞	1	迴	1	迴
𢌟	1	翅	3	
𢌦	0	𢌦	0	𢌦
𢌨	2	𢌨&䀽	1	䀽
𢌫	2	𢌨&𢌫&䀽	2	𢌫&䀽
𢌬	1	九	1	九
𢌭	1	等	1	等
𢌮	1	弄	3	
𢌯	1	界	1	界
𢌱	2	𢌱&與	1	與
𢌳	0	𢌳	0	𢌳
𢌴	1	巽	1	巽
𢌵	1	戒	1	戒
𢌸	1	弈	1	弈
𢌺	1	筭	1	筭
𢌻	0	𢌻	0	𢌻
𢌼	1	承	1	承
𢌾	1	弈	1	弈
𢌿	3	卑&畀&𢍁	1	畀
𢍀	1	異	3	
𢍁	2	𢍉&畀&𢍁	2	畀&𢍁
𢍂	1	鼻	1	鼻
𢍃	2	𢍃&奔	1	奔
𢍄	1	思	1	思
𢍅	3	奂&奐	1	奐
𢍆	1	契	1	契
𢍈	1	葬	1	葬
𢍉	0	𢍉	3	
𢍊	1	𢍏	1	𢍏
𢍋	1	莫	1	莫
𢍌	1	其	1	其
𢍍	1	弁	1	弁
𢍎	3	告&誥	3	告&誥
𢍏	0	𢍏	0	𢍏
𢍐	1	終	1	終
𢍒	1	𢍏	1	𢍏
𢍔	1	弇	1	弇
𢍕	1	桊	1	桊
𢍖	3	彙&𢍚	1	𢍚
𢍘	1	弁	1	弁
𢍙	1	弁	1	弁
𢍚	0	𢍚	0	𢍚
𢍛	1	剺	1	剺
𢍜	1	尊	1	尊
𢍝	1	蠡	1	蠡
𢍞	1	棄	1	棄
𢍠	1	契	1	契
𢍡	1	渰	3	
𢍢	1	奥	1	奥
𢍣	0	𢍣	0	𢍣
𢍥	1	槊	3	
𢍦	3	𢍮&巫	1	巫
𢍧	1	置	1	置
𢍨	3	𡊅&𡊄	1	𡊄
𢍪	1	豋	1	豋
𢍫	2	𢆚&𢍫	0	𢍫
𢍬	1	言	1	言
𢍮	2	𢍮&巫	1	巫
𢍯	1	興	1	興
𢍰	2	擇&𢍰	0	𢍰
𢍱	0	𢍱	0	𢍱
𢍲	1	遵	1	遵
𢍳	1	巽	1	巽
𢍴	1	冏	3	
𢍵	1	彝	1	彝
𢍶	3	攣&㪻	1	㪻
𢍷	1	曆	1	曆
𢍸	1	擎	1	擎
𢍹	1	𢍱	1	𢍱
𢍺	1	弋	1	弋
𢍻	1	戎	1	戎
𢍽	1	𥾐	3	
𢍾	1	武	3	
𢍿	0	𢍿	0	𢍿
𢎀	1	䯆	1	䯆
𢎁	1	武	1	武
𢎃	0	𢎃	0	𢎃
𢎄	1	㢦	1	㢦
𢎅	1	㢦	3	
𢎆	3	㦶&戜	1	戜
𢎇	3	烖&災	1	災
𢎉	1	𥫝	3	
𢎊	1	弑	1	弑
𢎋	1	哉	3	
𢎌	2	𤮼&𢎌	2	𤮼&𢎌
𢎍	1	弑	1	弑
𢎎	0	𢎎	0	𢎎
𢎏	1	倆	3	
𢎐	3	二&貳	1	二
𢎑	1	戴	1	戴
𢎒	1	矰	1	矰
𢎓	3	弑&煞	1	弑
𢎖	1	戵	3	
𢎗	1	乃	3	
𢎘	0	𢎘	0	𢎘
𢎙	0	𢎙	0	𢎙
𢎚	3	卷&彈	1	彈
𢎛	1	卩	3	
𢎜	1	及	1	及
𢎝	1	彈	1	彈
𢎞	1	弘	1	弘
𢎟	3	彈&節&卩	3	節&卩
𢎠	1	𢑆	1	𢑆
𢎡	1	卩	3	
𢎢	1	引	1	引
𢎣	1	弔	1	弔
𢎤	3	射&引	1	射
𢎥	3	卷&糾	3	卷&糾
𢎦	1	殳	1	殳
𢎧	1	乃	1	乃
𢎨	1	弔	1	弔
𢎩	1	𢎫	1	𢎫
𢎪	2	弘&𢎪	2	弘&𢎪
𢎫	2	彈&𢎫	0	𢎫
𢎬	1	彈	3	
𢎭	0	𢎭	0	𢎭
𢎮	1	氐	3	
𢎯	1	夷	3	
𢎰	1	弙	1	弙
𢎱	1	弔	1	弔
𢎲	1	彈	1	彈
𢎳	1	壯	3	
𢎶	1	氐	1	氐
𢎷	2	𢎷&𢐊	1	𢐊
𢎸	1	弤	1	弤
𢎹	2	夬&𢎹	0	𢎹
𢎺	1	弦	1	弦
𢎻	0	𢎻	0	𢎻
𢎼	1	弢	1	弢
𢎿	1	考	3	
𢏁	1	弤	1	弤
𢏄	1	强	3	
𢏅	0	𢏅	0	𢏅
𢏆	0	𢏆	0	𢏆
𢏇	1	弼	1	弼
𢏈	1	弫	1	弫
𢏉	1	𢑇	1	𢑇
𢏍	1	弗	3	
𢏏	1	彌	3	
𢏒	1	𠂹	1	𠂹
𢏓	3	哂&矧	1	哂
𢏔	1	㝁	1	㝁
𢏕	0	𢏕	0	𢏕
𢏖	1	羿	1	羿
𢏗	1	羿	1	羿
𢏘	1	羿	1	羿
𢏙	0	𢏙	0	𢏙
𢏚	1	疇	1	疇
𢏛	1	弦	3	
𢏝	3	州&王	3	州&王
𢏟	1	强	3	
𢏤	0	𢏤	0	𢏤
𢏥	1	㢨	3	
𢏦	0	𢏦	0	𢏦
𢏧	0	𢏧	0	𢏧
𢏨	1	彆	1	彆
𢏩	1	乃	1	乃
𢏪	0	𢏪	0	𢏪
𢏬	1	脞	1	脞
𢏮	0	𢏮	0	𢏮
𢏯	2	弛&𢏯	0	𢏯
𢏰	0	𢏰	0	𢏰
𢏱	1	弭	1	弭
𢏲	3	弽&韘	1	韘
𢏳	0	𢏳	0	𢏳
𢏴	1	㢻	1	㢻
𢏵	1	㣅	1	㣅
𢏶	1	𢏯	1	𢏯
𢏷	2	弡&𢏷	2	弡&𢏷
𢏸	1	弦	1	弦
𢏺	1	弼	3	
𢏼	3	弽&韘	1	韘
𢏽	1	爲	1	爲
𢏾	3	玈&㢳	1	㢳
𢐀	1	弼	1	弼
𢐁	1	弦	1	弦
𢐂	0	𢐂	0	𢐂
𢐃	0	𢐃	0	𢐃
𢐄	0	𢐄	0	𢐄
𢐅	1	弱	1	弱
𢐆	0	𢐆	0	𢐆
𢐇	3	弽&韘	1	韘
𢐈	1	弼	1	弼
𢐊	0	𢐊	0	𢐊
𢐋	1	弛	1	弛
𢐌	1	餗	1	餗
𢐏	1	弛	1	弛
𢐐	1	弦	3	
𢐒	0	𢐒	0	𢐒
𢐓	1	鏘	1	鏘
𢐔	0	𢐔	0	𢐔
𢐕	1	弨	1	弨
𢐖	1	㣁	1	㣁
𢐙	1	彀	1	彀
𢐚	1	摑	3	
𢐛	1	㣅	3	
𢐝	1	弼	1	弼
𢐞	0	𢐞	0	𢐞
𢐟	0	𢐟	0	𢐟
𢐠	1	𢐲	1	𢐲
𢐡	1	弼	1	弼
𢐤	1	弼	1	弼
𢐥	2	𢐥&𢑄	1	𢑄
𢐦	0	𢐦	0	𢐦
𢐧	1	檠	1	檠
𢐨	3	炒&𩱦	1	𩱦
𢐩	1	膙	1	膙
𢐫	1	粥	3	
𢐬	3	𢐥&𢑄	1	𢑄
𢐭	1	喜	1	喜
𢐮	1	𢐲	3	
𢐯	1	羲	1	羲
𢐱	1	羲	3	
𢐲	0	𢐲	0	𢐲
𢐳	2	㢼&彌&𢐳	2	彌&𢐳
𢐴	1	鳳	1	鳳
𢐶	1	彌	3	
𢐷	2	弶&𢐷	0	𢐷
𢐸	1	玈	1	玈
𢐹	1	饘	1	饘
𢐺	3	炒&𩱦	1	𩱦
𢐻	1	弴	1	弴
𢐼	1	煮	3	
𢐽	1	𦎣	3	
𢐾	0	𢐾	0	𢐾
𢐿	0	𢐿	0	𢐿
𢑀	1	彌	1	彌
𢑁	1	彇	1	彇
𢑂	1	𢑄	1	𢑄
𢑃	3	彌&㣆	1	㣆
𢑄	2	𢐲&𢑄	0	𢑄
𢑅	1	鼎	3	
𢑆	0	𢑆	0	𢑆
𢑇	0	𢑇	0	𢑇
𢑈	2	𢑈&𢑄	1	𢑄
𢑉	3	𢑈&𢑄	1	𢑄
𢑊	2	㣅&𢑊	0	𢑊
𢑋	1	鬵	1	鬵
𢑌	1	羹	1	羹
𢑍	1	鬻	1	鬻
𢑎	1	鬻	3	
𢑏	0	𢑏	3	
𢑐	2	𢑐&當	1	當
𢑑	1	多	1	多
𢑒	1	好	1	好
𢑓	0	𢑓	0	𢑓
𢑔	1	疇	1	疇
𢑕	3	戮&勠	3	戮&勠
𢑖	1	早	1	早
𢑗	3	錄&彔	1	彔
𢑘	1	魅	1	魅
𢑙	1	魅	1	魅
𢑚	1	申	1	申
𢑛	1	魅	1	魅
𢑜	1	疇	1	疇
𢑞	1	㣇	1	㣇
𢑡	1	𧰲	1	𧰲
𢑢	0	𢑢	0	𢑢
𢑣	1	彘	1	彘
𢑤	1	彙	1	彙
𢑥	1	彙	3	
𢑦	2	𢃳&𢑦	1	𢃳
𢑧	1	膝	3	
𢑨	3	肆&㣈	1	肆
𢑩	1	肄	1	肄
𢑪	1	狗	1	狗
𢑫	1	皺	1	皺
𢑭	3	彙&蝟	1	蝟
𢑮	1	飛	3	
𢑯	1	蝟	1	蝟
𢑰	1	多	1	多
𢑱	1	彝	1	彝
𢑲	1	彝	3	
𢑳	1	豬	1	豬
𢑴	1	彝	3	
𢑵	1	翻	1	翻
𢑶	3	𢑻&鏉	1	鏉
𢑷	3	彙&蝟	1	彙
𢑸	1	豪	1	豪
𢑹	1	壺	1	壺
𢑺	1	彙	3	
𢑻	0	𢑻	3	
𢑼	1	𢑢	3	
𢑽	1	那	1	那
𢑾	1	䂍	1	䂍
𢑿	1	囊	1	囊
𢒀	1	𠘱	1	𠘱
𢒁	1	𠘱	1	𠘱
𢒃	1	施	1	施
𢒄	1	工	1	工
𢒈	3	丹&形	1	形
𢒉	2	𢒉&𧴭	2	𢒉&𧴭
𢒊	1	彦	1	彦
𢒌	1	𢁘	1	𢁘
𢒏	1	補	1	補
𢒐	2	漆&𢒐	2	漆&𢒐
𢒑	2	祥&𢒑	1	祥
𢒓	1	𢒔	3	
𢒔	2	豖&𢒔	0	𢒔
𢒕	1	諸	1	諸
𢒖	1	彧	1	彧
𢒗	1	馬	1	馬
𢒙	1	夥	3	
𢒛	1	變	1	變
𢒜	1	彪	1	彪
𢒝	0	𢒝	0	𢒝
𢒞	1	斕	1	斕
𢒟	1	變	1	變
𢒠	1	馬	1	馬
𢒡	3	漆&桼	1	桼
𢒣	1	終	3	
𢒤	1	溷	1	溷
𢒥	1	丩	1	丩
𢒦	1	變	1	變
𢒧	1	馬	1	馬
𢒨	1	軫	3	
𢒩	1	𣯪	1	𣯪
𢒪	1	變	1	變
𢒫	1	尋	1	尋
𢒬	1	影	1	影
𢒭	1	變	1	變
𢒮	1	㣎	1	㣎
𢒯	0	𢒯	0	𢒯
𢒰	3	彧&戫	3	彧&戫
𢒲	0	𢒲	0	𢒲
𢒳	1	樹	1	樹
𢒴	1	禡	1	禡
𢒵	1	彯	1	彯
𢒷	1	䯽	1	䯽
𢒸	1	色	1	色
𢒹	2	彬&𢒹	2	彬&𢒹
𢒽	1	𢒾	1	𢒾
𢒾	0	𢒾	0	𢒾
𢒿	1	犯	1	犯
𢓀	0	𢓀	0	𢓀
𢓂	1	徒	1	徒
𢓃	0	𢓃	0	𢓃
𢓄	0	𢓄	0	𢓄
𢓅	1	從	1	從
𢓆	0	𢓆	0	𢓆
𢓇	1	退	1	退
𢓈	1	徇	1	徇
𢓉	1	返	1	返
𢓊	1	徙	1	徙
𢓋	2	仰&𢓋	2	仰&𢓋
𢓎	1	彽	3	
𢓏	1	𢓒	1	𢓒
𢓐	1	𢒾	1	𢒾
𢓒	0	𢓒	0	𢓒
𢓓	1	作	1	作
𢓔	2	位&𢓔	2	位&𢓔
𢓕	2	冘&𢓕	2	冘&𢓕
𢓖	0	𢓖	0	𢓖
𢓗	0	𢓗	0	𢓗
𢓘	3	佟&攸	3	佟&攸
𢓙	0	𢓙	3	
𢓚	1	𢓡	3	
𢓜	0	𢓜	0	𢓜
𢓝	1	佻	1	佻
𢓞	0	𢓞	0	𢓞
𢓟	0	𢓟	0	𢓟
𢓠	1	侁	1	侁
𢓡	0	𢓡	3	
𢓢	0	𢓢	0	𢓢
𢓣	0	𢓣	0	𢓣
𢓤	1	𩪌	3	
𢓥	1	恍	3	
𢓦	1	禦	3	
𢓨	0	𢓨	0	𢓨
𢓩	1	任	1	任
𢓪	1	俟	1	俟
𢓫	1	侁	1	侁
𢓬	2	俙&𢓬	2	俙&𢓬
𢓭	1	逡	1	逡
𢓮	0	𢓮	0	𢓮
𢓯	2	俇&𢓯	2	俇&𢓯
𢓰	0	𢓰	0	𢓰
𢓱	0	𢓱	0	𢓱
𢓲	1	吾	1	吾
𢓳	0	𢓳	0	𢓳
𢓴	1	退	1	退
𢓵	0	𢓵	0	𢓵
𢓶	1	通	1	通
𢓷	3	御&禦	1	御
𢓸	1	往	1	往
𢓺	1	徙	3	
𢓻	1	𢓙	3	
𢓼	1	很	1	很
𢓽	1	徯	1	徯
𢓾	1	俗	1	俗
𢓿	1	悠	3	
𢔀	1	侵	1	侵
𢔁	0	𢔁	0	𢔁
𢔂	0	𢔂	0	𢔂
𢔃	1	履	1	履
𢔄	1	趠	1	趠
𢔅	0	𢔅	3	
𢔆	0	𢔆	0	𢔆
𢔇	0	𢔇	0	𢔇
𢔈	0	𢔈	0	𢔈
𢔉	1	徑	1	徑
𢔊	0	𢔊	0	𢔊
𢔋	2	倯&𢔋	2	倯&𢔋
𢔌	1	俾	1	俾
𢔍	1	佾	1	佾
𢔎	1	往	1	往
𢔏	1	後	1	後
𢔐	3	𢕊&徇	1	徇
𢔑	0	𢔑	0	𢔑
𢔒	1	倡	3	
𢔕	1	退	1	退
𢔖	1	衡	3	
𢔗	1	徒	3	
𢔘	1	𢔱	1	𢔱
𢔚	1	徬	1	徬
𢔛	1	倖	3	
𢔜	1	修	1	修
𢔝	1	𢔣	1	𢔣
𢔟	2	狃&𢔟	2	狃&𢔟
𢔠	0	𢔠	0	𢔠
𢔡	0	𢔡	0	𢔡
𢔢	0	𢔢	0	𢔢
𢔣	0	𢔣	0	𢔣
𢔤	0	𢔤	0	𢔤
𢔥	0	𢔥	0	𢔥
𢔦	1	徲	1	徲
𢔧	0	𢔧	0	𢔧
𢔨	1	得	1	得
𢔩	2	從&傱&𢔩	2	從&傱&𢔩
𢔪	0	𢔪	0	𢔪
𢔬	1	禦	3	
𢔭	1	徲	1	徲
𢔮	1	狷	3	
𢔱	0	𢔱	0	𢔱
𢔲	0	𢔲	3	
𢔳	0	𢔳	0	𢔳
𢔴	0	𢔴	0	𢔴
𢔵	1	遘	1	遘
𢔶	1	得	1	得
𢔷	1	俇	1	俇
𢔸	1	䟐	1	䟐
𢔹	1	𢕂	3	
𢔺	1	𠍧	3	
𢕁	1	衖	3	
𢕂	0	𢕂	3	
𢕃	1	㣬	1	㣬
𢕄	1	微	3	
𢕇	1	傱	1	傱
𢕈	1	聳	1	聳
𢕊	0	𢕊	3	
𢕋	0	𢕋	0	𢕋
𢕍	2	𢔲&𢕍	0	𢕍
𢕎	0	𢕎	0	𢕎
𢕏	1	蹕	1	蹕
𢕐	1	𨁁	1	𨁁
𢕑	0	𢕑	0	𢕑
𢕒	1	復	1	復
𢕓	0	𢕓	0	𢕓
𢕔	0	𢕔	0	𢕔
𢕕	1	傪	1	傪
𢕖	2	𢕖&躚	1	躚
𢕗	1	徛	1	徛
𢕘	0	𢕘	0	𢕘
𢕙	0	𢕙	0	𢕙
𢕚	0	𢕚	0	𢕚
𢕛	1	復	1	復
𢕜	3	御&禦	1	御
𢕝	1	𢓱	1	𢓱
𢕞	2	德&𢕞	2	德&𢕞
𢕟	1	傲	1	傲
𢕥	1	禦	1	禦
𢕧	1	微	1	微
𢕨	1	𠐈	3	
𢕩	1	傱	3	
𢕪	0	𢕪	0	𢕪
𢕫	0	𢕫	0	𢕫
𢕬	2	趿&馺&𢕬	2	趿&馺&𢕬
𢕭	0	𢕭	0	𢕭
𢕮	0	𢕮	0	𢕮
𢕯	0	𢕯	0	𢕯
𢕰	1	遵	1	遵
𢕱	1	遠	1	遠
𢕵	3	巷&衖	1	巷
𢕶	1	復	1	復
𢕷	1	蛇	1	蛇
𢕹	1	徹	1	徹
𢕺	0	𢕺	0	𢕺
𢕻	0	𢕻	0	𢕻
𢕼	3	還&獧	1	還
𢕽	1	𢕂	3	
𢕾	1	避	1	避
𢖃	1	僕	1	僕
𢖄	0	𢖄	0	𢖄
𢖈	0	𢖈	0	𢖈
𢖉	1	徹	1	徹
𢖊	1	𢓳	1	𢓳
𢖍	1	衡	1	衡
𢖎	2	𢕖&𢖎	0	𢖎
𢖏	0	𢖏	0	𢖏
𢖐	1	儦	1	儦
𢖑	0	𢖑	0	𢖑
𢖒	1	優	1	優
𢖔	1	儤	3	
𢖗	2	竦&𢖗	1	竦
𢖘	1	𧾨	1	𧾨
𢖙	1	䟐	1	䟐
𢖚	3	儤&忁	1	忁
𢖛	1	儵	1	儵
𢖜	1	衝	1	衝
𢖝	0	𢖝	0	𢖝
𢖞	1	儳	1	儳
𢖟	0	𢖟	0	𢖟
𢖡	1	禦	3	
𢖢	1	農	1	農
𢖣	1	僄	1	僄
𢖤	0	𢖤	0	𢖤
𢖥	1	𨇻	1	𨇻
𢖦	0	𢖦	0	𢖦
𢖧	0	𢖧	0	𢖧
𢖨	1	𧲝	3	
𢖩	0	𢖩	0	𢖩
𢖪	1	𢘽	1	𢘽
𢖫	2	忉&𢖫	2	忉&𢖫
𢖬	0	𢖬	0	𢖬
𢖭	1	怨	1	怨
𢖲	1	㤞	1	㤞
𢖳	0	𢖳	0	𢖳
𢖴	3	疙&忥	1	疙
𢖵	0	𢖵	0	𢖵
𢖶	1	恐	1	恐
𢖷	0	𢖷	0	𢖷
𢖸	1	𢞏	1	𢞏
𢖹	1	悄	1	悄
𢖺	0	𢖺	0	𢖺
𢖻	1	愛	1	愛
𢖼	1	忒	3	
𢖽	1	志	1	志
𢖿	1	志	3	
𢗀	1	心	3	
𢗁	1	念	1	念
𢗂	1	忌	3	
𢗃	1	𢖳	1	𢖳
𢗅	1	忙	1	忙
𢗇	2	𢗇&㣿	1	㣿
𢗈	0	𢗈	0	𢗈
𢗉	0	𢗉	0	𢗉
𢗊	2	恝&𢗊	2	恝&𢗊
𢗋	1	憌	1	憌
𢗌	3	怕&帊	1	怕
𢗍	1	志	1	志
𢗎	0	𢗎	0	𢗎
𢗏	1	惎	3	
𢗐	3	忱&宄	1	忱
𢗑	1	忱	1	忱
𢗒	1	𢜗	1	𢜗
𢗓	1	㦛	1	㦛
𢗔	1	愐	1	愐
𢗕	1	怐	1	怐
𢗖	1	恁	3	
𢗗	1	忕	1	忕
𢗘	1	忽	1	忽
𢗙	1	愐	3	
𢗝	1	怟	3	
𢗞	1	弘	3	
𢗠	0	𢗠	3	
𢗡	1	忞	1	忞
𢗣	3	悉&恚	3	悉&恚
𢗦	1	悉	1	悉
𢗧	1	𢗠	3	
𢗬	1	㤉	1	㤉
𢗮	1	忷	1	忷
𢗱	1	志	1	志
𢗲	0	𢗲	0	𢗲
𢗶	1	亙	3	
𢗹	2	忌&𢗹	2	忌&𢗹
𢗺	0	𢗺	0	𢗺
𢗻	1	惎	1	惎
𢗿	0	𢗿	0	𢗿
𢘀	3	帗&㤄	1	㤄
𢘁	1	𢘼	1	𢘼
𢘂	1	怒	1	怒
𢘃	2	侮&𢘃	2	侮&𢘃
𢘄	1	慒	1	慒
𢘅	2	懋&𢘅	0	𢘅
𢘆	2	恆&𢘆	1	恆
𢘇	1	怛	1	怛
𢘈	1	怨	1	怨
𢘉	0	𢘉	0	𢘉
𢘊	0	𢘊	0	𢘊
𢘋	2	忒&𢘋	1	忒
𢘌	0	𢘌	0	𢘌
𢘍	3	弼&怫&髴	3	弼&怫&髴
𢘎	2	𢘎&懦	1	懦
𢘏	2	𢘏&懀	1	懀
𢘐	1	𩜍	1	𩜍
𢘑	3	忠&臣	3	忠&臣
𢘒	1	怩	1	怩
𢘓	1	謀	1	謀
𢘔	1	怨	1	怨
𢘕	3	豫&懋&𢘅	3	豫&懋
𢘙	1	𢤱	3	
𢘚	1	忱	3	
𢘝	1	𢣚	3	
𢘞	1	你	3	
𢘠	1	恐	1	恐
𢘣	3	怕&怠	1	怕
𢘤	1	悉	1	悉
𢘥	1	恃	1	恃
𢘦	1	快	1	快
𢘧	3	𢘎&懦	1	懦
𢘨	1	㤄	1	㤄
𢘪	1	怪	1	怪
𢘳	1	秋	3	
𢘴	1	㤻	1	㤻
𢘵	1	㤻	1	㤻
𢘶	1	㥆	1	㥆
𢘷	3	𢥞&忡&𢝈	3	忡&𢝈
𢘸	0	𢘸	0	𢘸
𢘺	0	𢘺	0	𢘺
𢘻	1	悉	1	悉
𢘼	2	憸&𢘼	1	憸
𢘽	0	𢘽	0	𢘽
𢘾	1	怓	1	怓
𢘿	1	莎	1	莎
𢙀	1	憡	1	憡
𢙁	0	𢙁	0	𢙁
𢙂	2	狷&𢙂	2	狷&𢙂
𢙃	1	恨	1	恨
𢙄	1	恭	1	恭
𢙅	0	𢙅	0	𢙅
𢙆	1	息	1	息
𢙇	0	𢙇	0	𢙇
𢙈	0	𢙈	0	𢙈
𢙉	1	惱	1	惱
𢙊	1	恣	1	恣
𢙋	1	㤒	1	㤒
𢙌	1	狂	1	狂
𢙍	3	𢚊&思&恩&悉	3	思&恩&悉
𢙎	1	慶	1	慶
𢙏	1	愻	3	
𢙐	1	憹	3	
𢙑	1	𢠼	3	
𢙒	1	憢	3	
𢙓	1	懀	3	
𢙖	1	恬	1	恬
𢙚	1	色	3	
𢙛	1	怠	3	
𢙢	1	恐	1	恐
𢙣	1	惡	3	
𢙤	1	惄	3	
𢙦	1	思	1	思
𢙧	1	片	3	
𢙨	1	怪	3	
𢙮	0	𢙮	0	𢙮
𢙰	1	𢛆	1	𢛆
𢙱	0	𢙱	0	𢙱
𢙲	0	𢙲	0	𢙲
𢙳	0	𢙳	0	𢙳
𢙴	1	愛	1	愛
𢙵	3	悋&吝	1	吝
𢙶	2	𢙶&姦	1	姦
𢙷	1	恐	1	恐
𢙸	1	僾	1	僾
𢙹	3	惕&悐	1	悐
𢙺	0	𢙺	0	𢙺
𢙻	1	肅	1	肅
𢙼	1	悻	1	悻
𢙽	1	悔	1	悔
𢙾	0	𢙾	0	𢙾
𢙿	0	𢙿	0	𢙿
𢚀	0	𢚀	0	𢚀
𢚁	0	𢚁	0	𢚁
𢚂	2	挫&𢚂	2	挫&𢚂
𢚃	1	劣	1	劣
𢚄	3	勞&牢&嫪	3	勞&牢
𢚅	2	𢚅&㥹	0	𢚅
𢚆	1	怚	1	怚
𢚇	1	狂	1	狂
𢚈	1	恭	1	恭
𢚉	1	恨	1	恨
𢚊	2	𢚊&悉	1	悉
𢚋	0	𢚋	0	𢚋
𢚌	0	𢚌	0	𢚌
𢚍	1	寂	1	寂
𢚎	0	𢚎	0	𢚎
𢚏	1	情	1	情
𢚐	1	悠	1	悠
𢚑	0	𢚑	0	𢚑
𢚒	1	悆	3	
𢚓	1	愍	3	
𢚔	1	悛	3	
𢚕	1	𢘽	1	𢘽
𢚖	1	悌	3	
𢚗	0	𢚗	0	𢚗
𢚢	1	愍	3	
𢚦	3	悖&誖	1	悖
𢚧	1	𢝊	3	
𢚨	1	志	3	
𢚬	1	怪	1	怪
𢚯	1	𧻺	1	𧻺
𢚰	1	惱	1	惱
𢚱	1	蔥	1	蔥
𢚺	0	𢚺	0	𢚺
𢚻	0	𢚻	0	𢚻
𢚾	0	𢚾	3	
𢚿	1	㤻	1	㤻
𢛀	1	悶	3	
𢛁	2	怛&𢛁	2	怛&𢛁
𢛂	1	悼	1	悼
𢛃	0	𢛃	0	𢛃
𢛄	0	𢛄	0	𢛄
𢛅	1	怙	1	怙
𢛆	0	𢛆	0	𢛆
𢛇	1	讎	1	讎
𢛈	1	惉	1	惉
𢛉	0	𢛉	0	𢛉
𢛊	1	𢛉	1	𢛉
𢛋	1	悁	1	悁
𢛌	1	憁	1	憁
𢛍	0	𢛍	0	𢛍
𢛎	0	𢛎	0	𢛎
𢛏	1	㤴	1	㤴
𢛐	1	惵	1	惵
𢛑	1	怐	1	怐
𢛒	2	忪&𢛒	2	忪&𢛒
𢛓	0	𢛓	0	𢛓
𢛔	0	𢛔	0	𢛔
𢛕	2	悃&𢛕	0	𢛕
𢛖	0	𢛖	0	𢛖
𢛗	1	倦	1	倦
𢛘	0	𢛘	0	𢛘
𢛙	1	𢞏	1	𢞏
𢛚	1	辱	1	辱
𢛛	0	𢛛	0	𢛛
𢛜	0	𢛜	0	𢛜
𢛝	3	𢙶&姦&昌	3	姦&昌
𢛞	0	𢛞	0	𢛞
𢛟	0	𢛟	0	𢛟
𢛠	1	𢜭	1	𢜭
𢛡	1	𢝌	1	𢝌
𢛢	1	恆	1	恆
𢛣	1	滅	1	滅
𢛤	1	悟	1	悟
𢛥	0	𢛥	0	𢛥
𢛦	0	𢛦	0	𢛦
𢛧	1	惟	1	惟
𢛨	0	𢛨	0	𢛨
𢛩	1	悶	1	悶
𢛪	2	𢛪&怨	1	怨
𢛫	1	惡	1	惡
𢛬	1	密	1	密
𢛭	1	愛	1	愛
𢛮	0	𢛮	0	𢛮
𢛯	1	㦎	3	
𢛱	1	愁	3	
𢛲	1	垂	3	
𢛳	3	德&惪	1	德
𢛼	1	諔	3	
𢛽	1	帽	3	
𢜀	1	捷	3	
𢜓	1	㹅	3	
𢜔	1	智	3	
𢜕	1	𢛦	1	𢛦
𢜖	1	惪	1	惪
𢜗	0	𢜗	0	𢜗
𢜘	1	笨	3	
𢜙	1	悴	1	悴
𢜚	1	怰	1	怰
𢜟	1	惘	3	
𢜣	1	惁	1	惁
𢜤	1	愛	1	愛
𢜥	3	勼&𢛃	1	勼
𢜨	1	惵	1	惵
𢜩	2	憾&𢜩	2	憾&𢜩
𢜪	2	惹&𢜪	0	𢜪
𢜫	2	惺&𢜫	1	惺
𢜬	2	度&㤞&𢜬	2	度&㤞&𢜬
𢜭	0	𢜭	0	𢜭
𢜮	0	𢜮	0	𢜮
𢜯	1	謨	1	謨
𢜰	1	㤿	1	㤿
𢜱	0	𢜱	0	𢜱
𢜲	1	怓	1	怓
𢜳	0	𢜳	0	𢜳
𢜴	0	𢜴	0	𢜴
𢜵	2	𢜴&𢜵	1	𢜴
𢜶	0	𢜶	0	𢜶
𢜷	3	𢞤&惄&愵	3	惄&愵
𢜸	0	𢜸	0	𢜸
𢜹	2	慁&𢜹	0	𢜹
𢜺	1	哀	1	哀
𢜻	0	𢜻	0	𢜻
𢜼	1	𢟊	1	𢟊
𢜽	0	𢜽	0	𢜽
𢜾	1	悈	1	悈
𢜿	0	𢜿	0	𢜿
𢝀	0	𢝀	0	𢝀
𢝁	0	𢝁	0	𢝁
𢝂	0	𢝂	0	𢝂
𢝃	1	㛳	1	㛳
𢝄	2	𢝄&𢝅	1	𢝅
𢝅	0	𢝅	0	𢝅
𢝆	0	𢝆	0	𢝆
𢝇	0	𢝇	0	𢝇
𢝈	0	𢝈	0	𢝈
𢝉	0	𢝉	0	𢝉
𢝊	2	憂&𢝊	0	𢝊
𢝋	1	悢	1	悢
𢝌	0	𢝌	0	𢝌
𢝍	0	𢝍	0	𢝍
𢝎	1	恇	1	恇
𢝏	1	惡	1	惡
𢝐	1	愆	1	愆
𢝑	1	慶	1	慶
𢝒	3	㥠&諝	1	諝
𢝓	0	𢝓	0	𢝓
𢝔	1	惻	1	惻
𢝕	1	悉	1	悉
𢝖	1	愖	3	
𢝗	2	整&憖&𢝗	1	整
𢝝	1	懸	1	懸
𢝞	0	𢝞	0	𢝞
𢝟	0	𢝟	0	𢝟
𢝠	1	霿	1	霿
𢝫	1	憙	3	
𢝭	1	恐	1	恐
𢝮	1	憲	1	憲
𢝰	1	總	3	
𢝲	1	愁	1	愁
𢝶	1	煗	3	
𢝹	1	𢞖	1	𢞖
𢝺	1	遁	3	
𢝻	1	惚	1	惚
𢝼	1	惸	3	
𢝽	1	霿	1	霿
𢝾	3	鬼&愮	3	鬼&愮
𢞀	1	煞	3	
𢞇	0	𢞇	0	𢞇
𢞈	1	悁	3	
𢞉	0	𢞉	0	𢞉
𢞊	2	㥛&𢞊	0	𢞊
𢞎	2	憊&𢞎	2	憊&𢞎
𢞏	0	𢞏	0	𢞏
𢞐	0	𢞐	0	𢞐
𢞑	1	惰	1	惰
𢞒	0	𢞒	0	𢞒
𢞓	2	懰&𢞓	1	懰
𢞔	1	愵	1	愵
𢞕	0	𢞕	0	𢞕
𢞖	0	𢞖	0	𢞖
𢞗	0	𢞗	0	𢞗
𢞘	3	憂&𢝊	3	憂&𢝊
𢞙	1	怓	1	怓
𢞚	0	𢞚	0	𢞚
𢞛	1	𠣤	1	𠣤
𢞜	0	𢞜	0	𢞜
𢞝	1	㥶	1	㥶
𢞞	1	𢘺	1	𢘺
𢞟	0	𢞟	0	𢞟
𢞠	0	𢞠	0	𢞠
𢞡	0	𢞡	0	𢞡
𢞢	1	慶	1	慶
𢞣	3	倏&悠&跾	3	倏&跾
𢞤	2	𢞤&惄	1	惄
𢞥	1	𠓭	1	𠓭
𢞦	0	𢞦	0	𢞦
𢞧	1	恂	1	恂
𢞨	3	惠&㥣	1	㥣
𢞩	1	憲	1	憲
𢞪	1	㤮	1	㤮
𢞫	1	惕	1	惕
𢞬	0	𢞬	0	𢞬
𢞭	0	𢞭	0	𢞭
𢞮	2	𢞮&懎	1	懎
𢞯	1	惠	1	惠
𢞰	1	愍	1	愍
𢞱	1	嫉	1	嫉
𢞲	0	𢞲	0	𢞲
𢞳	1	㥛	1	㥛
𢞶	1	㥟	1	㥟
𢞽	1	憖	3	
𢟃	1	恐	1	恐
𢟄	1	恧	1	恧
𢟅	1	悠	1	悠
𢟆	1	㦟	3	
𢟈	1	恐	3	
𢟉	1	嗒	3	
𢟊	0	𢟊	0	𢟊
𢟍	1	歷	3	
𢟒	1	態	3	
𢟜	3	憂&𢝊	1	憂
𢟝	1	慇	1	慇
𢟠	3	𢤬&憤	1	憤
𢟡	1	憊	1	憊
𢟢	0	𢟢	0	𢟢
𢟣	0	𢟣	0	𢟣
𢟤	0	𢟤	0	𢟤
𢟥	1	悖	1	悖
𢟦	2	惃&𢟦	1	惃
𢟧	0	𢟧	0	𢟧
𢟨	0	𢟨	0	𢟨
𢟩	0	𢟩	0	𢟩
𢟪	2	愛&𢟪	0	𢟪
𢟫	1	慏	1	慏
𢟬	1	慰	1	慰
𢟭	0	𢟭	3	
𢟮	1	慲	3	
𢟯	2	慹&𢟯	2	慹&𢟯
𢟰	0	𢟰	0	𢟰
𢟱	0	𢟱	0	𢟱
𢟲	2	辱&𢟲	2	辱&𢟲
𢟳	0	𢟳	0	𢟳
𢟴	0	𢟴	0	𢟴
𢟵	2	悂&𢟵	1	悂
𢟶	1	懅	1	懅
𢟷	3	幡&憣	1	憣
𢟸	1	㦎	1	㦎
𢟹	1	辱	1	辱
𢟺	1	憀	1	憀
𢟻	3	𧹞&赧	1	赧
𢟼	1	儚	1	儚
𢟽	1	慕	1	慕
𢟾	0	𢟾	0	𢟾
𢟿	0	𢟿	0	𢟿
𢠀	1	惪	1	惪
𢠁	1	懎	3	
𢠄	1	悰	3	
𢠊	1	慘	1	慘
𢠔	1	感	3	
𢠛	1	慤	3	
𢠜	3	悖&誖	1	悖
𢠞	1	惠	1	惠
𢠟	1	㥟	1	㥟
𢠠	2	𢟭&𢠠	0	𢠠
𢠡	1	懆	1	懆
𢠢	1	慰	3	
𢠬	0	𢠬	0	𢠬
𢠮	2	㥆&𢠮	0	𢠮
𢠱	1	赧	1	赧
𢠲	0	𢠲	0	𢠲
𢠳	1	憋	1	憋
𢠴	1	憐	1	憐
𢠵	1	惝	1	惝
𢠶	2	𢠶&患	1	患
𢠷	0	𢠷	0	𢠷
𢠸	1	憚	1	憚
𢠹	0	𢠹	0	𢠹
𢠺	0	𢠺	0	𢠺
𢠻	1	㥆	1	㥆
𢠼	0	𢠼	0	𢠼
𢠽	2	𢠽&愓	1	愓
𢠾	1	憩	1	憩
𢠿	0	𢠿	0	𢠿
𢡀	0	𢡀	0	𢡀
𢡁	0	𢡁	0	𢡁
𢡂	0	𢡂	0	𢡂
𢡃	2	億&𢡃	2	億&𢡃
𢡄	1	憯	1	憯
𢡅	2	𢡅&𣚡	0	𢡅
𢡆	1	懇	1	懇
𢡇	0	𢡇	0	𢡇
𢡈	0	𢡈	0	𢡈
𢡉	0	𢡉	0	𢡉
𢡊	1	愆	1	愆
𢡋	1	㤒	1	㤒
𢡌	1	慺	3	
𢡎	0	𢡎	0	𢡎
𢡏	0	𢡏	0	𢡏
𢡐	2	懠&𢡐	1	懠
𢡑	0	𢡑	0	𢡑
𢡒	0	𢡒	0	𢡒
𢡓	3	𢠽&愓	1	愓
𢡔	1	懼	1	懼
𢡕	1	惕	1	惕
𢡖	1	慘	1	慘
𢡗	3	萌&蕄	1	萌
𢡘	1	惠	1	惠
𢡙	3	𢠶&患	1	患
𢡚	1	憯	3	
𢡝	1	憤	3	
𢡟	1	懋	3	
𢡠	3	幟&𢙺	1	𢙺
𢡢	1	惰	1	惰
𢡣	1	隳	3	
𢡤	0	𢡤	0	𢡤
𢡥	1	憫	1	憫
𢡱	1	慤	3	
𢡲	1	聒	3	
𢡳	1	惷	1	惷
𢡴	0	𢡴	0	𢡴
𢡶	1	慹	3	
𢡸	3	眇&𥇇	1	眇
𢡺	1	化	3	
𢡻	1	憫	3	
𢡼	1	懦	1	懦
𢡽	1	惜	1	惜
𢡾	1	眇	1	眇
𢡿	1	憪	1	憪
𢢀	1	憪	3	
𢢃	1	憋	3	
𢢌	0	𢢌	0	𢢌
𢢍	2	慹&𢢍	0	𢢍
𢢐	1	𤢻	3	
𢢑	1	憊	3	
𢢒	0	𢢒	0	𢢒
𢢓	0	𢢓	0	𢢓
𢢔	1	慢	1	慢
𢢕	1	㥢	1	㥢
𢢖	0	𢢖	0	𢢖
𢢗	0	𢢗	0	𢢗
𢢘	2	𢠽&婸&𢢘	2	婸&𢢘
𢢙	1	慄	1	慄
𢢚	1	愒	1	愒
𢢛	1	𢟧	1	𢟧
𢢜	0	𢢜	0	𢢜
𢢝	3	㥞&邃	1	邃
𢢞	0	𢢞	0	𢢞
𢢟	1	𢜪	1	𢜪
𢢠	1	惰	1	惰
𢢡	3	慠&傲	1	傲
𢢢	1	愨	1	愨
𢢣	1	懈	1	懈
𢢤	2	照&𢢤	2	照&𢢤
𢢥	1	惻	1	惻
𢢦	1	轡	1	轡
𢢧	1	讎	1	讎
𢢰	0	𢢰	0	𢢰
𢢱	1	跾	1	跾
𢢶	1	懿	3	
𢢸	1	禍	3	
𢢺	1	懵	3	
𢢻	1	㥽	3	
𢢽	1	懇	1	懇
𢢾	1	資	3	
𢢿	1	慤	3	
𢣉	0	𢣉	0	𢣉
𢣊	0	𢣊	0	𢣊
𢣌	1	惾	3	
𢣍	1	憊	1	憊
𢣎	0	𢣎	0	𢣎
𢣏	0	𢣏	0	𢣏
𢣐	0	𢣐	0	𢣐
𢣑	1	㦚	1	㦚
𢣒	0	𢣒	0	𢣒
𢣓	0	𢣓	0	𢣓
𢣔	0	𢣔	0	𢣔
𢣕	1	懝	1	懝
𢣖	1	惰	1	惰
𢣗	0	𢣗	3	
𢣘	0	𢣘	0	𢣘
𢣙	0	𢣙	0	𢣙
𢣚	0	𢣚	0	𢣚
𢣛	1	慟	1	慟
𢣜	1	㦁	1	㦁
𢣝	2	惰&𢣝	0	𢣝
𢣞	0	𢣞	0	𢣞
𢣟	1	㦛	1	㦛
𢣠	0	𢣠	0	𢣠
𢣡	1	僰	1	僰
𢣢	1	勰	1	勰
𢣣	1	漣	3	
𢣥	1	慚	3	
𢣦	0	𢣦	0	𢣦
𢣲	1	嬲	1	嬲
𢣳	1	橤	3	
𢣶	1	憐	1	憐
𢣻	0	𢣻	0	𢣻
𢣼	0	𢣼	0	𢣼
𢣽	3	懕&厭	1	厭
𢣾	1	摩	1	摩
𢣿	0	𢣿	0	𢣿
𢤀	1	𢝁	1	𢝁
𢤁	0	𢤁	0	𢤁
𢤂	0	𢤂	0	𢤂
𢤃	1	慝	3	
𢤄	2	憽&𢤄	2	憽&𢤄
𢤅	1	懘	1	懘
𢤆	2	㤡&𢤆	2	㤡&𢤆
𢤇	2	㦒&𢤇	0	𢤇
𢤈	1	惇	1	惇
𢤉	3	籌&𢥰	1	𢥰
𢤊	1	惪	1	惪
𢤋	2	𢢰&𢤋	2	𢢰&𢤋
𢤌	1	懖	1	懖
𢤎	0	𢤎	0	𢤎
𢤏	1	噫	1	噫
𢤐	0	𢤐	0	𢤐
𢤑	1	㥶	1	㥶
𢤒	1	患	1	患
𢤓	1	悟	1	悟
𢤕	1	𢤰	1	𢤰
𢤖	0	𢤖	0	𢤖
𢤘	0	𢤘	0	𢤘
𢤙	1	𢢞	1	𢢞
𢤟	1	震	3	
𢤤	2	憧&𢤤	2	憧&𢤤
𢤥	1	懿	3	
𢤦	1	懂	1	懂
𢤧	1	㦝	1	㦝
𢤨	1	𢣙	1	𢣙
𢤩	0	𢤩	0	𢤩
𢤪	1	邃	1	邃
𢤫	0	𢤫	0	𢤫
𢤬	2	𢤬&憤	1	憤
𢤭	1	懍	1	懍
𢤮	1	𢥘	1	𢥘
𢤯	0	𢤯	0	𢤯
𢤰	0	𢤰	0	𢤰
𢤱	0	𢤱	0	𢤱
𢤲	0	𢤲	0	𢤲
𢤳	1	憒	1	憒
𢤴	1	㦚	1	㦚
𢤵	1	惎	1	惎
𢤶	2	愨&𢤶	0	𢤶
𢤿	1	懶	3	
𢥁	1	惠	1	惠
𢥂	0	𢥂	0	𢥂
𢥃	0	𢥃	0	𢥃
𢥄	2	攗&𢥄	0	𢥄
𢥇	3	戰&顫	1	顫
𢥋	0	𢥋	0	𢥋
𢥌	0	𢥌	0	𢥌
𢥍	1	𢤐	1	𢤐
𢥎	1	懠	1	懠
𢥏	0	𢥏	0	𢥏
𢥐	1	𢥄	1	𢥄
𢥑	1	懪	1	懪
𢥒	1	勞	1	勞
𢥓	1	懟	1	懟
𢥕	1	忡	1	忡
𢥗	1	𢟢	1	𢟢
𢥘	0	𢥘	0	𢥘
𢥙	1	𡔀	3	
𢥚	0	𢥚	0	𢥚
𢥛	1	㥶	1	㥶
𢥜	1	㥶	1	㥶
𢥝	1	𢜸	1	𢜸
𢥞	2	𢥞&忡	1	忡
𢥟	1	懪	1	懪
𢥠	0	𢥠	0	𢥠
𢥡	1	慓	1	慓
𢥥	1	㦪	1	㦪
𢥦	1	憝	1	憝
𢥧	1	願	1	願
𢥨	1	戇	1	戇
𢥩	1	轡	1	轡
𢥬	1	憹	3	
𢥯	1	憹	1	憹
𢥰	2	𢥰&𥲅	2	𢥰&𥲅
𢥱	1	慒	1	慒
𢥲	1	憝	1	憝
𢥵	1	𢥠	3	
𢥹	1	戇	3	
𢥻	2	怕&𢥻	1	怕
𢥼	1	懆	1	懆
𢥽	0	𢥽	0	𢥽
𢥾	1	㒩	1	㒩
𢦅	2	戇&𢦅	2	戇&𢦅
𢦈	0	𢦈	0	𢦈
𢦉	2	空&𢦉	2	空&𢦉
𢦎	0	𢦎	0	𢦎
𢦏	2	𢦒&𢦏	0	𢦏
𢦐	1	我	1	我
𢦒	0	𢦒	3	
𢦓	1	我	1	我
𢦔	0	𢦔	0	𢦔
𢦕	3	執&矣	3	執&矣
𢦖	1	我	1	我
𢦗	1	𢦚	3	
𢦘	1	弎	3	
𢦙	1	或	1	或
𢦚	0	𢦚	0	𢦚
𢦛	3	戎&聝	1	聝
𢦜	1	㦰	1	㦰
𢦝	1	㦰	1	㦰
𢦞	1	戩	1	戩
𢦟	2	堪&戡&𢦟	0	𢦟
𢦠	1	我	1	我
𢦡	1	感	1	感
𢦢	1	弟	1	弟
𢦤	1	戕	1	戕
𢦥	1	戒	3	
𢦦	1	戎	1	戎
𢦧	1	矛	1	矛
𢦨	1	勇	1	勇
𢦩	1	成	1	成
𢦪	0	𢦪	0	𢦪
𢦫	1	戚	1	戚
𢦬	1	戒	1	戒
𢦭	1	𤬩	3	
𢦳	1	弑	3	
𢦴	1	我	3	
𢦵	1	矛	1	矛
𢦶	1	戒	1	戒
𢦷	1	𢧴	1	𢧴
𢦸	0	𢦸	0	𢦸
𢦹	1	滅	1	滅
𢦺	0	𢦺	0	𢦺
𢦻	1	𢦚	1	𢦚
𢦾	1	國	3	
𢦿	0	𢦿	0	𢦿
𢧀	0	𢧀	0	𢧀
𢧁	1	歲	1	歲
𢧄	1	戜	3	
𢧅	1	戕	3	
𢧆	1	𢦟	1	𢦟
𢧇	2	𢧇&䴰	0	𢧇
𢧈	1	𢽴	1	𢽴
𢧉	1	斮	1	斮
𢧊	1	棨	1	棨
𢧋	1	蠢	1	蠢
𢧌	2	國&𢧌	2	國&𢧌
𢧍	1	歲	1	歲
𢧐	1	戰	1	戰
𢧑	0	𢧑	0	𢧑
𢧒	2	𢦟&𢧒	1	𢦟
𢧔	1	蠢	1	蠢
𢧕	3	盾&瞂	1	瞂
𢧖	0	𢧖	0	𢧖
𢧘	2	禍&鍋&𢧘	2	鍋&𢧘
𢧜	2	𡙮&𢧜	1	𡙮
𢧞	1	滅	3	
𢧟	1	矛	1	矛
𢧠	2	戢&𢧠	0	𢧠
𢧡	1	歲	3	
𢧢	1	戟	1	戟
𢧤	1	𡙮	1	𡙮
𢧥	0	𢧥	0	𢧥
𢧦	0	𢧦	0	𢧦
𢧧	0	𢧧	0	𢧧
𢧨	1	蠢	1	蠢
𢧩	2	鬼&𢧩	2	鬼&𢧩
𢧬	1	蠢	1	蠢
𢧭	1	蠢	1	蠢
𢧯	1	戚	3	
𢧰	1	國	1	國
𢧳	0	𢧳	0	𢧳
𢧴	0	𢧴	0	𢧴
𢧵	2	𢧵&截	1	截
𢧶	1	呼	1	呼
𢧷	1	摑	1	摑
𢧸	1	蠢	1	蠢
𢧹	1	穢	1	穢
𢧺	1	寁	1	寁
𢧼	1	穢	3	
𢧾	1	熾	1	熾
𢧿	1	藏	1	藏
𢨀	1	埴	1	埴
𢨂	1	武	3	
𢨇	1	戴	1	戴
𢨈	1	斮	1	斮
𢨉	1	矰	1	矰
𢨊	1	域	1	域
𢨋	3	悖&誖	3	悖&誖
𢨌	3	獝&𥎕	1	獝
𢨍	1	韶	1	韶
𢨎	1	蠢	1	蠢
𢨏	1	較	3	
𢨐	1	戢	1	戢
𢨑	1	臧	1	臧
𢨒	0	𢨒	0	𢨒
𢨓	1	弑	1	弑
𢨔	0	𢨔	0	𢨔
𢨖	1	滅	3	
𢨗	1	賊	3	
𢨙	1	熾	1	熾
𢨚	1	戴	1	戴
𢨛	3	㱆&𣤴	1	㱆
𢨝	1	識	3	
𢨞	1	識	1	識
𢨟	0	𢨟	0	𢨟
𢨡	2	𧒎&𢨡	0	𢨡
𢨢	1	蠢	3	
𢨣	1	蠢	1	蠢
𢨤	1	厄	1	厄
𢨥	2	戶&𢨥	1	戶
𢨦	2	戽&𢨦	2	戽&𢨦
𢨧	1	𢩞	3	
𢨨	0	𢨨	3	
𢨩	1	厄	1	厄
𢨪	1	戺	1	戺
𢨫	1	𢨸	3	
𢨯	0	𢨯	0	𢨯
𢨲	1	房	1	房
𢨴	1	扅	1	扅
𢨶	1	㞐	3	
𢨷	2	𢨷&所	1	所
𢨸	2	𢨸&𨳳	1	𨳳
𢨹	1	扅	1	扅
𢨺	0	𢨺	0	𢨺
𢨾	1	戾	1	戾
𢨿	1	肩	3	
𢩁	3	局&扃	1	局
𢩂	1	𢨨	3	
𢩃	1	釉	1	釉
𢩄	0	𢩄	0	𢩄
𢩅	1	𢩘	1	𢩘
𢩆	1	䦘	1	䦘
𢩇	3	𢨷&所	1	所
𢩈	0	𢩈	0	𢩈
𢩋	2	厒&𢩋	0	𢩋
𢩌	1	肩	3	
𢩍	1	辜	1	辜
𢩑	0	𢩑	0	𢩑
𢩒	0	𢩒	0	𢩒
𢩓	0	𢩓	0	𢩓
𢩕	0	𢩕	0	𢩕
𢩖	0	𢩖	0	𢩖
𢩘	0	𢩘	0	𢩘
𢩙	2	𢩙&靈	1	靈
𢩚	1	嗣	3	
𢩝	3	𢩙&靈	1	靈
𢩞	0	𢩞	3	
𢩠	0	𢩠	0	𢩠
𢩢	0	𢩢	0	𢩢
𢩥	1	失	1	失
𢩦	2	丮&𢩦	2	丮&𢩦
𢩨	3	巧&朽	3	巧&朽
𢩩	1	扠	1	扠
𢩫	2	處&𢩫&扟	2	𢩫&扟
𢩬	0	𢩬	0	𢩬
𢩭	3	村&刌	1	刌
𢩮	1	拭	1	拭
𢩰	0	𢩰	0	𢩰
𢩱	2	豺&𢩱&𢪋	2	𢩱&𢪋
𢩲	2	扟&𢩲	2	扟&𢩲
𢩳	1	擅	3	
𢩴	0	𢩴	0	𢩴
𢩵	1	把	3	
𢩷	3	托&頓	3	托&頓
𢩾	1	執	3	
𢩿	1	壯	1	壯
𢪁	1	扤	3	
𢪂	2	扶&𢪂	0	𢪂
𢪃	0	𢪃	0	𢪃
𢪄	1	捽	1	捽
𢪅	1	扴	1	扴
𢪆	1	扮	1	扮
𢪇	2	將&𢪇	0	𢪇
𢪈	0	𢪈	0	𢪈
𢪉	1	引	1	引
𢪊	2	技&𢪊&攴	2	技&𢪊&攴
𢪋	2	捧&𢪋&捀	0	𢪋
𢪌	1	忪	1	忪
𢪍	0	𢪍	0	𢪍
𢪎	0	𢪎	0	𢪎
𢪏	1	抇	1	抇
𢪐	1	承	1	承
𢪑	3	撫&摡	3	撫&摡
𢪒	3	廾&拲	1	廾
𢪓	3	舉&舁	1	舁
𢪔	1	抵	1	抵
𢪕	2	𢪕&𢭄	2	𢪕&𢭄
𢪖	1	抆	1	抆
𢪗	1	撲	1	撲
𢪙	1	拜	1	拜
𢪛	3	牧&抆	1	抆
𢪦	1	𢫷	3	
𢪨	1	抌	1	抌
𢪩	1	投	3	
𢪫	1	𢪇	1	𢪇
𢪮	1	𢪋	3	
𢪰	1	扚	1	扚
𢪱	1	物	1	物
𢪴	1	拚	1	拚
𢪵	1	揟	1	揟
𢪶	1	枵	1	枵
𢪷	2	相&𢪷	2	相&𢪷
𢪸	2	𢯲&腕&捥&𢪸	2	腕&捥&𢪸
𢪹	1	㧊	3	
𢪺	1	拔	1	拔
𢪻	1	承	1	承
𢪼	2	撓&𢪼	0	𢪼
𢪽	1	將	1	將
𢪾	0	𢪾	0	𢪾
𢪿	1	辜	1	辜
𢫀	1	牽	1	牽
𢫂	1	㧊	1	㧊
𢫆	1	捽	3	
𢫈	1	枯	1	枯
𢫉	1	夯	1	夯
𢫊	1	𢷮	3	
𢫌	3	拖&扡	1	拖
𢫎	1	挹	3	
𢫑	1	抍	3	
𢫒	1	拯	3	
𢫘	1	攎	3	
𢫝	1	柊	3	
𢫞	1	𢶫	3	
𢫢	0	𢫢	0	𢫢
𢫤	1	𢪼	1	𢪼
𢫥	1	遷	1	遷
𢫦	1	拍	1	拍
𢫧	2	搊&𢫧	2	搊&𢫧
𢫨	2	扔&𢫨	2	扔&𢫨
𢫩	1	薅	1	薅
𢫪	1	腕	1	腕
𢫫	0	𢫫	0	𢫫
𢫬	0	𢫬	0	𢫬
𢫭	0	𢫭	0	𢫭
𢫮	1	揯	1	揯
𢫯	0	𢫯	0	𢫯
𢫰	2	𢫰&搩	0	𢫰
𢫱	1	𢯼	1	𢯼
𢫲	0	𢫲	0	𢫲
𢫳	2	拓&拆&𢫳	1	拓
𢫴	0	𢫴	0	𢫴
𢫵	0	𢫵	0	𢫵
𢫶	1	拜	1	拜
𢫷	0	𢫷	0	𢫷
𢫸	3	捂&杇	3	捂&杇
𢫹	1	投	1	投
𢫺	2	𢮞&𢫺	0	𢫺
𢫻	0	𢫻	0	𢫻
𢫼	1	搔	1	搔
𢫽	1	抑	1	抑
𢫾	1	指	1	指
𢫿	0	𢫿	0	𢫿
𢬀	0	𢬀	0	𢬀
𢬁	1	挩	1	挩
𢬃	3	𢑏&抑	1	抑
𢬆	1	搊	1	搊
𢬈	1	關	3	
𢬌	1	拔	3	
𢬍	1	擪	3	
𢬎	1	揯	1	揯
𢬐	1	拋	3	
𢬑	1	柵	3	
𢬒	1	拫	3	
𢬘	3	抱&挽	1	抱
𢬜	1	旅	3	
𢬞	1	搊	1	搊
𢬟	1	搊	3	
𢬡	1	𢭁	1	𢭁
𢬤	1	匡	3	
𢬩	1	栰	3	
𢬪	2	捽&𢬪	1	捽
𢬫	0	𢬫	0	𢬫
𢬬	0	𢬬	0	𢬬
𢬯	1	𢫷	1	𢫷
𢬰	1	挲	1	挲
𢬱	2	抾&𢬱	1	抾
𢬲	2	荷&𢬲	1	荷
𢬳	0	𢬳	0	𢬳
𢬴	0	𢬴	0	𢬴
𢬵	2	拌&拼&翻&𢬵	2	拌&拼&翻&𢬵
𢬶	0	𢬶	0	𢬶
𢬷	0	𢬷	0	𢬷
𢬸	1	括	1	括
𢬹	1	挑	1	挑
𢬺	1	薅	1	薅
𢬻	1	㘝	1	㘝
𢬼	2	𢬼&㨡	2	𢬼&㨡
𢬽	1	捭	1	捭
𢬾	1	抪	1	抪
𢬿	0	𢬿	0	𢬿
𢭀	3	旋&𢳄	1	旋
𢭁	2	𢭁&㨙	0	𢭁
𢭂	0	𢭂	0	𢭂
𢭃	2	短&𢭃	2	短&𢭃
𢭄	2	𢭄&梞	0	𢭄
𢭅	0	𢭅	0	𢭅
𢭆	2	㩅&抽&𢭆	2	抽&𢭆
𢭇	1	摠	1	摠
𢭈	2	扛&𢭈	2	扛&𢭈
𢭉	1	插	3	
𢭊	1	搖	1	搖
𢭋	1	挈	1	挈
𢭌	1	搖	1	搖
𢭍	3	揣&搏	1	揣
𢭎	0	𢭎	0	𢭎
𢭏	1	搗	3	
𢭒	3	搔&𢫺	1	搔
𢭗	3	攘&根	1	攘
𢭝	1	揔	3	
𢭞	1	梣	3	
𢭤	1	㧬	1	㧬
𢭨	1	㧚	1	㧚
𢭩	1	撞	3	
𢭪	1	挽	3	
𢮁	0	𢮁	0	𢮁
𢮂	2	㡉&𢮂	0	𢮂
𢮃	0	𢮃	0	𢮃
𢮄	0	𢮄	0	𢮄
𢮅	0	𢮅	3	
𢮆	1	捭	1	捭
𢮇	0	𢮇	0	𢮇
𢮈	3	扮&𢚅	1	扮
𢮉	0	𢮉	0	𢮉
𢮊	2	扎&𢮊	2	扎&𢮊
𢮋	1	拯	1	拯
𢮌	2	拮&𢮌	2	拮&𢮌
𢮍	0	𢮍	0	𢮍
𢮎	2	摑&搋&𢮎	2	摑&搋&𢮎
𢮏	2	𢮏&䎧	1	䎧
𢮐	0	𢮐	0	𢮐
𢮑	1	摝	1	摝
𢮒	2	搥&𢮒	1	搥
𢮓	1	掣	1	掣
𢮔	1	搒	1	搒
𢮕	1	揲	1	揲
𢮖	1	捆	1	捆
𢮗	3	𢯲&腕	1	腕
𢮘	3	腕&捥	1	腕
𢮙	1	拳	1	拳
𢮚	0	𢮚	0	𢮚
𢮜	1	掑	1	掑
𢮝	2	拏&𢮝	1	拏
𢮞	2	𢮞&搔	1	搔
𢮟	3	舝&𤛉	1	舝
𢮠	1	拜	1	拜
𢮡	2	㮆&櫱&𢮡	2	櫱&𢮡
𢮢	1	搊	1	搊
𢮣	1	亂	1	亂
𢮤	1	把	1	把
𢮥	1	摻	3	
𢮧	3	𢮅&畀	1	畀
𢮨	2	摶&𢮨	2	摶&𢮨
𢮮	1	抑	1	抑
𢮵	1	猖	3	
𢮿	1	插	3	
𢯂	1	挽	3	
𢯆	1	棧	3	
𢯇	1	揖	3	
𢯈	2	挴&𢯈	0	𢯈
𢯉	3	換&㨙	1	換
𢯌	3	掰&㧳	3	掰&㧳
𢯍	1	揣	1	揣
𢯤	1	㭿	3	
𢯦	1	倈	3	
𢯩	0	𢯩	0	𢯩
𢯪	3	坼&拆	1	拆
𢯫	0	𢯫	0	𢯫
𢯬	1	挭	1	挭
𢯭	1	𣕂	1	𣕂
𢯮	0	𢯮	0	𢯮
𢯯	1	搋	1	搋
𢯰	0	𢯰	0	𢯰
𢯱	1	搜	1	搜
𢯲	2	𢯲&腕	1	腕
𢯳	2	𢯳&㿱	2	𢯳&㿱
𢯴	0	𢯴	0	𢯴
𢯵	2	𢯵&𥄗	2	𢯵&𥄗
𢯶	0	𢯶	0	𢯶
𢯷	2	揮&𢯷	0	𢯷
𢯸	2	撥&癹&𢯸	2	撥&癹&𢯸
𢯹	0	𢯹	0	𢯹
𢯺	0	𢯺	0	𢯺
𢯻	2	抁&𢯻	1	抁
𢯼	0	𢯼	0	𢯼
𢯽	0	𢯽	0	𢯽
𢯾	0	𢯾	0	𢯾
𢯿	1	菢	1	菢
𢰀	1	㩶	1	㩶
𢰁	1	摶	1	摶
𢰂	2	𢰂&摕	1	摕
𢰃	3	拗&𢱇	1	𢱇
𢰄	1	揮	1	揮
𢰅	1	撰	1	撰
𢰆	0	𢰆	0	𢰆
𢰇	2	挨&𢰇	2	挨&𢰇
𢰈	1	旅	1	旅
𢰉	3	抁&𢯻	1	𢯻
𢰊	0	𢰊	0	𢰊
𢰋	2	摶&𢰋	1	摶
𢰌	3	扛&𢭈&𢱫	3	扛&𢭈&𢱫
𢰍	0	𢰍	0	𢰍
𢰎	1	搆	1	搆
𢰏	1	挬	1	挬
𢰐	1	㧹	1	㧹
𢰑	1	摐	1	摐
𢰒	1	𢱣	1	𢱣
𢰓	1	挪	1	挪
𢰔	1	插	1	插
𢰕	1	遷	1	遷
𢰖	2	拉&𢰖	1	拉
𢰗	1	挃	1	挃
𢰘	2	椑&𢰘	0	𢰘
𢰙	0	𢰙	0	𢰙
𢰚	1	揣	1	揣
𢰛	1	拜	1	拜
𢰜	2	𢰜&橠	0	𢰜
𢰟	1	揳	3	
𢰤	1	掎	3	
𢰦	1	椿	3	
𢰨	1	揯	1	揯
𢰳	1	㨎	3	
𢰸	1	撾	3	
𢱀	1	揫	1	揫
𢱂	3	㮆&𢮡	1	𢮡
𢱃	1	犐	1	犐
𢱅	1	捷	1	捷
𢱇	2	拗&𢱇	0	𢱇
𢱈	1	𢯫	1	𢯫
𢱊	1	掠	1	掠
𢱍	1	挽	3	
𢱎	3	拜&擺	1	擺
𢱑	3	挖&搲	1	搲
𢱖	1	模	3	
𢱟	0	𢱟	0	𢱟
𢱠	3	𢷜&竦	1	竦
𢱡	0	𢱡	0	𢱡
𢱢	0	𢱢	0	𢱢
𢱣	0	𢱣	0	𢱣
𢱤	2	𢱤&㩳	2	𢱤&㩳
𢱥	3	掃&𢬶	1	掃
𢱦	2	剔&擿&𢱦	2	剔&擿&𢱦
𢱧	1	批	1	批
𢱨	0	𢱨	0	𢱨
𢱩	1	㩋	1	㩋
𢱪	1	撟	1	撟
𢱫	2	扛&掆&𢱫	1	掆
𢱬	0	𢱬	0	𢱬
𢱮	0	𢱮	0	𢱮
𢱯	1	攬	1	攬
𢱰	1	拚	1	拚
𢱱	1	揎	1	揎
𢱲	3	拜&舁	1	舁
𢱳	1	揮	1	揮
𢱴	2	擖&𢱴	2	擖&𢱴
𢱶	0	𢱶	0	𢱶
𢱷	0	𢱷	0	𢱷
𢱸	1	搥	1	搥
𢱹	1	拋	1	拋
𢱺	2	絕&𢱺&㿱	2	絕&𢱺&㿱
𢱻	1	搜	1	搜
𢱼	1	揖	1	揖
𢱾	0	𢱾	0	𢱾
𢱿	1	扶	1	扶
𢲀	0	𢲀	0	𢲀
𢲅	1	掩	1	掩
𢲉	1	摖	1	摖
𢲎	1	搬	3	
𢲕	1	揆	1	揆
𢲖	1	挫	1	挫
𢲗	1	標	3	
𢲘	1	探	1	探
𢲙	3	𣟴&閂	1	閂
𢲞	1	挈	3	
𢲡	1	揜	3	
𢲩	0	𢲩	3	
𢲫	1	攝	3	
𢲰	2	掤&𢲰	0	𢲰
𢲲	1	榔	3	
𢲳	3	撒&撚	1	撚
𢲴	0	𢲴	0	𢲴
𢲵	0	𢲵	0	𢲵
𢲶	0	𢲶	0	𢲶
𢲷	1	㑃	1	㑃
𢲸	2	擄&𢲸	0	𢲸
𢲹	1	笞	1	笞
𢲺	1	㩶	1	㩶
𢲻	1	撮	1	撮
𢲼	0	𢲼	0	𢲼
𢲽	1	搋	1	搋
𢲾	0	𢲾	0	𢲾
𢲿	1	篫	1	篫
𢳀	1	摩	1	摩
𢳁	0	𢳁	0	𢳁
𢳂	0	𢳂	0	𢳂
𢳃	1	𢷍	1	𢷍
𢳄	2	縼&𢳄	2	縼&𢳄
𢳅	1	掣	1	掣
𢳆	2	摮&𢳆	2	摮&𢳆
𢳇	2	𢳇&𢳈	2	𢳇&𢳈
𢳈	0	𢳈	0	𢳈
𢳉	1	拘	1	拘
𢳊	1	摰	3	
𢳋	0	𢳋	0	𢳋
𢳍	2	𢳍&扦	1	扦
𢳎	1	拜	1	拜
𢳏	1	㨨	3	
𢳐	1	掣	1	掣
𢳑	0	𢳑	0	𢳑
𢳒	1	搣	1	搣
𢳓	0	𢳓	0	𢳓
𢳔	1	摍	1	摍
𢳕	1	𢱣	1	𢱣
𢳖	1	揯	1	揯
𢳗	1	磔	3	
𢳘	1	搖	1	搖
𢳙	0	𢳙	0	𢳙
𢳚	0	𢳚	0	𢳚
𢳛	1	摣	3	
𢳜	1	褷	3	
𢳟	1	捅	1	捅
𢳡	3	塓&㨠	1	㨠
𢳢	1	攬	1	攬
𢳫	1	擢	3	
𢳿	1	捷	3	
𢴀	1	摍	1	摍
𢴁	1	醭	3	
𢴃	1	據	3	
𢴄	1	搨	3	
𢴅	1	薅	3	
𢴇	1	槸	3	
𢴑	1	䊝	3	
𢴕	1	擰	3	
𢴠	1	𢴧	1	𢴧
𢴡	3	牽&掔&摼	1	牽
𢴢	2	㩌&𢴢	2	㩌&𢴢
𢴣	1	增	1	增
𢴤	1	撐	1	撐
𢴥	1	㨹	1	㨹
𢴦	1	扛	1	扛
𢴧	0	𢴧	0	𢴧
𢴨	2	摘&揓&𢴨	2	摘&揓&𢴨
𢴩	0	𢴩	0	𢴩
𢴪	0	𢴪	0	𢴪
𢴫	1	擸	1	擸
𢴬	0	𢴬	0	𢴬
𢴭	1	絕	1	絕
𢴮	0	𢴮	0	𢴮
𢴰	0	𢴰	0	𢴰
𢴱	1	摞	1	摞
𢴲	0	𢴲	0	𢴲
𢴳	0	𢴳	0	𢴳
𢴴	1	挒	1	挒
𢴵	1	掞	1	掞
𢴶	1	𢸣	1	𢸣
𢴷	1	摯	1	摯
𢴸	1	摰	1	摰
𢴹	1	捶	1	捶
𢴺	3	掘&撅	1	撅
𢴻	1	撒	1	撒
𢴼	2	搜&𢴼	0	𢴼
𢴽	1	拜	1	拜
𢴾	0	𢴾	0	𢴾
𢴿	1	掉	1	掉
𢵀	1	㨚	1	㨚
𢵁	1	掤	1	掤
𢵂	1	捷	3	
𢵃	3	揔&摠	1	摠
𢵄	1	措	1	措
𢵅	1	摫	3	
𢵇	1	樣	3	
𢵈	0	𢵈	0	𢵈
𢵍	1	磔	1	磔
𢵎	1	㨾	1	㨾
𢵏	1	揃	1	揃
𢵗	1	掬	3	
𢵙	1	㯣	3	
𢵡	1	撳	3	
𢵣	1	𠜲	3	
𢵤	1	㩎	3	
𢵦	1	揣	1	揣
𢵧	1	撊	3	
𢵫	1	撙	3	
𢵾	1	搖	3	
𢵿	1	撽	1	撽
𢶀	0	𢶀	0	𢶀
𢶁	1	撢	1	撢
𢶂	1	𢯮	1	𢯮
𢶃	0	𢶃	0	𢶃
𢶄	2	摫&𢶄	1	摫
𢶅	1	揲	1	揲
𢶆	1	揭	1	揭
𢶇	1	橩	1	橩
𢶈	3	搗&擣	1	擣
𢶉	0	𢶉	0	𢶉
𢶊	1	搴	3	
𢶋	0	𢶋	0	𢶋
𢶌	2	挲&𢶌	2	挲&𢶌
𢶍	0	𢶍	0	𢶍
𢶎	1	摦	1	摦
𢶏	1	摽	1	摽
𢶐	1	𢹍	1	𢹍
𢶑	1	𢸣	1	𢸣
𢶒	0	𢶒	0	𢶒
𢶓	1	𢶀	1	𢶀
𢶔	1	摱	1	摱
𢶕	1	揃	1	揃
𢶖	1	揄	1	揄
𢶗	1	摮	1	摮
𢶘	1	擓	1	擓
𢶙	0	𢶙	0	𢶙
𢶚	2	憑&𢶚	0	𢶚
𢶛	1	搎	1	搎
𢶜	1	擁	1	擁
𢶝	1	捷	1	捷
𢶞	1	殺	3	
𢶦	1	䉞	1	䉞
𢶫	0	𢶫	3	
𢶰	1	㧾	3	
𢶲	1	愁	3	
𢶳	1	拚	3	
𢶵	1	掘	1	掘
𢷃	0	𢷃	3	
𢷄	1	搣	1	搣
𢷇	1	搶	1	搶
𢷈	1	窟	1	窟
𢷊	1	隧	3	
𢷋	2	摽&𢷋&檦	2	摽&𢷋
𢷌	3	托&拓	1	托
𢷍	0	𢷍	0	𢷍
𢷎	1	拜	1	拜
𢷏	1	撲	1	撲
𢷐	1	疐	1	疐
𢷑	1	抮	1	抮
𢷒	1	揭	1	揭
𢷓	1	捇	1	捇
𢷔	0	𢷔	0	𢷔
𢷕	0	𢷕	0	𢷕
𢷖	0	𢷖	0	𢷖
𢷗	0	𢷗	0	𢷗
𢷘	1	搴	1	搴
𢷙	1	箜	1	箜
𢷚	1	𢷶	1	𢷶
𢷛	1	據	1	據
𢷜	2	𢷜&竦	1	竦
𢷝	3	揔&摠	1	摠
𢷣	1	㒜	3	
𢷤	1	擯	1	擯
𢷥	1	𡊄	1	𡊄
𢷬	1	搗	3	
𢷭	1	𢸣	1	𢸣
𢷮	0	𢷮	3	
𢷴	1	堰	3	
𢷶	2	摎&𢷶	0	𢷶
𢷷	1	擆	1	擆
𢷸	0	𢷸	0	𢷸
𢷹	0	𢷹	0	𢷹
𢷺	0	𢷺	0	𢷺
𢷻	0	𢷻	0	𢷻
𢷼	1	搓	1	搓
𢷽	1	摡	1	摡
𢷾	2	摵&𥰡&𢷾	2	摵&𥰡&𢷾
𢷿	3	截&𢪍	1	𢪍
𢸀	0	𢸀	0	𢸀
𢸁	0	𢸁	0	𢸁
𢸂	1	摽	1	摽
𢸃	1	擐	1	擐
𢸄	1	揃	1	揃
𢸅	3	𠬜&攀	1	攀
𢸆	1	摹	1	摹
𢸇	1	擺	1	擺
𢸈	1	摘	1	摘
𢸉	1	摣	1	摣
𢸌	1	幫	3	
𢸙	0	𢸙	3	
𢸣	0	𢸣	0	𢸣
𢸤	1	𢹍	1	𢹍
𢸥	0	𢸥	0	𢸥
𢸦	3	遺&㨊	1	㨊
𢸧	0	𢸧	0	𢸧
𢸨	3	托&託	1	托
𢸩	1	搸	1	搸
𢸪	1	搔	1	搔
𢸫	0	𢸫	0	𢸫
𢸬	1	壞	1	壞
𢸭	0	𢸭	0	𢸭
𢸮	1	撫	1	撫
𢸯	1	𢳍	3	
𢸰	1	搢	1	搢
𢸱	1	𢸧	1	𢸧
𢸲	1	櫺	1	櫺
𢸳	1	㩋	1	㩋
𢸴	0	𢸴	0	𢸴
𢹂	1	攜	1	攜
𢹄	1	拜	1	拜
𢹍	0	𢹍	0	𢹍
𢹎	1	擾	3	
𢹏	0	𢹏	0	𢹏
𢹐	1	擘	1	擘
𢹑	3	幀&𧯫	3	幀&𧯫
𢹓	3	搋&扠	1	扠
𢹔	3	拚&𡊄	1	𡊄
𢹕	1	挸	1	挸
𢹖	1	摑	1	摑
𢹗	1	撻	1	撻
𢹘	0	𢹘	0	𢹘
𢹙	0	𢹙	0	𢹙
𢹚	0	𢹚	0	𢹚
𢹝	0	𢹝	0	𢹝
𢹞	1	𣟴	3	
𢹟	1	㩩	1	㩩
𢹥	1	擪	3	
𢹬	1	擁	1	擁
𢹭	1	擁	1	擁
𢹮	2	擂&𢹮	2	擂&𢹮
𢹯	1	㩧	1	㩧
𢹰	1	摽	1	摽
𢹱	1	㩋	1	㩋
𢹲	2	𢹲&捃	1	捃
𢹳	0	𢹳	0	𢹳
𢹴	1	𢷖	1	𢷖
𢹵	1	拶	1	拶
𢺂	1	撻	1	撻
𢺃	1	挸	1	挸
𢺄	0	𢺄	0	𢺄
𢺅	2	撿&𢺅&𣠺	1	𣠺
𢺆	0	𢺆	0	𢺆
𢺇	2	擽&𢺇	2	擽&𢺇
𢺈	0	𢺈	0	𢺈
𢺉	2	撻&𢺉	0	𢺉
𢺊	1	㩶	1	㩶
𢺋	3	擹&攤	1	攤
𢺌	1	撫	1	撫
𢺏	1	襻	3	
𢺑	0	𢺑	0	𢺑
𢺕	1	擾	1	擾
𢺖	1	攘	1	攘
𢺗	1	攧	3	
𢺞	1	把	1	把
𢺟	0	𢺟	0	𢺟
𢺠	1	擁	1	擁
𢺡	0	𢺡	0	𢺡
𢺢	1	擂	1	擂
𢺣	1	㩶	3	
𢺥	0	𢺥	3	
𢺦	1	搴	1	搴
𢺬	1	撢	1	撢
𢺯	1	彎	3	
𢺰	2	拎&𢺰	2	拎&𢺰
𢺱	1	攛	1	攛
𢺳	0	𢺳	3	
𢺴	2	捥&𢺴	2	捥&𢺴
𢺵	2	歧&𢺵	2	歧&𢺵
𢺶	1	支	1	支
𢺷	3	㩽&𢼆	3	㩽&𢼆
𢺻	1	扶	1	扶
𢺾	1	𢼕	1	𢼕
𢻁	1	奂	3	
𢻂	0	𢻂	0	𢻂
𢻃	2	豉&𢻃	1	豉
𢻄	3	𡲞&辜	1	辜
𢻈	1	㩼	1	㩼
𢻊	1	敔	1	敔
𢻌	1	𨙸	3	
𢻍	1	教	1	教
𢻎	1	散	1	散
𢻏	1	𢻚	1	𢻚
𢻒	1	摚	3	
𢻓	1	𢾊	3	
𢻔	0	𢻔	0	𢻔
𢻕	3	𢾑&𢾚	1	𢾚
𢻗	1	敮	1	敮
𢻘	1	食	1	食
𢻚	0	𢻚	0	𢻚
𢻛	1	魯	1	魯
𢻝	1	變	1	變
𢻞	3	𢻦&散	1	散
𢻠	0	𢻠	0	𢻠
𢻥	3	𢿾&操	1	操
𢻦	2	𢻦&散	1	散
𢻧	2	斀&𢻧	1	斀
𢻩	1	施	1	施
𢻪	3	攲&㩻	1	攲
𢻫	0	𢻫	3	
𢻬	2	撫&𢻬	0	𢻬
𢻭	3	㩧&𣀠	1	𣀠
𢻮	0	𢻮	0	𢻮
𢻯	3	孝&學	1	學
𢻰	1	攺	3	
𢻱	2	𢻫&𢻱	0	𢻱
𢻲	1	𢻬	1	𢻬
𢻳	1	扶	1	扶
𢻴	3	頓&扽	1	扽
𢻵	2	㩽&𢼆&𢻵	2	㩽&𢼆&𢻵
𢻶	0	𢻶	0	𢻶
𢻷	2	攺&𢻮&𢻷	2	攺&𢻮&𢻷
𢻸	1	㽦	3	
𢻹	0	𢻹	0	𢻹
𢻺	3	弼&攸	1	攸
𢻻	1	啟	1	啟
𢻼	1	抌	3	
𢻽	1	𢼕	1	𢼕
𢻾	3	㪔&𢽳	1	𢽳
𢼃	1	敂	3	
𢼄	1	啟	3	
𢼅	1	教	1	教
𢼆	0	𢼆	0	𢼆
𢼇	0	𢼇	0	𢼇
𢼈	0	𢼈	0	𢼈
𢼉	3	𢻫&𢻱	1	𢻱
𢼊	1	𢻱	1	𢻱
𢼋	0	𢼋	0	𢼋
𢼌	0	𢼌	0	𢼌
𢼍	1	拙	1	拙
𢼎	1	作	1	作
𢼏	1	迻	1	迻
𢼐	0	𢼐	0	𢼐
𢼑	0	𢼑	0	𢼑
𢼒	3	敂&叩	1	叩
𢼔	2	㪃&𢼔	0	𢼔
𢼕	0	𢼕	0	𢼕
𢼖	1	敏	3	
𢼘	1	施	1	施
𢼛	0	𢼛	3	
𢼜	1	赦	1	赦
𢼝	1	養	1	養
𢼞	1	刷	1	刷
𢼟	0	𢼟	0	𢼟
𢼠	1	敓	1	敓
𢼡	1	殺	1	殺
𢼢	1	殺	1	殺
𢼣	0	𢼣	0	𢼣
𢼥	1	弼	1	弼
𢼦	0	𢼦	3	
𢼧	2	𢼧&䟴	0	𢼧
𢼨	2	敧&㩻&𢼨	1	㩻
𢼪	1	敦	1	敦
𢼬	0	𢼬	0	𢼬
𢼭	2	𢼦&𢼭	0	𢼭
𢼮	3	㩻&𢼨	1	𢼨
𢼯	1	殺	1	殺
𢼴	1	殺	3	
𢼵	1	殺	3	
𢼶	3	𣁊&斑&斒	3	斑&斒
𢼷	1	段	3	
𢼹	0	𢼹	3	
𢼺	2	𢯳&𢼺&㿱	2	𢯳&𢼺&㿱
𢼻	1	妥	1	妥
𢼼	0	𢼼	3	
𢼽	2	𢼛&敋&𢼽	2	敋&𢼽
𢼾	3	欳&𢽋	3	欳&𢽋
𢼿	1	敢	1	敢
𢽀	1	赦	1	赦
𢽁	1	養	1	養
𢽂	0	𢽂	0	𢽂
𢽃	0	𢽃	0	𢽃
𢽄	0	𢽄	0	𢽄
𢽅	1	殺	1	殺
𢽆	1	殺	1	殺
𢽇	0	𢽇	0	𢽇
𢽈	1	敕	1	敕
𢽉	1	寇	1	寇
𢽊	2	𢼹&𢽊	0	𢽊
𢽋	0	𢽋	0	𢽋
𢽍	1	造	3	
𢽎	1	捍	3	
𢽏	2	𢽏&𣀆	0	𢽏
𢽐	2	𢼼&𢽐	0	𢽐
𢽗	2	𢼟&𢽗&𢽃	2	𢼟&𢽗&𢽃
𢽘	1	殺	1	殺
𢽚	0	𢽚	3	
𢽛	1	㪏	1	㪏
𢽝	0	𢽝	0	𢽝
𢽞	3	撻&𢻚	1	撻
𢽟	3	敕&敇	1	敕
𢽠	1	徵	1	徵
𢽡	1	徵	1	徵
𢽣	1	鵮	3	
𢽤	1	敢	1	敢
𢽥	1	奏	1	奏
𢽦	0	𢽦	0	𢽦
𢽧	0	𢽧	0	𢽧
𢽨	0	𢽨	0	𢽨
𢽩	0	𢽩	0	𢽩
𢽪	2	𢬶&𢽪	1	𢬶
𢽫	1	𣀤	3	
𢽬	3	陳&敶	3	陳&敶
𢽭	0	𢽭	0	𢽭
𢽮	3	殺&漆	1	殺
𢽯	1	殺	1	殺
𢽰	1	婦	1	婦
𢽱	1	㪑	3	
𢽲	0	𢽲	0	𢽲
𢽳	2	散&𢽳	0	𢽳
𢽴	2	𢽚&𢽴	0	𢽴
𢽵	0	𢽵	0	𢽵
𢽶	2	歃&𢽶	0	𢽶
𢽷	0	𢽷	0	𢽷
𢽹	0	𢽹	3	
𢽺	1	殺	1	殺
𢽻	1	𤉧	3	
𢽽	1	攲	3	
𢽾	1	斅	3	
𢽿	1	敢	1	敢
𢾀	0	𢾀	0	𢾀
𢾁	0	𢾁	3	
𢾂	2	𡳭&𢾂	0	𢾂
𢾃	0	𢾃	0	𢾃
𢾄	0	𢾄	0	𢾄
𢾅	2	𡍨&𢾅	0	𢾅
𢾆	1	揩	1	揩
𢾇	1	揊	1	揊
𢾈	1	殺	1	殺
𢾉	3	煞&親	3	煞&親
𢾊	2	𢾊&𢾛	1	𢾛
𢾋	2	𢾋&𣁗	1	𣁗
𢾌	1	毀	1	毀
𢾍	1	敖	1	敖
𢾎	3	惷&𢾜	1	𢾜
𢾏	1	挌	1	挌
𢾐	1	㪢	1	㪢
𢾑	2	𢾑&𢾚	1	𢾚
𢾒	0	𢾒	0	𢾒
𢾓	1	穆	1	穆
𢾔	0	𢾔	0	𢾔
𢾕	1	敖	3	
𢾖	1	𢾅	1	𢾅
𢾗	1	數	3	
𢾘	1	望	3	
𢾙	3	敭&揚	1	揚
𢾚	0	𢾚	0	𢾚
𢾛	0	𢾛	0	𢾛
𢾜	0	𢾜	0	𢾜
𢾝	2	𢾁&𢾝	0	𢾝
𢾞	3	敯&敃	1	敃
𢾠	1	敬	1	敬
𢾡	1	𣁗	3	
𢾢	1	㪍	3	
𢾣	0	𢾣	0	𢾣
𢾤	0	𢾤	0	𢾤
𢾥	1	䁈	1	䁈
𢾧	0	𢾧	0	𢾧
𢾨	1	剺	1	剺
𢾩	0	𢾩	0	𢾩
𢾪	1	𢻚	1	𢻚
𢾫	0	𢾫	0	𢾫
𢾬	0	𢾬	0	𢾬
𢾭	1	敷	1	敷
𢾮	0	𢾮	0	𢾮
𢾯	1	㦺	1	㦺
𢾰	1	徽	1	徽
𢾱	0	𢾱	0	𢾱
𢾲	3	搦&𢾼	1	搦
𢾳	0	𢾳	0	𢾳
𢾴	1	撻	1	撻
𢾵	1	敔	1	敔
𢾶	1	勝	1	勝
𢾷	1	徵	1	徵
𢾸	1	𣀒	1	𣀒
𢾹	1	肇	1	肇
𢾺	0	𢾺	0	𢾺
𢾻	1	𢾺	3	
𢾼	2	搦&𢾼	1	搦
𢾽	0	𢾽	0	𢾽
𢾾	1	敷	1	敷
𢿃	1	損	1	損
𢿄	1	整	3	
𢿆	2	𠭥&𢿆	0	𢿆
𢿇	2	𢿇&𥀔	0	𢿇
𢿈	0	𢿈	0	𢿈
𢿉	1	穆	1	穆
𢿊	1	畋	1	畋
𢿋	1	整	1	整
𢿍	3	𠩺&𣁟	1	𣁟
𢿎	0	𢿎	0	𢿎
𢿏	3	摽&𢿖	3	摽&𢿖
𢿐	1	盭	1	盭
𢿑	1	竊	1	竊
𢿒	1	貫	1	貫
𢿓	0	𢿓	0	𢿓
𢿔	1	殺	1	殺
𢿕	3	𢿜&𣁜	1	𢿜
𢿖	2	摽&𢿖	2	摽&𢿖
𢿘	1	數	1	數
𢿙	1	數	1	數
𢿚	1	憂	3	
𢿛	3	毆&驅&敺	1	敺
𢿜	0	𢿜	0	𢿜
𢿞	0	𢿞	0	𢿞
𢿟	1	𣀘	1	𣀘
𢿠	1	鼖	1	鼖
𢿡	1	𢿓	1	𢿓
𢿢	0	𢿢	3	
𢿣	1	𢿲	1	𢿲
𢿤	0	𢿤	0	𢿤
𢿥	2	𢿥&播	1	播
𢿦	0	𢿦	3	
𢿧	2	𢿧&𢿽	1	𢿽
𢿨	1	散	1	散
𢿩	2	𢿩&敬	1	敬
𢿪	1	敵	1	敵
𢿫	1	整	1	整
𢿬	1	穆	1	穆
𢿭	0	𢿭	0	𢿭
𢿮	3	亂&𢿳	1	𢿳
𢿰	1	敹	3	
𢿱	1	散	3	
𢿲	0	𢿲	0	𢿲
𢿳	2	𢿢&𢿳	0	𢿳
𢿴	2	歙&𢿴	0	𢿴
𢿵	0	𢿵	0	𢿵
𢿶	1	叡	3	
𢿷	3	散&𢽳	1	散
𢿸	0	𢿸	0	𢿸
𢿹	1	殺	1	殺
𢿻	1	斕	3	
𢿽	0	𢿽	0	𢿽
𢿾	2	𢿾&操&𣀉	3	操&𣀉
𢿿	1	㱇	1	㱇
𣀀	0	𣀀	0	𣀀
𣀁	0	𣀁	0	𣀁
𣀂	0	𣀂	0	𣀂
𣀃	0	𣀃	3	
𣀄	0	𣀄	3	
𣀅	1	黻	3	
𣀆	0	𣀆	0	𣀆
𣀇	1	斁	3	
𣀈	1	斀	1	斀
𣀉	2	操&𣀉	1	操
𣀊	0	𣀊	0	𣀊
𣀍	1	塵	3	
𣀎	1	殺	1	殺
𣀏	0	𣀏	0	𣀏
𣀐	0	𣀐	0	𣀐
𣀑	3	𢿢&𢿳	1	𢿳
𣀒	0	𣀒	0	𣀒
𣀓	1	𣀘	1	𣀘
𣀔	0	𣀔	0	𣀔
𣀕	1	敗	1	敗
𣀖	3	𢿩&敬	1	敬
𣀗	1	斄	3	
𣀘	0	𣀘	0	𣀘
𣀙	1	散	3	
𣀚	2	𣀚&夔	1	夔
𣀛	3	㩧&𣀠	1	𣀠
𣀜	3	㔣&𣀡	1	𣀡
𣀝	2	擽&𣀝	2	擽&𣀝
𣀞	0	𣀞	0	𣀞
𣀠	0	𣀠	0	𣀠
𣀡	0	𣀡	0	𣀡
𣀣	0	𣀣	0	𣀣
𣀤	2	𣀤&壞	1	壞
𣀥	0	𣀥	0	𣀥
𣀦	1	敦	1	敦
𣀧	2	𣀧&𩀼	2	𣀧&𩀼
𣀨	1	𣀣	1	𣀣
𣀪	1	拂	1	拂
𣀫	0	𣀫	0	𣀫
𣀬	3	敧&欹	1	敧
𣀭	1	數	1	數
𣀮	2	𣀮&攘	1	攘
𣀯	0	𣀯	0	𣀯
𣀰	0	𣀰	3	
𣀱	0	𣀱	0	𣀱
𣀲	1	𣀰	3	
𣀳	0	𣀳	0	𣀳
𣀴	1	鼈	3	
𣀵	1	變	1	變
𣀶	0	𣀶	0	𣀶
𣀷	0	𣀷	0	𣀷
𣀸	1	𥀹	3	
𣀺	1	𥀹	1	𥀹
𣀻	2	𣀻&𣀼	1	𣀼
𣀼	0	𣀼	0	𣀼
𣁀	0	𣁀	3	
𣁁	1	攴	3	
𣁃	1	學	1	學
𣁄	1	舉	1	舉
𣁊	2	𣁊&斒	1	斒
𣁋	1	微	1	微
𣁎	1	譽	1	譽
𣁏	1	敘	1	敘
𣁒	1	施	1	施
𣁓	1	鳼	3	
𣁖	1	倝	3	
𣁗	0	𣁗	0	𣁗
𣁙	1	錦	1	錦
𣁛	1	𣁟	3	
𣁜	0	𣁜	0	𣁜
𣁝	1	彩	1	彩
𣁞	1	爇	1	爇
𣁟	0	𣁟	0	𣁟
𣁢	0	𣁢	0	𣁢
𣁣	1	斕	1	斕
𣁪	1	亹	3	
𣁫	3	亹&斖	1	斖
𣁬	3	斗&鬥	1	斗
𣁱	3	斟&酌	1	斟
𣁳	0	𣁳	0	𣁳
𣁴	0	𣁴	0	𣁴
𣁵	0	𣁵	0	𣁵
𣁶	1	𣂁	1	𣂁
𣁷	0	𣁷	0	𣁷
𣁹	1	斠	3	
𣁺	1	𣂆	1	𣂆
𣁻	1	𣁷	1	𣁷
𣁼	1	𣂆	1	𣂆
𣁽	1	魁	3	
𣁿	1	𣂁	1	𣂁
𣂀	1	𣂁	1	𣂁
𣂁	0	𣂁	0	𣂁
𣂂	1	斞	1	斞
𣂄	0	𣂄	0	𣂄
𣂆	0	𣂆	0	𣂆
𣂈	1	犖	3	
𣂉	0	𣂉	0	𣂉
𣂊	1	熨	1	熨
𣂌	1	斣	1	斣
𣂍	1	斛	3	
𣂏	1	㪺	1	㪺
𣂐	1	㪺	3	
𣂑	3	斗&鬥	1	斗
𣂒	1	劤	3	
𣂔	1	析	1	析
𣂕	1	斯	1	斯
𣂖	1	斯	1	斯
𣂘	1	祈	3	
𣂙	1	坼	1	坼
𣂚	1	折	3	
𣂞	2	剆&𣂞	2	剆&𣂞
𣂟	1	折	1	折
𣂠	1	近	1	近
𣂡	1	斲	1	斲
𣂢	2	𣂢&斷	1	斷
𣂣	1	斷	1	斷
𣂤	0	𣂤	0	𣂤
𣂥	1	𣂁	1	𣂁
𣂦	1	剞	1	剞
𣂧	3	剗&剷	1	剷
𣂨	1	鼎	1	鼎
𣂩	1	甀	3	
𣂪	1	斲	1	斲
𣂫	1	折	1	折
𣂭	1	虢	1	虢
𣂮	0	𣂮	0	𣂮
𣂯	1	誓	1	誓
𣂰	1	鼎	1	鼎
𣂱	1	斷	1	斷
𣂲	1	折	1	折
𣂵	0	𣂵	0	𣂵
𣂶	1	誓	1	誓
𣂷	1	靳	3	
𣂸	3	𣂢&斷	1	斷
𣂹	1	折	1	折
𣂺	1	新	1	新
𣂻	0	𣂻	0	𣂻
𣂼	1	斳	1	斳
𣂽	0	𣂽	0	𣂽
𣂾	1	斷	1	斷
𣂿	0	𣂿	0	𣂿
𣃀	1	斮	1	斮
𣃁	1	斸	1	斸
𣃂	1	斲	1	斲
𣃃	1	斲	1	斲
𣃆	1	斲	1	斲
𣃇	1	𣃍	3	
𣃈	2	櫡&𣃈	0	𣃈
𣃊	1	鼎	1	鼎
𣃋	1	斲	1	斲
𣃌	1	粼	1	粼
𣃍	0	𣃍	0	𣃍
𣃎	1	訢	3	
𣃏	1	斲	1	斲
𣃐	1	貸	1	貸
𣃑	3	斫&櫡	1	斫
𣃒	1	鼎	1	鼎
𣃔	1	斷	1	斷
𣃕	1	蘄	3	
𣃖	1	斪	1	斪
𣃘	0	𣃘	0	𣃘
𣃙	1	旁	1	旁
𣃚	1	斻	3	
𣃝	0	𣃝	0	𣃝
𣃞	1	房	1	房
𣃟	1	旁	1	旁
𣃠	1	旌	3	
𣃢	1	旌	1	旌
𣃥	1	彌	3	
𣃦	2	勿&𣃦	2	勿&𣃦
𣃧	0	𣃧	0	𣃧
𣃨	1	旅	1	旅
𣃩	1	旆	1	旆
𣃪	3	旁&雱	1	旁
𣃮	1	旅	3	
𣃯	1	旃	1	旃
𣃰	1	𣃳	3	
𣃳	0	𣃳	0	𣃳
𣃴	1	𣃳	3	
𣃵	3	紳&陣	3	紳&陣
𣃶	1	鄔	3	
𣃷	1	𣃳	1	𣃳
𣃻	1	陣	1	陣
𣃼	1	旃	1	旃
𣃽	0	𣃽	0	𣃽
𣃾	0	𣃾	0	𣃾
𣃿	1	旐	1	旐
𣄀	1	旌	1	旌
𣄁	1	受	1	受
𣄃	1	旗	3	
𣄆	1	旅	3	
𣄈	1	㫎	1	㫎
𣄉	0	𣄉	0	𣄉
𣄊	1	旟	1	旟
𣄎	0	𣄎	0	𣄎
𣄏	0	𣄏	0	𣄏
𣄐	1	𣄙	1	𣄙
𣄑	0	𣄑	0	𣄑
𣄔	1	旚	1	旚
𣄘	1	𩩦	1	𩩦
𣄙	0	𣄙	0	𣄙
𣄚	1	旞	1	旞
𣄛	1	幢	3	
𣄝	2	譣&𣄝	0	𣄝
𣄞	1	幟	1	幟
𣄟	0	𣄟	0	𣄟
𣄠	0	𣄠	0	𣄠
𣄡	1	𣄠	1	𣄠
𣄢	1	幢	1	幢
𣄣	1	旟	3	
𣄤	1	𩩦	1	𩩦
𣄦	1	旚	1	旚
𣄧	2	旞&𣄧	2	旞&𣄧
𣄨	1	祈	1	祈
𣄩	1	𩕲	3	
𣄪	1	旚	3	
𣄫	1	𩕲	1	𩕲
𣄭	1	次	3	
𣄮	0	𣄮	0	𣄮
𣄯	1	𠘻	3	
𣄰	0	𣄰	0	𣄰
𣄱	2	既&𣄱	2	既&𣄱
𣄲	0	𣄲	0	𣄲
𣄳	1	舞	3	
𣄴	0	𣄴	0	𣄴
𣄵	1	𣄴	1	𣄴
𣄶	1	𣄴	1	𣄴
𣄷	1	𣄴	1	𣄴
𣄸	0	𣄸	0	𣄸
𣄹	1	玩	3	
𣄻	1	涿	1	涿
𣄼	1	昏	1	昏
𣄾	1	昏	1	昏
𣄿	2	𠕊&𣄿	0	𣄿
𣅀	1	旨	1	旨
𣅁	1	袋	1	袋
𣅂	1	且	3	
𣅆	3	期&稘	3	期&稘
𣅇	1	𣆖	1	𣆖
𣅈	3	𣆼&冬	1	冬
𣅉	0	𣅉	0	𣅉
𣅊	1	昌	1	昌
𣅋	1	豆	1	豆
𣅌	1	旨	1	旨
𣅎	1	晤	1	晤
𣅐	1	旻	1	旻
𣅔	1	昃	3	
𣅕	1	𡿯	1	𡿯
𣅖	3	皂&皁	1	皂
𣅙	1	旴	3	
𣅚	0	𣅚	0	𣅚
𣅛	1	昃	1	昃
𣅜	1	皆	1	皆
𣅝	0	𣅝	0	𣅝
𣅞	1	厥	1	厥
𣅟	0	𣅟	0	𣅟
𣅠	2	𣅠&氣&暣	3	氣&暣
𣅡	0	𣅡	0	𣅡
𣅢	1	晬	1	晬
𣅣	1	豆	1	豆
𣅤	0	𣅤	0	𣅤
𣅥	0	𣅥	0	𣅥
𣅦	1	昃	1	昃
𣅧	1	聃	1	聃
𣅯	1	晝	1	晝
𣅱	1	時	1	時
𣅲	1	厥	1	厥
𣅳	1	昃	1	昃
𣅴	1	炄	1	炄
𣅷	0	𣅷	0	𣅷
𣅸	1	晲	1	晲
𣅹	1	昪	1	昪
𣅺	0	𣅺	0	𣅺
𣅻	2	咼&𣅻	2	咼&𣅻
𣅼	1	早	1	早
𣅽	1	昢	1	昢
𣅾	1	𣌧	1	𣌧
𣅿	1	眙	3	
𣆀	1	聃	3	
𣆄	3	陽&昜	1	昜
𣆆	1	㿟	3	
𣆇	1	㫘	3	
𣆉	1	厚	1	厚
𣆊	1	春	1	春
𣆋	1	昣	1	昣
𣆎	1	鼠	3	
𣆐	1	曥	3	
𣆑	0	𣆑	3	
𣆒	0	𣆒	0	𣆒
𣆓	1	昵	1	昵
𣆔	0	𣆔	0	𣆔
𣆕	0	𣆕	0	𣆕
𣆖	0	𣆖	0	𣆖
𣆗	0	𣆗	0	𣆗
𣆘	0	𣆘	0	𣆘
𣆙	2	旰&涆&𣆙	2	旰&涆&𣆙
𣆚	3	𠕝&侈	1	侈
𣆛	3	晚&暗	3	晚&暗
𣆜	1	昧	1	昧
𣆝	2	暖&𣆝	1	暖
𣆞	1	是	1	是
𣆠	1	鬼	1	鬼
𣆧	1	昊	1	昊
𣆨	1	鼠	3	
𣆩	3	𣆑&𣌧	1	𣌧
𣆪	1	厚	3	
𣆫	1	昌	1	昌
𣆬	1	𣆖	3	
𣆭	1	𣆒	1	𣆒
𣆲	0	𣆲	0	𣆲
𣆳	0	𣆳	0	𣆳
𣆴	0	𣆴	0	𣆴
𣆵	2	晡&𣆵	2	晡&𣆵
𣆶	1	晚	1	晚
𣆷	1	晁	1	晁
𣆸	3	𣪏&敢	1	敢
𣆹	1	疊	1	疊
𣆺	1	宵	1	宵
𣆻	1	昴	1	昴
𣆼	2	𣆼&冬	1	冬
𣆽	0	𣆽	0	𣆽
𣆾	1	昏	1	昏
𣆿	1	晥	1	晥
𣇀	1	晡	1	晡
𣇂	1	岑	3	
𣇄	1	鼎	1	鼎
𣇅	1	昴	3	
𣇇	1	疍	3	
𣇋	1	晚	1	晚
𣇍	1	狹	3	
𣇒	1	聖	3	
𣇓	1	鼎	3	
𣇚	1	晙	1	晙
𣇢	0	𣇢	0	𣇢
𣇣	1	置	1	置
𣇤	1	昒	1	昒
𣇥	3	晅&暄	1	暄
𣇦	0	𣇦	0	𣇦
𣇧	0	𣇧	0	𣇧
𣇨	1	曃	1	曃
𣇩	0	𣇩	0	𣇩
𣇪	1	曜	1	曜
𣇫	0	𣇫	0	𣇫
𣇬	0	𣇬	0	𣇬
𣇭	1	暀	3	
𣇮	3	晳&晰	1	晰
𣇯	1	昴	1	昴
𣇰	0	𣇰	0	𣇰
𣇱	1	明	1	明
𣇲	0	𣇲	0	𣇲
𣇳	3	期&稘	1	稘
𣇵	1	晶	1	晶
𣇶	1	没	1	没
𣇺	1	腆	1	腆
𣇻	1	敃	1	敃
𣇽	1	畷	3	
𣈂	1	琞	3	
𣈅	1	曹	3	
𣈆	1	晉	1	晉
𣈇	1	暗	3	
𣈉	1	督	1	督
𣈌	1	𥆴	3	
𣈍	1	疊	1	疊
𣈏	1	焟	1	焟
𣈐	1	脆	3	
𣈟	1	揚	1	揚
𣈠	0	𣈠	0	𣈠
𣈡	0	𣈡	0	𣈡
𣈣	1	𣋋	3	
𣈤	1	春	1	春
𣈥	0	𣈥	0	𣈥
𣈦	1	㬂	1	㬂
𣈧	3	旺&暀	1	暀
𣈨	1	旰	1	旰
𣈩	1	終	1	終
𣈪	3	類&𦝭	1	類
𣈬	1	喙	3	
𣈯	1	𠕦	3	
𣈱	1	暢	1	暢
𣈵	1	腴	3	
𣈶	3	暅&晅	1	晅
𣈷	1	煌	3	
𣉄	0	𣉄	0	𣉄
𣉈	1	昏	1	昏
𣉉	1	終	3	
𣉊	1	曉	1	曉
𣉋	1	䁏	3	
𣉑	2	𠤙&廄&𣉑	2	廄&𣉑
𣉒	0	𣉒	0	𣉒
𣉓	2	㬤&𣉓	0	𣉓
𣉔	0	𣉔	0	𣉔
𣉕	0	𣉕	0	𣉕
𣉖	1	晅	1	晅
𣉗	0	𣉗	0	𣉗
𣉘	0	𣉘	0	𣉘
𣉙	2	倝&𣉙&𤌹	2	倝&𣉙
𣉚	0	𣉚	0	𣉚
𣉛	0	𣉛	0	𣉛
𣉜	0	𣉜	0	𣉜
𣉞	1	暠	1	暠
𣉨	1	䁛	3	
𣉩	1	𣇩	1	𣇩
𣉪	0	𣉪	0	𣉪
𣉫	1	𣉚	1	𣉚
𣉬	1	照	1	照
𣉭	3	蒙&懞	1	蒙
𣉰	1	彙	1	彙
𣉱	1	暴	3	
𣉺	3	𥏬&唐	1	唐
𣉻	1	智	1	智
𣉼	1	𣋞	1	𣋞
𣉽	1	瞝	1	瞝
𣉾	1	熰	1	熰
𣉿	0	𣉿	0	𣉿
𣊀	1	𣉪	1	𣉪
𣊁	0	𣊁	0	𣊁
𣊂	3	𣊜&終	1	終
𣊃	2	𣊃&瞀	1	瞀
𣊄	1	熭	1	熭
𣊅	1	渴	3	
𣊆	1	渴	1	渴
𣊊	1	皞	3	
𣊒	1	是	3	
𣊓	1	暬	1	暬
𣊔	0	𣊔	0	𣊔
𣊕	1	照	1	照
𣊖	1	曑	3	
𣊙	1	暫	1	暫
𣊚	1	曄	1	曄
𣊛	1	曹	1	曹
𣊜	0	𣊜	3	
𣊝	0	𣊝	0	𣊝
𣊞	0	𣊞	0	𣊞
𣊟	0	𣊟	0	𣊟
𣊠	1	㬓	1	㬓
𣊡	1	㬎	1	㬎
𣊢	1	曋	3	
𣊣	3	𩊿&舄	1	舄
𣊤	1	農	1	農
𣊥	1	曠	1	曠
𣊦	3	昔&臘	1	昔
𣊧	3	朗&照&耀	3	朗&照&耀
𣊨	1	春	1	春
𣊩	1	膰	3	
𣊪	1	曄	3	
𣊫	0	𣊫	3	
𣊬	1	瞬	3	
𣊭	1	𣊫	3	
𣊮	1	暬	1	暬
𣊲	1	膴	3	
𣊴	1	暴	1	暴
𣊵	1	暖	1	暖
𣊶	0	𣊶	0	𣊶
𣊸	3	𢑢&䝆	1	䝆
𣊹	1	量	1	量
𣊻	1	暴	3	
𣊼	1	糧	3	
𣊽	1	岷	1	岷
𣋁	1	嘬	3	
𣋄	0	𣋄	0	𣋄
𣋅	1	曣	1	曣
𣋉	1	燠	1	燠
𣋊	0	𣋊	0	𣋊
𣋋	0	𣋋	0	𣋋
𣋌	1	曄	1	曄
𣋍	0	𣋍	0	𣋍
𣋏	3	㬥&曝	1	曝
𣋐	1	著	1	著
𣋓	1	曄	1	曄
𣋗	1	夏	1	夏
𣋝	1	躁	3	
𣋞	0	𣋞	0	𣋞
𣋟	0	𣋟	0	𣋟
𣋡	1	曚	3	
𣋣	0	𣋣	0	𣋣
𣋤	1	晉	3	
𣋥	1	晜	1	晜
𣋦	1	曓	3	
𣋧	1	晉	3	
𣋫	1	瞥	3	
𣋯	1	昏	1	昏
𣋲	0	𣋲	0	𣋲
𣋳	1	暴	1	暴
𣋴	1	暴	1	暴
𣋵	0	𣋵	0	𣋵
𣋶	0	𣋶	0	𣋶
𣋷	1	曠	1	曠
𣋸	1	㬮	1	㬮
𣋿	0	𣋿	0	𣋿
𣌀	1	曦	3	
𣌅	0	𣌅	0	𣌅
𣌇	1	晉	1	晉
𣌈	3	㬍&曝	1	曝
𣌍	1	㸎	1	㸎
𣌏	0	𣌏	0	𣌏
𣌐	1	曀	3	
𣌑	1	曝	1	曝
𣌓	0	𣌓	0	𣌓
𣌖	1	㬮	1	㬮
𣌗	0	𣌗	0	𣌗
𣌘	1	暾	1	暾
𣌙	1	矙	3	
𣌚	0	𣌚	0	𣌚
𣌜	0	𣌜	0	𣌜
𣌞	0	𣌞	0	𣌞
𣌟	2	𣌟&昤	1	昤
𣌠	0	𣌠	0	𣌠
𣌡	1	皀	3	
𣌣	1	良	1	良
𣌦	1	爭	1	爭
𣌧	2	𣆑&𣌧	0	𣌧
𣌨	0	𣌨	0	𣌨
𣌩	1	良	1	良
𣌬	0	𣌬	0	𣌬
𣌭	3	會&答	3	會&答
𣌼	1	曹	1	曹
𣌽	1	簋	1	簋
𣌾	2	朄&𣌾	2	朄&𣌾
𣌿	1	晷	3	
𣍃	1	朄	1	朄
𣍄	1	韋	3	
𣍆	0	𣍆	0	𣍆
𣍇	0	𣍇	0	𣍇
𣍈	1	豐	1	豐
𣍎	1	甑	3	
𣍏	0	𣍏	0	𣍏
𣍐	0	𣍐	3	
𣍑	1	僈	1	僈
𣍒	0	𣍒	0	𣍒
𣍓	3	侈&㡅	1	㡅
𣍔	1	碣	1	碣
𣍖	0	𣍖	0	𣍖
𣍘	1	曹	1	曹
𣍙	1	㬲	1	㬲
𣍚	1	𢆅	3	
𣍛	0	𣍛	0	𣍛
𣍜	1	黌	1	黌
𣍝	1	舟	1	舟
𣍞	1	服	1	服
𣍟	0	𣍟	0	𣍟
𣍠	3	期&稘	1	期
𣍡	3	期&稘	1	期
𣍢	1	望	1	望
𣍣	1	期	1	期
𣍤	1	陰	1	陰
𣍥	2	𣍥&𦙮	0	𣍥
𣍦	0	𣍦	0	𣍦
𣍧	3	朔&朏	1	朏
𣍨	0	𣍨	3	
𣍬	1	船	1	船
𣍮	1	朔	1	朔
𣍯	1	腪	3	
𣍰	1	脥	3	
𣍴	0	𣍴	0	𣍴
𣍵	1	磐	1	磐
𣍶	3	朡&朡	1	朡
𣍷	3	朗&脼	1	朗
𣍸	1	霸	1	霸
𣍹	1	朕	1	朕
𣍺	2	朏&𣍺	1	朏
𣍻	1	聝	3	
𣍿	1	膝	3	
𣎄	3	𦞌&𦚹	1	𦚹
𣎅	2	鴅&𣎅&𦝲	0	𣎅
𣎆	1	𦝠	1	𦝠
𣎇	1	臊	3	
𣎌	1	滕	1	滕
𣎍	1	朝	1	朝
𣎎	1	凌	3	
𣎐	1	凌	1	凌
𣎑	1	臗	3	
𣎒	1	塍	1	塍
𣎓	0	𣎓	0	𣎓
𣎔	0	𣎔	0	𣎔
𣎕	1	𧤩	3	
𣎗	0	𣎗	0	𣎗
𣎚	0	𣎚	0	𣎚
𣎛	0	𣎛	0	𣎛
𣎜	2	孕&𣎜	0	𣎜
𣎟	0	𣎟	0	𣎟
𣎣	1	皎	1	皎
𣎤	1	鞶	1	鞶
𣎧	1	煮	3	
𣎨	1	𦝰	3	
𣎩	0	𣎩	0	𣎩
𣎭	1	農	1	農
𣎮	2	曦&𣎮	2	曦&𣎮
𣎱	0	𣎱	0	𣎱
𣎲	0	𣎲	0	𣎲
𣎳	0	𣎳	0	𣎳
𣎴	2	介&櫱&𣎴	2	介&櫱&𣎴
𣎵	0	𣎵	0	𣎵
𣎶	3	傑&杰	1	杰
𣎸	2	朽&𣎸	0	𣎸
𣎹	1	朻	1	朻
𣎺	0	𣎺	0	𣎺
𣎻	1	朵	1	朵
𣎼	3	保&呆	1	保
𣎽	1	桼	3	
𣎾	1	朵	3	
𣎿	1	朵	1	朵
𣏀	0	𣏀	0	𣏀
𣏁	3	某&梅	1	梅
𣏂	1	殺	1	殺
𣏃	3	𠦙&支	1	支
𣏄	1	根	3	
𣏅	1	根	1	根
𣏋	2	葉&𣏋	0	𣏋
𣏌	1	㭒	1	㭒
𣏍	1	孟	3	
𣏐	1	杓	1	杓
𣏑	0	𣏑	0	𣏑
𣏒	2	朹&𣏒	0	𣏒
𣏓	1	杇	3	
𣏔	1	困	1	困
𣏕	0	𣏕	0	𣏕
𣏖	0	𣏖	0	𣏖
𣏗	2	杼&𣏗	1	杼
𣏘	1	柎	1	柎
𣏙	2	杚&𣏙	1	杚
𣏚	0	𣏚	0	𣏚
𣏛	1	枑	1	枑
𣏜	1	棉	1	棉
𣏝	1	枕	1	枕
𣏞	0	𣏞	0	𣏞
𣏟	0	𣏟	0	𣏟
𣏠	0	𣏠	0	𣏠
𣏡	0	𣏡	0	𣏡
𣏢	1	槫	3	
𣏣	1	弄	3	
𣏨	1	楠	1	楠
𣏫	1	拋	3	
𣏬	1	枂	3	
𣏰	1	枌	3	
𣏲	1	秉	1	秉
𣏳	1	枑	1	枑
𣏵	1	楠	3	
𣏶	0	𣏶	0	𣏶
𣏸	1	枓	1	枓
𣏻	1	朵	1	朵
𣏽	3	枝&枚	1	枚
𣐁	3	刺&朿	1	朿
𣐃	0	𣐃	0	𣐃
𣐇	1	耒	1	耒
𣐈	3	柿&𣏕	1	柿
𣐉	1	杘	1	杘
𣐊	2	栲&𣐊	2	栲&𣐊
𣐋	0	𣐋	0	𣐋
𣐌	1	梳	1	梳
𣐍	1	橛	1	橛
𣐎	0	𣐎	0	𣐎
𣐏	0	𣐏	0	𣐏
𣐐	1	檷	1	檷
𣐑	0	𣐑	0	𣐑
𣐒	0	𣐒	0	𣐒
𣐓	2	柅&𣐓	2	柅&𣐓
𣐕	1	桱	3	
𣐖	1	枙	3	
𣐛	1	枑	3	
𣐝	1	㭱	3	
𣐞	3	枯&柘	1	枯
𣐟	1	垛	3	
𣐥	1	梅	3	
𣐪	1	柭	3	
𣐬	1	杻	3	
𣐭	1	果	1	果
𣐯	1	崇	3	
𣐰	2	𣐰&𣑂	1	𣑂
𣐱	1	柔	3	
𣐵	1	㭒	1	㭒
𣐶	1	枴	1	枴
𣐷	1	枴	1	枴
𣐸	1	栝	1	栝
𣐹	1	椒	1	椒
𣐺	2	𣐺&𣎺	1	𣎺
𣐻	2	限&𣐻&䦘	2	𣐻&䦘
𣐼	1	柝	1	柝
𣐽	3	𣓀&榛	1	榛
𣐾	1	薅	1	薅
𣐿	0	𣐿	0	𣐿
𣑀	1	杇	1	杇
𣑁	0	𣑁	0	𣑁
𣑂	0	𣑂	0	𣑂
𣑃	0	𣑃	0	𣑃
𣑄	1	棺	1	棺
𣑅	1	虐	3	
𣑉	1	柏	3	
𣑊	1	怪	3	
𣑍	1	枴	3	
𣑕	1	拯	3	
𣑖	1	桂	1	桂
𣑥	1	栲	1	栲
𣑧	1	垛	3	
𣑨	1	無	1	無
𣑪	1	栴	1	栴
𣑫	0	𣑫	0	𣑫
𣑬	1	捍	3	
𣑭	1	柵	1	柵
𣑮	0	𣑮	3	
𣑯	1	桃	1	桃
𣑰	1	桼	3	
𣑱	1	染	1	染
𣑵	0	𣑵	3	
𣑸	2	桐&𣑸	2	桐&𣑸
𣑹	0	𣑹	0	𣑹
𣑼	1	𣏟	3	
𣑽	1	梵	1	梵
𣑾	1	虐	1	虐
𣑿	1	枹	1	枹
𣒀	3	旋&㯀	1	㯀
𣒁	1	栚	1	栚
𣒂	0	𣒂	0	𣒂
𣒃	0	𣒃	0	𣒃
𣒄	0	𣒄	0	𣒄
𣒅	1	榐	1	榐
𣒆	2	𣒆&㰌	2	𣒆&㰌
𣒇	2	𢬳&𣒇	0	𣒇
𣒉	1	楷	1	楷
𣒊	1	棨	3	
𣒋	1	𣕕	3	
𣒌	1	楇	3	
𣒍	1	荷	3	
𣒏	1	椒	1	椒
𣒚	1	棗	3	
𣒣	1	芒	3	
𣒨	1	根	1	根
𣒩	1	㭼	1	㭼
𣒪	1	𣓗	1	𣓗
𣒫	1	梅	1	梅
𣒬	1	𣛺	1	𣛺
𣒭	1	栽	1	栽
𣒯	1	桓	1	桓
𣒰	1	栴	3	
𣒶	1	李	1	李
𣒷	0	𣒷	0	𣒷
𣒸	0	𣒸	0	𣒸
𣒹	0	𣒹	0	𣒹
𣒺	2	杘&𣒺	1	杘
𣒻	0	𣒻	0	𣒻
𣒼	1	條	1	條
𣒽	1	𣐑	3	
𣓀	2	𣓀&榛	1	榛
𣓁	3	栞&刊	1	栞
𣓂	1	𣖾	1	𣖾
𣓃	0	𣓃	0	𣓃
𣓄	1	𣐑	1	𣐑
𣓅	2	㦿&𣓅	2	㦿&𣓅
𣓆	0	𣓆	0	𣓆
𣓇	1	栔	1	栔
𣓈	0	𣓈	0	𣓈
𣓉	0	𣓉	0	𣓉
𣓊	0	𣓊	0	𣓊
𣓋	0	𣓋	0	𣓋
𣓌	2	槔&𣓌	2	槔&𣓌
𣓍	1	𣔺	1	𣔺
𣓎	1	枖	1	枖
𣓏	2	森&禁&麓&𣓏	2	森&禁&麓&𣓏
𣓐	3	由&㽕	1	㽕
𣓑	1	𢍚	1	𢍚
𣓒	0	𣓒	0	𣓒
𣓓	1	𣖼	1	𣖼
𣓔	0	𣓔	0	𣓔
𣓕	0	𣓕	0	𣓕
𣓖	1	枅	1	枅
𣓗	0	𣓗	0	𣓗
𣓘	3	𣒆&㰌	3	𣒆&㰌
𣓙	1	椒	1	椒
𣓚	3	𠌶&華	1	華
𣓛	0	𣓛	0	𣓛
𣓜	1	梳	1	梳
𣓝	0	𣓝	0	𣓝
𣓞	1	槊	1	槊
𣓟	1	直	1	直
𣓠	1	柳	1	柳
𣓡	1	綱	1	綱
𣓣	1	柝	3	
𣓤	1	橈	3	
𣓧	0	𣓧	0	𣓧
𣓨	1	栗	1	栗
𣓩	1	畚	1	畚
𣓪	1	棄	1	棄
𣓶	1	猛	3	
𣓽	1	𣔪	3	
𣓿	1	橯	3	
𣔌	1	樤	3	
𣔎	1	楠	1	楠
𣔏	1	櫱	1	櫱
𣔑	1	檋	1	檋
𣔒	1	槊	1	槊
𣔓	0	𣔓	0	𣔓
𣔔	1	稘	1	稘
𣔕	1	乘	1	乘
𣔖	1	㮲	1	㮲
𣔘	1	契	3	
𣔚	1	盤	3	
𣔜	1	栵	3	
𣔪	0	𣔪	3	
𣔫	0	𣔫	0	𣔫
𣔬	2	椑&𣔬	1	椑
𣔭	2	掘&𣔭	2	掘&𣔭
𣔮	2	栽&𣔮	1	栽
𣔯	0	𣔯	0	𣔯
𣔱	3	艘&㮴	3	艘&㮴
𣔲	1	𣐒	1	𣐒
𣔳	1	柝	1	柝
𣔴	1	㽕	1	㽕
𣔵	2	欃&𣔵	2	欃&𣔵
𣔶	3	范&𦨲	3	范&𦨲
𣔷	2	栚&𣔷	2	栚&𣔷
𣔸	0	𣔸	0	𣔸
𣔹	0	𣔹	0	𣔹
𣔺	0	𣔺	0	𣔺
𣔻	2	棎&𣔻	2	棎&𣔻
𣔼	3	竿&𣘠	1	𣘠
𣔽	0	𣔽	0	𣔽
𣔾	1	檖	1	檖
𣔿	2	𣔿&㯺	0	𣔿
𣕀	1	櫱	1	櫱
𣕁	0	𣕁	0	𣕁
𣕂	0	𣕂	0	𣕂
𣕃	1	禺	1	禺
𣕄	0	𣕄	0	𣕄
𣕅	0	𣕅	0	𣕅
𣕆	3	枍&榽&橀	1	橀
𣕇	2	梢&揱&𣕇	2	梢&𣕇
𣕈	3	樝&抯	3	樝&抯
𣕉	2	𣕉&枸	1	枸
𣕊	3	栝&㮇	1	㮇
𣕋	1	榍	1	榍
𣕌	2	枸&𣕌	0	𣕌
𣕍	3	栒&簨	1	栒
𣕎	0	𣕎	0	𣕎
𣕐	1	桑	1	桑
𣕑	1	楚	1	楚
𣕒	1	樹	1	樹
𣕓	3	𣗲&子	1	子
𣕔	1	括	3	
𣕕	0	𣕕	3	
𣕛	1	構	3	
𣕞	1	姜	3	
𣕧	1	架	1	架
𣕪	1	楚	3	
𣕲	1	㮓	3	
𣕹	1	𣓉	3	
𣕽	1	𣓕	1	𣓕
𣕿	1	棗	1	棗
𣖀	1	梗	1	梗
𣖁	1	榼	1	榼
𣖂	1	櫱	1	櫱
𣖃	1	椯	1	椯
𣖅	1	𣹲	3	
𣖇	1	直	1	直
𣖊	3	例&栵	3	例&栵
𣖋	1	栽	1	栽
𣖎	1	楍	3	
𣖏	1	𣕅	3	
𣖑	1	掏	3	
𣖒	1	棎	3	
𣖕	1	屏	3	
𣖡	1	楩	3	
𣖣	0	𣖣	0	𣖣
𣖤	0	𣖤	0	𣖤
𣖥	1	橭	1	橭
𣖨	0	𣖨	0	𣖨
𣖪	0	𣖪	0	𣖪
𣖫	2	穀&榖&𣖫	2	穀&榖&𣖫
𣖬	2	橛&𣖬	2	橛&𣖬
𣖭	0	𣖭	0	𣖭
𣖮	0	𣖮	0	𣖮
𣖯	1	䈜	1	䈜
𣖰	0	𣖰	0	𣖰
𣖱	0	𣖱	0	𣖱
𣖲	1	𣐑	1	𣐑
𣖴	3	𠅺&直	1	直
𣖵	2	㭫&𣖵	1	㭫
𣖶	1	楘	1	楘
𣖷	0	𣖷	0	𣖷
𣖸	0	𣖸	0	𣖸
𣖹	0	𣖹	0	𣖹
𣖺	1	㭚	1	㭚
𣖻	0	𣖻	0	𣖻
𣖼	0	𣖼	0	𣖼
𣖽	1	梫	1	梫
𣖾	0	𣖾	0	𣖾
𣖿	2	樴&𣖿	0	𣖿
𣗀	1	楷	1	楷
𣗁	0	𣗁	0	𣗁
𣗂	1	楚	1	楚
𣗃	2	𡑻&𣗃	0	𣗃
𣗇	1	槱	3	
𣗊	1	樠	3	
𣗋	1	欓	3	
𣗍	1	旗	3	
𣗐	0	𣗐	0	𣗐
𣗖	3	栗&標	1	標
𣗙	1	㰙	3	
𣗟	1	榛	3	
𣗥	1	棘	3	
𣗪	1	茶	3	
𣗲	0	𣗲	3	
𣗳	1	樹	1	樹
𣗴	1	栗	1	栗
𣗵	1	剛	1	剛
𣗷	1	桊	1	桊
𣗸	1	欃	1	欃
𣗺	0	𣗺	0	𣗺
𣗻	0	𣗻	0	𣗻
𣗽	1	㮰	3	
𣘅	1	椱	1	椱
𣘇	1	𦶙	1	𦶙
𣘐	3	棘&㯤	1	棘
𣘑	1	檾	1	檾
𣘒	1	榦	1	榦
𣘓	1	耙	3	
𣘕	1	梣	1	梣
𣘖	0	𣘖	0	𣘖
𣘗	0	𣘗	0	𣘗
𣘘	0	𣘘	0	𣘘
𣘙	1	棓	1	棓
𣘚	0	𣘚	0	𣘚
𣘛	0	𣘛	0	𣘛
𣘜	1	笞	1	笞
𣘝	1	櫏	1	櫏
𣘞	1	𤬯	1	𤬯
𣘟	2	椵&𣘟	2	椵&𣘟
𣘠	2	笴&𣘠	0	𣘠
𣘡	1	桫	1	桫
𣘢	1	𦪈	1	𦪈
𣘣	0	𣘣	0	𣘣
𣘤	0	𣘤	0	𣘤
𣘥	0	𣘥	0	𣘥
𣘦	2	黟&𣘦	1	黟
𣘧	2	柎&𣘧	2	柎&𣘧
𣘨	0	𣘨	0	𣘨
𣘩	1	杫	1	杫
𣘪	0	𣘪	0	𣘪
𣘫	1	椃	1	椃
𣘬	0	𣘬	0	𣘬
𣘭	1	柙	1	柙
𣘮	2	撇&𣘮	0	𣘮
𣘯	2	橐&𣘯	0	𣘯
𣘰	3	㮓&亙	1	亙
𣘱	2	棏&𣘱	0	𣘱
𣘲	2	𣘲&𨐔	0	𣘲
𣘳	1	槲	1	槲
𣘴	1	檭	3	
𣘶	1	槔	3	
𣘷	1	𣝕	3	
𣘻	2	茶&𣘻	2	茶&𣘻
𣘼	1	棨	3	
𣘾	1	𬛕	3	
𣙁	1	樝	1	樝
𣙂	1	𠢺	1	𠢺
𣙃	1	樜	1	樜
𣙆	1	拼	3	
𣙇	1	㙫	3	
𣙉	1	㯃	3	
𣙎	0	𣙎	3	
𣙒	1	鼒	3	
𣙙	1	樕	1	樕
𣙛	1	蛇	1	蛇
𣙜	1	榷	3	
𣙝	1	屜	3	
𣙞	1	枓	1	枓
𣙟	1	棠	1	棠
𣙡	1	爾	3	
𣙢	1	圈	3	
𣙣	1	榠	3	
𣙤	2	𣚘&𣙤	1	𣚘
𣙥	1	榼	3	
𣙰	2	𡳭&𣙰	0	𣙰
𣙱	2	𣕉&𣙱	0	𣙱
𣙲	1	㯱	1	㯱
𣙳	3	梳&楚	1	梳
𣙴	0	𣙴	0	𣙴
𣙵	0	𣙵	0	𣙵
𣙶	0	𣙶	0	𣙶
𣙷	0	𣙷	0	𣙷
𣙺	1	棕	3	
𣙻	0	𣙻	0	𣙻
𣙼	2	柌&𣙼&枱	2	柌&𣙼&枱
𣙽	1	櫪	1	櫪
𣙾	1	樾	1	樾
𣙿	0	𣙿	0	𣙿
𣚀	0	𣚀	0	𣚀
𣚁	1	𣚀	1	𣚀
𣚂	1	檹	1	檹
𣚃	1	桔	1	桔
𣚄	0	𣚄	0	𣚄
𣚅	1	㭙	1	㭙
𣚆	1	輴	1	輴
𣚇	0	𣚇	0	𣚇
𣚈	3	操&槮	1	槮
𣚉	1	樛	1	樛
𣚊	3	栭&㮕	1	㮕
𣚌	2	樀&檍&𣚌	2	樀&檍&𣚌
𣚍	1	檍	1	檍
𣚎	0	𣚎	0	𣚎
𣚏	0	𣚏	0	𣚏
𣚐	1	檽	1	檽
𣚑	1	檮	1	檮
𣚒	2	杷&𣚒	2	杷&𣚒
𣚔	0	𣚔	0	𣚔
𣚕	0	𣚕	0	𣚕
𣚖	1	㭺	1	㭺
𣚗	1	榺	1	榺
𣚘	2	犧&𣚘	0	𣚘
𣚙	0	𣚙	0	𣚙
𣚚	1	欘	1	欘
𣚛	3	檣&虡	3	檣&虡
𣚜	3	棇&𣞷	3	棇&𣞷
𣚝	0	𣚝	0	𣚝
𣚞	3	簷&榙&檐	3	榙&檐
𣚟	0	𣚟	0	𣚟
𣚠	0	𣚠	0	𣚠
𣚡	0	𣚡	0	𣚡
𣚢	0	𣚢	0	𣚢
𣚣	2	耕&𣚣	1	耕
𣚤	1	樹	1	樹
𣚥	1	棛	1	棛
𣚦	1	弶	1	弶
𣚧	1	椃	3	
𣚨	1	無	1	無
𣚩	0	𣚩	0	𣚩
𣚪	0	𣚪	0	𣚪
𣚯	2	觳&𣚯	0	𣚯
𣚸	1	栽	3	
𣚽	1	替	3	
𣛒	0	𣛒	3	
𣛔	1	橶	1	橶
𣛕	0	𣛕	3	
𣛖	3	栲&𥬯	1	栲
𣛘	1	榭	1	榭
𣛙	1	藥	3	
𣛚	1	橤	1	橤
𣛛	1	樺	3	
𣛜	1	雜	3	
𣛝	1	楯	3	
𣛟	1	橕	3	
𣛣	0	𣛣	3	
𣛪	1	盨	3	
𣛫	0	𣛫	0	𣛫
𣛰	1	斫	1	斫
𣛱	2	欖&𣛱	2	欖&𣛱
𣛲	3	㯉&樗	1	樗
𣛳	1	𣔵	1	𣔵
𣛴	0	𣛴	0	𣛴
𣛵	1	皵	1	皵
𣛶	1	榝	1	榝
𣛷	0	𣛷	0	𣛷
𣛸	0	𣛸	0	𣛸
𣛹	0	𣛹	0	𣛹
𣛺	0	𣛺	0	𣛺
𣛻	0	𣛻	0	𣛻
𣛼	1	𣟵	1	𣟵
𣛽	0	𣛽	0	𣛽
𣛿	1	櫲	1	櫲
𣜀	1	樾	1	樾
𣜁	0	𣜁	0	𣜁
𣜂	0	𣜂	0	𣜂
𣜃	1	槱	1	槱
𣜄	0	𣜄	0	𣜄
𣜅	3	椯&𣛹	1	𣛹
𣜆	2	橏&𣜆	0	𣜆
𣜇	0	𣜇	0	𣜇
𣜈	1	秦	1	秦
𣜍	0	𣜍	0	𣜍
𣜎	3	萷&莦	1	萷
𣜜	0	𣜜	3	
𣜡	1	欚	3	
𣜣	3	㓄&鈂	3	㓄&鈂
𣜤	2	梭&𣜤	1	梭
𣜥	1	檄	1	檄
𣜦	3	導&檤	1	檤
𣜧	1	橩	1	橩
𣜨	1	𠢺	1	𠢺
𣜩	1	隸	3	
𣜪	1	樉	3	
𣜫	1	雜	1	雜
𣜬	0	𣜬	3	
𣜭	1	翦	3	
𣜹	0	𣜹	0	𣜹
𣜺	0	𣜺	0	𣜺
𣜿	1	楪	3	
𣝁	2	椑&𣝁	2	椑&𣝁
𣝂	0	𣝂	0	𣝂
𣝃	1	箜	1	箜
𣝄	1	㯛	1	㯛
𣝅	0	𣝅	0	𣝅
𣝆	3	擬&𣝅	1	擬
𣝇	0	𣝇	0	𣝇
𣝈	0	𣝈	0	𣝈
𣝉	2	轛&𣝉	2	轛&𣝉
𣝊	1	欃	1	欃
𣝋	0	𣝋	0	𣝋
𣝌	0	𣝌	0	𣝌
𣝍	2	欂&𣝍	2	欂&𣝍
𣝎	0	𣝎	0	𣝎
𣝏	0	𣝏	0	𣝏
𣝐	1	㯱	1	㯱
𣝑	0	𣝑	0	𣝑
𣝒	0	𣝒	0	𣝒
𣝓	0	𣝓	0	𣝓
𣝔	3	𣟄&柝	1	柝
𣝕	0	𣝕	0	𣝕
𣝖	3	𩎟&韎	1	韎
𣝗	1	核	1	核
𣝘	2	𣟀&𣝘	0	𣝘
𣝙	1	杶	1	杶
𣝚	0	𣝚	0	𣝚
𣝛	1	虡	1	虡
𣝜	0	𣝜	0	𣝜
𣝝	0	𣝝	0	𣝝
𣝞	0	𣝞	0	𣝞
𣝡	1	𣞼	3	
𣝣	1	爵	3	
𣝥	0	𣝥	0	𣝥
𣝧	1	爾	1	爾
𣝨	3	𣻏&梟	1	梟
𣝪	1	鬱	3	
𣝷	1	檮	1	檮
𣝹	1	麓	1	麓
𣝺	1	柯	1	柯
𣝻	1	觴	1	觴
𣝼	1	櫋	1	櫋
𣝾	2	榛&𣝾	1	榛
𣝿	1	檣	1	檣
𣞀	1	檀	3	
𣞁	0	𣞁	3	
𣞆	0	𣞆	0	𣞆
𣞇	0	𣞇	0	𣞇
𣞈	1	㯱	3	
𣞉	1	㯱	1	㯱
𣞎	1	𣠩	3	
𣞐	0	𣞐	0	𣞐
𣞑	1	甍	1	甍
𣞒	2	枎&𣞒	2	枎&𣞒
𣞓	0	𣞓	0	𣞓
𣞔	0	𣞔	0	𣞔
𣞕	1	槸	1	槸
𣞖	1	蔡	1	蔡
𣞗	0	𣞗	0	𣞗
𣞘	1	杴	1	杴
𣞙	0	𣞙	0	𣞙
𣞚	1	槎	1	槎
𣞛	3	椶&棕	1	棕
𣞜	0	𣞜	0	𣞜
𣞝	0	𣞝	0	𣞝
𣞞	1	朴	1	朴
𣞟	2	縝&𣞟	0	𣞟
𣞡	1	棕	3	
𣞣	1	無	1	無
𣞤	3	無&橆	3	無&橆
𣞰	0	𣞰	0	𣞰
𣞱	1	檣	1	檣
𣞲	1	檈	1	檈
𣞵	1	葚	1	葚
𣞶	1	檋	3	
𣞷	0	𣞷	0	𣞷
𣞸	1	檣	3	
𣞹	1	檋	3	
𣞻	1	耙	3	
𣞼	0	𣞼	3	
𣟀	0	𣟀	3	
𣟄	2	𣟄&柝	1	柝
𣟅	1	楹	1	楹
𣟆	2	橑&𣟆	2	橑&𣟆
𣟇	1	䀊	1	䀊
𣟈	0	𣟈	0	𣟈
𣟉	0	𣟉	0	𣟉
𣟊	0	𣟊	0	𣟊
𣟋	0	𣟋	0	𣟋
𣟌	0	𣟌	0	𣟌
𣟍	1	𣟌	1	𣟌
𣟎	2	那&𣟎	1	那
𣟏	0	𣟏	0	𣟏
𣟐	0	𣟐	0	𣟐
𣟑	0	𣟑	0	𣟑
𣟒	2	無&𣟒	1	無
𣟘	0	𣟘	0	𣟘
𣟥	0	𣟥	3	
𣟦	0	𣟦	3	
𣟨	1	樻	1	樻
𣟬	1	欄	1	欄
𣟯	1	𣟋	1	𣟋
𣟰	1	𣝑	1	𣝑
𣟲	2	檞&𣟲	2	檞&𣟲
𣟳	0	𣟳	0	𣟳
𣟴	2	𣟴&閂	1	閂
𣟵	0	𣟵	0	𣟵
𣟶	1	樵	1	樵
𣟷	1	撇	3	
𣟸	2	捃&攗&𣟸	2	捃&𣟸
𣟹	2	槮&𣟹	2	槮&𣟹
𣟺	0	𣟺	0	𣟺
𣟻	3	𣟥&檍	1	檍
𣟼	0	𣟼	0	𣟼
𣟽	0	𣟽	0	𣟽
𣟾	1	櫾	1	櫾
𣠄	1	欞	3	
𣠌	1	櫱	1	櫱
𣠍	1	杶	1	杶
𣠎	0	𣠎	0	𣠎
𣠏	0	𣠏	0	𣠏
𣠐	1	槨	1	槨
𣠔	2	㯻&𣠔	1	㯻
𣠙	1	標	1	標
𣠚	0	𣠚	0	𣠚
𣠛	0	𣠛	0	𣠛
𣠜	0	𣠜	0	𣠜
𣠝	2	𣚠&檷&𣠝	2	檷&𣠝
𣠞	2	欇&𣠞	2	欇&𣠞
𣠟	2	梣&𣠟	1	梣
𣠠	0	𣠠	0	𣠠
𣠡	3	柚&櫾	1	櫾
𣠩	0	𣠩	3	
𣠪	1	標	3	
𣠭	1	短	1	短
𣠮	1	無	1	無
𣠯	1	𣟴	3	
𣠵	1	鬱	3	
𣠷	0	𣠷	0	𣠷
𣠸	0	𣠸	0	𣠸
𣠹	0	𣠹	0	𣠹
𣠺	0	𣠺	0	𣠺
𣠻	3	㰆&鞴	1	鞴
𣠼	0	𣠼	0	𣠼
𣠽	1	欛	3	
𣠾	2	𣜄&𣠾	0	𣠾
𣠿	1	㯺	1	㯺
𣡀	2	攫&𣡀	0	𣡀
𣡂	1	攠	3	
𣡃	1	輾	1	輾
𣡄	1	攀	3	
𣡆	1	𣞙	1	𣞙
𣡇	1	鬱	1	鬱
𣡉	0	𣡉	0	𣡉
𣡊	2	𣡊&襼	0	𣡊
𣡌	2	𣡌&櫱	1	櫱
𣡍	1	棘	1	棘
𣡎	0	𣡎	0	𣡎
𣡏	1	囊	1	囊
𣡗	1	𣛕	3	
𣡘	1	槽	1	槽
𣡛	1	柩	1	柩
𣡞	3	簷&檐	1	檐
𣡠	0	𣡠	0	𣡠
𣡡	1	鬱	3	
𣡣	1	橝	1	橝
𣡥	2	爨&𣡥	0	𣡥
𣡦	1	囊	3	
𣡧	0	𣡧	0	𣡧
𣡩	0	𣡩	0	𣡩
𣡪	3	囊&欜	1	囊
𣡫	1	爵	3	
𣡭	0	𣡭	0	𣡭
𣡳	1	太	1	太
𣡴	1	檋	1	檋
𣡵	1	欒	3	
𣡶	0	𣡶	0	𣡶
𣡷	1	栗	1	栗
𣡸	1	鬱	1	鬱
𣡺	1	蘽	1	蘽
𣡼	1	栗	1	栗
𣡿	1	䂎	3	
𣢀	1	弞	1	弞
𣢁	2	㕧&弞&𣢁	1	㕧
𣢂	3	㕧&𣢁	1	𣢁
𣢃	1	㰣	1	㰣
𣢄	3	呦&𣢜	3	呦&𣢜
𣢅	2	憨&𣢅	1	憨
𣢆	1	㰟	1	㰟
𣢇	2	𣢇&𣢑	2	𣢇&𣢑
𣢈	1	砍	3	
𣢉	0	𣢉	0	𣢉
𣢊	0	𣢊	0	𣢊
𣢋	0	𣢋	0	𣢋
𣢌	1	欿	1	欿
𣢍	2	㕧&𣢍	1	㕧
𣢎	1	㕧	1	㕧
𣢏	0	𣢏	0	𣢏
𣢐	0	𣢐	0	𣢐
𣢑	0	𣢑	0	𣢑
𣢒	2	𣢒&𤜹	2	𣢒&𤜹
𣢓	2	𣢓&㰥	2	𣢓&㰥
𣢔	1	次	3	
𣢗	0	𣢗	0	𣢗
𣢘	1	呻	1	呻
𣢙	1	㰣	1	㰣
𣢚	1	𣢉	1	𣢉
𣢛	0	𣢛	0	𣢛
𣢜	2	呦&𣢜	0	𣢜
𣢝	0	𣢝	0	𣢝
𣢞	0	𣢞	0	𣢞
𣢟	1	𣵷	1	𣵷
𣢠	0	𣢠	0	𣢠
𣢡	2	笙&𣢡	1	笙
𣢢	1	𣢜	1	𣢜
𣢣	0	𣢣	0	𣢣
𣢧	3	𣢒&𤜹	1	𤜹
𣢨	1	歐	1	歐
𣢩	1	𣣲	1	𣣲
𣢪	0	𣢪	0	𣢪
𣢬	0	𣢬	0	𣢬
𣢭	1	𠩗	1	𠩗
𣢮	1	巸	1	巸
𣢯	2	嗗&𣢯	0	𣢯
𣢰	0	𣢰	0	𣢰
𣢱	0	𣢱	0	𣢱
𣢲	0	𣢲	0	𣢲
𣢳	0	𣢳	0	𣢳
𣢴	2	㰢&𣢴	2	㰢&𣢴
𣢸	1	款	3	
𣢺	0	𣢺	0	𣢺
𣢻	1	款	1	款
𣢼	1	既	3	
𣢽	1	𣢬	1	𣢬
𣢾	1	款	3	
𣣅	1	款	3	
𣣇	1	款	3	
𣣈	0	𣣈	0	𣣈
𣣉	0	𣣉	0	𣣉
𣣊	0	𣣊	0	𣣊
𣣋	0	𣣋	0	𣣋
𣣌	0	𣣌	0	𣣌
𣣍	3	𣣕&歑	1	𣣕
𣣎	0	𣣎	0	𣣎
𣣏	0	𣣏	0	𣣏
𣣐	1	欷	1	欷
𣣑	0	𣣑	0	𣣑
𣣒	0	𣣒	0	𣣒
𣣓	1	欠	1	欠
𣣔	1	欲	3	
𣣕	2	𣣕&歑	0	𣣕
𣣖	1	菡	1	菡
𣣙	1	款	1	款
𣣛	1	炊	1	炊
𣣝	1	𣢣	1	𣢣
𣣞	0	𣣞	0	𣣞
𣣟	0	𣣟	0	𣣟
𣣠	0	𣣠	0	𣣠
𣣡	1	𣣠	1	𣣠
𣣢	2	歋&𣣢	1	歋
𣣣	1	𣣈	1	𣣈
𣣤	1	𣣏	1	𣣏
𣣥	1	𣣹	1	𣣹
𣣦	1	𣢱	1	𣢱
𣣧	1	𣣸	1	𣣸
𣣨	1	歃	1	歃
𣣩	0	𣣩	0	𣣩
𣣬	1	資	1	資
𣣮	1	歃	3	
𣣯	3	㱀&欼	1	欼
𣣰	3	𣣌&𣧸	1	𣣌
𣣱	1	欹	1	欹
𣣲	0	𣣲	0	𣣲
𣣳	0	𣣳	0	𣣳
𣣴	0	𣣴	0	𣣴
𣣵	1	𣣳	1	𣣳
𣣶	1	㰡	1	㰡
𣣷	1	嗤	1	嗤
𣣸	0	𣣸	0	𣣸
𣣹	2	欱&𣣹	0	𣣹
𣣺	1	嗄	1	嗄
𣣻	1	欿	1	欿
𣣼	2	嗌&𣣼	1	嗌
𣣽	1	欽	1	欽
𣣾	1	啞	1	啞
𣣿	0	𣣿	0	𣣿
𣤀	1	歂	1	歂
𣤁	1	𣥀	1	𣥀
𣤂	1	款	1	款
𣤃	1	欸	1	欸
𣤇	2	塙&𣤇	0	𣤇
𣤈	0	𣤈	0	𣤈
𣤉	1	欿	1	欿
𣤊	0	𣤊	0	𣤊
𣤋	0	𣤋	0	𣤋
𣤌	2	歠&𣤌	2	歠&𣤌
𣤍	1	𣣳	1	𣣳
𣤎	1	𣣸	1	𣣸
𣤏	1	歈	1	歈
𣤐	1	㰲	1	㰲
𣤑	1	歌	1	歌
𣤒	1	歌	1	歌
𣤔	0	𣤔	0	𣤔
𣤕	1	歠	3	
𣤖	0	𣤖	3	
𣤗	1	飲	1	飲
𣤘	0	𣤘	0	𣤘
𣤙	1	歊	1	歊
𣤚	1	釂	1	釂
𣤛	1	歘	3	
𣤜	3	㝡&最	1	最
𣤟	1	𣤺	3	
𣤠	1	噦	1	噦
𣤡	3	噢&𣢜	3	噢&𣢜
𣤢	0	𣤢	0	𣤢
𣤣	1	𣣳	1	𣣳
𣤥	1	𣣲	1	𣣲
𣤦	1	𤪎	3	
𣤩	0	𣤩	0	𣤩
𣤫	1	魗	3	
𣤬	2	𣤬&𧭪	0	𣤬
𣤭	0	𣤭	0	𣤭
𣤱	0	𣤱	0	𣤱
𣤲	1	諤	1	諤
𣤴	2	㱆&𣤴	0	𣤴
𣤵	0	𣤵	0	𣤵
𣤶	2	噈&𣤶	0	𣤶
𣤷	0	𣤷	0	𣤷
𣤸	1	攘	3	
𣤹	2	釂&𣤹	2	釂&𣤹
𣤺	2	𣤺&𣤶	1	𣤶
𣤻	1	色	1	色
𣤼	3	B01933&㱆	1	B01933
𣤿	1	㱎	1	㱎
𣥀	2	歜&𣥀	0	𣥀
𣥁	1	歎	1	歎
𣥂	0	𣥂	0	𣥂
𣥃	0	𣥃	0	𣥃
𣥄	1	乏	1	乏
𣥅	1	此	1	此
𣥇	0	𣥇	0	𣥇
𣥈	1	𢁹	1	𢁹
𣥉	1	咫	1	咫
𣥊	0	𣥊	0	𣥊
𣥋	0	𣥋	0	𣥋
𣥌	1	幻	1	幻
𣥍	1	近	1	近
𣥎	2	𣥎&戰	1	戰
𣥏	1	旅	1	旅
𣥐	2	𣥐&旅&魯	3	旅&魯
𣥑	3	歬&前	1	前
𣥒	3	歰&澀	1	澀
𣥓	3	𣥐&魯	1	魯
𣥔	1	正	1	正
𣥕	3	步&走	3	步&走
𣥖	2	此&歧&𣥖&癶	2	此&歧&𣥖&癶
𣥗	1	𣥂	1	𣥂
𣥘	1	戶	1	戶
𣥙	2	罔&𣥙	0	𣥙
𣥚	1	走	1	走
𣥜	1	時	3	
𣥟	1	戰	1	戰
𣥠	1	癶	1	癶
𣥡	1	𣭻	3	
𣥢	1	𣥊	1	𣥊
𣥣	0	𣥣	0	𣥣
𣥤	1	肯	1	肯
𣥥	0	𣥥	0	𣥥
𣥦	1	跟	1	跟
𣥧	1	著	1	著
𣥨	0	𣥨	0	𣥨
𣥩	1	涉	1	涉
𣥪	1	近	1	近
𣥫	1	齒	1	齒
𣥭	3	𣥎&戰	1	戰
𣥮	1	跬	3	
𣥲	1	徒	1	徒
𣥳	2	途&𣥳	2	途&𣥳
𣥴	1	死	1	死
𣥶	1	步	1	步
𣥸	1	睿	1	睿
𣥹	0	𣥹	0	𣥹
𣥺	2	撐&𣥺	2	撐&𣥺
𣥻	0	𣥻	0	𣥻
𣥼	0	𣥼	0	𣥼
𣥽	1	𨂭	1	𨂭
𣥾	0	𣥾	0	𣥾
𣥿	1	涉	1	涉
𣦁	1	諸	1	諸
𣦂	1	初	1	初
𣦃	3	前&剪	1	剪
𣦄	1	虚	1	虚
𣦅	1	祟	1	祟
𣦇	0	𣦇	0	𣦇
𣦉	0	𣦉	0	𣦉
𣦋	1	齒	1	齒
𣦑	1	駈	3	
𣦒	1	睿	3	
𣦔	1	整	1	整
𣦕	3	𣂢&斷	1	斷
𣦖	1	乾	1	乾
𣦗	1	齒	1	齒
𣦘	1	驅	1	驅
𣦙	1	斷	1	斷
𣦜	3	蹺&蹻	1	蹺
𣦝	1	蹲	1	蹲
𣦞	1	夔	1	夔
𣦟	3	歱&剪&踵	3	剪&踵
𣦡	1	躇	1	躇
𣦢	2	躄&𣦢	2	躄&𣦢
𣦦	0	𣦦	0	𣦦
𣦧	2	𣦬&𣦧	0	𣦧
𣦨	1	歸	1	歸
𣦬	0	𣦬	3	
𣦯	0	𣦯	0	𣦯
𣦱	1	轡	1	轡
𣦲	1	叡	1	叡
𣦳	1	叡	3	
𣦴	1	𧾜	3	
𣦵	2	貞&𣦵	2	貞&𣦵
𣦶	2	歹&𣦶	1	歹
𣦷	2	𣦷&㱜&𣧖	2	𣦷&𣧖
𣦸	3	死&𣦹	1	死
𣦹	2	死&𣦹	1	死
𣦺	1	殄	1	殄
𣦻	0	𣦻	0	𣦻
𣦼	1	𣦻	1	𣦻
𣦽	1	夙	1	夙
𣦾	1	死	3	
𣦿	3	朽&㱙	1	朽
𣧀	1	弘	1	弘
𣧁	1	殠	1	殠
𣧂	2	殢&𣧂	0	𣧂
𣧃	1	殬	1	殬
𣧄	0	𣧄	0	𣧄
𣧅	1	𣧂	1	𣧂
𣧆	1	𣧌	1	𣧌
𣧇	3	札&死	1	死
𣧉	1	㱞	1	㱞
𣧊	0	𣧊	0	𣧊
𣧋	2	𣧋&𣧸	1	𣧸
𣧌	2	殘&𣧌&𣧡	0	𣧌
𣧍	0	𣧍	0	𣧍
𣧎	0	𣧎	0	𣧎
𣧏	2	攷&𣧏	0	𣧏
𣧐	2	𣧐&㱜&𣧖	2	𣧐&𣧖
𣧑	1	凶	1	凶
𣧒	2	𣧒&殁&舛	3	殁&舛
𣧓	1	州	1	州
𣧔	3	㱙&𣧬	1	𣧬
𣧕	1	殀	1	殀
𣧖	2	㱜&𣧖	0	𣧖
𣧘	3	𣧒&舛	1	舛
𣧝	0	𣧝	0	𣧝
𣧞	2	𣧞&䰡	1	䰡
𣧟	1	殙	1	殙
𣧠	1	殄	1	殄
𣧡	0	𣧡	0	𣧡
𣧢	1	殄	1	殄
𣧣	0	𣧣	0	𣧣
𣧤	0	𣧤	0	𣧤
𣧥	0	𣧥	0	𣧥
𣧦	0	𣧦	0	𣧦
𣧧	0	𣧧	0	𣧧
𣧨	2	𣧨&骴	1	骴
𣧩	1	終	1	終
𣧪	1	𣨢	1	𣨢
𣧫	1	殂	1	殂
𣧬	2	殉&㱙&𣧬	0	𣧬
𣧭	1	𣨡	1	𣨡
𣧮	3	辜&㱠	1	㱠
𣧰	1	𣧍	1	𣧍
𣧱	0	𣧱	0	𣧱
𣧲	0	𣧲	0	𣧲
𣧳	2	落&𣧳	1	落
𣧴	1	腴	1	腴
𣧵	2	𣧡&𣧵	2	𣧡&𣧵
𣧶	1	殍	1	殍
𣧷	0	𣧷	0	𣧷
𣧸	0	𣧸	0	𣧸
𣧹	2	弭&𣧹	0	𣧹
𣧻	2	𣧻&㱚	1	㱚
𣧼	1	尯	1	尯
𣧽	0	𣧽	0	𣧽
𣧾	2	殙&𣧾	2	殙&𣧾
𣧿	0	𣧿	0	𣧿
𣨀	0	𣨀	0	𣨀
𣨁	3	𣧨&骴	1	骴
𣨃	1	腴	1	腴
𣨅	0	𣨅	0	𣨅
𣨆	1	𩛨	1	𩛨
𣨇	0	𣨇	0	𣨇
𣨈	1	殍	1	殍
𣨉	0	𣨉	0	𣨉
𣨊	0	𣨊	0	𣨊
𣨋	0	𣨋	0	𣨋
𣨌	1	唁	1	唁
𣨍	0	𣨍	0	𣨍
𣨎	0	𣨎	0	𣨎
𣨏	3	殁&歾	1	殁
𣨐	2	𣨐&殂	1	殂
𣨑	1	殪	1	殪
𣨖	1	殂	1	殂
𣨗	1	㱤	1	㱤
𣨘	2	殀&𣨘	2	殀&𣨘
𣨙	0	𣨙	0	𣨙
𣨚	1	殜	1	殜
𣨛	0	𣨛	0	𣨛
𣨜	0	𣨜	0	𣨜
𣨝	0	𣨝	0	𣨝
𣨞	0	𣨞	0	𣨞
𣨟	0	𣨟	0	𣨟
𣨠	0	𣨠	0	𣨠
𣨡	0	𣨡	0	𣨡
𣨢	0	𣨢	0	𣨢
𣨣	0	𣨣	0	𣨣
𣨤	0	𣨤	0	𣨤
𣨥	1	㱶	1	㱶
𣨦	1	殲	1	殲
𣨨	1	殁	1	殁
𣨬	1	琰	1	琰
𣨯	1	殙	1	殙
𣨱	1	禍	1	禍
𣨲	0	𣨲	0	𣨲
𣨳	0	𣨳	0	𣨳
𣨴	1	湈	1	湈
𣨵	1	𣩱	1	𣩱
𣨶	0	𣨶	0	𣨶
𣨷	1	禍	1	禍
𣨸	1	癘	1	癘
𣨹	3	唁&喭	1	唁
𣨻	1	薧	1	薧
𣨼	1	殢	3	
𣩄	3	溘&𣩱	3	溘&𣩱
𣩅	0	𣩅	0	𣩅
𣩆	1	冥	1	冥
𣩇	1	腐	1	腐
𣩈	2	瘥&𣩈	2	瘥&𣩈
𣩉	1	殪	1	殪
𣩊	1	磔	3	
𣩋	1	殂	1	殂
𣩌	1	奉	1	奉
𣩍	1	戮	1	戮
𣩎	1	㱳	1	㱳
𣩏	0	𣩏	0	𣩏
𣩐	1	縮	1	縮
𣩑	0	𣩑	0	𣩑
𣩒	1	傮	1	傮
𣩓	3	剿&勦	1	剿
𣩔	0	𣩔	0	𣩔
𣩕	2	𣩕&𣩷	1	𣩷
𣩖	1	衰	1	衰
𣩗	1	𣨅	1	𣨅
𣩙	2	蔫&𣩙	1	蔫
𣩝	1	癇	1	癇
𣩞	1	癇	1	癇
𣩟	0	𣩟	0	𣩟
𣩠	2	澌&𣩠	2	澌&𣩠
𣩡	0	𣩡	0	𣩡
𣩢	0	𣩢	0	𣩢
𣩣	1	殜	1	殜
𣩨	1	殜	1	殜
𣩩	1	㱸	1	㱸
𣩪	0	𣩪	0	𣩪
𣩫	1	殜	1	殜
𣩬	1	㱴	1	㱴
𣩭	0	𣩭	0	𣩭
𣩮	1	膾	3	
𣩯	2	殗&𣩯	2	殗&𣩯
𣩰	0	𣩰	0	𣩰
𣩱	0	𣩱	0	𣩱
𣩲	1	殣	1	殣
𣩳	1	㣅	1	㣅
𣩴	0	𣩴	0	𣩴
𣩵	1	殯	3	
𣩶	1	薤	1	薤
𣩷	0	𣩷	0	𣩷
𣩹	0	𣩹	3	
𣩺	0	𣩺	0	𣩺
𣩻	2	𣩹&𣩻	0	𣩻
𣩼	1	㱫	1	㱫
𣩽	1	壤	1	壤
𣩾	1	薨	1	薨
𣩿	2	𣩿&㿚	1	㿚
𣪀	0	𣪀	0	𣪀
𣪂	2	班&般&𣪂	2	班&般&𣪂
𣪃	0	𣪃	0	𣪃
𣪅	1	毆	1	毆
𣪆	1	殺	1	殺
𣪈	2	㱾&𣪈	1	㱾
𣪉	1	皮	1	皮
𣪋	2	救&𣪋	1	救
𣪌	2	投&祋&𣪌	2	投&祋&𣪌
𣪍	1	殿	1	殿
𣪎	3	殼&嗀	1	嗀
𣪏	2	𣪏&敢	1	敢
𣪐	1	𣫐	1	𣫐
𣪕	1	簋	1	簋
𣪖	1	殺	1	殺
𣪗	2	㱿&殼&𣪗	2	殼&𣪗
𣪘	1	簋	3	
𣪙	1	㲃	1	㲃
𣪚	1	散	3	
𣪛	3	㱿&嗀	1	嗀
𣪝	0	𣪝	3	
𣪞	1	殷	3	
𣪠	1	毄	1	毄
𣪡	1	𢾝	1	𢾝
𣪢	1	𢾊	3	
𣪣	1	毅	1	毅
𣪤	3	剓&剺	1	剺
𣪥	1	嗀	1	嗀
𣪧	1	殷	3	
𣪨	1	㺉	1	㺉
𣪩	1	殺	1	殺
𣪪	3	殿&𢾛	1	殿
𣪫	1	殿	3	
𣪬	2	𣪬&𤚼	0	𣪬
𣪭	0	𣪭	0	𣪭
𣪮	2	宰&𣪮	0	𣪮
𣪯	0	𣪯	0	𣪯
𣪰	1	剜	1	剜
𣪱	3	敳&敱	1	敱
𣪲	1	鑿	1	鑿
𣪳	1	嗀	1	嗀
𣪶	0	𣪶	0	𣪶
𣪷	1	毀	1	毀
𣪸	1	鷇	1	鷇
𣪹	1	㲉	1	㲉
𣪺	1	縠	3	
𣪻	3	𣫞&鑿	1	鑿
𣪼	3	𢿦&𢿽	1	𢿽
𣪽	3	敽&敿	1	敿
𣪾	1	𣫐	1	𣫐
𣪿	3	𢿧&𢿵	1	𢿵
𣫀	0	𣫀	0	𣫀
𣫁	1	敲	1	敲
𣫃	1	㝅	3	
𣫅	1	觳	3	
𣫆	3	磬&罄	1	磬
𣫈	1	𨢋	1	𨢋
𣫊	1	鼓	3	
𣫋	1	穀	3	
𣫌	1	㝅	1	㝅
𣫍	1	斂	3	
𣫐	0	𣫐	0	𣫐
𣫑	1	𣀔	1	𣀔
𣫒	0	𣫒	0	𣫒
𣫓	2	𣫓&䵈	0	𣫓
𣫖	1	毅	1	毅
𣫗	3	糓&穀	1	穀
𣫘	1	㲉	1	㲉
𣫙	0	𣫙	0	𣫙
𣫚	1	毅	1	毅
𣫛	1	豰	3	
𣫝	1	腔	3	
𣫞	2	𣫞&鑿	1	鑿
𣫟	1	翿	1	翿
𣫠	1	鷇	3	
𣫡	1	竷	1	竷
𣫢	2	籢&奩&𣫢	2	奩&𣫢
𣫣	0	𣫣	0	𣫣
𣫤	1	鼟	1	鼟
𣫥	0	𣫥	0	𣫥
𣫦	3	系&繫	1	系
𣫧	2	𠫌&𣫧	2	𠫌&𣫧
𣫨	0	𣫨	0	𣫨
𣫩	3	𣫞&鑿	1	鑿
𣫪	0	𣫪	0	𣫪
𣫫	1	鑿	1	鑿
𣫬	0	𣫬	0	𣫬
𣫭	1	每	1	每
𣫯	1	蹯	1	蹯
𣫰	1	毑	1	毑
𣫴	1	𦋅	1	𦋅
𣫹	0	𣫹	0	𣫹
𣫺	1	育	1	育
𣫻	1	婁	3	
𣬂	0	𣬂	0	𣬂
𣬃	3	𣬇&勞	1	勞
𣬄	1	勞	1	勞
𣬅	3	比&芘	1	比
𣬆	2	斐&𣬆	2	斐&𣬆
𣬇	0	𣬇	3	
𣬈	1	毗	1	毗
𣬉	1	毗	1	毗
𣬊	3	拜&笄	1	拜
𣬋	1	㲋	1	㲋
𣬌	3	𠤣&次	1	次
𣬍	0	𣬍	0	𣬍
𣬎	0	𣬎	0	𣬎
𣬏	0	𣬏	0	𣬏
𣬐	2	𣬎&𣬐	0	𣬐
𣬑	1	掍	1	掍
𣬒	3	𣬐&𧳅	1	𧳅
𣬓	1	拜	1	拜
𣬔	3	𣬐&𧳅	1	𧳅
𣬕	0	𣬕	0	𣬕
𣬖	1	毗	1	毗
𣬗	0	𣬗	0	𣬗
𣬙	1	競	3	
𣬚	2	𠓗&𣬚	0	𣬚
𣬛	0	𣬛	0	𣬛
𣬜	1	禿	1	禿
𣬡	1	麾	1	麾
𣬢	1	㲏	1	㲏
𣬣	1	鬍	1	鬍
𣬩	0	𣬩	0	𣬩
𣬪	0	𣬪	0	𣬪
𣬫	0	𣬫	0	𣬫
𣬬	0	𣬬	0	𣬬
𣬭	1	髯	1	髯
𣬮	1	髲	1	髲
𣬴	0	𣬴	3	
𣬵	2	旄&𣬵	2	旄&𣬵
𣬸	1	䎄	1	䎄
𣬹	0	𣬹	0	𣬹
𣬺	0	𣬺	0	𣬺
𣬻	0	𣬻	0	𣬻
𣬼	2	翍&𣬼	2	翍&𣬼
𣬽	0	𣬽	0	𣬽
𣬾	1	䯱	1	䯱
𣬿	0	𣬿	0	𣬿
𣭀	1	菢	1	菢
𣭁	1	毞	1	毞
𣭂	1	氍	1	氍
𣭄	2	拏&𣭄&𣭠	1	𣭠
𣭅	1	旄	1	旄
𣭇	0	𣭇	0	𣭇
𣭈	1	屄	1	屄
𣭘	1	拂	3	
𣭜	1	毣	1	毣
𣭝	0	𣭝	0	𣭝
𣭞	1	毦	1	毦
𣭟	1	毨	1	毨
𣭠	2	毠&𣭠	0	𣭠
𣭡	2	毨&𣭡	1	毨
𣭢	1	耄	1	耄
𣭣	2	氈&𣭣	1	氈
𣭤	1	𣯴	3	
𣭭	1	氂	1	氂
𣭮	0	𣭮	0	𣭮
𣭱	1	㲖	1	㲖
𣭲	3	𣯍&氄	1	氄
𣭳	1	毬	1	毬
𣭴	2	毹&𣭴	1	毹
𣭵	3	毹&𣭴	1	𣭴
𣭶	1	睫	1	睫
𣭷	0	𣭷	0	𣭷
𣭸	1	毼	1	毼
𣭹	0	𣭹	0	𣭹
𣭺	0	𣭺	0	𣭺
𣭻	0	𣭻	0	𣭻
𣭼	1	尿	1	尿
𣭽	1	𣭺	1	𣭺
𣮃	0	𣮃	0	𣮃
𣮅	1	㲚	1	㲚
𣮆	1	毻	1	毻
𣮈	2	屈&𣮈	1	屈
𣮉	2	斄&𣮉	0	𣮉
𣮊	0	𣮊	0	𣮊
𣮋	1	氂	1	氂
𣮌	3	睫&䀹	1	睫
𣮍	3	睫&䀹	1	睫
𣮎	0	𣮎	0	𣮎
𣮏	0	𣮏	0	𣮏
𣮐	0	𣮐	0	𣮐
𣮑	3	睫&毷	1	睫
𣮒	1	睫	1	睫
𣮓	3	𣮥&毱	1	毱
𣮔	2	氍&𣮔	1	氍
𣮕	1	毱	1	毱
𣮖	1	氂	3	
𣮠	1	散	3	
𣮢	1	諄	1	諄
𣮣	1	睫	1	睫
𣮤	1	鬃	1	鬃
𣮥	0	𣮥	3	
𣮧	0	𣮧	0	𣮧
𣮨	1	㲲	1	㲲
𣮩	3	㲨&𣯏&䩸	3	𣯏&䩸
𣮪	1	毧	1	毧
𣮫	2	𣮫&毠	1	毠
𣮬	2	𣮬&𣯜	1	𣯜
𣮭	1	㲔	1	㲔
𣮮	1	眉	1	眉
𣮯	1	𣯜	1	𣯜
𣮰	1	𣮊	1	𣮊
𣮱	3	𣮫&袈&毠	3	袈&毠
𣮲	1	毻	1	毻
𣮳	1	耄	1	耄
𣮴	3	鞠&毱	3	鞠&毱
𣮵	1	毹	1	毹
𣮷	1	毼	3	
𣮸	1	𣮬	3	
𣮹	2	𣯐&𣮹	0	𣮹
𣮻	1	氈	3	
𣮿	1	氈	3	
𣯀	1	毷	1	毷
𣯁	1	毹	1	毹
𣯂	1	𣮃	1	𣮃
𣯃	1	頿	3	
𣯅	3	罽&𦇧	3	罽&𦇧
𣯆	0	𣯆	0	𣯆
𣯇	2	毼&𣯇	1	毼
𣯈	1	毾	1	毾
𣯉	1	㲲	1	㲲
𣯊	1	𣮧	1	𣮧
𣯋	1	縟	1	縟
𣯌	2	𣯌&娑	1	娑
𣯍	2	𣯍&氄	1	氄
𣯎	0	𣯎	0	𣯎
𣯏	2	𣯏&䩸	2	𣯏&䩸
𣯐	0	𣯐	3	
𣯑	3	氍&𩿂	1	氍
𣯒	1	氍	1	氍
𣯓	1	𣮧	1	𣮧
𣯔	1	𣮬	3	
𣯕	3	釐&氂	1	氂
𣯛	1	氂	1	氂
𣯜	0	𣯜	0	𣯜
𣯝	1	毳	1	毳
𣯞	1	𣮧	3	
𣯟	2	𣯟&𣮧	1	𣮧
𣯠	1	毳	1	毳
𣯢	3	𣯌&娑	1	娑
𣯣	1	𣯩	3	
𣯤	1	㒿	1	㒿
𣯥	1	睫	1	睫
𣯦	1	髻	1	髻
𣯧	2	𣯧&毸&𩮴	3	毸&𩮴
𣯨	0	𣯨	0	𣯨
𣯩	0	𣯩	0	𣯩
𣯪	0	𣯪	0	𣯪
𣯫	1	氀	1	氀
𣯬	2	𣮧&𣯬	0	𣯬
𣯭	0	𣯭	0	𣯭
𣯮	1	睫	1	睫
𣯯	3	𣯧&毸	1	毸
𣯰	1	睫	1	睫
𣯱	1	毰	1	毰
𣯲	1	毱	1	毱
𣯳	1	氁	3	
𣯴	0	𣯴	3	
𣯵	1	𣬴	3	
𣯶	1	毿	3	
𣯷	1	氂	1	氂
𣯸	1	氍	1	氍
𣯹	0	𣯹	0	𣯹
𣯺	1	毿	1	毿
𣯻	0	𣯻	0	𣯻
𣯼	0	𣯼	0	𣯼
𣯽	1	氆	1	氆
𣯾	1	毾	1	毾
𣰃	0	𣰃	3	
𣰄	1	𣰃	3	
𣰅	1	毾	3	
𣰆	1	㲪	1	㲪
𣰇	1	氄	3	
𣰉	1	氅	1	氅
𣰊	1	鬞	1	鬞
𣰋	2	𣰋&氍	1	氍
𣰌	0	𣰌	0	𣰌
𣰍	1	睫	1	睫
𣰎	2	毹&𣰎	1	毹
𣰐	1	裘	1	裘
𣰔	1	氈	1	氈
𣰕	1	氉	1	氉
𣰖	1	𣰚	1	𣰚
𣰗	1	毳	1	毳
𣰚	0	𣰚	0	𣰚
𣰛	0	𣰛	0	𣰛
𣰜	0	𣰜	0	𣰜
𣰞	3	睫&䀹	1	睫
𣰟	1	毹	1	毹
𣰠	1	氍	1	氍
𣰡	0	𣰡	0	𣰡
𣰢	1	氀	1	氀
𣰣	1	𣰡	1	𣰡
𣰧	1	氍	3	
𣰨	0	𣰨	0	𣰨
𣰫	3	㲱&鬣	1	鬣
𣰬	2	纛&𣰬	0	𣰬
𣰭	1	㲲	1	㲲
𣰮	1	𣯼	1	𣯼
𣰯	1	氌	3	
𣰰	1	𣰋	3	
𣰲	3	𥎜&氄	1	氄
𣰶	2	鬤&𣰶	2	鬤&𣰶
𣰷	0	𣰷	0	𣰷
𣰸	1	㲲	1	㲲
𣰻	1	氍	1	氍
𣰼	0	𣰼	0	𣰼
𣰽	1	氍	3	
𣰿	0	𣰿	0	𣰿
𣱀	1	氌	1	氌
𣱃	1	㲲	3	
𣱄	1	髯	1	髯
𣱅	1	氓	1	氓
𣱇	1	伺	1	伺
𣱈	0	𣱈	0	𣱈
𣱉	0	𣱉	0	𣱉
𣱊	1	祗	1	祗
𣱋	1	奃	1	奃
𣱎	1	㲳	1	㲳
𣱏	1	於	1	於
𣱐	0	𣱐	0	𣱐
𣱑	1	𣱐	1	𣱐
𣱒	1	𣱐	1	𣱐
𣱓	0	𣱓	0	𣱓
𣱕	3	刉&刏	1	刏
𣱖	1	氣	1	氣
𣱙	3	氤&陰	1	陰
𣱚	3	刉&刏	1	刉
𣱛	1	氣	1	氣
𣱜	1	氤	1	氤
𣱝	1	氡	3	
𣱞	1	刉	1	刉
𣱠	0	𣱠	0	𣱠
𣱡	2	㰬&𣱡	1	㰬
𣱣	1	氤	3	
𣱤	0	𣱤	0	𣱤
𣱦	1	氛	1	氛
𣱧	0	𣱧	0	𣱧
𣱩	1	消	3	
𣱪	2	𣱪&㲴	1	㲴
𣱮	1	氫	1	氫
𣱯	3	𣱪&㲴	1	㲴
𣱲	1	之	3	
𣱳	1	未	3	
𣱴	3	汙&污&沔	3	污&沔
𣱵	1	永	1	永
𣱶	2	濮&𣱶	2	濮&𣱶
𣱷	1	貨	1	貨
𣱺	1	汃	3	
𣱻	3	似&兕	3	似&兕
𣲀	0	𣲀	0	𣲀
𣲁	1	汔	1	汔
𣲂	0	𣲂	0	𣲂
𣲃	1	沌	1	沌
𣲄	3	九&氿	1	氿
𣲅	1	江	1	江
𣲆	3	氾&汜	1	氾
𣲇	1	汗	3	
𣲋	1	坻	1	坻
𣲌	1	汛	1	汛
𣲎	1	飲	1	飲
𣲏	2	攸&𣲏	0	𣲏
𣲐	3	冱&沍	1	沍
𣲑	2	沍&𣲑	2	沍&𣲑
𣲒	2	泐&𣲒	1	泐
𣲓	2	𣲡&沙&𣲓	2	沙&𣲓
𣲔	1	泣	1	泣
𣲕	1	坍	1	坍
𣲗	1	湋	3	
𣲘	1	潕	3	
𣲙	3	冰&溺	1	冰
𣲝	3	冰&凝	1	冰
𣲞	1	㳐	1	㳐
𣲟	1	泄	1	泄
𣲠	1	汐	1	汐
𣲡	2	𣲡&沙	1	沙
𣲨	3	冱&沍	1	沍
𣲩	2	𣲩&汜	1	汜
𣲯	1	𣲩	3	
𣲰	1	𣲏	3	
𣲲	0	𣲲	0	𣲲
𣲳	0	𣲳	0	𣲳
𣲴	1	沸	1	沸
𣲵	0	𣲵	0	𣲵
𣲶	0	𣲶	0	𣲶
𣲷	0	𣲷	0	𣲷
𣲸	1	澮	1	澮
𣲹	1	坍	1	坍
𣲺	1	決	1	決
𣲻	1	涺	1	涺
𣲼	1	厬	1	厬
𣲽	2	沈&沉&𣲽	2	沈&沉&𣲽
𣲾	0	𣲾	0	𣲾
𣲿	1	𠬦	1	𠬦
𣳀	0	𣳀	0	𣳀
𣳁	1	滄	1	滄
𣳂	1	克	1	克
𣳄	1	𣳤	1	𣳤
𣳅	1	沴	1	沴
𣳆	1	㵗	3	
𣳊	0	𣳊	0	𣳊
𣳋	1	泛	1	泛
𣳓	1	汴	3	
𣳔	1	淜	3	
𣳘	1	泄	1	泄
𣳙	3	𣴔&泝	1	泝
𣳚	1	没	1	没
𣳛	3	流&派	1	流
𣳝	1	泮	1	泮
𣳞	1	沆	3	
𣳟	1	𣲡	3	
𣳡	1	泧	1	泧
𣳣	2	泦&𣳣	0	𣳣
𣳤	0	𣳤	0	𣳤
𣳥	1	渡	1	渡
𣳦	0	𣳦	0	𣳦
𣳧	1	涎	1	涎
𣳨	1	堆	1	堆
𣳩	2	涎&𣳩	2	涎&𣳩
𣳪	1	㳏	1	㳏
𣳫	2	𣳫&汪	1	汪
𣳬	2	法&𣳬	2	法&𣳬
𣳭	2	淼&𣳭	2	淼&𣳭
𣳮	3	沼&治	1	治
𣳯	1	滋	1	滋
𣳰	0	𣳰	0	𣳰
𣳱	1	潔	1	潔
𣳲	0	𣳲	0	𣳲
𣳳	3	洗&洒	3	洗&洒
𣳴	1	法	1	法
𣳵	1	濟	1	濟
𣳶	1	㳪	1	㳪
𣳷	2	淜&𣳷	1	淜
𣳹	1	洿	1	洿
𣴁	1	汐	1	汐
𣴊	1	泡	1	泡
𣴎	1	羕	1	羕
𣴑	1	流	1	流
𣴒	3	汏&汱	1	汱
𣴔	2	𣴔&泝	1	泝
𣴕	1	洸	1	洸
𣴖	0	𣴖	0	𣴖
𣴗	1	洚	1	洚
𣴞	0	𣴞	0	𣴞
𣴟	2	浣&澣&𣴟	0	𣴟
𣴠	1	活	1	活
𣴡	1	潷	1	潷
𣴢	0	𣴢	0	𣴢
𣴣	0	𣴣	0	𣴣
𣴤	1	淢	1	淢
𣴥	2	汪&𣴥	0	𣴥
𣴦	1	泓	1	泓
𣴧	1	洮	1	洮
𣴨	0	𣴨	0	𣴨
𣴩	1	濱	1	濱
𣴪	3	淠&㵺	3	淠&㵺
𣴫	1	波	1	波
𣴬	1	没	1	没
𣴭	1	汒	1	汒
𣴮	1	渽	1	渽
𣴯	3	澮&巜	1	澮
𣴰	1	汙	1	汙
𣴱	3	洋&瀰	1	瀰
𣴲	1	浴	1	浴
𣴳	1	社	1	社
𣴴	1	海	1	海
𣴵	1	㳷	1	㳷
𣴶	1	漆	1	漆
𣴷	2	挲&𣴷	1	挲
𣴸	1	淵	1	淵
𣴹	1	澆	1	澆
𣴺	1	淵	1	淵
𣴻	1	澀	1	澀
𣴼	3	澣&𣴟	1	𣴟
𣴾	3	沲&沱	1	沱
𣵀	1	涅	3	
𣵂	1	飲	1	飲
𣵈	1	濱	3	
𣵐	1	漣	3	
𣵚	1	添	3	
𣵞	3	氽&溶	1	溶
𣵠	1	涿	1	涿
𣵡	1	汗	3	
𣵢	1	𣶞	1	𣶞
𣵣	1	菏	1	菏
𣵤	1	涎	1	涎
𣵥	1	滔	3	
𣵦	3	澱&淀	1	淀
𣵧	1	𧥿	3	
𣵨	1	洹	1	洹
𣵩	1	浾	1	浾
𣵫	1	深	3	
𣵬	1	濤	1	濤
𣵭	1	汪	3	
𣵱	0	𣵱	0	𣵱
𣵷	0	𣵷	0	𣵷
𣵸	2	𣵸&𣽆	2	𣵸&𣽆
𣵹	2	浧&𣵹	0	𣵹
𣵺	1	沱	1	沱
𣵻	1	沱	1	沱
𣵼	1	涆	1	涆
𣵽	1	沃	3	
𣵾	3	窪&洼	1	洼
𣵿	1	涎	1	涎
𣶀	2	𣶀&㴘	0	𣶀
𣶁	1	淅	1	淅
𣶂	0	𣶂	0	𣶂
𣶃	1	潮	1	潮
𣶄	1	洌	1	洌
𣶅	1	涺	1	涺
𣶆	0	𣶆	0	𣶆
𣶇	1	灑	1	灑
𣶈	2	漭&𣶈	2	漭&𣶈
𣶉	1	戽	1	戽
𣶊	1	泊	1	泊
𣶋	0	𣶋	0	𣶋
𣶌	1	汶	1	汶
𣶍	0	𣶍	0	𣶍
𣶎	1	岶	1	岶
𣶏	0	𣶏	0	𣶏
𣶐	2	泡&𣶐	2	泡&𣶐
𣶑	1	洶	1	洶
𣶒	1	淵	1	淵
𣶔	1	漢	1	漢
𣶕	1	洭	1	洭
𣶖	2	溼&𣶖	0	𣶖
𣶘	2	洬&𣶘	0	𣶘
𣶙	1	涎	1	涎
𣶚	1	涎	1	涎
𣶛	3	㳄&涎	1	涎
𣶜	3	㳄&涎	1	涎
𣶝	0	𣶝	0	𣶝
𣶞	2	𣶞&𣼚	0	𣶞
𣶟	1	滄	1	滄
𣶡	0	𣶡	0	𣶡
𣶢	1	滂	1	滂
𣶣	1	漙	1	漙
𣶤	2	硰&𣶤	0	𣶤
𣶥	2	湱&𣶥	0	𣶥
𣶦	1	沰	1	沰
𣶩	1	澅	3	
𣶫	1	𣿉	3	
𣶬	1	涵	1	涵
𣶭	1	𪷓	3	
𣶮	1	溯	3	
𣶵	1	涉	1	涉
𣶾	0	𣶾	0	𣶾
𣶿	1	瀰	1	瀰
𣷈	1	潚	3	
𣷍	1	湄	1	湄
𣷗	1	聚	3	
𣷚	1	桼	3	
𣷛	1	魅	1	魅
𣷜	1	涎	1	涎
𣷝	1	澆	1	澆
𣷞	0	𣷞	3	
𣷟	1	涬	1	涬
𣷡	0	𣷡	0	𣷡
𣷢	1	湑	1	湑
𣷤	1	㳷	1	㳷
𣷥	1	溯	1	溯
𣷦	1	漆	1	漆
𣷧	1	涪	1	涪
𣷨	1	淵	3	
𣷩	1	洕	1	洕
𣷪	1	汪	1	汪
𣷬	1	淵	3	
𣷵	2	漆&𣷵	2	漆&𣷵
𣷶	0	𣷶	0	𣷶
𣷸	1	㴀	3	
𣷹	1	添	3	
𣷻	1	洹	1	洹
𣷼	1	漙	1	漙
𣷽	1	浸	1	浸
𣷾	2	厬&𣷾	2	厬&𣷾
𣷿	0	𣷿	0	𣷿
𣸀	0	𣸀	0	𣸀
𣸁	1	津	1	津
𣸂	1	㳦	1	㳦
𣸃	2	沭&𣸃	2	沭&𣸃
𣸄	0	𣸄	0	𣸄
𣸅	2	活&𣸅	2	活&𣸅
𣸆	1	泚	1	泚
𣸇	0	𣸇	0	𣸇
𣸈	1	溲	1	溲
𣸉	2	𣸉&澾	2	𣸉&澾
𣸊	0	𣸊	0	𣸊
𣸋	2	畎&𣸋	2	畎&𣸋
𣸌	1	𣹇	1	𣹇
𣸍	1	潑	1	潑
𣸎	0	𣸎	0	𣸎
𣸏	1	𣹤	1	𣹤
𣸐	0	𣸐	0	𣸐
𣸒	1	𣹲	1	𣹲
𣸓	1	濟	1	濟
𣸔	2	淭&𣸔	0	𣸔
𣸕	1	水	1	水
𣸖	1	涬	1	涬
𣸗	2	漦&𣸗	1	漦
𣸘	0	𣸘	0	𣸘
𣸙	0	𣸙	0	𣸙
𣸚	0	𣸚	0	𣸚
𣸛	0	𣸛	0	𣸛
𣸜	1	翂	1	翂
𣸝	0	𣸝	0	𣸝
𣸞	1	漫	1	漫
𣸟	1	洌	1	洌
𣸠	0	𣸠	0	𣸠
𣸡	1	漆	3	
𣸣	1	濆	3	
𣸤	1	漫	3	
𣸦	1	滱	3	
𣸧	1	㴱	3	
𣸨	1	濙	3	
𣸩	1	盾	3	
𣸪	1	復	3	
𣸫	1	濟	3	
𣸭	1	沮	3	
𣸲	1	渫	3	
𣸷	1	漆	3	
𣸸	1	添	3	
𣸹	1	偋	3	
𣹅	1	湔	3	
𣹆	1	溘	1	溘
𣹇	0	𣹇	0	𣹇
𣹈	1	渴	3	
𣹉	1	盥	1	盥
𣹊	1	浵	1	浵
𣹋	1	𣿆	1	𣿆
𣹌	1	湫	1	湫
𣹍	3	灑&洒	1	洒
𣹎	1	潠	1	潠
𣹕	1	津	3	
𣹚	0	𣹚	0	𣹚
𣹝	1	㴥	1	㴥
𣹞	2	濛&𣹞	2	濛&𣹞
𣹟	3	贛&灨	1	灨
𣹠	1	涴	1	涴
𣹡	2	坻&汦&𣹡	2	坻&汦&𣹡
𣹢	1	涵	1	涵
𣹣	1	澀	1	澀
𣹤	2	洳&𣹤	2	洳&𣹤
𣹥	0	𣹥	0	𣹥
𣹦	3	浸&寖	1	寖
𣹧	0	𣹧	0	𣹧
𣹨	3	浙&淛	1	淛
𣹩	0	𣹩	0	𣹩
𣹪	0	𣹪	0	𣹪
𣹫	3	渾&溯&泝&溸	1	泝
𣹬	1	瀫	1	瀫
𣹭	1	流	1	流
𣹮	0	𣹮	0	𣹮
𣹯	0	𣹯	0	𣹯
𣹰	1	浸	3	
𣹱	0	𣹱	0	𣹱
𣹲	0	𣹲	0	𣹲
𣹳	2	𣹳&流	1	流
𣹴	1	渻	1	渻
𣹵	0	𣹵	0	𣹵
𣹶	0	𣹶	0	𣹶
𣹷	1	梁	1	梁
𣹸	1	滕	1	滕
𣹹	1	滅	1	滅
𣹺	1	涎	1	涎
𣹻	1	泉	1	泉
𣹼	3	𣶞&𣼚	1	𣶞
𣹽	3	浧&塣	1	浧
𣹾	1	淳	1	淳
𣹿	1	滂	1	滂
𣺀	0	𣺀	0	𣺀
𣺁	2	𣺭&𣺁	0	𣺁
𣺃	1	濟	3	
𣺄	1	湴	3	
𣺈	1	漪	3	
𣺌	1	渺	1	渺
𣺍	1	湀	1	湀
𣺎	1	浸	1	浸
𣺐	1	翐	1	翐
𣺛	1	洚	3	
𣺫	1	滫	1	滫
𣺬	2	巟&𣺬	0	𣺬
𣺭	0	𣺭	3	
𣺮	2	套&𣺮	0	𣺮
𣺯	3	溼&濕	1	濕
𣺰	2	𣺰&㴥	0	𣺰
𣺱	1	潷	1	潷
𣺲	1	潎	1	潎
𣺳	1	洨	3	
𣺴	1	濟	1	濟
𣺵	1	涿	1	涿
𣺶	1	漦	3	
𣺷	1	洶	3	
𣺸	1	洋	1	洋
𣺹	1	髒	3	
𣺻	1	盎	3	
𣺼	1	灙	3	
𣺽	1	𤁣	3	
𣻉	1	滯	3	
𣻌	1	漾	1	漾
𣻍	1	潒	1	潒
𣻎	1	滱	3	
𣻏	2	𣻏&澆	1	澆
𣻐	0	𣻐	0	𣻐
𣻑	0	𣻑	0	𣻑
𣻒	1	𣻓	1	𣻓
𣻓	0	𣻓	0	𣻓
𣻔	1	漂	1	漂
𣻕	0	𣻕	0	𣻕
𣻖	0	𣻖	0	𣻖
𣻗	2	𠗺&𣻗	1	𠗺
𣻘	0	𣻘	0	𣻘
𣻙	1	瀶	1	瀶
𣻚	1	沭	1	沭
𣻛	0	𣻛	0	𣻛
𣻜	1	泭	1	泭
𣻝	1	淺	1	淺
𣻞	1	洔	1	洔
𣻟	3	臧&㵴	1	㵴
𣻠	0	𣻠	0	𣻠
𣻡	0	𣻡	0	𣻡
𣻢	0	𣻢	0	𣻢
𣻣	1	涉	1	涉
𣻤	3	𣹳&流	1	流
𣻥	2	㴘&𣻥	0	𣻥
𣻦	1	浛	1	浛
𣻧	1	淰	1	淰
𣻨	1	尿	1	尿
𣻩	1	𤁰	1	𤁰
𣻪	2	淑&𣻪	1	淑
𣻫	2	淜&𣻫	0	𣻫
𣻬	2	𣻬&澯	0	𣻬
𣻭	1	盪	1	盪
𣻮	0	𣻮	0	𣻮
𣻯	1	潁	1	潁
𣻰	3	濰&雎	1	雎
𣻱	0	𣻱	0	𣻱
𣻲	1	淄	1	淄
𣻳	1	澒	3	
𣻵	1	湂	3	
𣻼	1	濠	3	
𣻿	0	𣻿	0	𣻿
𣼃	0	𣼃	3	
𣼊	0	𣼊	3	
𣼙	1	魅	1	魅
𣼚	2	㴂&𣼚	2	㴂&𣼚
𣼛	1	滿	1	滿
𣼜	1	淹	3	
𣼝	1	滌	1	滌
𣼟	1	漉	1	漉
𣼠	0	𣼠	0	𣼠
𣼡	1	浸	1	浸
𣼢	1	漻	1	漻
𣼣	1	漏	1	漏
𣼥	1	曠	3	
𣼻	1	滹	1	滹
𣽁	1	𣾞	3	
𣽂	1	奫	3	
𣽃	1	澹	1	澹
𣽄	1	瀱	1	瀱
𣽅	1	活	1	活
𣽆	2	筑&𣽆	2	筑&𣽆
𣽇	1	潀	1	潀
𣽈	1	濡	1	濡
𣽉	1	濡	1	濡
𣽊	1	濬	1	濬
𣽋	1	澔	1	澔
𣽌	0	𣽌	0	𣽌
𣽍	1	𣾄	3	
𣽎	3	嗥&澤&滜	1	滜
𣽏	3	汙&污	1	污
𣽐	1	滆	1	滆
𣽑	1	澾	1	澾
𣽒	0	𣽒	0	𣽒
𣽓	1	漻	1	漻
𣽔	1	湮	1	湮
𣽕	0	𣽕	0	𣽕
𣽖	1	濺	1	濺
𣽗	1	涿	1	涿
𣽘	1	溗	1	溗
𣽙	3	滚&混	1	滚
𣽚	2	昵&𣽚	2	昵&𣽚
𣽛	2	溚&𣽛	2	溚&𣽛
𣽜	1	㴬	1	㴬
𣽝	0	𣽝	0	𣽝
𣽞	1	厬	1	厬
𣽟	0	𣽟	0	𣽟
𣽠	1	潎	1	潎
𣽡	0	𣽡	0	𣽡
𣽢	1	澺	1	澺
𣽣	1	港	1	港
𣽤	2	洓&𣽤	1	洓
𣽥	0	𣽥	0	𣽥
𣽦	1	濫	1	濫
𣽧	1	浸	1	浸
𣽨	1	滕	1	滕
𣽩	1	斿	1	斿
𣽪	1	湄	1	湄
𣽫	2	𣽫&濍	0	𣽫
𣽬	1	寒	1	寒
𣽭	1	𤀄	1	𤀄
𣽮	3	淫&霪	1	淫
𣽯	0	𣽯	0	𣽯
𣽰	0	𣽰	0	𣽰
𣽱	1	濟	3	
𣽳	0	𣽳	0	𣽳
𣽴	0	𣽴	0	𣽴
𣽵	1	湊	1	湊
𣽶	1	淈	1	淈
𣽷	1	瀃	3	
𣽸	1	滘	3	
𣽹	1	濘	3	
𣽺	1	湂	3	
𣽽	1	潸	1	潸
𣾀	1	匯	3	
𣾄	0	𣾄	0	𣾄
𣾅	1	湔	1	湔
𣾈	1	濘	3	
𣾉	1	濱	3	
𣾎	0	𣾎	3	
𣾘	1	漭	3	
𣾞	0	𣾞	3	
𣾡	1	漏	3	
𣾢	1	潁	3	
𣾣	1	澾	1	澾
𣾥	1	湔	3	
𣾨	1	湄	1	湄
𣾩	1	漮	1	漮
𣾪	1	滴	1	滴
𣾫	1	澀	1	澀
𣾬	1	淵	1	淵
𣾭	1	濤	1	濤
𣾮	1	澱	1	澱
𣾰	1	漆	3	
𣾴	1	濮	3	
𣾷	0	𣾷	3	
𣿂	1	瀡	1	瀡
𣿄	1	濊	3	
𣿅	0	𣿅	0	𣿅
𣿆	0	𣿆	0	𣿆
𣿇	0	𣿇	0	𣿇
𣿈	0	𣿈	0	𣿈
𣿉	0	𣿉	0	𣿉
𣿊	2	煉&𣿊	0	𣿊
𣿋	1	滹	1	滹
𣿌	0	𣿌	0	𣿌
𣿍	1	盝	1	盝
𣿎	1	葴	1	葴
𣿏	1	𣽕	1	𣽕
𣿐	0	𣿐	0	𣿐
𣿑	1	港	1	港
𣿒	0	𣿒	0	𣿒
𣿓	2	𣿓&𣿒	2	𣿓&𣿒
𣿔	1	澾	1	澾
𣿕	1	瀳	1	瀳
𣿖	1	漂	1	漂
𣿗	1	滶	1	滶
𣿘	1	蕩	1	蕩
𣿙	1	漬	1	漬
𣿚	1	溧	1	溧
𣿛	1	活	1	活
𣿜	1	㵞	1	㵞
𣿝	0	𣿝	0	𣿝
𣿞	0	𣿞	0	𣿞
𣿟	0	𣿟	0	𣿟
𣿠	1	澀	1	澀
𣿡	1	漁	1	漁
𣿢	2	𣿢&𤁥	0	𣿢
𣿣	0	𣿣	0	𣿣
𣿤	0	𣿤	0	𣿤
𣿦	1	瀆	3	
𣿨	1	澥	3	
𣿪	1	道	3	
𣿬	1	匯	3	
𣿰	1	濬	1	濬
𣿱	1	瀉	1	瀉
𣿲	1	淈	1	淈
𣿳	1	潦	1	潦
𣿴	1	蕩	1	蕩
𣿼	1	濬	3	
𤀀	1	澳	3	
𤀄	0	𤀄	0	𤀄
𤀅	1	滄	1	滄
𤀆	2	𤀆&洪	1	洪
𤀇	1	㶗	1	㶗
𤀈	1	澳	1	澳
𤀋	1	演	1	演
𤀎	1	澤	1	澤
𤀑	1	濘	1	濘
𤀟	1	濕	1	濕
𤀢	2	無&𤀢	1	無
𤀣	0	𤀣	0	𤀣
𤀤	0	𤀤	0	𤀤
𤀥	1	㵺	1	㵺
𤀦	0	𤀦	0	𤀦
𤀧	1	瀺	1	瀺
𤀨	1	𤅋	1	𤅋
𤀩	0	𤀩	0	𤀩
𤀪	0	𤀪	0	𤀪
𤀫	0	𤀫	0	𤀫
𤀬	1	瀵	1	瀵
𤀭	1	潰	1	潰
𤀮	3	滋&濟	1	濟
𤀯	1	漁	1	漁
𤀰	1	滈	1	滈
𤀱	1	澾	1	澾
𤀲	0	𤀲	0	𤀲
𤀳	1	潣	1	潣
𤀴	3	𣻏&澆	1	澆
𤀵	2	淵&𤀵	2	淵&𤀵
𤀶	1	滹	1	滹
𤀷	0	𤀷	0	𤀷
𤀹	1	濬	1	濬
𤀾	2	𤀾&濮	1	濮
𤁄	1	瀍	3	
𤁉	1	漢	1	漢
𤁊	2	渙&𤁊	1	渙
𤁋	1	瀝	3	
𤁌	1	澳	1	澳
𤁍	1	澀	1	澀
𤁎	1	潭	3	
𤁏	1	資	3	
𤁒	1	凝	3	
𤁚	1	溦	3	
𤁟	1	濤	1	濤
𤁡	0	𤁡	0	𤁡
𤁢	0	𤁢	0	𤁢
𤁣	0	𤁣	0	𤁣
𤁤	1	灘	1	灘
𤁥	0	𤁥	0	𤁥
𤁦	0	𤁦	0	𤁦
𤁧	0	𤁧	0	𤁧
𤁨	1	㵻	1	㵻
𤁩	1	𠘖	1	𠘖
𤁪	0	𤁪	0	𤁪
𤁫	0	𤁫	0	𤁫
𤁬	2	濍&𤁬	0	𤁬
𤁭	3	𧥑&𤅳	1	𤅳
𤁮	0	𤁮	0	𤁮
𤁯	0	𤁯	0	𤁯
𤁰	0	𤁰	0	𤁰
𤁱	0	𤁱	0	𤁱
𤁲	1	澈	1	澈
𤁳	2	霅&𤁳	1	霅
𤁴	1	澽	1	澽
𤁵	0	𤁵	0	𤁵
𤁶	1	濔	1	濔
𤁷	1	滴	1	滴
𤁸	1	漻	1	漻
𤁹	0	𤁹	0	𤁹
𤁺	1	溠	1	溠
𤁻	1	𤄺	1	𤄺
𤁼	1	𤃀	1	𤃀
𤁽	0	𤁽	0	𤁽
𤁾	2	酹&𤁾	1	酹
𤁿	0	𤁿	0	𤁿
𤂀	0	𤂀	0	𤂀
𤂁	0	𤂁	0	𤂁
𤂂	2	滌&𤂂	1	滌
𤂃	0	𤂃	0	𤂃
𤂄	1	測	1	測
𤂅	1	淨	3	
𤂆	2	滮&𤂆	2	滮&𤂆
𤂇	1	滋	1	滋
𤂊	0	𤂊	0	𤂊
𤂙	1	滿	3	
𤂛	1	濮	1	濮
𤂡	1	瀁	1	瀁
𤂢	1	灑	1	灑
𤂣	1	瀟	1	瀟
𤂥	1	𤁰	1	𤁰
𤂦	1	灌	1	灌
𤂯	1	灒	3	
𤂰	1	𤃀	3	
𤂱	1	黎	3	
𤂲	0	𤂲	0	𤂲
𤂳	1	𤀤	1	𤀤
𤂴	1	𤃪	1	𤃪
𤂵	1	滕	1	滕
𤂶	0	𤂶	0	𤂶
𤂷	2	淵&𤂷	0	𤂷
𤂸	1	淳	1	淳
𤂹	0	𤂹	0	𤂹
𤂺	1	灠	1	灠
𤂻	1	澦	1	澦
𤂼	1	藥	1	藥
𤂽	1	濕	1	濕
𤂾	2	濊&𤂾	0	𤂾
𤂿	1	潠	1	潠
𤃀	0	𤃀	0	𤃀
𤃁	1	溼	1	溼
𤃂	1	潯	1	潯
𤃃	1	𤄫	1	𤄫
𤃄	0	𤃄	0	𤃄
𤃉	1	瀝	3	
𤃊	3	𤀾&濮	1	濮
𤃒	1	濬	3	
𤃕	1	濤	1	濤
𤃖	1	𩷯	3	
𤃗	1	盥	1	盥
𤃘	1	潰	1	潰
𤃙	1	濮	1	濮
𤃚	1	濥	1	濥
𤃝	1	瀝	3	
𤃣	1	瀦	1	瀦
𤃦	1	㶕	3	
𤃩	0	𤃩	0	𤃩
𤃪	0	𤃪	0	𤃪
𤃫	2	渹&𤃫	0	𤃫
𤃬	3	浣&澣	1	浣
𤃭	0	𤃭	0	𤃭
𤃯	1	涸	1	涸
𤃰	1	湄	1	湄
𤃱	1	湄	1	湄
𤃲	0	𤃲	0	𤃲
𤃳	1	𤄫	1	𤄫
𤃴	2	濊&𤃴	0	𤃴
𤃵	1	瀑	1	瀑
𤃶	0	𤃶	0	𤃶
𤃷	0	𤃷	0	𤃷
𤃸	2	濼&𤃸	0	𤃸
𤃹	1	瀝	1	瀝
𤃻	0	𤃻	0	𤃻
𤃼	0	𤃼	0	𤃼
𤃽	0	𤃽	0	𤃽
𤃾	1	孂	1	孂
𤃿	1	瀎	3	
𤄃	1	闊	1	闊
𤄈	1	瀶	3	
𤄉	1	瀏	1	瀏
𤄊	1	瀍	3	
𤄎	0	𤄎	0	𤄎
𤄏	0	𤄏	0	𤄏
𤄐	1	溜	1	溜
𤄑	0	𤄑	0	𤄑
𤄒	1	㶕	1	㶕
𤄓	0	𤄓	0	𤄓
𤄔	0	𤄔	0	𤄔
𤄕	1	㶛	1	㶛
𤄖	0	𤄖	0	𤄖
𤄗	1	瀑	1	瀑
𤄘	1	幽	1	幽
𤄙	1	瀟	1	瀟
𤄚	1	漂	1	漂
𤄛	0	𤄛	0	𤄛
𤄜	1	潘	1	潘
𤄝	1	灩	1	灩
𤄞	1	瀛	3	
𤄦	1	濾	1	濾
𤄨	1	瀱	1	瀱
𤄩	1	𤃭	1	𤃭
𤄪	1	瀵	1	瀵
𤄫	0	𤄫	0	𤄫
𤄭	1	醍	3	
𤄴	1	瀆	1	瀆
𤄵	1	灊	1	灊
𤄶	1	濼	1	濼
𤄷	0	𤄷	0	𤄷
𤄸	0	𤄸	0	𤄸
𤄹	1	瀕	1	瀕
𤄺	0	𤄺	0	𤄺
𤄻	1	淺	1	淺
𤄽	2	沴&𤄽	0	𤄽
𤅀	1	瀛	1	瀛
𤅁	1	濃	1	濃
𤅅	1	潕	1	潕
𤅆	2	𤅆&浩	1	浩
𤅇	1	灓	1	灓
𤅊	2	讞&𤅊	1	讞
𤅋	0	𤅋	0	𤅋
𤅌	1	濃	1	濃
𤅍	1	漕	1	漕
𤅎	0	𤅎	0	𤅎
𤅏	3	𤀆&洪	1	洪
𤅑	1	瀼	1	瀼
𤅒	0	𤅒	0	𤅒
𤅔	1	沮	3	
𤅙	1	凝	3	
𤅛	1	濃	1	濃
𤅝	1	漷	1	漷
𤅠	1	𤅲	1	𤅲
𤅡	2	𤅆&𤅡	0	𤅡
𤅢	1	瀹	1	瀹
𤅣	0	𤅣	0	𤅣
𤅤	1	濔	1	濔
𤅥	1	灂	3	
𤅦	2	潭&𤅦	1	潭
𤅨	1	灂	1	灂
𤅩	2	𤅩&灘	1	灘
𤅪	1	灂	1	灂
𤅫	3	𩆼&零	1	零
𤅬	1	潛	3	
𤅭	1	瀼	1	瀼
𤅯	1	灂	3	
𤅰	1	瀹	1	瀹
𤅱	0	𤅱	0	𤅱
𤅲	0	𤅲	0	𤅲
𤅳	2	滭&觱&𤅳	1	滭
𤅴	1	地	1	地
𤅵	1	瀡	3	
𤅷	1	𤃩	1	𤃩
𤅸	2	鹽&㶄&𤅸	2	鹽&㶄&𤅸
𤅹	0	𤅹	0	𤅹
𤅻	1	漷	1	漷
𤅼	3	𤅩&灘	1	灘
𤅽	2	灘&𤅽	1	灘
𤅿	1	灩	1	灩
𤆀	2	滮&𤆀	2	滮&𤆀
𤆂	3	臾&蕢	1	蕢
𤆃	1	炱	1	炱
𤆄	3	火&災	3	火&災
𤆅	1	赦	1	赦
𤆆	1	灰	1	灰
𤆋	1	災	1	災
𤆌	1	炎	1	炎
𤆍	1	赤	1	赤
𤆎	1	災	1	災
𤆏	0	𤆏	0	𤆏
𤆐	1	灸	1	灸
𤆑	0	𤆑	0	𤆑
𤆒	0	𤆒	0	𤆒
𤆓	1	爌	3	
𤆚	3	燉&炖	1	炖
𤆝	0	𤆝	0	𤆝
𤆞	2	欻&𤆞	0	𤆞
𤆟	0	𤆟	0	𤆟
𤆡	1	熓	3	
𤆢	1	㷍	3	
𤆥	1	灼	1	灼
𤆯	1	煮	1	煮
𤆱	1	暖	1	暖
𤆲	1	災	1	災
𤆴	0	𤆴	0	𤆴
𤆶	1	焚	1	焚
𤆼	0	𤆼	0	𤆼
𤆽	1	灷	1	灷
𤆾	0	𤆾	0	𤆾
𤆿	1	炔	1	炔
𤇀	2	因&𤇀	1	因
𤇁	2	𤇁&蓋	1	蓋
𤇃	1	爄	3	
𤇄	1	熌	3	
𤇅	1	炟	3	
𤇆	1	煙	3	
𤇇	1	㶣	1	㶣
𤇍	1	傑	3	
𤇏	3	丞&烝	1	丞
𤇕	1	秋	3	
𤇙	3	𤇁&蓋	1	蓋
𤇚	1	坼	1	坼
𤇛	1	炕	1	炕
𤇝	1	炥	1	炥
𤇟	1	焉	1	焉
𤇠	0	𤇠	0	𤇠
𤇡	1	玄	1	玄
𤇣	1	性	3	
𤇥	1	炫	3	
𤇫	1	秋	1	秋
𤇬	1	貲	3	
𤇭	1	爖	3	
𤇯	0	𤇯	0	𤇯
𤇰	0	𤇰	0	𤇰
𤇱	1	𤊲	1	𤊲
𤇲	1	飪	1	飪
𤇴	0	𤇴	0	𤇴
𤇵	1	害	1	害
𤇶	3	蒸&烝	1	烝
𤇷	1	𤇯	1	𤇯
𤇹	1	熚	3	
𤇺	1	烽	3	
𤇻	1	𭶙	3	
𤇾	0	𤇾	3	
𤈉	1	赫	1	赫
𤈍	1	炯	1	炯
𤈎	1	㶷	3	
𤈏	1	炱	3	
𤈑	0	𤈑	0	𤈑
𤈒	3	缹&𤈣	1	缹
𤈓	1	炒	3	
𤈕	1	㶴	1	㶴
𤈖	1	炰	1	炰
𤈘	1	烈	1	烈
𤈛	1	光	3	
𤈢	1	烋	1	烋
𤈣	2	缹&𤈣	1	缹
𤈥	1	𤈑	1	𤈑
𤈦	1	燬	1	燬
𤈧	0	𤈧	0	𤈧
𤈨	1	㷅	1	㷅
𤈩	0	𤈩	0	𤈩
𤈪	1	烗	1	烗
𤈫	3	尉&熨	1	尉
𤈬	1	萬	1	萬
𤈭	1	衝	1	衝
𤈮	3	烖&災	1	災
𤈯	1	燠	1	燠
𤈱	1	焎	1	焎
𤈲	1	庶	1	庶
𤈶	1	熉	3	
𤈷	1	㷿	3	
𤈹	1	燎	1	燎
𤈺	1	煢	3	
𤉊	1	炟	1	炟
𤉎	1	照	3	
𤉑	1	烜	1	烜
𤉝	2	炬&𤉝	1	炬
𤉞	0	𤉞	3	
𤉟	2	𤍽&熱&𤉟	2	熱&𤉟
𤉡	1	兕	1	兕
𤉢	1	象	1	象
𤉣	3	烖&災	1	災
𤉤	2	𤉤&㶿	1	㶿
𤉥	0	𤉥	0	𤉥
𤉦	0	𤉦	0	𤉦
𤉧	2	𤉧&烄	1	烄
𤉨	1	𤒓	3	
𤉩	1	烈	1	烈
𤉪	0	𤉪	0	𤉪
𤉫	1	烗	1	烗
𤉬	1	煠	1	煠
𤉭	1	光	1	光
𤉮	1	焙	1	焙
𤉯	1	魚	1	魚
𤉰	1	熙	3	
𤉱	1	舄	3	
𤉵	1	喣	3	
𤉷	1	然	3	
𤉹	0	𤉹	0	𤉹
𤉺	2	𤉧&𤉺	0	𤉺
𤉻	1	烘	1	烘
𤊀	1	𤒎	3	
𤊄	1	煤	3	
𤊆	1	票	3	
𤊗	1	煙	1	煙
𤊘	3	焧&熜	1	熜
𤊙	1	焦	1	焦
𤊚	1	炕	3	
𤊛	1	炒	1	炒
𤊜	1	炱	1	炱
𤊝	1	炒	3	
𤊯	2	𦜯&𤊯	0	𤊯
𤊱	1	象	3	
𤊲	0	𤊲	0	𤊲
𤊳	1	煅	3	
𤊴	2	𤊴&焃	1	焃
𤊵	1	㸅	1	㸅
𤊶	0	𤊶	0	𤊶
𤊷	1	焙	1	焙
𤊸	3	𤒓&𤉹	1	𤉹
𤊹	2	𤊹&㶿	1	㶿
𤊺	1	烼	1	烼
𤊻	0	𤊻	0	𤊻
𤊼	1	煔	1	煔
𤊽	2	𤊽&燎	1	燎
𤊾	0	𤊾	0	𤊾
𤊿	0	𤊿	0	𤊿
𤋀	1	瞁	1	瞁
𤋁	1	煬	3	
𤋂	1	𤊾	1	𤊾
𤋃	1	煪	1	煪
𤋄	0	𤋄	0	𤋄
𤋅	1	𤌇	3	
𤋆	1	盜	1	盜
𤋇	1	視	1	視
𤋎	1	煎	3	
𤋏	1	熡	3	
𤋗	1	煦	3	
𤋜	1	照	3	
𤋦	1	煍	3	
𤋨	1	𤌃	1	𤌃
𤋩	3	熟&熱	1	熱
𤋪	1	爆	1	爆
𤋬	1	於	1	於
𤋮	1	熙	3	
𤋯	3	𤊽&煮&燎	3	煮&燎
𤋰	1	助	1	助
𤋱	1	熏	1	熏
𤋲	1	爇	1	爇
𤋳	1	魚	1	魚
𤋴	1	烈	1	烈
𤌁	2	炕&𤌁	2	炕&𤌁
𤌃	0	𤌃	0	𤌃
𤌇	0	𤌇	3	
𤌈	3	㷶&𤐧	1	𤐧
𤌉	1	炒	1	炒
𤌊	0	𤌊	0	𤌊
𤌋	1	燬	1	燬
𤌌	0	𤌌	0	𤌌
𤌍	0	𤌍	0	𤌍
𤌎	2	焛&𤌎&𨴙	1	焛
𤌏	0	𤌏	0	𤌏
𤌐	0	𤌐	0	𤌐
𤌑	1	熛	1	熛
𤌒	1	烓	1	烓
𤌓	3	烜&爟	1	烜
𤌔	0	𤌔	0	𤌔
𤌕	1	𤌃	1	𤌃
𤌖	3	煼&炒	1	炒
𤌛	0	𤌛	0	𤌛
𤌜	1	𦧡	1	𦧡
𤌝	1	炒	1	炒
𤌢	3	煗&煖	1	煖
𤌴	1	燦	3	
𤌸	1	燒	1	燒
𤌹	2	乾&𤌹	0	𤌹
𤌺	1	煎	1	煎
𤌻	1	卦	1	卦
𤌼	1	煌	1	煌
𤌽	3	炒&𩱦	1	炒
𤍁	1	煞	3	
𤍂	1	㙬	3	
𤍇	1	𤒛	3	
𤍍	1	無	1	無
𤍐	1	㷟	1	㷟
𤍓	0	𤍓	0	𤍓
𤍔	1	檾	1	檾
𤍕	1	槱	1	槱
𤍖	2	𤍖&熸	1	熸
𤍗	2	𤊹&㶿&𤍗	2	㶿&𤍗
𤍘	3	𡫅&賓	1	賓
𤍙	1	燅	1	燅
𤍚	1	萬	1	萬
𤍛	3	燮&𤏻	3	燮&𤏻
𤍜	1	燥	1	燥
𤍝	2	燦&𤍝	1	燦
𤍞	1	燁	3	
𤍠	1	熱	3	
𤍧	1	𤌌	1	𤌌
𤍨	1	熟	3	
𤍼	1	爚	1	爚
𤍽	0	𤍽	3	
𤍾	1	爨	1	爨
𤍿	1	煿	3	
𤎀	1	䓺	3	
𤎁	1	烈	3	
𤎂	1	䩌	1	䩌
𤎃	1	𤊴	3	
𤎄	1	蔫	3	
𤎅	1	熬	3	
𤎆	1	煙	3	
𤎇	1	禦	3	
𤎈	1	煥	3	
𤎉	1	廉	3	
𤎗	0	𤎗	0	𤎗
𤎘	0	𤎘	0	𤎘
𤎙	1	焯	1	焯
𤎚	2	𤎚&燎	1	燎
𤎝	1	㷳	1	㷳
𤎞	1	爉	1	爉
𤎟	1	煙	1	煙
𤎠	1	𤊲	1	𤊲
𤎡	1	䐄	1	䐄
𤎢	1	燅	1	燅
𤎣	0	𤎣	0	𤎣
𤎤	0	𤎤	0	𤎤
𤎥	2	𦃖&𤎥	2	𦃖&𤎥
𤎦	1	烄	1	烄
𤎧	1	鑄	1	鑄
𤎨	3	𤉤&㶿	1	㶿
𤎩	1	燧	1	燧
𤎪	1	𤐧	1	𤐧
𤎫	2	𤎫&光	1	光
𤎬	1	燮	1	燮
𤎭	0	𤎭	0	𤎭
𤎮	1	熱	1	熱
𤎯	1	熷	1	熷
𤎰	1	熷	1	熷
𤎱	2	臇&𤎱	2	臇&𤎱
𤎲	0	𤎲	0	𤎲
𤎳	2	焟&𤎳	1	焟
𤎴	1	煎	1	煎
𤎵	1	煎	1	煎
𤎷	1	熾	1	熾
𤎸	1	業	1	業
𤎺	1	㸇	3	
𤎻	1	𤑳	3	
𤎾	1	烈	1	烈
𤎿	1	熹	1	熹
𤏀	1	𤈩	1	𤈩
𤏄	1	湔	3	
𤏅	1	熟	3	
𤏐	0	𤏐	3	
𤏖	1	熸	3	
𤏘	0	𤏘	0	𤏘
𤏙	3	暖&煖	1	煖
𤏚	1	㷳	1	㷳
𤏛	3	㷶&𤐧	1	𤐧
𤏝	1	燅	1	燅
𤏞	2	𤏞&粼	1	粼
𤏟	1	燥	1	燥
𤏠	1	模	1	模
𤏡	1	僰	3	
𤏩	1	勳	3	
𤏭	2	𤏭&䱤	0	𤏭
𤏮	2	㶿&𤏮	1	㶿
𤏯	1	煙	1	煙
𤏰	1	㶿	1	㶿
𤏲	1	𤏸	1	𤏸
𤏳	1	烠	3	
𤏴	1	熹	1	熹
𤏵	1	燡	1	燡
𤏶	0	𤏶	0	𤏶
𤏷	1	爨	1	爨
𤏸	0	𤏸	0	𤏸
𤏹	1	𤐧	1	𤐧
𤏺	1	熬	1	熬
𤏻	2	燮&𤏻	1	燮
𤏼	1	飪	1	飪
𤏽	2	㷣&𤏽	2	㷣&𤏽
𤏾	1	𦙫	1	𦙫
𤏿	0	𤏿	0	𤏿
𤐀	2	𤎲&𤐀	0	𤐀
𤐂	1	懃	3	
𤐌	1	煠	3	
𤐒	1	盞	1	盞
𤐕	1	輝	1	輝
𤐖	1	燼	1	燼
𤐗	1	燎	1	燎
𤐘	1	燬	3	
𤐛	0	𤐛	3	
𤐞	2	爓&𤐞	1	爓
𤐟	1	熇	1	熇
𤐥	1	𤑋	3	
𤐦	1	熾	1	熾
𤐧	0	𤐧	0	𤐧
𤐨	1	燹	1	燹
𤐩	0	𤐩	0	𤐩
𤐪	1	燐	1	燐
𤐫	3	票&要&熛	3	票&要&熛
𤐬	1	炙	1	炙
𤐭	1	燽	1	燽
𤐮	1	𤒞	1	𤒞
𤐯	1	爚	1	爚
𤐰	0	𤐰	0	𤐰
𤐱	0	𤐱	0	𤐱
𤐲	0	𤐲	0	𤐲
𤐳	1	烄	1	烄
𤐷	1	𤇯	1	𤇯
𤐸	2	𤐸&𤐧	1	𤐧
𤐽	1	炱	1	炱
𤑂	1	盜	1	盜
𤑃	1	膁	1	膁
𤑅	1	偃	1	偃
𤑆	1	熯	1	熯
𤑇	1	爨	1	爨
𤑊	1	烽	1	烽
𤑋	2	𤑋&光	1	光
𤑏	3	𤐸&𤐧	1	𤐧
𤑐	1	𤐧	3	
𤑑	1	焰	1	焰
𤑒	1	熭	1	熭
𤑓	0	𤑓	0	𤑓
𤑔	1	爇	1	爇
𤑕	1	熏	3	
𤑖	1	爨	1	爨
𤑗	1	爒	1	爒
𤑙	1	燫	3	
𤑛	1	熏	3	
𤑜	1	煮	1	煮
𤑢	1	熜	1	熜
𤑣	1	㬠	3	
𤑤	1	㷳	3	
𤑥	1	爆	1	爆
𤑧	1	撮	1	撮
𤑨	1	煮	1	煮
𤑩	1	燖	3	
𤑱	1	煇	1	煇
𤑳	0	𤑳	0	𤑳
𤑴	1	焞	1	焞
𤑵	3	炒&𩱦	1	𩱦
𤑶	1	燖	3	
𤑷	0	𤑷	0	𤑷
𤑸	0	𤑸	0	𤑸
𤑹	0	𤑹	0	𤑹
𤑺	1	熐	1	熐
𤑻	1	爗	3	
𤑼	1	燁	1	燁
𤑽	1	業	1	業
𤑾	1	燧	1	燧
𤑿	0	𤑿	0	𤑿
𤒀	1	䶳	1	䶳
𤒁	1	爆	1	爆
𤒂	1	曜	1	曜
𤒄	1	燫	3	
𤒅	1	𪚰	3	
𤒆	1	熟	1	熟
𤒈	1	煙	3	
𤒉	1	𤉹	1	𤉹
𤒎	0	𤒎	3	
𤒒	1	熟	3	
𤒓	2	𤒓&𤉹	1	𤉹
𤒖	1	㷮	3	
𤒘	0	𤒘	3	
𤒛	0	𤒛	3	
𤒜	3	𤒓&𤉹	1	𤉹
𤒞	2	炱&𤒞	0	𤒞
𤒡	1	𤒦	1	𤒦
𤒢	1	燣	1	燣
𤒣	3	爊&𤏶	1	𤏶
𤒤	2	𤑿&𤒤	1	𤑿
𤒥	1	𤒦	1	𤒦
𤒦	2	焰&𤒦	0	𤒦
𤒧	1	爒	1	爒
𤒨	1	巆	3	
𤒫	3	爗&燁	1	燁
𤒬	1	𤐀	1	𤐀
𤒭	1	𪒄	3	
𤒮	3	𨽵&燧	1	燧
𤒯	1	熸	3	
𤒰	1	焰	1	焰
𤒺	1	爆	1	爆
𤒻	0	𤒻	0	𤒻
𤒼	0	𤒼	0	𤒼
𤒽	1	㷹	1	㷹
𤒾	1	熛	1	熛
𤓀	1	爚	1	爚
𤓁	1	爓	1	爓
𤓄	1	爝	1	爝
𤓅	1	𪑩	1	𪑩
𤓈	3	爍&爚	1	爍
𤓉	2	𤓉&然&燃	3	然&燃
𤓊	1	爆	1	爆
𤓌	1	燃	3	
𤓏	1	𤏶	1	𤏶
𤓐	1	耿	1	耿
𤓑	1	䯜	3	
𤓒	1	爢	1	爢
𤓓	0	𤓓	3	
𤓔	1	焟	1	焟
𤓕	0	𤓕	0	𤓕
𤓖	1	燮	3	
𤓗	1	㷮	1	㷮
𤓚	0	𤓚	0	𤓚
𤓜	1	𤐧	1	𤐧
𤓝	3	爚&礿	3	爚&礿
𤓞	3	煏&𤐧	1	𤐧
𤓟	1	爨	1	爨
𤓠	1	燂	1	燂
𤓡	1	爝	1	爝
𤓥	1	爨	1	爨
𤓦	0	𤓦	0	𤓦
𤓪	2	𤓪&焦	1	焦
𤓫	1	燧	1	燧
𤓬	3	𤓪&焦	1	焦
𤓭	1	爩	1	爩
𤓮	1	熨	1	熨
𤓯	2	掌&𤓯	2	掌&𤓯
𤓰	3	爪&瓜	3	爪&瓜
𤓱	1	糾	1	糾
𤓲	1	卵	1	卵
𤓳	3	乎&釆	1	乎
𤓴	2	𤓴&𤔂	1	𤔂
𤓵	1	祖	3	
𤓶	3	𤓷&𤔀	1	𤔀
𤓷	2	𤓷&𤔀	1	𤔀
𤓸	1	爲	1	爲
𤓻	1	奚	3	
𤓽	2	𤓽&孚	1	孚
𤓾	2	受&𤓾	2	受&𤓾
𤓿	1	𤔂	1	𤔂
𤔀	0	𤔀	0	𤔀
𤔁	1	平	1	平
𤔂	0	𤔂	0	𤔂
𤔃	3	𤓽&保	1	保
𤔄	1	哥	3	
𤔅	1	瓞	3	
𤔇	1	事	1	事
𤔈	1	祖	3	
𤔊	1	經	1	經
𤔌	2	隱&𤔌	2	隱&𤔌
𤔎	2	愈&𤔎	0	𤔎
𤔐	1	𤔔	1	𤔔
𤔑	1	禮	1	禮
𤔒	3	亂&𤔔	1	𤔔
𤔔	2	亂&𤔔	0	𤔔
𤔕	1	經	1	經
𤔗	3	𤔩&攫	1	攫
𤔘	3	𦥝&舀	1	舀
𤔜	1	福	1	福
𤔠	1	愛	1	愛
𤔢	1	搔	1	搔
𤔣	0	𤔣	0	𤔣
𤔤	1	愛	1	愛
𤔥	1	巢	1	巢
𤔦	3	亂&𤔔	1	亂
𤔧	1	辭	1	辭
𤔨	0	𤔨	0	𤔨
𤔩	2	𤔩&摑&攫	3	摑&攫
𤔪	2	𤔪&䜌	1	䜌
𤔫	1	敻	3	
𤔬	1	𤔔	1	𤔔
𤔭	1	𤔪	3	
𤔮	1	殺	1	殺
𤔰	1	觴	1	觴
𤔱	2	𠚜&𤔱	0	𤔱
𤔲	1	辭	1	辭
𤔹	1	爯	1	爯
𤔼	1	𠚜	3	
𤕀	0	𤕀	0	𤕀
𤕅	1	亂	1	亂
𤕈	1	戀	1	戀
𤕉	3	𤬢&瓢	1	瓢
𤕋	1	壽	1	壽
𤕍	3	𠧎&亂&䜌	3	亂&䜌
𤕐	1	旴	1	旴
𤕑	1	斧	1	斧
𤕓	1	爺	1	爺
𤕕	1	爸	1	爸
𤕘	1	於	1	於
𤕚	0	𤕚	0	𤕚
𤕛	2	摰&𤕛	0	𤕛
𤕝	3	教&𥭖	3	教&𥭖
𤕞	0	𤕞	0	𤕞
𤕟	2	疏&𤕟	0	𤕟
𤕠	2	疏&𤕟&𤕠	1	𤕟
𤕢	2	姣&𤕢	2	姣&𤕢
𤕣	1	龜	1	龜
𤕤	1	爽	1	爽
𤕥	1	髮	1	髮
𤕦	0	𤕦	0	𤕦
𤕧	1	𤕦	1	𤕦
𤕨	1	爾	1	爾
𤕩	2	樊&𤕩	1	樊
𤕪	1	爿	1	爿
𤕫	1	疒	1	疒
𤕭	3	將&收	1	將
𤕮	1	椸	1	椸
𤕯	1	漿	1	漿
𤕰	1	卯	1	卯
𤕱	1	㼱	1	㼱
𤕲	1	俎	1	俎
𤕳	1	胈	1	胈
𤕴	1	椸	1	椸
𤕵	1	𤖦	1	𤖦
𤕶	1	莊	1	莊
𤕷	0	𤕷	0	𤕷
𤕸	1	莊	3	
𤕺	1	疾	1	疾
𤕻	3	牾&𧳎	3	牾&𧳎
𤕼	1	疾	1	疾
𤕽	1	檣	1	檣
𤕾	0	𤕾	0	𤕾
𤕿	1	𤕷	3	
𤖁	1	牂	1	牂
𤖅	1	漿	1	漿
𤖆	1	𦎗	1	𦎗
𤖇	1	棵	1	棵
𤖈	1	莊	1	莊
𤖉	1	病	1	病
𤖊	1	莊	1	莊
𤖌	1	椸	1	椸
𤖍	1	逸	1	逸
𤖏	1	疾	1	疾
𤖐	1	敗	1	敗
𤖓	1	簀	1	簀
𤖔	1	臧	1	臧
𤖕	1	醬	1	醬
𤖖	0	𤖖	0	𤖖
𤖗	0	𤖗	0	𤖗
𤖘	0	𤖘	0	𤖘
𤖙	1	醬	1	醬
𤖚	1	逸	1	逸
𤖛	0	𤖛	0	𤖛
𤖜	1	𤖦	1	𤖦
𤖝	3	簷&檐	1	簷
𤖞	0	𤖞	0	𤖞
𤖠	1	牆	1	牆
𤖢	0	𤖢	0	𤖢
𤖣	1	牆	1	牆
𤖤	3	備&㿙	1	備
𤖥	1	𤖦	1	𤖦
𤖦	0	𤖦	0	𤖦
𤖧	1	牆	1	牆
𤖩	1	妝	1	妝
𤖪	0	𤖪	0	𤖪
𤖫	1	帆	1	帆
𤖬	0	𤖬	0	𤖬
𤖭	0	𤖭	0	𤖭
𤖮	1	句	1	句
𤖯	1	𤗏	1	𤗏
𤖰	2	叚&𤖰	0	𤖰
𤖱	2	𤖱&柇	1	柇
𤖲	1	枯	1	枯
𤖳	0	𤖳	0	𤖳
𤖴	1	坼	1	坼
𤖵	1	句	1	句
𤖷	2	𤖷&㿭	0	𤖷
𤖺	0	𤖺	0	𤖺
𤖻	0	𤖻	0	𤖻
𤖼	2	劈&𤖼	2	劈&𤖼
𤖽	2	𤖽&向	1	向
𤖾	3	𤖽&向	1	向
𤖿	1	𤗚	3	
𤗀	0	𤗀	0	𤗀
𤗁	0	𤗁	0	𤗁
𤗂	1	𤕾	1	𤕾
𤗄	1	窗	1	窗
𤗅	1	胤	1	胤
𤗇	1	㸜	1	㸜
𤗈	0	𤗈	0	𤗈
𤗉	1	窗	1	窗
𤗊	1	牒	1	牒
𤗋	1	牌	1	牌
𤗌	1	㸢	1	㸢
𤗍	0	𤗍	0	𤗍
𤗎	0	𤗎	0	𤗎
𤗏	0	𤗏	0	𤗏
𤗑	2	號&罅&𤗑	2	罅&𤗑
𤗒	1	牓	3	
𤗔	1	新	3	
𤗕	1	𤗭	3	
𤗗	3	棟&𤗛	1	棟
𤗘	0	𤗘	0	𤗘
𤗙	3	坼&柝	3	坼&柝
𤗚	0	𤗚	0	𤗚
𤗛	0	𤗛	0	𤗛
𤗜	0	𤗜	0	𤗜
𤗟	1	新	3	
𤗠	1	牐	1	牐
𤗢	0	𤗢	0	𤗢
𤗣	1	牒	1	牒
𤗥	1	業	1	業
𤗦	1	隔	1	隔
𤗨	0	𤗨	0	𤗨
𤗩	1	㸢	1	㸢
𤗪	0	𤗪	0	𤗪
𤗫	0	𤗫	0	𤗫
𤗬	0	𤗬	0	𤗬
𤗭	2	𤗭&罅	1	罅
𤗮	1	牐	1	牐
𤗯	0	𤗯	0	𤗯
𤗱	1	牖	1	牖
𤗳	2	牔&𤗳	2	牔&𤗳
𤗴	0	𤗴	0	𤗴
𤗵	0	𤗵	0	𤗵
𤗶	1	𤖖	1	𤖖
𤗷	0	𤗷	0	𤗷
𤗸	1	𤖘	1	𤖘
𤗺	0	𤗺	0	𤗺
𤗻	0	𤗻	0	𤗻
𤗼	1	牆	3	
𤗿	0	𤗿	0	𤗿
𤘀	2	檮&𤘀	1	檮
𤘃	0	𤘃	0	𤘃
𤘄	1	牘	1	牘
𤘅	2	伢&𤘅	0	𤘅
𤘆	1	牙	3	
𤘈	2	𤘈&牙	1	牙
𤘉	1	牙	1	牙
𤘌	0	𤘌	0	𤘌
𤘍	1	牙	1	牙
𤘐	1	齲	1	齲
𤘑	1	䶣	1	䶣
𤘒	1	聱	1	聱
𤘔	0	𤘔	0	𤘔
𤘖	1	廳	1	廳
𤘘	1	㸸	1	㸸
𤘙	1	妝	3	
𤘚	1	𢍿	1	𢍿
𤘛	1	𤘫	1	𤘫
𤘜	0	𤘜	0	𤘜
𤘝	0	𤘝	0	𤘝
𤘞	2	𤘞&𤘟	0	𤘞
𤘟	2	𤘞&𤘟	0	𤘟
𤘠	0	𤘠	0	𤘠
𤘡	0	𤘡	0	𤘡
𤘢	1	𤘹	1	𤘹
𤘣	0	𤘣	0	𤘣
𤘤	0	𤘤	0	𤘤
𤘥	1	牝	1	牝
𤘦	0	𤘦	0	𤘦
𤘧	0	𤘧	0	𤘧
𤘨	1	㸳	3	
𤘫	2	肫&𤘫	0	𤘫
𤘬	1	牬	1	牬
𤘯	1	款	3	
𤘱	1	牬	3	
𤘲	2	狀&𤘲	0	𤘲
𤘳	1	牴	1	牴
𤘴	1	牧	1	牧
𤘶	1	杻	3	
𤘸	0	𤘸	0	𤘸
𤘹	0	𤘹	0	𤘹
𤘺	0	𤘺	0	𤘺
𤘻	1	𤘺	1	𤘺
𤘼	1	𤘟	1	𤘟
𤘽	2	𤘽&㸸	2	𤘽&㸸
𤘾	0	𤘾	0	𤘾
𤘿	1	㹃	3	
𤙀	1	𤘾	3	
𤙂	1	牬	1	牬
𤙆	1	牴	3	
𤙈	1	抶	3	
𤙉	3	抩&𤘟	1	𤘟
𤙊	1	牴	1	牴
𤙌	1	你	1	你
𤙍	1	牬	1	牬
𤙏	0	𤙏	0	𤙏
𤙑	2	駕&𤙑	1	駕
𤙒	0	𤙒	0	𤙒
𤙓	2	犝&𤙓	1	犝
𤙔	0	𤙔	0	𤙔
𤙕	0	𤙕	0	𤙕
𤙖	1	𤙣	3	
𤙗	1	方	1	方
𤙘	0	𤙘	0	𤙘
𤙚	1	犛	3	
𤙛	0	𤙛	0	𤙛
𤙜	1	𧣪	1	𧣪
𤙝	1	㹁	1	㹁
𤙞	0	𤙞	0	𤙞
𤙟	2	犁&𤙟	2	犁&𤙟
𤙠	3	觓&觩	1	觓
𤙡	1	騂	1	騂
𤙢	1	牂	1	牂
𤙣	0	𤙣	3	
𤙤	0	𤙤	0	𤙤
𤙨	1	束	1	束
𤙪	1	廌	1	廌
𤙫	3	特&犆	1	特
𤙭	0	𤙭	0	𤙭
𤙯	1	勞	3	
𤙰	2	特&𤙰	2	特&𤙰
𤙱	1	騇	1	騇
𤙲	2	觢&𤙲	1	觢
𤙳	1	犕	1	犕
𤙴	0	𤙴	0	𤙴
𤙵	0	𤙵	0	𤙵
𤙸	1	犢	1	犢
𤙹	3	㹅&總	1	總
𤙼	0	𤙼	3	
𤙿	1	㹊	3	
𤚁	1	𤙼	3	
𤚂	1	犓	1	犓
𤚃	1	牴	1	牴
𤚄	1	犓	1	犓
𤚈	2	𤘸&𤚈	0	𤚈
𤚉	0	𤚉	0	𤚉
𤚊	2	牃&𤚊	0	𤚊
𤚌	1	犀	1	犀
𤚍	0	𤚍	0	𤚍
𤚎	0	𤚎	0	𤚎
𤚏	0	𤚏	0	𤚏
𤚐	2	犛&𤚐	1	犛
𤚑	1	麝	1	麝
𤚒	1	㹁	1	㹁
𤚓	0	𤚓	0	𤚓
𤚔	1	犙	1	犙
𤚕	1	㸶	1	㸶
𤚖	1	㹔	1	㹔
𤚛	1	緬	3	
𤚞	2	犅&𤚞	1	犅
𤚠	1	㹄	1	㹄
𤚢	1	蹄	3	
𤚥	0	𤚥	3	
𤚨	0	𤚨	0	𤚨
𤚩	0	𤚩	0	𤚩
𤚪	0	𤚪	0	𤚪
𤚫	0	𤚫	0	𤚫
𤚬	0	𤚬	0	𤚬
𤚭	0	𤚭	0	𤚭
𤚮	1	犉	1	犉
𤚯	0	𤚯	0	𤚯
𤚰	0	𤚰	0	𤚰
𤚱	0	𤚱	0	𤚱
𤚲	1	𤚼	1	𤚼
𤚳	1	犍	1	犍
𤚴	1	牡	1	牡
𤚵	0	𤚵	0	𤚵
𤚶	1	烏	1	烏
𤚼	0	𤚼	0	𤚼
𤚽	0	𤚽	0	𤚽
𤚾	3	𤚿&振	1	振
𤚿	2	𤚿&振	1	振
𤛀	1	特	1	特
𤛁	1	揾	3	
𤛂	3	𤛲&犩	1	犩
𤛃	1	犓	3	
𤛅	1	畜	3	
𤛉	2	舝&𤛉	0	𤛉
𤛊	0	𤛊	0	𤛊
𤛋	1	𤚫	1	𤚫
𤛌	1	犚	1	犚
𤛍	0	𤛍	0	𤛍
𤛎	0	𤛎	0	𤛎
𤛏	0	𤛏	0	𤛏
𤛐	2	㸸&𤛐	2	㸸&𤛐
𤛑	0	𤛑	0	𤛑
𤛒	1	㹗	1	㹗
𤛓	1	𤚼	3	
𤛗	1	聲	3	
𤛘	1	牤	3	
𤛛	1	𤛩	1	𤛩
𤛝	1	摍	3	
𤛟	1	犕	1	犕
𤛠	0	𤛠	3	
𤛡	1	㹎	1	㹎
𤛢	0	𤛢	0	𤛢
𤛣	0	𤛣	0	𤛣
𤛤	1	犙	1	犙
𤛥	0	𤛥	0	𤛥
𤛦	0	𤛦	0	𤛦
𤛧	0	𤛧	0	𤛧
𤛩	2	橢&𤛩	0	𤛩
𤛫	1	騂	1	騂
𤛮	1	勞	3	
𤛯	1	犢	1	犢
𤛰	1	㹕	1	㹕
𤛱	0	𤛱	0	𤛱
𤛲	2	𤛲&犩	1	犩
𤛳	1	獬	1	獬
𤛴	1	㹗	1	㹗
𤛵	1	㹄	3	
𤛶	1	犡	1	犡
𤛸	1	𤜁	3	
𤛹	1	㹊	1	㹊
𤛺	1	犁	1	犁
𤛻	0	𤛻	0	𤛻
𤛼	1	犁	1	犁
𤛽	3	犪&㹛	1	犪
𤛾	1	㹛	1	㹛
𤛿	1	犁	1	犁
𤜀	1	犉	1	犉
𤜁	0	𤜁	3	
𤜂	0	𤜂	0	𤜂
𤜃	1	犉	1	犉
𤜄	0	𤜄	0	𤜄
𤜅	2	㹊&𤜅	1	㹊
𤜆	0	𤜆	3	
𤜇	0	𤜇	0	𤜇
𤜈	1	犦	1	犦
𤜉	0	𤜉	0	𤜉
𤜋	0	𤜋	0	𤜋
𤜌	1	犦	1	犦
𤜍	0	𤜍	0	𤜍
𤜏	1	犡	1	犡
𤜐	2	𤛻&𤜐	1	𤛻
𤜑	1	犤	1	犤
𤜒	1	犡	1	犡
𤜔	0	𤜔	0	𤜔
𤜖	1	㹎	1	㹎
𤜛	1	犯	1	犯
𤜜	0	𤜜	0	𤜜
𤜝	0	𤜝	0	𤜝
𤜡	0	𤜡	0	𤜡
𤜢	0	𤜢	0	𤜢
𤜣	2	蛇&𤜣	0	𤜣
𤜤	0	𤜤	0	𤜤
𤜦	1	𤞁	3	
𤜨	3	㹠&豚	1	豚
𤜩	1	犳	3	
𤜫	0	𤜫	0	𤜫
𤜯	0	𤜯	0	𤜯
𤜰	0	𤜰	0	𤜰
𤜱	1	豝	1	豝
𤜲	1	犻	1	犻
𤜳	1	獅	1	獅
𤜴	1	狖	1	狖
𤜵	0	𤜵	0	𤜵
𤜶	3	狐&㺐	1	㺐
𤜷	0	𤜷	0	𤜷
𤜸	1	豟	1	豟
𤜹	0	𤜹	0	𤜹
𤜺	1	狿	1	狿
𤜻	2	貔&𤜻	2	貔&𤜻
𤜼	0	𤜼	0	𤜼
𤜽	2	豽&貀&𤜽	1	貀
𤜾	1	𤞁	1	𤞁
𤜿	1	𤞁	1	𤞁
𤝀	1	𤜹	1	𤜹
𤝂	1	犻	1	犻
𤝃	1	𤜷	1	𤜷
𤝄	1	㹠	3	
𤝆	1	𤜹	1	𤜹
𤝈	1	毅	3	
𤝉	1	野	3	
𤝊	1	猝	3	
𤝌	1	猿	1	猿
𤝍	0	𤝍	0	𤝍
𤝏	3	犿&㺕	1	㺕
𤝐	0	𤝐	0	𤝐
𤝑	1	犯	1	犯
𤝒	2	貀&𤝒	1	貀
𤝓	3	狧&䑜	1	䑜
𤝔	3	豺&䍸	3	豺&䍸
𤝕	0	𤝕	0	𤝕
𤝖	0	𤝖	0	𤝖
𤝗	1	畋	1	畋
𤝘	0	𤝘	0	𤝘
𤝙	2	駏&𤝙	1	駏
𤝚	0	𤝚	0	𤝚
𤝛	0	𤝛	0	𤝛
𤝜	3	吠&犮	1	吠
𤝝	1	獼	1	獼
𤝞	1	䟣	1	䟣
𤝟	2	狒&𤝟	2	狒&𤝟
𤝠	3	獨&𤡴	1	獨
𤝡	1	狛	1	狛
𤝢	1	𤢟	3	
𤝣	0	𤝣	0	𤝣
𤝤	1	豟	1	豟
𤝦	1	豺	1	豺
𤝧	1	豹	1	豹
𤝨	1	狖	1	狖
𤝩	1	墅	3	
𤝪	1	犴	3	
𤝬	2	狐&㹝&𤝬	2	狐&㹝&𤝬
𤝮	0	𤝮	0	𤝮
𤝯	0	𤝯	0	𤝯
𤝰	1	狧	1	狧
𤝱	0	𤝱	0	𤝱
𤝲	1	㹳	3	
𤝳	0	𤝳	0	𤝳
𤝴	1	𤜵	1	𤜵
𤝵	1	狂	3	
𤝶	1	狂	1	狂
𤝷	0	𤝷	0	𤝷
𤝸	0	𤝸	0	𤝸
𤝹	0	𤝹	0	𤝹
𤝺	1	狔	1	狔
𤝻	0	𤝻	0	𤝻
𤝼	3	狾&猘	1	猘
𤝽	3	貄&𧳙	1	𧳙
𤝾	2	𤝾&㺁	1	㺁
𤝿	1	劻	1	劻
𤞀	2	犺&𤞀	1	犺
𤞁	0	𤞁	0	𤞁
𤞂	0	𤞂	0	𤞂
𤞃	1	獩	3	
𤞅	1	狐	3	
𤞈	1	𤝬	1	𤝬
𤞌	1	豸	3	
𤞎	1	墅	3	
𤞑	1	回	3	
𤞗	0	𤞗	0	𤞗
𤞙	1	𤞲	1	𤞲
𤞚	0	𤞚	0	𤞚
𤞛	0	𤞛	0	𤞛
𤞜	1	狉	1	狉
𤞝	3	廌&豸	1	豸
𤞞	0	𤞞	0	𤞞
𤞟	0	𤞟	0	𤞟
𤞠	0	𤞠	0	𤞠
𤞡	0	𤞡	0	𤞡
𤞢	0	𤞢	0	𤞢
𤞣	3	厭&饜&猒	3	饜&猒
𤞤	1	玁	3	
𤞥	1	保	1	保
𤞯	1	狣	1	狣
𤞰	0	𤞰	0	𤞰
𤞱	1	豩	3	
𤞲	0	𤞲	0	𤞲
𤞴	1	捔	3	
𤞵	1	豹	1	豹
𤞸	1	狟	1	狟
𤞹	1	狦	1	狦
𤞾	2	狚&𤞾	1	狚
𤞿	1	犴	1	犴
𤟀	0	𤟀	0	𤟀
𤟃	0	𤟃	0	𤟃
𤟄	3	腔&羫	1	腔
𤟅	0	𤟅	0	𤟅
𤟆	0	𤟆	0	𤟆
𤟇	0	𤟇	0	𤟇
𤟈	1	䍶	1	䍶
𤟉	1	犴	1	犴
𤟊	2	狖&𤟊	1	狖
𤟋	1	狡	1	狡
𤟌	1	獎	1	獎
𤟍	0	𤟍	0	𤟍
𤟎	0	𤟎	0	𤟎
𤟏	1	倏	1	倏
𤟐	1	猘	1	猘
𤟑	0	𤟑	0	𤟑
𤟒	1	獎	1	獎
𤟔	1	悵	1	悵
𤟕	1	𤟠	1	𤟠
𤟗	3	猨&猿	1	猿
𤟙	1	然	1	然
𤟚	0	𤟚	0	𤟚
𤟜	1	獻	1	獻
𤟝	2	虎&猇&𤟝	2	虎&猇&𤟝
𤟞	0	𤟞	0	𤟞
𤟟	0	𤟟	0	𤟟
𤟠	0	𤟠	0	𤟠
𤟡	1	獚	1	獚
𤟢	0	𤟢	0	𤟢
𤟣	0	𤟣	0	𤟣
𤟤	0	𤟤	0	𤟤
𤟥	0	𤟥	0	𤟥
𤟦	2	獳&𤟦	2	獳&𤟦
𤟧	0	𤟧	0	𤟧
𤟨	1	㺛	1	㺛
𤟩	2	獨&𤟩&𤡴	2	獨&𤟩&𤡴
𤟪	0	𤟪	0	𤟪
𤟫	1	獀	1	獀
𤟬	1	𤠟	1	𤠟
𤟭	1	㲋	1	㲋
𤟮	1	黻	3	
𤟴	1	𤟤	1	𤟤
𤟵	1	戾	1	戾
𤟶	1	猒	1	猒
𤟸	1	𤡄	1	𤡄
𤟺	1	𤠎	1	𤠎
𤟻	1	猰	1	猰
𤟽	1	鍦	1	鍦
𤠇	0	𤠇	0	𤠇
𤠋	1	䝏	3	
𤠌	1	豺	3	
𤠍	0	𤠍	0	𤠍
𤠎	0	𤠎	0	𤠎
𤠏	1	㺁	1	㺁
𤠐	0	𤠐	0	𤠐
𤠑	0	𤠑	0	𤠑
𤠒	1	㺇	1	㺇
𤠓	0	𤠓	0	𤠓
𤠔	2	𤠔&猿	1	猿
𤠕	1	畜	1	畜
𤠖	1	㺒	1	㺒
𤠗	1	熊	1	熊
𤠘	0	𤠘	0	𤠘
𤠙	0	𤠙	0	𤠙
𤠚	0	𤠚	0	𤠚
𤠜	1	㹶	1	㹶
𤠝	0	𤠝	0	𤠝
𤠞	1	貔	1	貔
𤠟	2	𤠟&䑜	0	𤠟
𤠠	0	𤠠	0	𤠠
𤠡	1	㹺	1	㹺
𤠢	3	獨&𤟩	3	獨&𤟩
𤠤	0	𤠤	0	𤠤
𤠥	1	狾	1	狾
𤠫	0	𤠫	0	𤠫
𤠬	1	獢	1	獢
𤠭	1	麝	3	
𤠮	0	𤠮	3	
𤠵	2	猰&𤠵	0	𤠵
𤠹	3	狾&猘	1	狾
𤠺	0	𤠺	0	𤠺
𤠻	1	㹍	1	㹍
𤠼	1	㺉	1	㺉
𤠽	0	𤠽	0	𤠽
𤠾	1	貙	1	貙
𤠿	0	𤠿	0	𤠿
𤡀	2	㺊&𤡀	1	㺊
𤡁	1	獌	1	獌
𤡂	0	𤡂	0	𤡂
𤡃	0	𤡃	0	𤡃
𤡄	2	𤡄&𤡳	0	𤡄
𤡅	1	㺑	1	㺑
𤡆	3	豵&猔	1	猔
𤡇	0	𤡇	0	𤡇
𤡎	1	獻	1	獻
𤡐	1	槽	3	
𤡑	1	僄	1	僄
𤡒	1	墅	3	
𤡗	1	獀	1	獀
𤡘	1	㺖	1	㺖
𤡙	1	㺑	1	㺑
𤡛	1	獰	3	
𤡜	1	猒	1	猒
𤡝	2	狴&𤡝	0	𤡝
𤡞	2	𤟃&𤡞	0	𤡞
𤡟	0	𤡟	0	𤡟
𤡠	2	𤡠&㺜	0	𤡠
𤡡	3	獵&猎	1	猎
𤡢	2	𤡢&𤢌	0	𤡢
𤡣	1	驉	1	驉
𤡤	2	獳&𤡤&㺜	0	𤡤
𤡥	0	𤡥	0	𤡥
𤡦	1	𤡥	1	𤡥
𤡧	0	𤡧	0	𤡧
𤡨	1	㺦	1	㺦
𤡩	1	獜	1	獜
𤡪	2	𤡪&䝐	0	𤡪
𤡫	1	㺡	1	㺡
𤡬	1	豷	1	豷
𤡭	0	𤡭	0	𤡭
𤡮	0	𤡮	0	𤡮
𤡯	1	獡	3	
𤡰	0	𤡰	0	𤡰
𤡱	0	𤡱	0	𤡱
𤡲	0	𤡲	0	𤡲
𤡳	2	𤡄&𤡳	0	𤡳
𤡴	2	獨&𤡴	0	𤡴
𤡵	1	戾	1	戾
𤡶	0	𤡶	0	𤡶
𤡷	1	渠	3	
𤡸	1	象	3	
𤡹	0	𤡹	0	𤡹
𤡺	2	𤢆&獰&𤡺	2	獰&𤡺
𤡻	1	𤡳	1	𤡳
𤡼	1	𤠑	1	𤠑
𤡿	0	𤡿	0	𤡿
𤢃	1	獢	1	獢
𤢅	1	𤡮	1	𤡮
𤢆	0	𤢆	3	
𤢈	1	撜	3	
𤢊	0	𤢊	0	𤢊
𤢋	0	𤢋	0	𤢋
𤢌	2	离&𤡢&𤢌	2	离&𤡢&𤢌
𤢍	1	𤡪	1	𤡪
𤢎	0	𤢎	0	𤢎
𤢏	0	𤢏	0	𤢏
𤢐	0	𤢐	0	𤢐
𤢑	1	猤	1	猤
𤢒	0	𤢒	0	𤢒
𤢓	1	豦	1	豦
𤢔	1	猲	1	猲
𤢕	2	斁&𤢕	1	斁
𤢖	3	魈&㺑	3	魈&㺑
𤢗	0	𤢗	0	𤢗
𤢘	2	素&𤢘	0	𤢘
𤢙	1	獠	1	獠
𤢚	1	獸	1	獸
𤢜	1	獨	1	獨
𤢝	1	獒	1	獒
𤢞	1	獌	1	獌
𤢟	0	𤢟	3	
𤢠	1	獦	1	獦
𤢢	1	獽	1	獽
𤢣	0	𤢣	0	𤢣
𤢦	0	𤢦	0	𤢦
𤢧	1	獡	1	獡
𤢨	0	𤢨	0	𤢨
𤢩	1	𤡪	1	𤡪
𤢪	1	獵	1	獵
𤢯	1	獜	1	獜
𤢴	3	獡&㺡	3	獡&㺡
𤢵	0	𤢵	0	𤢵
𤢶	0	𤢶	0	𤢶
𤢷	1	㺤	1	㺤
𤢸	1	獠	1	獠
𤢹	1	𤡂	1	𤡂
𤢺	0	𤢺	0	𤢺
𤢻	2	𤢻&狾	1	狾
𤣂	1	奰	3	
𤣃	0	𤣃	0	𤣃
𤣅	0	𤣅	0	𤣅
𤣆	1	㺦	1	㺦
𤣇	1	狾	3	
𤣈	1	㺦	1	㺦
𤣉	1	獻	1	獻
𤣊	1	獷	3	
𤣋	1	狑	1	狑
𤣍	1	狑	1	狑
𤣎	0	𤣎	0	𤣎
𤣏	1	獻	3	
𤣐	1	獮	1	獮
𤣑	0	𤣑	0	𤣑
𤣒	1	䝕	1	䝕
𤣓	2	玃&𤣓	1	玃
𤣔	1	獮	1	獮
𤣗	2	𤣗&獮	1	獮
𤣘	0	𤣘	0	𤣘
𤣙	0	𤣙	0	𤣙
𤣛	3	狖&貁	1	狖
𤣜	1	㺜	1	㺜
𤣝	1	獮	1	獮
𤣟	0	𤣟	0	𤣟
𤣠	1	㺧	1	㺧
𤣣	1	㺧	1	㺧
𤣤	1	狑	1	狑
𤣥	1	玄	3	
𤣧	3	旅&玈	1	玈
𤣨	1	𢇋	1	𢇋
𤣩	0	𤣩	0	𤣩
𤣪	1	玉	1	玉
𤣫	3	斗&鬥	1	斗
𤣭	1	𤣲	3	
𤣮	1	屹	1	屹
𤣯	0	𤣯	0	𤣯
𤣰	0	𤣰	0	𤣰
𤣱	1	玘	1	玘
𤣲	2	珙&𤣲	0	𤣲
𤣳	1	玕	3	
𤣴	1	誷	1	誷
𤣵	1	玖	1	玖
𤣸	0	𤣸	0	𤣸
𤣹	0	𤣹	0	𤣹
𤣺	1	瑵	1	瑵
𤣻	2	𤤄&𤣻	0	𤣻
𤣼	0	𤣼	0	𤣼
𤣽	1	瑁	3	
𤣿	1	汧	3	
𤤄	0	𤤄	3	
𤤇	1	𤤋	3	
𤤈	1	瑚	1	瑚
𤤉	1	㻉	3	
𤤋	0	𤤋	3	
𤤍	3	玟&璑	1	玟
𤤏	1	玦	1	玦
𤤐	0	𤤐	0	𤤐
𤤑	0	𤤑	0	𤤑
𤤒	0	𤤒	0	𤤒
𤤓	1	玤	1	玤
𤤖	1	拂	3	
𤤗	1	旎	3	
𤤘	1	丘	1	丘
𤤦	1	瑱	3	
𤤨	3	瑰&𤪿	3	瑰&𤪿
𤤪	1	珊	1	珊
𤤭	3	玻&琉	1	玻
𤤱	0	𤤱	0	𤤱
𤤲	0	𤤲	0	𤤲
𤤴	1	玨	1	玨
𤤵	1	玤	1	玤
𤤶	0	𤤶	0	𤤶
𤤷	0	𤤷	0	𤤷
𤤸	0	𤤸	0	𤤸
𤤹	1	㻷	1	㻷
𤤺	0	𤤺	0	𤤺
𤤻	1	班	1	班
𤤼	3	碯&瑙	1	瑙
𤤽	1	珍	3	
𤥂	1	珍	3	
𤥎	1	琰	1	琰
𤥔	2	珟&𤥔	0	𤥔
𤥕	1	琁	1	琁
𤥖	1	寶	1	寶
𤥗	0	𤥗	0	𤥗
𤥘	3	𤤄&𤥙	1	𤥙
𤥙	0	𤥙	0	𤥙
𤥚	1	玕	1	玕
𤥛	1	珢	1	珢
𤥜	1	𤤄	3	
𤥝	0	𤥝	3	
𤥞	1	𤤄	3	
𤥟	1	𤤺	3	
𤥡	1	㺹	3	
𤥨	1	琢	1	琢
𤥯	1	寶	3	
𤥱	1	𤥙	3	
𤥲	1	球	1	球
𤥳	1	㻒	3	
𤥶	1	琊	3	
𤥷	0	𤥷	0	𤥷
𤥸	1	璘	1	璘
𤥺	0	𤥺	3	
𤥼	1	璁	1	璁
𤥽	0	𤥽	0	𤥽
𤥾	2	璩&𤥾	2	璩&𤥾
𤥿	0	𤥿	0	𤥿
𤦀	1	瓕	1	瓕
𤦁	1	𤦼	1	𤦼
𤦂	1	國	1	國
𤦃	0	𤦃	0	𤦃
𤦄	0	𤦄	3	
𤦆	1	瑫	3	
𤦏	1	瑙	1	瑙
𤦐	1	捱	3	
𤦒	1	國	1	國
𤦗	1	琴	3	
𤦛	1	瑁	3	
𤦜	1	琀	3	
𤦠	1	玠	1	玠
𤦡	1	琴	1	琴
𤦢	1	琪	1	琪
𤦣	1	琥	3	
𤦥	1	𤤺	1	𤤺
𤦦	1	班	1	班
𤦨	1	聖	1	聖
𤦩	1	琧	3	
𤦮	0	𤦮	0	𤦮
𤦯	1	珒	1	珒
𤦰	1	瑬	1	瑬
𤦱	1	璚	1	璚
𤦲	1	璩	1	璩
𤦳	1	琿	1	琿
𤦴	1	琅	1	琅
𤦹	1	瑱	3	
𤦺	1	琦	3	
𤦼	0	𤦼	0	𤦼
𤧑	1	珮	3	
𤧖	1	環	1	環
𤧗	2	和&𤧗	2	和&𤧗
𤧙	0	𤧙	0	𤧙
𤧚	1	璁	3	
𤧝	1	侯	1	侯
𤧠	0	𤧠	0	𤧠
𤧡	1	璘	3	
𤧢	1	璘	1	璘
𤧧	1	瑿	1	瑿
𤧩	1	𤦼	3	
𤧪	1	琛	1	琛
𤧫	2	𤤷&𤧫	2	𤤷&𤧫
𤧬	1	𤦼	1	𤦼
𤧭	0	𤧭	0	𤧭
𤧮	2	垛&𤧮	0	𤧮
𤧯	1	𤥙	3	
𤧰	1	琵	1	琵
𤧲	1	琶	1	琶
𤧺	1	瑄	1	瑄
𤨁	1	瑨	3	
𤨍	0	𤨍	0	𤨍
𤨏	1	瑣	1	瑣
𤨐	1	瑫	1	瑫
𤨓	1	瑹	3	
𤨔	1	環	1	環
𤨕	0	𤨕	0	𤨕
𤨖	0	𤨖	0	𤨖
𤨗	2	𤨗&瑮	1	瑮
𤨘	3	辬&斑	1	斑
𤨙	1	𤨕	1	𤨕
𤨚	1	瑵	1	瑵
𤨛	1	瑳	1	瑳
𤨜	1	琅	1	琅
𤨝	1	瑟	1	瑟
𤨟	1	墄	3	
𤨢	1	瑛	3	
𤨧	1	瑮	3	
𤨩	1	饈	3	
𤨪	1	璨	3	
𤨬	1	瓋	3	
𤨵	1	璪	3	
𤨶	1	塨	3	
𤨸	1	璊	1	璊
𤨹	0	𤨹	0	𤨹
𤨺	1	琛	1	琛
𤨻	0	𤨻	0	𤨻
𤨿	1	鏘	3	
𤩀	1	珊	1	珊
𤩁	1	璩	1	璩
𤩂	0	𤩂	0	𤩂
𤩃	0	𤩃	0	𤩃
𤩄	0	𤩄	0	𤩄
𤩅	1	璿	1	璿
𤩆	3	𤥺&瑍	1	瑍
𤩇	1	璹	1	璹
𤩈	2	𤩈&璹	1	璹
𤩉	3	𤩈&璹	1	璹
𤩋	1	璿	1	璿
𤩌	1	湛	3	
𤩒	1	𤪌	1	𤪌
𤩓	1	瑨	3	
𤩟	1	琴	1	琴
𤩡	1	璿	3	
𤩣	1	瑂	1	瑂
𤩤	1	𤪎	1	𤪎
𤩧	1	蟬	3	
𤩨	2	璪&𤩨	1	璪
𤩩	0	𤩩	0	𤩩
𤩫	1	瑰	1	瑰
𤩬	1	珦	1	珦
𤩭	0	𤩭	0	𤩭
𤩮	0	𤩮	0	𤩮
𤩯	1	𤩮	1	𤩮
𤩰	1	瑮	1	瑮
𤩱	0	𤩱	0	𤩱
𤩲	0	𤩲	0	𤩲
𤩴	3	瑱&𤩱	3	瑱&𤩱
𤩵	1	琚	1	琚
𤩶	1	璞	3	
𤩹	1	璧	3	
𤩼	1	瓍	3	
𤩽	1	瓛	3	
𤩿	1	蔥	3	
𤪃	2	璙&𤪃	1	璙
𤪄	1	𤩃	1	𤩃
𤪅	1	瑤	1	瑤
𤪆	1	𤪍	1	𤪍
𤪇	3	𤨗&瑮	1	瑮
𤪋	0	𤪋	0	𤪋
𤪌	0	𤪌	0	𤪌
𤪍	0	𤪍	0	𤪍
𤪎	0	𤪎	0	𤪎
𤪏	1	璘	1	璘
𤪐	1	璵	1	璵
𤪒	1	瑮	3	
𤪙	1	珍	3	
𤪠	1	纁	3	
𤪢	1	𤩮	1	𤩮
𤪣	1	瑾	1	瑾
𤪦	1	疑	3	
𤪩	1	瑳	1	瑳
𤪪	1	瑑	1	瑑
𤪫	2	璣&𤪫	1	璣
𤪬	3	𤫓&琚	1	琚
𤪭	3	璺&B02680	1	B02680
𤪮	0	𤪮	0	𤪮
𤪰	1	𤪎	3	
𤪴	1	璱	1	璱
𤪸	3	瑣&璅	1	璅
𤪹	1	環	1	環
𤪺	0	𤪺	3	
𤪼	1	璉	3	
𤪽	1	璿	3	
𤪾	3	瓑&瓅	1	瓅
𤪿	2	傀&瑰&𤪿	2	傀&瑰&𤪿
𤫀	1	璿	1	璿
𤫅	1	碧	1	碧
𤫆	1	璽	1	璽
𤫉	0	𤫉	0	𤫉
𤫊	2	𤫊&靈	1	靈
𤫌	1	璵	1	璵
𤫍	1	琴	1	琴
𤫎	1	瑩	3	
𤫏	1	𤣗	3	
𤫓	0	𤫓	3	
𤫔	1	㻾	1	㻾
𤫕	2	𤫕&瑈	1	瑈
𤫘	2	𤫕&𤫘	0	𤫘
𤫙	1	𤫉	3	
𤫚	1	璃	3	
𤫞	1	瑱	3	
𤫡	1	罌	3	
𤫣	0	𤫣	0	𤫣
𤫤	1	瓃	1	瓃
𤫥	1	瓃	1	瓃
𤫧	0	𤫧	3	
𤫨	0	𤫨	0	𤫨
𤫩	1	玲	1	玲
𤫪	1	㼊	1	㼊
𤫫	0	𤫫	0	𤫫
𤫬	0	𤫬	0	𤫬
𤫭	1	㼊	1	㼊
𤫯	1	㼉	1	㼉
𤫰	1	瓞	1	瓞
𤫱	0	𤫱	0	𤫱
𤫲	0	𤫲	0	𤫲
𤫳	1	𦰯	1	𦰯
𤫴	1	瓞	1	瓞
𤫵	1	䒷	1	䒷
𤫶	0	𤫶	0	𤫶
𤫷	0	𤫷	0	𤫷
𤫺	0	𤫺	0	𤫺
𤫻	0	𤫻	0	𤫻
𤫼	1	瓞	1	瓞
𤫽	1	覛	3	
𤫾	1	𤬖	1	𤬖
𤬁	0	𤬁	0	𤬁
𤬂	0	𤬂	0	𤬂
𤬃	0	𤬃	0	𤬃
𤬄	1	瓠	3	
𤬅	0	𤬅	3	
𤬆	1	㼔	3	
𤬇	1	𤫺	1	𤫺
𤬈	1	𤫱	1	𤫱
𤬉	2	藈&𤬉	1	藈
𤬊	1	㼐	3	
𤬌	0	𤬌	0	𤬌
𤬍	1	𤬖	1	𤬖
𤬎	1	瓞	1	瓞
𤬏	0	𤬏	0	𤬏
𤬐	0	𤬐	0	𤬐
𤬒	1	㼔	1	㼔
𤬓	0	𤬓	3	
𤬖	0	𤬖	0	𤬖
𤬗	1	瓠	1	瓠
𤬘	0	𤬘	0	𤬘
𤬚	1	㼓	1	㼓
𤬛	0	𤬛	0	𤬛
𤬜	1	𤬛	1	𤬛
𤬝	0	𤬝	0	𤬝
𤬞	1	瓤	3	
𤬟	1	瓢	3	
𤬠	0	𤬠	0	𤬠
𤬡	1	瓢	1	瓢
𤬢	2	𤬢&瓢	1	瓢
𤬣	1	瓢	1	瓢
𤬤	3	瓥&㼖	1	㼖
𤬥	1	瓤	3	
𤬦	0	𤬦	0	𤬦
𤬨	0	𤬨	0	𤬨
𤬩	0	𤬩	0	𤬩
𤬪	2	瓨&𤬪	2	瓨&𤬪
𤬬	2	甃&𤬬	1	甃
𤬭	2	坏&壞&𤬭	2	坏&𤬭
𤬮	1	瓶	1	瓶
𤬯	0	𤬯	0	𤬯
𤬰	1	𤬯	1	𤬯
𤬳	1	㼦	3	
𤬴	2	瓵&𤬴&㼢	2	瓵&𤬴
𤬵	0	𤬵	0	𤬵
𤬶	1	𥁎	1	𥁎
𤬷	0	𤬷	0	𤬷
𤬺	3	㼜&盎	1	盎
𤬻	1	瓴	1	瓴
𤬼	1	𤬷	1	𤬷
𤬽	1	㼚	3	
𤬾	0	𤬾	0	𤬾
𤬿	2	𤬿&𤮰	1	𤮰
𤭀	1	㼱	1	㼱
𤭁	1	㼧	1	㼧
𤭂	0	𤭂	0	𤭂
𤭃	1	㼲	1	㼲
𤭄	0	𤭄	0	𤭄
𤭈	1	銚	1	銚
𤭉	0	𤭉	3	
𤭊	1	瓨	3	
𤭋	1	𤮋	3	
𤭌	2	𤭌&㼵	2	𤭌&㼵
𤭍	0	𤭍	0	𤭍
𤭎	1	甒	1	甒
𤭏	1	瓻	1	瓻
𤭐	2	甍&𤭐	1	甍
𤭑	2	瓿&𤭑	2	瓿&𤭑
𤭒	0	𤭒	0	𤭒
𤭓	1	鈃	1	鈃
𤭔	0	𤭔	0	𤭔
𤭕	2	𤭉&𤭕	0	𤭕
𤭗	1	𤬷	1	𤬷
𤭘	1	㼢	1	㼢
𤭙	0	𤭙	3	
𤭛	2	𤭛&缸	1	缸
𤭜	0	𤭜	0	𤭜
𤭝	3	𤮅&甈	1	甈
𤭞	0	𤭞	0	𤭞
𤭟	2	缶&𤭟	2	缶&𤭟
𤭠	1	𤬷	1	𤬷
𤭡	1	𤬷	1	𤬷
𤭢	0	𤭢	0	𤭢
𤭣	2	𤭣&㽄	1	㽄
𤭦	3	𤭣&㽄	1	㽄
𤭧	0	𤭧	0	𤭧
𤭨	1	堶	1	堶
𤭩	0	𤭩	0	𤭩
𤭪	1	㼽	1	㼽
𤭬	0	𤭬	0	𤭬
𤭰	1	甃	1	甃
𤭱	1	瓳	3	
𤭲	1	𤬷	3	
𤭳	1	𤮋	1	𤮋
𤭴	0	𤭴	0	𤭴
𤭹	1	盎	1	盎
𤭺	3	𤭛&缸	1	缸
𤭻	0	𤭻	0	𤭻
𤭼	0	𤭼	0	𤭼
𤭽	0	𤭽	0	𤭽
𤭾	1	甄	1	甄
𤭿	1	𤬷	1	𤬷
𤮀	1	瓷	1	瓷
𤮁	1	㼲	3	
𤮂	1	㼺	1	㼺
𤮅	2	𤮅&甈	1	甈
𤮆	2	瓻&𤮆	2	瓻&𤮆
𤮇	1	㼸	1	㼸
𤮈	2	㼤&𤮈	0	𤮈
𤮉	2	𤮉&𤮎	1	𤮎
𤮊	0	𤮊	0	𤮊
𤮋	0	𤮋	0	𤮋
𤮍	2	膞&𤮍	2	膞&𤮍
𤮎	0	𤮎	0	𤮎
𤮏	0	𤮏	0	𤮏
𤮐	1	樽	1	樽
𤮓	1	㽄	1	㽄
𤮔	1	甄	3	
𤮖	2	𤮖&𤮋	0	𤮖
𤮘	2	𤮘&豋	1	豋
𤮙	0	𤮙	0	𤮙
𤮚	0	𤮚	0	𤮚
𤮛	3	墼&㼤	1	墼
𤮜	0	𤮜	0	𤮜
𤮝	1	甗	1	甗
𤮡	0	𤮡	0	𤮡
𤮢	1	甒	1	甒
𤮦	3	壜&罈	1	罈
𤮧	1	罏	1	罏
𤮨	2	礱&𤮨	1	礱
𤮩	2	敦&熟&𤮩	2	敦&𤮩
𤮪	0	𤮪	0	𤮪
𤮫	1	𦉐	1	𦉐
𤮬	1	𦉐	3	
𤮭	0	𤮭	0	𤮭
𤮮	1	瓴	1	瓴
𤮯	0	𤮯	0	𤮯
𤮰	2	窐&𤮰	1	窐
𤮱	0	𤮱	0	𤮱
𤮲	3	甕&瓮	1	甕
𤮳	2	罐&𤮳	2	罐&𤮳
𤮴	1	罐	1	罐
𤮵	3	𧰓&𧰠	1	𧰓
𤮶	1	㽊	3	
𤮷	0	𤮷	3	
𤮸	2	𤮚&𤮸	2	𤮚&𤮸
𤮹	1	瓴	1	瓴
𤮺	1	甘	1	甘
𤮻	1	旨	1	旨
𤮼	0	𤮼	0	𤮼
𤮽	0	𤮽	0	𤮽
𤯁	1	𠯑	1	𠯑
𤯂	3	𡗾&吳	1	吳
𤯅	1	甚	1	甚
𤯇	0	𤯇	0	𤯇
𤯈	1	蔗	1	蔗
𤯉	1	耽	1	耽
𤯋	1	蔗	1	蔗
𤯌	1	𤯍	1	𤯍
𤯍	0	𤯍	0	𤯍
𤯎	1	𤯍	1	𤯍
𤯐	0	𤯐	0	𤯐
𤯒	1	馨	3	
𤯓	1	生	1	生
𤯔	1	人	1	人
𤯕	1	姓	1	姓
𤯖	0	𤯖	0	𤯖
𤯗	3	𡘫&穩	1	穩
𤯚	2	終&𤯚	2	終&𤯚
𤯛	1	笙	1	笙
𤯝	3	青&眚	3	青&眚
𤯞	1	青	1	青
𤯟	2	毒&𤯟	0	𤯟
𤯠	1	姻	1	姻
𤯡	0	𤯡	0	𤯡
𤯢	1	星	1	星
𤯣	1	姓	1	姓
𤯦	1	嫩	1	嫩
𤯧	1	姓	1	姓
𤯬	1	姓	1	姓
𤯯	1	嫩	1	嫩
𤯲	1	隆	1	隆
𤯳	1	甦	1	甦
𤯷	2	葟&𤯷	0	𤯷
𤯼	1	蕤	3	
𤯽	1	死	1	死
𤯾	1	蕤	3	
𤰀	1	𤯷	1	𤯷
𤰃	1	用	1	用
𤰄	1	角	3	
𤰅	2	備&𤰅&𤰈	2	備&𤰅&𤰈
𤰆	1	用	1	用
𤰇	2	𤰇&備&𤰈	3	備&𤰈
𤰈	0	𤰈	0	𤰈
𤰎	1	墉	1	墉
𤰏	1	川	3	
𤰑	0	𤰑	0	𤰑
𤰕	3	甽&畎	1	畎
𤰖	1	畎	3	
𤰘	1	畝	3	
𤰛	1	留	1	留
𤰜	1	畝	3	
𤰝	3	甽&畎	1	畎
𤰞	1	卑	1	卑
𤰟	0	𤰟	0	𤰟
𤰠	0	𤰠	0	𤰠
𤰡	1	甿	1	甿
𤰢	1	㽘	1	㽘
𤰣	1	畏	1	畏
𤰧	1	舅	1	舅
𤰨	3	毗&鴊	1	毗
𤰩	2	畬&𤰩	1	畬
𤰪	0	𤰪	0	𤰪
𤰫	1	邦	1	邦
𤰬	0	𤰬	0	𤰬
𤰭	1	䎩	1	䎩
𤰮	2	𤱉&𤰮	0	𤰮
𤰯	1	畟	1	畟
𤰰	1	畏	1	畏
𤰱	1	畫	1	畫
𤰲	1	畏	1	畏
𤰳	0	𤰳	0	𤰳
𤰴	3	威&畏	1	威
𤰵	1	畏	1	畏
𤰶	0	𤰶	0	𤰶
𤰻	1	黃	3	
𤰿	1	畝	3	
𤱁	1	𤱽	3	
𤱂	1	甿	3	
𤱃	0	𤱃	3	
𤱄	1	泉	1	泉
𤱈	1	畝	3	
𤱉	0	𤱉	3	
𤱊	1	留	3	
𤱋	2	𤱋&𪚮	2	𤱋&𪚮
𤱌	0	𤱌	0	𤱌
𤱍	2	𤱍&耚	2	𤱍&耚
𤱎	0	𤱎	0	𤱎
𤱏	1	畛	1	畛
𤱐	1	𤴙	1	𤴙
𤱑	0	𤱑	3	
𤱒	1	陸	1	陸
𤱔	1	畝	3	
𤱕	1	氓	1	氓
𤱖	1	畏	1	畏
𤱛	1	𤱃	3	
𤱜	1	收	3	
𤱝	1	疃	3	
𤱞	1	畋	1	畋
𤱣	2	𤱣&𪚮	2	𤱣&𪚮
𤱤	2	𤱤&䍆	1	䍆
𤱥	1	畛	1	畛
𤱦	3	𤱳&垙	1	垙
𤱧	0	𤱧	0	𤱧
𤱨	0	𤱨	0	𤱨
𤱩	2	垗&𤱩	2	垗&𤱩
𤱪	1	畫	3	
𤱫	3	威&畏	1	畏
𤱬	1	畇	1	畇
𤱭	1	當	1	當
𤱮	1	魅	1	魅
𤱱	1	載	1	載
𤱲	1	鬼	3	
𤱳	2	𤱳&垙	1	垙
𤱵	1	邦	3	
𤱶	1	畎	1	畎
𤱼	1	畛	1	畛
𤱽	0	𤱽	0	𤱽
𤱾	0	𤱾	0	𤱾
𤱿	1	𢍚	3	
𤲃	1	畢	1	畢
𤲄	1	魅	1	魅
𤲅	1	菴	1	菴
𤲊	1	豐	3	
𤲋	1	畯	1	畯
𤲍	1	㽠	1	㽠
𤲎	1	𤲖	1	𤲖
𤲑	1	䍆	1	䍆
𤲒	3	畊&𤲒	1	𤲒
𤲓	2	萊&𤲓	0	𤲓
𤲔	3	𤲵&庤	1	庤
𤲕	3	埨&陯	1	陯
𤲖	0	𤲖	0	𤲖
𤲗	0	𤲗	0	𤲗
𤲘	3	暢&畼	1	畼
𤲙	1	畚	1	畚
𤲚	0	𤲚	0	𤲚
𤲛	1	畚	1	畚
𤲜	1	畢	1	畢
𤲝	1	嗇	1	嗇
𤲢	1	留	1	留
𤲣	2	疀&𤲣	1	疀
𤲤	1	㽡	3	
𤲥	1	祗	1	祗
𤲧	3	𤱑&畝	1	畝
𤲫	3	疃&畽	1	畽
𤲬	0	𤲬	0	𤲬
𤲭	0	𤲭	0	𤲭
𤲮	1	疇	1	疇
𤲯	1	畫	1	畫
𤲰	1	瑁	1	瑁
𤲲	1	糞	1	糞
𤲳	1	𦦔	3	
𤲵	2	𤲵&庤	1	庤
𤲶	3	孿&嬲	3	孿&嬲
𤲷	1	嗇	1	嗇
𤲸	1	畜	1	畜
𤲹	1	畷	1	畷
𤲺	1	蹊	1	蹊
𤲻	1	𤱨	1	𤱨
𤲽	1	校	1	校
𤲿	1	畫	1	畫
𤳅	0	𤳅	0	𤳅
𤳈	1	塲	1	塲
𤳉	0	𤳉	0	𤳉
𤳊	1	𤲒	1	𤲒
𤳋	1	嗇	1	嗇
𤳌	2	𤳌&𤳯	1	𤳯
𤳏	1	畾	1	畾
𤳐	1	𤳯	3	
𤳑	1	㽩	3	
𤳒	1	㽩	1	㽩
𤳓	0	𤳓	0	𤳓
𤳔	1	塍	1	塍
𤳕	0	𤳕	0	𤳕
𤳖	2	番&𤳖	0	𤳖
𤳗	1	𤳖	3	
𤳘	0	𤳘	0	𤳘
𤳛	1	𤳖	1	𤳖
𤳜	1	𤲬	3	
𤳟	2	𤲬&𤳟	1	𤲬
𤳠	0	𤳠	0	𤳠
𤳤	0	𤳤	0	𤳤
𤳩	1	疄	3	
𤳪	0	𤳪	0	𤳪
𤳫	2	𤳫&𤲒	1	𤲒
𤳬	1	畦	1	畦
𤳭	1	𤴀	1	𤴀
𤳮	1	塍	1	塍
𤳯	0	𤳯	0	𤳯
𤳲	1	疀	1	疀
𤳳	2	𤳳&雷&虺	3	雷&虺
𤳶	1	㽨	1	㽨
𤳷	0	𤳷	3	
𤳹	3	雷&虺	3	雷&虺
𤳻	3	累&纍	1	累
𤳼	1	𤳯	1	𤳯
𤳿	3	𤴋&畽	1	畽
𤴀	2	磽&𤴀	0	𤴀
𤴁	1	疊	1	疊
𤴂	1	𧐯	1	𧐯
𤴄	3	𤳳&虺	1	虺
𤴅	3	𧇄&罏	1	罏
𤴇	3	𤴊&星	1	星
𤴈	3	累&纍	1	累
𤴉	1	𤴍	3	
𤴊	0	𤴊	3	
𤴋	2	𤴋&畽	1	畽
𤴌	1	雷	1	雷
𤴍	0	𤴍	3	
𤴎	3	𤴋&畽	1	畽
𤴐	1	雷	1	雷
𤴑	1	雷	1	雷
𤴒	1	鸓	1	鸓
𤴓	3	匹&正&疋&雅	3	匹&正&疋&雅
𤴗	1	疌	1	疌
𤴘	0	𤴘	0	𤴘
𤴙	0	𤴙	0	𤴙
𤴛	0	𤴛	3	
𤴜	1	梳	1	梳
𤴝	3	𤴛&疐	1	疐
𤴞	1	夏	1	夏
𤴟	0	𤴟	0	𤴟
𤴠	1	𨄚	1	𨄚
𤴡	1	疐	1	疐
𤴤	1	靈	1	靈
𤴥	2	𤴥&㽱&𤴦	2	𤴥&𤴦
𤴦	2	疣&𤴦	2	疣&𤴦
𤴧	2	𤴨&𤴧	2	𤴨&𤴧
𤴨	2	疣&痏&𤴨&𩑣	1	𩑣
𤴩	1	仄	1	仄
𤴪	2	𤴪&㽱	1	㽱
𤴫	1	疒	1	疒
𤴮	3	𤴪&㽱	1	㽱
𤴯	2	肒&𤴯	2	肒&𤴯
𤴰	1	㽾	1	㽾
𤴱	0	𤴱	0	𤴱
𤴳	2	疒&𤴳	2	疒&𤴳
𤴴	1	瘎	1	瘎
𤴶	1	莊	3	
𤴷	3	床&㾁	1	床
𤴸	1	疙	1	疙
𤴹	1	㾅	1	㾅
𤴺	1	瘎	1	瘎
𤴻	2	𤴻&𤵟	2	𤴻&𤵟
𤴼	0	𤴼	0	𤴼
𤴽	0	𤴽	0	𤴽
𤴾	2	𤴾&脪	2	𤴾&脪
𤴿	0	𤴿	0	𤴿
𤵀	0	𤵀	0	𤵀
𤵁	2	痔&𤵁	1	痔
𤵂	0	𤵂	0	𤵂
𤵃	2	瘳&𤵃	1	瘳
𤵇	1	疥	1	疥
𤵊	1	庉	3	
𤵋	1	胝	1	胝
𤵌	1	痧	3	
𤵍	1	斥	1	斥
𤵏	1	疥	3	
𤵑	1	疧	1	疧
𤵔	3	疣&瘎	1	瘎
𤵗	1	𤸵	1	𤸵
𤵘	0	𤵘	0	𤵘
𤵙	2	𤵙&㾪	1	㾪
𤵚	1	㾃	1	㾃
𤵛	2	痞&𤵛	2	痞&𤵛
𤵜	2	𤵜&疹&疢	3	疹&疢
𤵝	2	痗&𤵝	2	痗&𤵝
𤵞	2	𤵞&𦧈	1	𦧈
𤵟	0	𤵟	0	𤵟
𤵠	0	𤵠	0	𤵠
𤵡	1	㾰	1	㾰
𤵢	1	痃	1	痃
𤵣	1	病	1	病
𤵤	1	痻	1	痻
𤵥	2	疛&𤵥	2	疛&𤵥
𤵦	1	札	1	札
𤵨	2	瘦&𤵨	2	瘦&𤵨
𤵩	1	㾃	1	㾃
𤵫	1	𤶠	1	𤶠
𤵭	1	庘	1	庘
𤵰	1	㾭	3	
𤵲	3	𤵜&疹&疢	3	疹&疢
𤵵	1	瘐	3	
𤵸	3	癃&胮	3	癃&胮
𤵹	2	劼&𤵹	0	𤵹
𤵺	1	疶	1	疶
𤵻	2	肛&𤵻	2	肛&𤵻
𤵼	2	慯&𤵼	0	𤵼
𤵽	0	𤵽	0	𤵽
𤵾	0	𤵾	0	𤵾
𤵿	1	瘺	1	瘺
𤶀	1	㽱	1	㽱
𤶁	0	𤶁	0	𤶁
𤶅	1	疾	1	疾
𤶆	3	惱&𤷻	1	𤷻
𤶈	0	𤶈	3	
𤶉	3	庾&𤵨	1	庾
𤶊	1	癊	1	癊
𤶋	1	疱	3	
𤶌	1	瘦	1	瘦
𤶍	1	㾭	3	
𤶓	0	𤶓	0	𤶓
𤶔	2	疚&𤶔	1	疚
𤶕	0	𤶕	0	𤶕
𤶖	0	𤶖	0	𤶖
𤶗	3	獃&騃	1	獃
𤶘	0	𤶘	0	𤶘
𤶙	1	痄	1	痄
𤶚	0	𤶚	0	𤶚
𤶛	2	悒&𤶛	1	悒
𤶜	0	𤶜	0	𤶜
𤶝	2	𤵜&疢&𤶝	2	疢&𤶝
𤶞	1	癃	1	癃
𤶟	1	瘦	1	瘦
𤶠	0	𤶠	0	𤶠
𤶡	1	疛	1	疛
𤶢	1	痴	1	痴
𤶣	1	疫	1	疫
𤶤	0	𤶤	0	𤶤
𤶥	1	疾	1	疾
𤶧	1	𤸫	3	
𤶨	1	痕	1	痕
𤶩	1	脙	1	脙
𤶪	1	痒	1	痒
𤶫	1	疚	1	疚
𤶬	3	瘠&㾊	1	㾊
𤶮	1	𤵾	3	
𤶯	1	瘦	1	瘦
𤶰	1	𤶈	3	
𤶴	1	呻	3	
𤶵	3	𤹻&惱	1	惱
𤶶	1	𤷀	1	𤷀
𤶷	1	瘡	1	瘡
𤷀	0	𤷀	0	𤷀
𤷁	2	痙&𤵛&𤷁	2	痙&𤵛&𤷁
𤷂	1	痱	1	痱
𤷃	0	𤷃	0	𤷃
𤷄	0	𤷄	0	𤷄
𤷅	0	𤷅	0	𤷅
𤷆	0	𤷆	0	𤷆
𤷇	0	𤷇	0	𤷇
𤷈	2	痆&𤷈&䖧	2	痆&𤷈&䖧
𤷉	0	𤷉	0	𤷉
𤷊	2	疣&𤷊	1	疣
𤷋	3	𣯟&𣮧	1	𣮧
𤷌	2	胗&𤷌	1	胗
𤷍	0	𤷍	0	𤷍
𤷎	0	𤷎	0	𤷎
𤷏	0	𤷏	0	𤷏
𤷐	1	盲	1	盲
𤷑	0	𤷑	0	𤷑
𤷓	3	𤴾&脪	1	𤴾
𤷔	0	𤷔	0	𤷔
𤷕	0	𤷕	0	𤷕
𤷖	0	𤷖	0	𤷖
𤷗	2	𤷗&𤺓	2	𤷗&𤺓
𤷘	2	悼&𤷘	0	𤷘
𤷙	0	𤷙	0	𤷙
𤷚	1	瘃	1	瘃
𤷛	1	𤵼	1	𤵼
𤷜	1	癊	1	癊
𤷠	1	瘀	1	瘀
𤷥	1	痠	1	痠
𤷧	1	踒	3	
𤷨	1	㾭	3	
𤷫	1	瘌	3	
𤷷	2	𤷷&𤸱	1	𤸱
𤷸	0	𤷸	0	𤷸
𤷹	0	𤷹	0	𤷹
𤷺	1	瘦	3	
𤷻	0	𤷻	0	𤷻
𤷼	0	𤷼	0	𤷼
𤷽	0	𤷽	0	𤷽
𤷾	1	㾜	1	㾜
𤷿	0	𤷿	0	𤷿
𤸀	0	𤸀	0	𤸀
𤸁	2	瘃&𣨶&𤸁	2	瘃&𣨶&𤸁
𤸂	1	瘦	1	瘦
𤸃	1	瘦	1	瘦
𤸄	1	瘝	1	瘝
𤸅	1	痻	1	痻
𤸆	1	痿	1	痿
𤸇	1	癃	1	癃
𤸈	0	𤸈	0	𤸈
𤸉	2	𤸉&㿉	1	㿉
𤸊	0	𤸊	0	𤸊
𤸋	1	疥	1	疥
𤸌	1	癊	1	癊
𤸍	3	瘵&㾹	1	㾹
𤸎	2	𤵽&𤸎	2	𤵽&𤸎
𤸏	1	𤷈	1	𤷈
𤸐	1	𤸤	3	
𤸑	0	𤸑	0	𤸑
𤸒	0	𤸒	0	𤸒
𤸓	0	𤸓	0	𤸓
𤸔	2	癌&𤸔	0	𤸔
𤸕	1	憨	1	憨
𤸖	0	𤸖	0	𤸖
𤸗	0	𤸗	0	𤸗
𤸘	1	瘨	1	瘨
𤸙	1	𤸱	1	𤸱
𤸜	1	癢	3	
𤸞	1	𤸪	1	𤸪
𤸟	1	痔	1	痔
𤸠	1	廟	1	廟
𤸡	1	殃	3	
𤸢	3	惱&𤷻	3	惱&𤷻
𤸣	1	厜	3	
𤸤	2	𤸤&蝕	1	蝕
𤸥	1	聤	3	
𤸦	1	孱	3	
𤸩	2	𤸩&䨲	0	𤸩
𤸪	0	𤸪	0	𤸪
𤸫	0	𤸫	0	𤸫
𤸬	2	衰&𤸬	2	衰&𤸬
𤸭	2	瘏&𤸭	1	瘏
𤸮	0	𤸮	0	𤸮
𤸯	0	𤸯	0	𤸯
𤸰	1	鷹	1	鷹
𤸱	0	𤸱	0	𤸱
𤸲	0	𤸲	0	𤸲
𤸳	0	𤸳	0	𤸳
𤸴	0	𤸴	0	𤸴
𤸵	0	𤸵	0	𤸵
𤸶	2	𤸶&憊	1	憊
𤸷	0	𤸷	0	𤸷
𤸸	0	𤸸	0	𤸸
𤸹	0	𤸹	0	𤸹
𤸺	3	咳&欬	1	欬
𤸻	0	𤸻	0	𤸻
𤸼	0	𤸼	0	𤸼
𤸽	1	瘱	1	瘱
𤸾	1	癠	1	癠
𤸿	1	度	1	度
𤹇	3	耜&枱	1	耜
𤹉	1	廈	1	廈
𤹍	1	饜	1	饜
𤹎	1	瘂	3	
𤹏	1	癵	1	癵
𤹛	0	𤹛	0	𤹛
𤹜	0	𤹜	0	𤹜
𤹝	0	𤹝	0	𤹝
𤹞	0	𤹞	0	𤹞
𤹟	1	𤵼	1	𤵼
𤹠	1	瘠	1	瘠
𤹡	0	𤹡	0	𤹡
𤹢	0	𤹢	0	𤹢
𤹣	0	𤹣	0	𤹣
𤹤	2	疼&𤹤	2	疼&𤹤
𤹥	0	𤹥	0	𤹥
𤹦	1	痞	1	痞
𤹧	2	𤹧&𤻝	2	𤹧&𤻝
𤹨	0	𤹨	0	𤹨
𤹩	0	𤹩	0	𤹩
𤹪	3	傴&痀	1	傴
𤹫	1	𤸑	1	𤸑
𤹬	2	𤷙&𤹬	1	𤷙
𤹭	1	瘳	3	
𤹮	1	瘮	3	
𤹯	1	痛	1	痛
𤹱	1	瘕	1	瘕
𤹳	1	麼	1	麼
𤹴	0	𤹴	0	𤹴
𤹶	1	瘦	1	瘦
𤹷	1	𤺜	3	
𤹹	3	痪&瘓	1	瘓
𤹺	1	𤸱	3	
𤹻	2	𤹻&惱	1	惱
𤺀	2	𤸬&𤺀	2	𤸬&𤺀
𤺁	1	瘦	1	瘦
𤺃	0	𤺃	3	
𤺄	3	瘇&痌	1	瘇
𤺅	0	𤺅	0	𤺅
𤺆	2	𤺆&𤼌	0	𤺆
𤺇	1	㾫	1	㾫
𤺈	1	瘏	1	瘏
𤺉	0	𤺉	0	𤺉
𤺊	2	廝&㾷&𤺊	2	廝&㾷&𤺊
𤺋	1	疹	1	疹
𤺌	0	𤺌	0	𤺌
𤺍	1	憨	1	憨
𤺎	2	㾚&𤺎	2	㾚&𤺎
𤺏	0	𤺏	0	𤺏
𤺐	0	𤺐	0	𤺐
𤺑	3	瘮&㾕	1	㾕
𤺒	1	訾	1	訾
𤺓	0	𤺓	0	𤺓
𤺔	0	𤺔	0	𤺔
𤺕	2	疿&𤺕	2	疿&𤺕
𤺖	0	𤺖	0	𤺖
𤺗	0	𤺗	0	𤺗
𤺘	1	啞	1	啞
𤺙	3	惱&𤷻	1	𤷻
𤺚	1	瘛	1	瘛
𤺛	1	癇	1	癇
𤺜	2	𤺜&㿒	1	㿒
𤺝	1	瘧	1	瘧
𤺟	1	瘳	3	
𤺣	1	㾋	3	
𤺥	1	瘩	1	瘩
𤺦	1	瘞	1	瘞
𤺧	1	膚	1	膚
𤺨	1	瘡	1	瘡
𤺩	0	𤺩	0	𤺩
𤺬	1	膨	1	膨
𤺰	1	廞	3	
𤺷	0	𤺷	0	𤺷
𤺸	0	𤺸	0	𤺸
𤺹	3	𤻈&瘍	1	瘍
𤺺	1	癉	1	癉
𤺻	0	𤺻	0	𤺻
𤺼	0	𤺼	0	𤺼
𤺽	3	㿏&𤸷	1	𤸷
𤺾	0	𤺾	0	𤺾
𤺿	1	𤻱	1	𤻱
𤻀	2	穢&𤻀	1	穢
𤻁	2	𤺃&㿁&𤻁	2	㿁&𤻁
𤻂	2	痬&𤻂	2	痬&𤻂
𤻃	0	𤻃	0	𤻃
𤻄	0	𤻄	0	𤻄
𤻅	0	𤻅	0	𤻅
𤻆	0	𤻆	0	𤻆
𤻇	2	楚&憷&𤻇	1	楚
𤻈	2	𤻈&瘍	1	瘍
𤻉	1	鴈	1	鴈
𤻊	1	㿉	3	
𤻋	1	癟	1	癟
𤻌	1	瘑	3	
𤻍	2	揄&𤻍	1	揄
𤻕	1	癰	1	癰
𤻖	2	痹&𤻖	2	痹&𤻖
𤻗	1	瘰	1	瘰
𤻘	0	𤻘	0	𤻘
𤻙	0	𤻙	0	𤻙
𤻚	3	𤸶&憊	1	憊
𤻛	1	癤	1	癤
𤻜	0	𤻜	0	𤻜
𤻝	0	𤻝	0	𤻝
𤻞	3	𤵜&疢	1	疢
𤻢	2	㿄&𤻢	2	㿄&𤻢
𤻣	3	疾&瘠	1	疾
𤻤	1	㿛	1	㿛
𤻥	1	痯	1	痯
𤻧	1	瘢	3	
𤻨	3	痪&瘓	1	瘓
𤻩	1	饜	3	
𤻮	1	應	1	應
𤻯	1	瘦	1	瘦
𤻰	1	癢	3	
𤻱	0	𤻱	0	𤻱
𤻲	1	療	1	療
𤻳	2	𤻳&瘰	1	瘰
𤻴	1	疼	1	疼
𤻵	1	癤	1	癤
𤻶	0	𤻶	0	𤻶
𤻷	0	𤻷	0	𤻷
𤻸	1	瘥	1	瘥
𤻹	1	癘	1	癘
𤻺	1	瘦	1	瘦
𤼀	0	𤼀	0	𤼀
𤼁	0	𤼁	0	𤼁
𤼂	0	𤼂	0	𤼂
𤼃	2	聾&𤼃	2	聾&𤼃
𤼄	1	瘭	1	瘭
𤼅	0	𤼅	0	𤼅
𤼆	1	𤹤	1	𤹤
𤼉	1	憨	3	
𤼊	1	㿉	3	
𤼋	0	𤼋	0	𤼋
𤼌	0	𤼌	0	𤼌
𤼍	0	𤼍	0	𤼍
𤼐	3	痯&肒	3	痯&肒
𤼑	1	髍	1	髍
𤼒	0	𤼒	0	𤼒
𤼖	1	痋	1	痋
𤼗	0	𤼗	0	𤼗
𤼘	2	羸&𤼘	2	羸&𤼘
𤼙	1	癵	1	癵
𤼚	1	癘	1	癘
𤼛	1	饜	3	
𤼜	3	蠯&螷	1	螷
𤼝	1	癑	1	癑
𤼟	1	㿙	1	㿙
𤼠	1	瘰	1	瘰
𤼡	1	鷹	1	鷹
𤼢	0	𤼢	0	𤼢
𤼣	1	癵	1	癵
𤼤	1	㿙	1	㿙
𤼥	1	躋	1	躋
𤼧	1	癹	1	癹
𤼨	1	祭	3	
𤼩	1	癸	1	癸
𤼪	1	登	1	登
𤼬	3	班&發	1	班
𤼭	1	蚤	3	
𤼯	1	癹	1	癹
𤼰	1	𧶢	1	𧶢
𤼱	2	𤼱&𦲯	0	𤼱
𤼲	1	發	1	發
𤼳	0	𤼳	3	
𤼴	1	𤼳	3	
𤼵	1	發	3	
𤼷	1	登	1	登
𤼹	1	𧶢	1	𧶢
𤼺	1	𧶢	1	𧶢
𤼻	1	虐	3	
𤼼	1	登	1	登
𤼽	1	白	1	白
𤼾	1	癿	1	癿
𤼿	1	皀	3	
𤽁	0	𤽁	0	𤽁
𤽂	0	𤽂	0	𤽂
𤽃	2	𡿯&𤽃	2	𡿯&𤽃
𤽆	2	𤽁&𤽆	1	𤽁
𤽇	2	泉&𤽇	1	泉
𤽈	1	㚖	1	㚖
𤽉	0	𤽉	0	𤽉
𤽊	0	𤽊	0	𤽊
𤽋	2	𤽋&豆	1	豆
𤽌	2	𤽌&䑔	2	𤽌&䑔
𤽍	1	氣	1	氣
𤽎	1	陰	1	陰
𤽐	3	迫&敀	1	敀
𤽑	1	敀	3	
𤽔	3	𤽋&豆	1	豆
𤽖	2	㣎&𤽖	1	㣎
𤽘	1	終	1	終
𤽙	1	皇	1	皇
𤽚	1	皇	1	皇
𤽛	1	星	1	星
𤽜	1	皌	3	
𤽢	1	皇	1	皇
𤽤	1	眥	3	
𤽥	2	𤽥&皪	2	𤽥&皪
𤽦	0	𤽦	0	𤽦
𤽧	1	皇	1	皇
𤽫	1	𤽬	3	
𤽬	2	𤽬&終	1	終
𤽭	1	皎	3	
𤽮	1	辠	3	
𤽯	1	㿧	1	㿧
𤽰	1	籸	1	籸
𤽲	1	舅	1	舅
𤽹	0	𤽹	0	𤽹
𤽺	0	𤽺	0	𤽺
𤽻	1	皤	1	皤
𤽼	1	㿥	1	㿥
𤽽	3	𤾕&替	1	替
𤽿	0	𤽿	0	𤽿
𤾀	1	皟	3	
𤾂	1	皖	3	
𤾆	2	𤾆&兜	1	兜
𤾇	3	𤾆&兜	1	兜
𤾈	0	𤾈	0	𤾈
𤾉	1	㿩	1	㿩
𤾊	3	疇&㿧	1	㿧
𤾏	1	皞	3	
𤾐	1	辠	3	
𤾕	2	𤾕&替	1	替
𤾖	1	䢆	3	
𤾗	1	煌	3	
𤾘	1	皜	1	皜
𤾙	1	艙	1	艙
𤾛	0	𤾛	0	𤾛
𤾜	3	𦤝&綿&臱	3	綿&臱
𤾝	0	𤾝	0	𤾝
𤾞	1	智	1	智
𤾠	1	的	1	的
𤾡	2	𤾡&𤾸	1	𤾸
𤾢	0	𤾢	0	𤾢
𤾣	0	𤾣	0	𤾣
𤾤	1	歸	1	歸
𤾥	0	𤾥	0	𤾥
𤾦	3	疇&㿧	1	㿧
𤾧	2	皣&𤾣&𤾧	1	皣
𤾨	1	皊	1	皊
𤾪	1	星	1	星
𤾫	0	𤾫	0	𤾫
𤾬	0	𤾬	0	𤾬
𤾭	0	𤾭	0	𤾭
𤾲	0	𤾲	0	𤾲
𤾳	1	𤾭	1	𤾭
𤾴	1	皣	1	皣
𤾶	1	𤿀	1	𤿀
𤾸	2	蘤&𤾸	0	𤾸
𤾻	1	皊	1	皊
𤾼	1	皣	1	皣
𤾾	3	活&皣&皪	3	活&皣
𤿀	0	𤿀	0	𤿀
𤿃	1	皭	1	皭
𤿅	1	皊	1	皊
𤿆	0	𤿆	0	𤿆
𤿇	2	㓟&㱟&𤿇	2	㱟&𤿇
𤿈	2	𤿈&㿺&𦢊	3	㿺&𦢊
𤿉	3	𤿈&𦢊	1	𦢊
𤿊	1	皯	1	皯
𤿋	0	𤿋	0	𤿋
𤿌	1	皮	1	皮
𤿎	2	𤿎&披&𢻹	3	披&𢻹
𤿏	0	𤿏	0	𤿏
𤿐	2	披&𤿐	2	披&𤿐
𤿑	3	跛&㝿	3	跛&㝿
𤿒	1	𤿏	1	𤿏
𤿓	0	𤿓	3	
𤿔	1	皰	3	
𤿕	0	𤿕	0	𤿕
𤿖	2	襪&𤿖	2	襪&𤿖
𤿗	3	韤&襪	1	襪
𤿘	1	皽	1	皽
𤿙	0	𤿙	0	𤿙
𤿚	2	麤&𤿚	2	麤&𤿚
𤿛	1	辜	1	辜
𤿜	3	𧹞&赧	1	赧
𤿝	1	皽	1	皽
𤿟	1	皸	1	皸
𤿠	0	𤿠	0	𤿠
𤿡	3	欹&㩻	3	欹&㩻
𤿤	1	皮	1	皮
𤿥	1	皺	1	皺
𤿧	2	捍&𤿧	2	捍&𤿧
𤿨	1	鞘	1	鞘
𤿩	0	𤿩	0	𤿩
𤿪	1	𥀈	1	𥀈
𤿫	0	𤿫	0	𤿫
𤿮	1	皺	1	皺
𤿯	3	攲&敧	1	攲
𤿲	1	麩	3	
𤿳	0	𤿳	0	𤿳
𤿴	0	𤿴	0	𤿴
𤿵	0	𤿵	0	𤿵
𤿶	0	𤿶	0	𤿶
𤿷	0	𤿷	0	𤿷
𤿹	1	㿹	1	㿹
𤿺	1	簸	3	
𤿻	1	𤿓	3	
𤿽	1	㿴	3	
𤿿	1	皺	1	皺
𥀀	1	㿹	1	㿹
𥀁	2	杜&𥀁	1	杜
𥀂	2	鞤&𥀂&䋽	2	鞤&𥀂&䋽
𥀃	0	𥀃	0	𥀃
𥀄	1	𥀃	1	𥀃
𥀇	1	𥀏	1	𥀏
𥀈	0	𥀈	0	𥀈
𥀉	1	𥀈	1	𥀈
𥀊	1	韋	1	韋
𥀋	1	𥀖	1	𥀖
𥀍	1	羆	1	羆
𥀎	2	殼&㲉&𥀎	2	殼&𥀎
𥀏	0	𥀏	0	𥀏
𥀐	0	𥀐	0	𥀐
𥀑	1	𥀖	1	𥀖
𥀒	1	𥀖	1	𥀖
𥀓	1	瘤	3	
𥀔	0	𥀔	0	𥀔
𥀕	2	𥀕&韠	0	𥀕
𥀖	0	𥀖	0	𥀖
𥀗	1	㿸	1	㿸
𥀘	0	𥀘	0	𥀘
𥀙	2	皺&𥀙	0	𥀙
𥀛	0	𥀛	0	𥀛
𥀜	1	𥀖	1	𥀖
𥀝	0	𥀝	3	
𥀞	1	㿷	1	㿷
𥀟	1	皵	1	皵
𥀡	1	羆	1	羆
𥀢	2	鼖&𥀢	1	鼖
𥀣	0	𥀣	0	𥀣
𥀤	1	㿸	1	㿸
𥀥	1	𥀰	1	𥀰
𥀦	1	羆	1	羆
𥀧	1	羆	3	
𥀨	2	𥀨&孕	1	孕
𥀩	1	𥀨	3	
𥀫	0	𥀫	0	𥀫
𥀬	0	𥀬	0	𥀬
𥀭	1	𥀫	1	𥀫
𥀯	1	襪	1	襪
𥀰	0	𥀰	0	𥀰
𥀱	0	𥀱	0	𥀱
𥀲	1	皾	1	皾
𥀴	1	欹	1	欹
𥀵	2	臚&𥀵	2	臚&𥀵
𥀶	2	𣀮&攘&𥀶	2	攘&𥀶
𥀷	1	鼙	3	
𥀸	1	𥀝	3	
𥀹	2	趼&𥀹	0	𥀹
𥀺	0	𥀺	0	𥀺
𥀻	0	𥀻	3	
𥀼	1	𪔳	1	𪔳
𥀽	3	𥀻&鼜	1	鼜
𥀾	1	響	1	響
𥀿	1	𧖧	1	𧖧
𥁁	0	𥁁	0	𥁁
𥁂	0	𥁂	0	𥁂
𥁃	2	衁&𥁃	2	衁&𥁃
𥁄	1	盂	1	盂
𥁅	2	盋&缽&𥁅	2	缽&𥁅
𥁆	0	𥁆	0	𥁆
𥁇	0	𥁇	0	𥁇
𥁈	2	盋&𥁈	0	𥁈
𥁉	1	盥	1	盥
𥁋	1	盍	1	盍
𥁍	0	𥁍	3	
𥁎	0	𥁎	0	𥁎
𥁏	1	盄	1	盄
𥁐	1	𣖻	1	𣖻
𥁑	0	𥁑	0	𥁑
𥁒	0	𥁒	0	𥁒
𥁓	1	䀁	1	䀁
𥁔	1	䀀	1	䀀
𥁕	0	𥁕	0	𥁕
𥁖	1	壺	1	壺
𥁘	1	盞	3	
𥁚	2	𥁚&饛&䀄	3	饛&䀄
𥁛	1	盄	1	盄
𥁜	1	盄	1	盄
𥁝	0	𥁝	3	
𥁞	3	盡&𧗁	1	盡
𥁟	0	𥁟	0	𥁟
𥁠	2	棬&𥁠	2	棬&𥁠
𥁡	1	盓	1	盓
𥁢	1	䀉	3	
𥁩	1	䀀	1	䀀
𥁪	3	𥁝&孟	1	孟
𥁫	1	盞	3	
𥁬	1	簋	1	簋
𥁭	2	𥁭&𥂘	1	𥂘
𥁮	2	蓧&𥁮	1	蓧
𥁯	0	𥁯	0	𥁯
𥁰	1	盟	1	盟
𥁱	1	㿿	1	㿿
𥁵	1	沖	3	
𥁶	3	𥁚&饛&䀄	3	饛&䀄
𥁷	1	䀀	1	䀀
𥁸	3	棬&𥁠	1	棬
𥁹	0	𥁹	0	𥁹
𥁺	3	𥂘&𧖺	1	𧖺
𥁻	3	𥂘&𧖺	1	𥂘
𥁼	1	䓜	1	䓜
𥂁	1	鹽	3	
𥂃	3	㔶&㯯	3	㔶&㯯
𥂄	3	監&𥊇	1	𥊇
𥂅	1	𥈩	1	𥈩
𥂇	2	壾&𥂇	1	壾
𥂈	1	餔	1	餔
𥂊	1	盍	1	盍
𥂐	1	盤	3	
𥂓	0	𥂓	0	𥂓
𥂔	2	𥂔&䀊	1	䀊
𥂕	1	盩	1	盩
𥂖	1	盝	1	盝
𥂗	1	盟	1	盟
𥂘	2	醓&𥂘	0	𥂘
𥂙	2	奮&𥂙	2	奮&𥂙
𥂟	1	盤	3	
𥂠	3	醢&𥂹	1	𥂹
𥂡	1	𥂬	1	𥂬
𥂢	1	嶅	3	
𥂤	0	𥂤	0	𥂤
𥂥	0	𥂥	0	𥂥
𥂦	2	敦&𥂦	0	𥂦
𥂧	1	醢	1	醢
𥂨	2	𥂔&𥂨	0	𥂨
𥂩	1	䀇	1	䀇
𥂫	1	𥂥	1	𥂥
𥂬	0	𥂬	0	𥂬
𥂭	1	監	3	
𥂰	1	酤	3	
𥂱	1	盩	1	盩
𥂲	1	盩	1	盩
𥂳	1	盪	1	盪
𥂴	1	㽀	3	
𥂵	0	𥂵	0	𥂵
𥂶	1	𥂬	1	𥂬
𥂷	1	壾	1	壾
𥂸	0	𥂸	0	𥂸
𥂹	0	𥂹	0	𥂹
𥂺	1	𪕶	1	𪕶
𥂻	1	盠	3	
𥂼	1	盠	1	盠
𥂾	1	盨	1	盨
𥃀	3	𥂬&𥃂	1	𥂬
𥃁	1	盭	1	盭
𥃂	2	𥂬&𥃂	0	𥃂
𥃃	1	䀊	1	䀊
𥃆	1	壏	3	
𥃇	2	櫑&𥃇	0	𥃇
𥃈	1	盧	1	盧
𥃉	2	盬&𥃉	1	盬
𥃊	1	盭	1	盭
𥃍	1	盭	3	
𥃎	1	盭	1	盭
𥃏	1	盭	3	
𥃐	1	𥂬	1	𥂬
𥃓	1	㿾	1	㿾
𥃔	0	𥃔	0	𥃔
𥃕	1	榼	1	榼
𥃖	1	𦦫	1	𦦫
𥃘	3	徽&釁	3	徽&釁
𥃙	2	繒&𥃙	1	繒
𥃜	1	𥃔	1	𥃔
𥃡	1	鹼	1	鹼
𥃢	1	𦣸	3	
𥃤	2	𥃤&𥃧	0	𥃤
𥃦	1	目	1	目
𥃧	0	𥃧	0	𥃧
𥃨	0	𥃨	0	𥃨
𥃩	3	眼&艮	3	眼&艮
𥃪	0	𥃪	0	𥃪
𥃫	0	𥃫	0	𥃫
𥃯	3	𥄀&𥃺	1	𥃺
𥃲	1	具	1	具
𥃳	1	盱	1	盱
𥃴	0	𥃴	0	𥃴
𥃵	0	𥃵	0	𥃵
𥃶	1	𥃵	1	𥃵
𥃷	1	礙	1	礙
𥃸	1	貤	1	貤
𥃹	0	𥃹	0	𥃹
𥃺	2	窅&𥃺	2	窅&𥃺
𥃻	1	首	1	首
𥃼	1	融	1	融
𥃽	0	𥃽	0	𥃽
𥃿	1	眼	3	
𥄀	2	𥄀&窅	1	窅
𥄂	1	直	1	直
𥄃	3	覓&㫘&㸓	3	覓&㸓
𥄄	1	眽	1	眽
𥄅	1	昈	1	昈
𥄆	3	眡&眂	1	眂
𥄇	3	視&睧&眂	3	視&睧&眂
𥄈	1	睦	1	睦
𥄉	0	𥄉	0	𥄉
𥄊	3	𭾡&𥄉	1	𥄉
𥄋	0	𥄋	0	𥄋
𥄌	1	睟	1	睟
𥄍	0	𥄍	0	𥄍
𥄎	0	𥄎	0	𥄎
𥄏	1	眵	1	眵
𥄐	1	盿	1	盿
𥄑	0	𥄑	0	𥄑
𥄒	0	𥄒	0	𥄒
𥄓	0	𥄓	0	𥄓
𥄔	0	𥄔	0	𥄔
𥄕	0	𥄕	0	𥄕
𥄖	0	𥄖	0	𥄖
𥄗	0	𥄗	0	𥄗
𥄘	0	𥄘	0	𥄘
𥄙	1	視	1	視
𥄚	1	視	3	
𥄛	2	肸&𥄛	0	𥄛
𥄜	0	𥄜	0	𥄜
𥄝	2	眄&𥄝	0	𥄝
𥄞	2	𥄞&眪	0	𥄞
𥄠	1	眑	3	
𥄢	1	相	1	相
𥄥	1	耆	1	耆
𥄧	1	𥃪	1	𥃪
𥄨	1	瞅	3	
𥄩	3	𥆎&𥃤	1	𥃤
𥄪	1	悟	3	
𥄱	0	𥄱	0	𥄱
𥄲	2	冒&𥄲	2	冒&𥄲
𥄳	2	𥄳&𥄳	1	𥄳
𥄴	2	瞲&𥄴	2	瞲&𥄴
𥄵	2	瞲&𥄵	2	瞲&𥄵
𥄶	1	覗	1	覗
𥄷	0	𥄷	0	𥄷
𥄸	0	𥄸	0	𥄸
𥄹	0	𥄹	0	𥄹
𥄺	1	眣	1	眣
𥄻	0	𥄻	0	𥄻
𥄼	3	眽&𥈓	1	𥈓
𥄽	0	𥄽	0	𥄽
𥄾	1	省	1	省
𥄿	2	𥄿&眱	1	眱
𥅀	1	鼎	1	鼎
𥅁	0	𥅁	0	𥅁
𥅄	0	𥅄	0	𥅄
𥅈	1	眩	3	
𥅏	1	俟	3	
𥅐	1	䁈	3	
𥅓	3	䝯&貤	1	貤
𥅔	1	眡	3	
𥅕	1	眉	3	
𥅖	1	眝	3	
𥅗	2	𤿚&𥅗	2	𤿚&𥅗
𥅘	2	瞇&眕&𥅘	0	𥅘
𥅙	1	眪	1	眪
𥅚	1	盱	1	盱
𥅛	1	瞲	1	瞲
𥅜	3	瞋&瞲	1	瞋
𥅝	1	䀘	1	䀘
𥅞	0	𥅞	0	𥅞
𥅟	2	皎&𥅟	2	皎&𥅟
𥅠	0	𥅠	0	𥅠
𥅡	3	聏&胹	3	聏&胹
𥅢	1	䁓	1	䁓
𥅣	3	𥄿&眱	1	眱
𥅥	1	䁙	1	䁙
𥅦	0	𥅦	0	𥅦
𥅧	0	𥅧	0	𥅧
𥅨	0	𥅨	0	𥅨
𥅩	1	眓	1	眓
𥅪	0	𥅪	0	𥅪
𥅫	1	眾	1	眾
𥅬	0	𥅬	0	𥅬
𥅭	1	視	1	視
𥅮	1	眉	1	眉
𥅰	1	睵	1	睵
𥅱	1	省	1	省
𥅳	1	䀘	1	䀘
𥅴	1	䀹	3	
𥅵	1	睿	1	睿
𥅶	1	聖	1	聖
𥅷	1	首	3	
𥅹	3	晞&睎	1	晞
𥅼	3	瞇&眯	1	眯
𥅿	1	𥊝	3	
𥆄	1	晃	3	
𥆅	0	𥆅	0	𥆅
𥆆	3	貿&䀮	1	貿
𥆇	3	𥈄&𥈩	1	𥈩
𥆈	2	䀮&𥆈	1	䀮
𥆉	0	𥆉	0	𥆉
𥆊	1	𢌨	3	
𥆋	0	𥆋	0	𥆋
𥆌	0	𥆌	0	𥆌
𥆍	1	𥍉	1	𥍉
𥆎	2	𥆎&𥃤	1	𥃤
𥆏	0	𥆏	0	𥆏
𥆐	1	䁩	1	䁩
𥆑	0	𥆑	0	𥆑
𥆒	1	睆	1	睆
𥆓	1	眒	1	眒
𥆔	0	𥆔	0	𥆔
𥆕	1	膏	1	膏
𥆖	3	𥉝&𧡸	3	𥉝&𧡸
𥆗	2	𡙐&𥆗	1	𡙐
𥆘	0	𥆘	0	𥆘
𥆙	0	𥆙	0	𥆙
𥆚	0	𥆚	0	𥆚
𥆛	0	𥆛	0	𥆛
𥆜	0	𥆜	0	𥆜
𥆝	1	𥇇	1	𥇇
𥆞	2	醜&𥆞	2	醜&𥆞
𥆟	0	𥆟	0	𥆟
𥆠	1	䀨	1	䀨
𥆡	0	𥆡	0	𥆡
𥆢	1	眼	1	眼
𥆣	0	𥆣	0	𥆣
𥆤	1	目	1	目
𥆥	0	𥆥	0	𥆥
𥆦	0	𥆦	0	𥆦
𥆧	1	瞤	3	
𥆨	1	䀮	3	
𥆰	1	䀮	1	䀮
𥆳	1	督	1	督
𥆴	0	𥆴	3	
𥆵	1	眹	1	眹
𥆶	3	腕&𦛥	1	腕
𥆾	1	䏰	3	
𥇃	3	𦛡&肰	1	肰
𥇄	2	𥇄&䁊	2	𥇄&䁊
𥇅	1	睌	1	睌
𥇆	0	𥇆	0	𥇆
𥇇	0	𥇇	0	𥇇
𥇉	1	䀶	1	䀶
𥇊	1	睔	1	睔
𥇋	1	盲	1	盲
𥇌	0	𥇌	0	𥇌
𥇍	0	𥇍	0	𥇍
𥇎	1	𥌃	1	𥌃
𥇏	2	瞁&𥇏	1	瞁
𥇐	1	眕	1	眕
𥇑	0	𥇑	0	𥇑
𥇒	3	睫&䀹	1	睫
𥇓	0	𥇓	0	𥇓
𥇔	0	𥇔	0	𥇔
𥇕	1	䀸	1	䀸
𥇖	0	𥇖	0	𥇖
𥇗	0	𥇗	3	
𥇘	0	𥇘	0	𥇘
𥇙	1	𥇿	1	𥇿
𥇚	0	𥇚	0	𥇚
𥇛	2	䀠&𥇛	2	䀠&𥇛
𥇜	0	𥇜	0	𥇜
𥇝	1	睪	1	睪
𥇞	2	𥇞&䀡	0	𥇞
𥇟	0	𥇟	0	𥇟
𥇠	0	𥇠	0	𥇠
𥇡	1	睪	1	睪
𥇢	1	䁪	3	
𥇣	1	崛	3	
𥇤	1	𥇵	1	𥇵
𥇦	1	晰	3	
𥇪	1	痱	3	
𥇫	1	䀮	1	䀮
𥇬	1	𥉹	3	
𥇮	1	眉	1	眉
𥇱	1	䁋	3	
𥇳	1	𥍁	3	
𥇴	1	鼎	1	鼎
𥇵	2	𥇗&𥇵	0	𥇵
𥇾	1	睫	1	睫
𥇿	0	𥇿	0	𥇿
𥈀	3	䀠&𥇛	1	𥇛
𥈂	0	𥈂	0	𥈂
𥈃	1	瞍	1	瞍
𥈄	0	𥈄	3	
𥈅	1	靦	1	靦
𥈆	0	𥈆	0	𥈆
𥈇	0	𥈇	0	𥈇
𥈈	1	眗	1	眗
𥈉	0	𥈉	0	𥈉
𥈊	0	𥈊	0	𥈊
𥈋	1	𥄷	1	𥄷
𥈌	1	𥉈	1	𥉈
𥈍	3	嗅&𥆣	1	𥆣
𥈎	1	瞎	1	瞎
𥈏	1	𥇛	1	𥇛
𥈐	1	眥	1	眥
𥈑	1	睺	1	睺
𥈒	0	𥈒	0	𥈒
𥈓	0	𥈓	0	𥈓
𥈔	1	䁙	1	䁙
𥈕	1	𥉓	1	𥉓
𥈖	1	眣	1	眣
𥈗	0	𥈗	0	𥈗
𥈘	1	䀶	1	䀶
𥈙	0	𥈙	0	𥈙
𥈚	0	𥈚	0	𥈚
𥈛	2	𥈛&𥈾	0	𥈛
𥈜	1	𥇛	1	𥇛
𥈟	1	瞍	3	
𥈠	1	睿	1	睿
𥈤	1	睫	3	
𥈩	2	𥈄&𥈩	0	𥈩
𥈪	1	尊	1	尊
𥈫	1	甖	3	
𥈭	1	愕	3	
𥈷	1	𥌄	1	𥌄
𥈸	0	𥈸	0	𥈸
𥈻	0	𥈻	0	𥈻
𥈼	2	𥈼&眅	1	眅
𥈽	0	𥈽	0	𥈽
𥈾	0	𥈾	0	𥈾
𥈿	0	𥈿	0	𥈿
𥉀	2	鰥&𥉀	1	鰥
𥉁	0	𥉁	0	𥉁
𥉂	1	䀮	1	䀮
𥉃	0	𥉃	0	𥉃
𥉄	0	𥉄	0	𥉄
𥉅	0	𥉅	0	𥉅
𥉆	1	䚕	1	䚕
𥉇	0	𥉇	0	𥉇
𥉈	0	𥉈	0	𥉈
𥉉	1	𥉈	1	𥉈
𥉊	0	𥉊	0	𥉊
𥉋	0	𥉋	0	𥉋
𥉌	0	𥉌	0	𥉌
𥉍	1	眵	1	眵
𥉎	2	𥉎&𧡬	1	𧡬
𥉏	1	看	1	看
𥉐	0	𥉐	0	𥉐
𥉑	2	矐&𥉑	2	矐&𥉑
𥉒	0	𥉒	0	𥉒
𥉓	0	𥉓	0	𥉓
𥉔	0	𥉔	0	𥉔
𥉕	1	矇	1	矇
𥉖	0	𥉖	0	𥉖
𥉗	1	眊	1	眊
𥉘	2	𥉘&𧡨	2	𥉘&𧡨
𥉙	2	視&𥉙&𧡺	0	𥉙
𥉚	1	睡	1	睡
𥉛	2	𥉛&䁙	0	𥉛
𥉜	0	𥉜	0	𥉜
𥉝	0	𥉝	0	𥉝
𥉞	2	瞢&賵&𥉞	2	瞢&𥉞
𥉟	2	𥈼&眅&𥉟	2	眅&𥉟
𥉠	1	瞀	3	
𥉡	1	瞍	3	
𥉢	3	脞&睉	1	睉
𥉣	1	膀	3	
𥉦	1	眠	1	眠
𥉧	1	若	3	
𥉨	3	𥉎&𧡬	1	𥉎
𥉰	0	𥉰	0	𥉰
𥉱	1	䁆	3	
𥉲	1	眼	3	
𥉴	0	𥉴	0	𥉴
𥉵	0	𥉵	0	𥉵
𥉶	2	睩&𥉶	2	睩&𥉶
𥉷	0	𥉷	0	𥉷
𥉸	0	𥉸	0	𥉸
𥉹	0	𥉹	0	𥉹
𥉺	0	𥉺	0	𥉺
𥉻	0	𥉻	0	𥉻
𥉼	2	瞗&𥉼	2	瞗&𥉼
𥉽	0	𥉽	0	𥉽
𥉾	0	𥉾	0	𥉾
𥉿	0	𥉿	0	𥉿
𥊀	0	𥊀	0	𥊀
𥊁	1	𥊴	1	𥊴
𥊂	3	矖&䚕	1	䚕
𥊃	1	瞢	3	
𥊄	1	瞢	1	瞢
𥊅	1	睚	1	睚
𥊆	1	睫	1	睫
𥊇	0	𥊇	0	𥊇
𥊈	2	𥌛&𥊈	2	𥌛&𥊈
𥊉	0	𥊉	0	𥊉
𥊊	1	𥆋	1	𥆋
𥊋	1	覓	3	
𥊏	1	𥉙	1	𥉙
𥊐	1	照	1	照
𥊕	1	𥉈	1	𥉈
𥊝	0	𥊝	3	
𥊧	2	瞉&𥊧	2	瞉&𥊧
𥊨	2	𣛒&𥊨&䚕	2	𥊨&䚕
𥊩	1	睫	3	
𥊪	0	𥊪	0	𥊪
𥊫	0	𥊫	0	𥊫
𥊬	1	䁒	1	䁒
𥊭	0	𥊭	0	𥊭
𥊮	0	𥊮	0	𥊮
𥊯	0	𥊯	0	𥊯
𥊰	1	瞠	1	瞠
𥊱	1	𥆏	1	𥆏
𥊲	1	瞠	1	瞠
𥊳	1	䁴	1	䁴
𥊴	0	𥊴	0	𥊴
𥊵	1	曃	1	曃
𥊶	0	𥊶	0	𥊶
𥊷	1	䁿	1	䁿
𥊸	0	𥊸	0	𥊸
𥊹	3	膺&𥌾	1	𥌾
𥊺	3	瞯&瞷	1	瞷
𥊻	1	𥉹	1	𥉹
𥊼	1	瞠	1	瞠
𥊽	1	晜	1	晜
𥊾	1	䁰	1	䁰
𥊿	0	𥊿	0	𥊿
𥋀	1	眒	1	眒
𥋁	0	𥋁	0	𥋁
𥋂	1	𥈉	1	𥈉
𥋃	1	瞤	1	瞤
𥋄	1	瞟	1	瞟
𥋆	1	暾	3	
𥋋	1	䁮	3	
𥋍	1	睡	1	睡
𥋎	1	睸	3	
𥋏	1	職	3	
𥋐	1	眇	1	眇
𥋑	1	睥	3	
𥋗	1	瞥	1	瞥
𥋙	0	𥋙	0	𥋙
𥋚	1	䁾	1	䁾
𥋛	1	矚	1	矚
𥋜	0	𥋜	0	𥋜
𥋝	1	䁅	1	䁅
𥋞	0	𥋞	0	𥋞
𥋟	1	䂀	1	䂀
𥋠	1	瞟	1	瞟
𥋡	0	𥋡	0	𥋡
𥋢	0	𥋢	0	𥋢
𥋣	0	𥋣	0	𥋣
𥋤	0	𥋤	0	𥋤
𥋥	0	𥋥	0	𥋥
𥋦	1	𥌜	3	
𥋧	1	煞	3	
𥋨	0	𥋨	0	𥋨
𥋫	1	照	1	照
𥋬	3	𥌂&矏	1	矏
𥋭	1	䁺	1	䁺
𥋯	0	𥋯	0	𥋯
𥋰	1	瞚	1	瞚
𥋱	1	𥉴	3	
𥋻	1	䁲	1	䁲
𥋾	1	懂	3	
𥋿	0	𥋿	0	𥋿
𥌀	0	𥌀	0	𥌀
𥌁	0	𥌁	0	𥌁
𥌂	2	𥌂&矏	1	矏
𥌃	0	𥌃	0	𥌃
𥌄	0	𥌄	0	𥌄
𥌅	0	𥌅	0	𥌅
𥌆	0	𥌆	0	𥌆
𥌇	1	瞴	1	瞴
𥌈	0	𥌈	0	𥌈
𥌉	1	𥌺	1	𥌺
𥌊	0	𥌊	0	𥌊
𥌋	1	瞢	1	瞢
𥌌	1	瞵	1	瞵
𥌍	0	𥌍	0	𥌍
𥌎	1	瞤	1	瞤
𥌏	0	𥌏	0	𥌏
𥌐	0	𥌐	0	𥌐
𥌒	1	瞽	3	
𥌓	1	曙	3	
𥌕	1	瞽	1	瞽
𥌖	1	陽	1	陽
𥌗	3	矈&矏	1	矏
𥌚	2	䁲&𥌚	0	𥌚
𥌛	0	𥌛	0	𥌛
𥌜	2	䁃&𥌜	0	𥌜
𥌝	1	瞟	1	瞟
𥌞	2	𥌞&䁻	0	𥌞
𥌟	0	𥌟	0	𥌟
𥌡	1	䁵	1	䁵
𥌣	3	N00302&矊	1	矊
𥌨	0	𥌨	0	𥌨
𥌩	1	𥊸	1	𥊸
𥌪	1	𥋢	1	𥋢
𥌭	1	N00302	1	N00302
𥌮	0	𥌮	0	𥌮
𥌯	0	𥌯	0	𥌯
𥌰	0	𥌰	0	𥌰
𥌱	0	𥌱	0	𥌱
𥌲	1	𥇜	1	𥇜
𥌳	1	䁮	3	
𥌵	1	艱	1	艱
𥌶	1	瞶	1	瞶
𥌺	2	𥌺&𧢢	0	𥌺
𥌻	0	𥌻	0	𥌻
𥌼	1	𥋞	1	𥋞
𥌽	0	𥌽	0	𥌽
𥌾	0	𥌾	0	𥌾
𥌿	3	𥊨&䚕	3	𥊨&䚕
𥍀	0	𥍀	0	𥍀
𥍁	2	𥍁&䁛	1	䁛
𥍂	3	𥉛&䁙	1	䁙
𥍃	0	𥍃	0	𥍃
𥍄	1	觀	1	觀
𥍅	1	觀	3	
𥍆	0	𥍆	0	𥍆
𥍈	1	𦦻	3	
𥍉	0	𥍉	0	𥍉
𥍊	2	𥍊&觀	1	觀
𥍋	0	𥍋	0	𥍋
𥍌	1	瞟	1	瞟
𥍏	1	𥍆	1	𥍆
𥍐	1	䁻	3	
𥍓	2	瞰&𥍓	2	瞰&𥍓
𥍔	1	𥉹	1	𥉹
𥍕	1	觀	1	觀
𥍗	1	瞫	1	瞫
𥍚	0	𥍚	0	𥍚
𥍜	1	䂄	3	
𥍞	2	𥍞&䂇	0	𥍞
𥍟	0	𥍟	0	𥍟
𥍠	3	䂆&𥍟&𥍧	3	䂆&𥍟&𥍧
𥍡	2	矠&𥍡	1	矠
𥍢	2	鉈&𥍢&鍦	1	鍦
𥍣	0	𥍣	0	𥍣
𥍤	1	矛	1	矛
𥍥	1	矛	1	矛
𥍦	1	務	3	
𥍧	0	𥍧	0	𥍧
𥍨	2	桅&𥍨	2	桅&𥍨
𥍩	1	矞	3	
𥍪	0	𥍪	0	𥍪
𥍫	0	𥍫	0	𥍫
𥍬	0	𥍬	0	𥍬
𥍭	0	𥍭	0	𥍭
𥍮	0	𥍮	0	𥍮
𥍯	0	𥍯	0	𥍯
𥍰	1	䂆	1	䂆
𥍱	0	𥍱	0	𥍱
𥍲	0	𥍲	0	𥍲
𥍳	0	𥍳	0	𥍳
𥍵	2	矜&𥍵	0	𥍵
𥍶	1	䂉	1	䂉
𥍷	3	鏦&𥎋	1	𥎋
𥍸	2	鉈&𥍸&鍦	1	鍦
𥍹	0	𥍹	0	𥍹
𥍺	0	𥍺	0	𥍺
𥍻	0	𥍻	0	𥍻
𥍼	2	英&𥍼	0	𥍼
𥍽	1	䂌	1	䂌
𥍾	1	𥎂	1	𥎂
𥍿	1	盾	1	盾
𥎂	0	𥎂	0	𥎂
𥎃	2	鎎&𥎃	2	鎎&𥎃
𥎄	1	槍	1	槍
𥎅	2	矜&𥎅	1	矜
𥎆	0	𥎆	0	𥎆
𥎇	1	𥍫	1	𥍫
𥎉	2	瞀&𥎉	1	瞀
𥎊	3	矜&𥍵	1	𥍵
𥎋	2	鏦&𥎋	1	鏦
𥎌	1	𥍮	1	𥍮
𥎍	0	𥎍	0	𥎍
𥎎	0	𥎎	0	𥎎
𥎏	1	矠	1	矠
𥎐	0	𥎐	0	𥎐
𥎒	2	𥎋&𥎒	2	𥎋&𥎒
𥎓	0	𥎓	0	𥎓
𥎔	0	𥎔	0	𥎔
𥎕	2	矞&𥎕	0	𥎕
𥎖	0	𥎖	0	𥎖
𥎗	0	𥎗	0	𥎗
𥎘	2	軟&𥎘	0	𥎘
𥎙	0	𥎙	0	𥎙
𥎚	3	矜&𥍵	1	矜
𥎜	2	𥎜&氄	1	氄
𥎝	1	䂎	3	
𥎞	1	䂎	3	
𥎠	1	矛	3	
𥎡	0	𥎡	0	𥎡
𥎢	1	䂎	3	
𥎤	3	䂎&鑹	3	䂎&鑹
𥎥	1	䂎	1	䂎
𥎦	2	𥎦&仄&侯	3	仄&侯
𥎧	1	矧	1	矧
𥎨	1	矢	1	矢
𥎩	1	族	1	族
𥎪	1	矧	1	矧
𥎫	1	鏃	1	鏃
𥎬	2	𥎬&䂑	0	𥎬
𥎭	1	𥏆	3	
𥎯	1	矧	3	
𥎰	0	𥎰	0	𥎰
𥎱	0	𥎱	0	𥎱
𥎲	1	疑	1	疑
𥎵	1	知	1	知
𥎶	1	短	1	短
𥎷	1	𥏆	3	
𥎸	0	𥎸	0	𥎸
𥎹	0	𥎹	0	𥎹
𥎺	0	𥎺	0	𥎺
𥎻	1	矪	1	矪
𥎼	1	族	1	族
𥎽	1	族	1	族
𥎾	2	尯&𥎾	1	尯
𥎿	1	知	1	知
𥏀	1	鏃	1	鏃
𥏁	1	族	1	族
𥏂	1	疾	1	疾
𥏆	0	𥏆	3	
𥏇	1	豢	3	
𥏉	1	彘	1	彘
𥏎	2	矨&𥏎	2	矨&𥏎
𥏏	1	殹	1	殹
𥏔	1	䂔	1	䂔
𥏖	1	矧	3	
𥏘	0	𥏘	0	𥏘
𥏙	0	𥏙	0	𥏙
𥏚	1	肄	1	肄
𥏜	2	㱦&㾨&𥏜	2	㱦&㾨&𥏜
𥏝	0	𥏝	0	𥏝
𥏞	3	𠭴&䂐	1	𠭴
𥏟	2	彆&𥏟	2	彆&𥏟
𥏠	0	𥏠	0	𥏠
𥏢	1	䂔	1	䂔
𥏣	1	䂔	3	
𥏧	1	矬	3	
𥏩	1	弧	3	
𥏪	0	𥏪	0	𥏪
𥏫	0	𥏫	0	𥏫
𥏬	2	𥏬&唐	1	唐
𥏭	1	堞	3	
𥏯	0	𥏯	0	𥏯
𥏰	0	𥏰	0	𥏰
𥏲	1	𥏫	1	𥏫
𥏳	1	俟	1	俟
𥏴	2	𥏴&疾	1	疾
𥏵	1	瘤	1	瘤
𥏷	1	雉	1	雉
𥏹	1	矯	3	
𥏻	1	𥏫	1	𥏫
𥏼	2	𥏼&智	1	智
𥐀	0	𥐀	0	𥐀
𥐁	0	𥐁	0	𥐁
𥐃	3	𥏴&疾	1	疾
𥐄	2	𥐄&韋	1	韋
𥐅	1	𥐄	3	
𥐊	1	繳	3	
𥐎	1	𥎘	3	
𥐑	0	𥐑	0	𥐑
𥐓	0	𥐓	0	𥐓
𥐕	0	𥐕	0	𥐕
𥐖	1	石	1	石
𥐗	2	𥐗&砭	1	砭
𥐘	1	石	1	石
𥐙	0	𥐙	0	𥐙
𥐚	0	𥐚	0	𥐚
𥐛	1	砌	3	
𥐝	0	𥐝	0	𥐝
𥐞	0	𥐞	0	𥐞
𥐤	1	砎	1	砎
𥐩	0	𥐩	0	𥐩
𥐪	0	𥐪	0	𥐪
𥐫	2	𥐫&礦	1	礦
𥐬	0	𥐬	0	𥐬
𥐭	1	杵	3	
𥐯	1	𥖅	3	
𥐰	1	甌	3	
𥐸	1	矹	3	
𥐺	1	砥	1	砥
𥐻	1	硇	3	
𥐼	1	硇	1	硇
𥑁	3	𥐗&砭	1	砭
𥑄	2	硈&𥑄	1	硈
𥑅	0	𥑅	0	𥑅
𥑆	1	䂟	1	䂟
𥑇	0	𥑇	0	𥑇
𥑈	1	庁	1	庁
𥑉	3	砨&䂺	1	䂺
𥑊	1	碾	1	碾
𥑋	0	𥑋	0	𥑋
𥑌	1	砮	1	砮
𥑍	2	磐&𥑍	1	磐
𥑎	0	𥑎	0	𥑎
𥑏	0	𥑏	0	𥑏
𥑐	2	岬&𥑐	2	岬&𥑐
𥑑	2	凹&𥑑	0	𥑑
𥑒	2	𥑒&硻	2	𥑒&硻
𥑓	0	𥑓	0	𥑓
𥑔	0	𥑔	0	𥑔
𥑖	1	嗶	1	嗶
𥑗	1	砥	3	
𥑘	0	𥑘	0	𥑘
𥑙	0	𥑙	0	𥑙
𥑚	1	硇	1	硇
𥑜	1	碑	3	
𥑞	1	蚨	3	
𥑠	1	甜	1	甜
𥑢	0	𥑢	0	𥑢
𥑣	2	𥑣&砈	0	𥑣
𥑤	1	釉	1	釉
𥑥	1	䂳	3	
𥑦	1	砉	3	
𥑧	1	䂤	3	
𥑨	1	硇	3	
𥑩	1	硇	1	硇
𥑪	1	硇	3	
𥑮	1	砧	3	
𥑯	0	𥑯	0	𥑯
𥑰	0	𥑰	0	𥑰
𥑱	1	𥑙	1	𥑙
𥑲	1	墠	1	墠
𥑳	0	𥑳	0	𥑳
𥑴	0	𥑴	0	𥑴
𥑵	1	磓	1	磓
𥑶	3	磊&礧&礨	1	礧
𥑷	1	䃋	1	䃋
𥑸	0	𥑸	0	𥑸
𥑹	0	𥑹	0	𥑹
𥑺	0	𥑺	0	𥑺
𥑻	1	珗	1	珗
𥑼	0	𥑼	0	𥑼
𥑽	2	𥑣&𥑽	2	𥑣&𥑽
𥑾	0	𥑾	0	𥑾
𥑿	0	𥑿	0	𥑿
𥒀	0	𥒀	0	𥒀
𥒁	0	𥒁	0	𥒁
𥒂	2	霹&𥒂	0	𥒂
𥒏	1	䃋	1	䃋
𥒐	1	砉	3	
𥒑	1	䂳	3	
𥒒	3	𥑰&𥑋	1	𥑰
𥒔	1	硟	1	硟
𥒗	1	砥	3	
𥒙	1	拋	3	
𥒛	1	砥	3	
𥒜	2	砯&𥒜	1	砯
𥒝	1	銃	3	
𥒟	1	砭	3	
𥒠	1	砉	3	
𥒣	1	磷	3	
𥒤	3	碯&瑙	1	瑙
𥒧	0	𥒧	0	𥒧
𥒨	2	䂦&𥒨	1	䂦
𥒩	3	𥐫&礦	1	礦
𥒪	0	𥒪	0	𥒪
𥒫	0	𥒫	0	𥒫
𥒬	0	𥒬	0	𥒬
𥒭	0	𥒭	0	𥒭
𥒮	0	𥒮	0	𥒮
𥒯	1	煉	1	煉
𥒰	0	𥒰	0	𥒰
𥒱	0	𥒱	0	𥒱
𥒲	0	𥒲	0	𥒲
𥒳	0	𥒳	0	𥒳
𥒴	1	硭	1	硭
𥒵	0	𥒵	0	𥒵
𥒶	0	𥒶	0	𥒶
𥒽	1	䂬	1	䂬
𥒿	1	厲	3	
𥓀	1	硍	1	硍
𥓁	1	硇	1	硇
𥓂	1	谽	1	谽
𥓃	1	礫	3	
𥓆	2	磷&𥓆	0	𥓆
𥓇	0	𥓇	0	𥓇
𥓊	2	硩&𥓊	2	硩&𥓊
𥓋	1	研	1	研
𥓌	0	𥓌	0	𥓌
𥓍	0	𥓍	0	𥓍
𥓎	2	硉&𥓎	0	𥓎
𥓏	1	埭	1	埭
𥓐	0	𥓐	0	𥓐
𥓑	1	䃗	1	䃗
𥓒	2	𥓒&磡	2	𥓒&磡
𥓓	1	碑	1	碑
𥓔	1	碨	1	碨
𥓕	1	磬	1	磬
𥓖	0	𥓖	0	𥓖
𥓗	2	磣&𥓗	1	磣
𥓘	1	碭	3	
𥓚	1	磃	1	磃
𥓨	1	揅	3	
𥓩	1	矽	3	
𥓫	1	𥓬	3	
𥓬	0	𥓬	3	
𥓭	1	䂹	1	䂹
𥓯	1	磅	1	磅
𥓰	1	䃔	3	
𥓱	3	碯&瑙	1	瑙
𥓺	1	嵍	1	嵍
𥓻	0	𥓻	0	𥓻
𥓼	1	磲	1	磲
𥓽	1	砦	1	砦
𥓾	0	𥓾	0	𥓾
𥓿	3	砣&堶	3	砣&堶
𥔀	2	𥐪&𥔀	2	𥐪&𥔀
𥔁	0	𥔁	0	𥔁
𥔂	0	𥔂	0	𥔂
𥔃	1	碨	1	碨
𥔄	0	𥔄	0	𥔄
𥔅	1	砎	1	砎
𥔆	1	席	1	席
𥔇	0	𥔇	0	𥔇
𥔈	1	厗	1	厗
𥔉	0	𥔉	0	𥔉
𥔊	2	砥&𥔊	0	𥔊
𥔎	1	碕	1	碕
𥔐	1	磕	1	磕
𥔑	2	𥔑&𥔉	1	𥔉
𥔗	1	磚	3	
𥔡	1	麝	3	
𥔢	1	䃋	1	䃋
𥔥	1	碯	3	
𥔨	2	拶&𥔨	1	拶
𥔩	2	啟&𥔩	2	啟&𥔩
𥔪	2	磣&𥔪	0	𥔪
𥔫	0	𥔫	0	𥔫
𥔭	0	𥔭	0	𥔭
𥔮	0	𥔮	0	𥔮
𥔯	0	𥔯	0	𥔯
𥔰	3	礮&砲	1	砲
𥔱	0	𥔱	0	𥔱
𥔲	0	𥔲	0	𥔲
𥔳	3	確&确	1	确
𥔴	0	𥔴	0	𥔴
𥔵	1	磁	1	磁
𥔶	1	磋	1	磋
𥔽	1	磕	1	磕
𥔾	1	塃	3	
𥕁	1	磣	1	磣
𥕂	1	瘠	3	
𥕃	1	磣	1	磣
𥕅	3	岨&砠	1	岨
𥕆	1	礰	1	礰
𥕇	0	𥕇	0	𥕇
𥕈	2	硟&𥕈	1	硟
𥕉	1	厝	1	厝
𥕋	1	𥔑	3	
𥕌	1	磛	1	磛
𥕍	0	𥕍	0	𥕍
𥕎	0	𥕎	0	𥕎
𥕏	0	𥕏	0	𥕏
𥕐	1	𥐝	1	𥐝
𥕑	1	砠	1	砠
𥕓	1	漠	1	漠
𥕔	2	𥕔&䃫	0	𥕔
𥕕	1	罅	1	罅
𥕖	1	槨	1	槨
𥕗	2	𥕗&𥐪	1	𥐪
𥕘	2	𥔭&𥕘	2	𥔭&𥕘
𥕚	1	犖	1	犖
𥕡	0	𥕡	0	𥕡
𥕤	1	磕	1	磕
𥕥	3	區&甌	1	區
𥕦	0	𥕦	0	𥕦
𥕧	1	殢	3	
𥕰	0	𥕰	0	𥕰
𥕱	3	砰&硼	3	砰&硼
𥕲	0	𥕲	0	𥕲
𥕳	1	𥕲	1	𥕲
𥕴	1	礫	1	礫
𥕵	0	𥕵	0	𥕵
𥕶	0	𥕶	0	𥕶
𥕷	1	礝	1	礝
𥕸	0	𥕸	0	𥕸
𥕹	0	𥕹	0	𥕹
𥕺	1	磣	1	磣
𥕻	2	碔&𥕻	2	碔&𥕻
𥕼	0	𥕼	0	𥕼
𥕽	0	𥕽	0	𥕽
𥕾	0	𥕾	0	𥕾
𥕿	0	𥕿	0	𥕿
𥖀	1	磧	3	
𥖁	1	礴	3	
𥖅	0	𥖅	3	
𥖋	3	碯&瑙	1	瑙
𥖌	1	硾	1	硾
𥖎	1	礬	3	
𥖏	1	貫	3	
𥖗	1	𥕽	1	𥕽
𥖘	0	𥖘	0	𥖘
𥖙	0	𥖙	0	𥖙
𥖚	1	𡼿	1	𡼿
𥖛	1	斫	1	斫
𥖜	0	𥖜	0	𥖜
𥖝	1	磏	1	磏
𥖞	0	𥖞	0	𥖞
𥖟	1	砱	1	砱
𥖠	2	碡&𥖠	2	碡&𥖠
𥖡	1	響	1	響
𥖣	1	礪	3	
𥖩	0	𥖩	3	
𥖪	0	𥖪	0	𥖪
𥖫	0	𥖫	0	𥖫
𥖬	0	𥖬	0	𥖬
𥖲	0	𥖲	3	
𥖳	1	礊	1	礊
𥖴	1	硾	1	硾
𥖶	1	礗	1	礗
𥖷	1	䃫	1	䃫
𥖻	0	𥖻	0	𥖻
𥖼	0	𥖼	0	𥖼
𥖽	1	磶	1	磶
𥖾	1	𥐝	1	𥐝
𥖿	2	碡&𥖿	2	碡&𥖿
𥗀	0	𥗀	0	𥗀
𥗁	2	斫&𥗁	2	斫&𥗁
𥗂	1	摩	1	摩
𥗇	1	碾	3	
𥗈	1	礎	1	礎
𥗉	1	磊	1	磊
𥗒	0	𥗒	0	𥗒
𥗓	0	𥗓	0	𥗓
𥗗	1	䃵	1	䃵
𥗘	1	摩	1	摩
𥗙	1	礐	1	礐
𥗚	1	𡄒	3	
𥗝	0	𥗝	0	𥗝
𥗞	3	𥕗&𥐪	1	𥐪
𥗟	0	𥗟	0	𥗟
𥗣	1	𥖫	1	𥖫
𥗤	1	蠹	1	蠹
𥗥	1	礣	3	
𥗧	1	𧖁	3	
𥗪	2	礓&𥗪	1	礓
𥗫	0	𥗫	0	𥗫
𥗬	3	磊&礧	3	磊&礧
𥗭	0	𥗭	0	𥗭
𥗮	0	𥗮	0	𥗮
𥗰	1	硇	3	
𥗱	1	𥗭	1	𥗭
𥗲	3	霹&礔	1	霹
𥗴	1	砢	1	砢
𥗷	1	輾	1	輾
𥗸	1	硇	1	硇
𥗺	1	䃹	1	䃹
𥗼	1	磥	1	磥
𥗽	0	𥗽	3	
𥗾	2	𡿝&𥗾	1	𡿝
𥗿	0	𥗿	0	𥗿
𥘁	1	𥗿	1	𥗿
𥘃	1	砱	1	砱
𥘄	0	𥘄	0	𥘄
𥘅	1	示	1	示
𥘆	1	禮	1	禮
𥘇	1	䃾	3	
𥘉	1	初	1	初
𥘌	1	機	3	
𥘍	1	禮	1	禮
𥘎	1	衫	3	
𥘐	1	祟	3	
𥘑	1	𥘔	3	
𥘓	1	衩	3	
𥘔	0	𥘔	3	
𥘕	1	祺	1	祺
𥘖	1	頭	1	頭
𥘗	1	衵	3	
𥘛	1	枉	3	
𥘜	1	衱	3	
𥘞	1	衿	3	
𥘟	1	芸	3	
𥘢	1	祇	3	
𥘣	1	祟	3	
𥘤	1	𧘡	3	
𥘦	2	𥘦&赦	1	赦
𥘧	1	祽	1	祽
𥘨	1	初	3	
𥘩	1	均	3	
𥘫	0	𥘫	0	𥘫
𥘬	1	祓	1	祓
𥘭	2	宔&𥘭	0	𥘭
𥘮	0	𥘮	0	𥘮
𥘯	1	魅	3	
𥘰	1	祀	1	祀
𥘱	1	祝	1	祝
𥘲	0	𥘲	3	
𥘼	1	袗	3	
𥘽	1	伴	3	
𥘾	1	柰	3	
𥘿	1	秦	3	
𥙀	1	佐	3	
𥙂	1	祗	1	祗
𥙃	1	魄	1	魄
𥙄	1	禰	1	禰
𥙅	1	沛	3	
𥙈	1	祋	3	
𥙉	1	祀	1	祀
𥙊	1	祭	1	祭
𥙋	0	𥙋	0	𥙋
𥙍	1	神	1	神
𥙎	2	祣&𥙎	2	祣&𥙎
𥙏	1	殃	1	殃
𥙐	1	祝	3	
𥙘	1	棲	3	
𥙚	1	旂	3	
𥙛	1	衽	3	
𥙞	1	桂	3	
𥙟	1	衈	3	
𥙠	1	祗	3	
𥙤	1	禱	1	禱
𥙥	1	祗	3	
𥙨	0	𥙨	0	𥙨
𥙫	2	𥙫&槱	1	槱
𥙬	0	𥙬	0	𥙬
𥙭	1	社	1	社
𥙮	1	獮	1	獮
𥙯	1	禍	1	禍
𥙰	0	𥙰	0	𥙰
𥙱	1	䄆	1	䄆
𥙲	1	社	1	社
𥙴	1	梗	3	
𥙶	1	祥	3	
𥙷	3	補&輔	1	輔
𥙸	1	禱	1	禱
𥙽	1	祽	3	
𥚁	2	𥚁&禍	1	禍
𥚃	1	裡	1	裡
𥚈	1	裨	1	裨
𥚉	0	𥚉	0	𥚉
𥚊	0	𥚊	0	𥚊
𥚋	2	㞊&𥚋	0	𥚋
𥚌	1	祼	1	祼
𥚍	1	禍	1	禍
𥚑	1	裾	3	
𥚔	1	椒	3	
𥚕	1	帽	3	
𥚗	1	禴	3	
𥚚	0	𥚚	3	
𥚜	1	禱	1	禱
𥚝	1	𥚩	3	
𥚞	1	神	3	
𥚟	1	禍	1	禍
𥚠	1	諄	3	
𥚡	1	禜	3	
𥚢	1	祟	3	
𥚣	1	𥚁	3	
𥚦	0	𥚦	0	𥚦
𥚧	1	祊	1	祊
𥚨	1	祡	1	祡
𥚩	2	𥚩&糈	1	糈
𥚪	1	齋	1	齋
𥚫	1	𩳢	1	𩳢
𥚬	1	祹	3	
𥚴	1	規	3	
𥚹	1	褊	3	
𥚺	1	稭	3	
𥚼	1	祺	3	
𥚽	1	禍	3	
𥛀	1	祲	1	祲
𥛁	1	䄐	1	䄐
𥛂	0	𥛂	0	𥛂
𥛃	1	神	1	神
𥛅	0	𥛅	0	𥛅
𥛆	1	祲	1	祲
𥛇	1	禱	1	禱
𥛈	1	禱	1	禱
𥛒	1	撟	3	
𥛓	1	隸	3	
𥛔	1	禍	1	禍
𥛕	1	禠	3	
𥛘	0	𥛘	0	𥛘
𥛙	1	禓	1	禓
𥛚	0	𥛚	0	𥛚
𥛛	3	𡫚&禋	1	禋
𥛜	3	祖&詛	3	祖&詛
𥛝	0	𥛝	0	𥛝
𥛞	0	𥛞	0	𥛞
𥛟	0	𥛟	0	𥛟
𥛠	1	神	1	神
𥛡	1	禋	1	禋
𥛣	1	㯂	3	
𥛦	1	褾	3	
𥛧	1	𡏱	3	
𥛬	1	隸	3	
𥛮	1	膰	1	膰
𥛯	0	𥛯	0	𥛯
𥛰	1	燎	1	燎
𥛱	2	𥛱&祊	1	祊
𥛲	1	醮	1	醮
𥛳	1	魖	1	魖
𥛴	1	祀	1	祀
𥛻	3	𥛱&祊	1	祊
𥛼	1	䄚	1	䄚
𥛽	1	𥛅	1	𥛅
𥛾	1	䄍	3	
𥛿	1	禋	1	禋
𥜃	0	𥜃	0	𥜃
𥜄	0	𥜄	0	𥜄
𥜅	1	禄	1	禄
𥜋	1	襝	3	
𥜌	1	襖	3	
𥜍	1	禲	3	
𥜏	1	跪	1	跪
𥜐	0	𥜐	3	
𥜑	2	𥜑&𥛅	1	𥛅
𥜒	0	𥜒	0	𥜒
𥜓	2	襤&𥜓	2	襤&𥜓
𥜔	1	祧	1	祧
𥜚	0	𥜚	0	𥜚
𥜛	1	禷	1	禷
𥜝	1	襭	3	
𥜟	1	獷	1	獷
𥜠	1	祣	1	祣
𥜢	1	𢹲	3	
𥜣	1	禱	1	禱
𥜦	1	禰	1	禰
𥜧	1	䄥	1	䄥
𥜨	1	禮	3	
𥜩	1	神	1	神
𥜪	1	禮	3	
𥜬	1	禰	1	禰
𥜮	1	𢹲	3	
𥜯	1	禫	1	禫
𥜰	0	𥜰	0	𥜰
𥜱	1	祟	1	祟
𥜲	0	𥜲	0	𥜲
𥜴	0	𥜴	0	𥜴
𥜸	1	禫	1	禫
𥜹	1	禱	1	禱
𥜼	1	禹	1	禹
𥜽	3	禼&𥜾	1	𥜾
𥜾	2	禼&𥜾	0	𥜾
𥜿	1	狒	1	狒
𥝀	1	蛇	3	
𥝁	1	𥜾	1	𥜾
𥝂	0	𥝂	3	
𥝃	3	𦦔&狒	1	狒
𥝄	1	萬	1	萬
𥝅	1	萬	1	萬
𥝆	1	𦦔	3	
𥝇	3	𥝋&狒	1	狒
𥝈	3	𥝋&狒	1	狒
𥝉	1	𥝂	3	
𥝊	0	𥝊	0	𥝊
𥝋	2	𥝋&狒	1	狒
𥝌	0	𥝌	0	𥝌
𥝍	3	王&玉	3	王&玉
𥝏	1	禮	3	
𥝐	1	秉	1	秉
𥝓	3	禮&秕	1	秕
𥝔	0	𥝔	0	𥝔
𥝕	0	𥝕	0	𥝕
𥝖	2	𥝖&籺&麧	0	𥝖
𥝘	0	𥝘	0	𥝘
𥝙	1	秀	3	
𥝛	1	狄	3	
𥝝	1	年	3	
𥝢	2	𥝢&利&初	3	利&初
𥝣	1	秠	1	秠
𥝤	3	𥝢&利	1	利
𥝥	0	𥝥	0	𥝥
𥝦	0	𥝦	0	𥝦
𥝧	1	䆉	1	䆉
𥝨	0	𥝨	0	𥝨
𥝩	1	穗	1	穗
𥝪	1	穊	1	穊
𥝫	1	犁	1	犁
𥝬	3	𥝖&麧	1	𥝖
𥝭	1	䅆	1	䅆
𥝮	2	秪&𥝮	2	秪&𥝮
𥝯	3	𢍃&奔	1	奔
𥝰	1	秋	3	
𥝱	1	杼	3	
𥝶	1	崧	3	
𥝷	1	耕	1	耕
𥝸	1	黍	3	
𥝺	1	穳	1	穳
𥝻	3	殺&穀	3	殺&穀
𥝼	1	稊	1	稊
𥝾	0	𥝾	0	𥝾
𥝿	2	耞&𥝿	2	耞&𥝿
𥞀	1	移	1	移
𥞁	2	神&𥞁	2	神&𥞁
𥞂	1	稃	1	稃
𥞃	0	𥞃	0	𥞃
𥞄	0	𥞄	0	𥞄
𥞅	0	𥞅	0	𥞅
𥞆	1	黍	1	黍
𥞇	1	嵇	3	
𥞌	1	香	3	
𥞐	1	耜	1	耜
𥞑	1	秭	3	
𥞒	1	陀	1	陀
𥞓	1	秪	3	
𥞕	1	䭱	3	
𥞗	1	䄪	1	䄪
𥞘	0	𥞘	0	𥞘
𥞙	3	𥠸&𥡃	1	𥡃
𥞚	0	𥞚	0	𥞚
𥞛	0	𥞛	0	𥞛
𥞜	0	𥞜	0	𥞜
𥞝	1	稯	1	稯
𥞞	2	稽&𥞞	1	稽
𥞣	1	䅃	3	
𥞤	1	穀	1	穀
𥞥	1	䅀	3	
𥞦	1	𥞵	3	
𥞨	1	稭	3	
𥞩	2	𤖱&耕&𥞩	2	耕&𥞩
𥞪	3	秣&米&粖	3	秣&米&粖
𥞫	1	黍	1	黍
𥞬	1	案	3	
𥞭	1	秜	3	
𥞮	1	䅄	3	
𥞯	1	稡	1	稡
𥞰	1	𣑵	3	
𥞱	1	䅃	1	䅃
𥞲	0	𥞲	0	𥞲
𥞳	2	䄶&𥞳	1	䄶
𥞴	0	𥞴	0	𥞴
𥞵	0	𥞵	0	𥞵
𥞶	1	秠	1	秠
𥞷	2	𥞷&稷	1	稷
𥞸	1	秳	1	秳
𥞹	1	粱	1	粱
𥞺	0	𥞺	0	𥞺
𥞻	2	𥞻&苾	1	苾
𥞼	1	𥠿	1	𥠿
𥟀	1	稜	3	
𥟁	1	𥙫	3	
𥟂	1	䅘	3	
𥟄	1	稷	1	稷
𥟅	0	𥟅	0	𥟅
𥟆	1	稕	3	
𥟈	1	𢆚	3	
𥟋	1	稱	1	稱
𥟍	0	𥟍	0	𥟍
𥟎	0	𥟎	0	𥟎
𥟏	1	稦	1	稦
𥟐	1	䅍	1	䅍
𥟑	1	稗	3	
𥟒	0	𥟒	0	𥟒
𥟓	0	𥟓	0	𥟓
𥟔	0	𥟔	0	𥟔
𥟕	0	𥟕	0	𥟕
𥟖	2	黎&𥟖	0	𥟖
𥟗	0	𥟗	0	𥟗
𥟘	0	𥟘	0	𥟘
𥟙	3	𥟟&穆	1	穆
𥟚	0	𥟚	0	𥟚
𥟛	3	稷&稯	1	稷
𥟜	1	䅀	1	䅀
𥟞	1	稘	1	稘
𥟟	0	𥟟	3	
𥟠	3	秸&䕸	1	秸
𥟦	1	黎	1	黎
𥟫	1	粟	1	粟
𥟬	1	𥞻	3	
𥟭	1	俱	3	
𥟮	1	稰	1	稰
𥟯	1	䄻	3	
𥟰	1	䅤	3	
𥟱	0	𥟱	3	
𥟲	1	秫	3	
𥟴	1	秳	3	
𥟵	1	稽	3	
𥟷	1	䅳	1	䅳
𥟸	1	䅀	1	䅀
𥟺	2	𥟺&𥠄	0	𥟺
𥟻	2	移&𥟻	1	移
𥟽	0	𥟽	0	𥟽
𥟾	1	𥞴	1	𥞴
𥟿	0	𥟿	0	𥟿
𥠀	0	𥠀	0	𥠀
𥠁	1	稞	1	稞
𥠂	1	穟	1	穟
𥠃	1	稵	1	稵
𥠄	0	𥠄	0	𥠄
𥠅	0	𥠅	0	𥠅
𥠆	2	𥠆&稴	1	稴
𥠇	1	穆	1	穆
𥠈	3	稷&𥣮	3	稷&𥣮
𥠉	0	𥠉	0	𥠉
𥠊	0	𥠊	0	𥠊
𥠋	0	𥠋	0	𥠋
𥠌	2	𥠌&廩	1	廩
𥠍	0	𥠍	0	𥠍
𥠎	3	𥞷&稷	1	稷
𥠔	1	𥡟	1	𥡟
𥠖	1	黎	3	
𥠗	1	𥟱	3	
𥠙	1	苴	3	
𥠚	1	秧	3	
𥠜	1	煬	3	
𥠞	1	䅤	3	
𥠠	1	𥠌	3	
𥠡	2	𥠡&稯	1	稯
𥠢	3	授&𥢓	3	授&𥢓
𥠥	1	椸	3	
𥠦	1	䅵	3	
𥠧	1	稺	3	
𥠨	1	𥟿	3	
𥠩	1	穇	3	
𥠪	1	楘	3	
𥠰	1	稷	3	
𥠱	0	𥠱	0	𥠱
𥠲	0	𥠲	0	𥠲
𥠳	0	𥠳	0	𥠳
𥠴	2	鬯&𥠴	0	𥠴
𥠵	2	𥠵&秿	1	秿
𥠶	0	𥠶	0	𥠶
𥠷	0	𥠷	0	𥠷
𥠸	0	𥠸	3	
𥠹	1	䅥	1	䅥
𥠺	1	蒀	1	蒀
𥠻	1	稽	3	
𥠼	1	秦	1	秦
𥠽	0	𥠽	0	𥠽
𥠾	1	耩	1	耩
𥠿	0	𥠿	0	𥠿
𥡀	2	稠&𥡀	0	𥡀
𥡁	2	憋&𥡁	0	𥡁
𥡂	1	稷	3	
𥡃	2	𥠸&𥡃	0	𥡃
𥡅	2	𥢐&𥡅	0	𥡅
𥡆	1	穆	1	穆
𥡍	1	𥠸	3	
𥡎	1	𥞻	3	
𥡏	1	稩	3	
𥡐	1	𥣰	3	
𥡒	1	穧	3	
𥡓	2	𥡓&黎	1	黎
𥡔	1	𥠴	1	𥠴
𥡖	1	稊	3	
𥡙	1	谿	1	谿
𥡚	3	𥡓&黎	1	黎
𥡛	1	穀	1	穀
𥡜	0	𥡜	0	𥡜
𥡝	1	兼	1	兼
𥡞	1	稽	3	
𥡟	0	𥡟	0	𥡟
𥡠	0	𥡠	0	𥡠
𥡡	3	𥢞&𥢎	1	𥢎
𥡢	0	𥡢	0	𥡢
𥡣	0	𥡣	0	𥡣
𥡤	2	𥡱&𥡤	0	𥡤
𥡥	2	𥠡&稯&𥡥	2	稯&𥡥
𥡦	0	𥡦	0	𥡦
𥡧	0	𥡧	0	𥡧
𥡨	3	𥠵&秿	1	秿
𥡩	1	藝	1	藝
𥡪	0	𥡪	0	𥡪
𥡫	3	挃&秷	1	挃
𥡬	0	𥡬	0	𥡬
𥡭	0	𥡭	0	𥡭
𥡮	0	𥡮	0	𥡮
𥡯	1	積	1	積
𥡰	1	種	1	種
𥡱	0	𥡱	3	
𥡳	1	稽	1	稽
𥡴	1	稽	1	稽
𥡷	1	穩	1	穩
𥡸	1	摸	3	
𥡹	3	穈&虋	1	穈
𥡺	1	穚	3	
𥡻	1	穆	3	
𥡼	1	𥠄	3	
𥡿	1	槲	3	
𥢀	3	𥡓&黎	1	黎
𥢁	1	穟	1	穟
𥢇	0	𥢇	0	𥢇
𥢈	2	𥢈&𥣰	0	𥢈
𥢊	0	𥢊	0	𥢊
𥢋	2	𥠷&𥢋	1	𥠷
𥢌	0	𥢌	0	𥢌
𥢍	0	𥢍	0	𥢍
𥢎	0	𥢎	0	𥢎
𥢏	0	𥢏	0	𥢏
𥢐	0	𥢐	3	
𥢑	0	𥢑	0	𥢑
𥢒	3	橯&䝁	3	橯&䝁
𥢓	2	授&𥢓	2	授&𥢓
𥢔	0	𥢔	0	𥢔
𥢕	2	䅺&𥢕	1	䅺
𥢖	1	種	1	種
𥢙	1	穎	3	
𥢞	2	𥢞&𥢎	1	𥢎
𥢟	1	稕	3	
𥢠	1	稬	3	
𥢡	1	𥡠	3	
𥢢	0	𥢢	3	
𥢣	1	穆	1	穆
𥢤	1	䅜	3	
𥢨	1	樼	3	
𥢩	1	穋	3	
𥢭	2	𥞻&苾&𥢭	2	苾&𥢭
𥢮	1	秦	1	秦
𥢰	2	䅜&𥢰	0	𥢰
𥢴	2	𥢴&𥤞	1	𥤞
𥢵	2	𥡜&𥢵	1	𥡜
𥢶	0	𥢶	0	𥢶
𥢷	0	𥢷	0	𥢷
𥢸	2	䅥&𥢸	1	䅥
𥢹	0	𥢹	0	𥢹
𥢺	1	穡	1	穡
𥢻	2	䅥&𥢻	0	𥢻
𥢼	1	積	1	積
𥢽	0	𥢽	0	𥢽
𥣇	1	𤐧	3	
𥣊	1	稷	1	稷
𥣏	1	稵	3	
𥣓	2	稵&𥣓	0	𥣓
𥣔	1	稺	3	
𥣕	1	䆊	3	
𥣖	2	薿&𥣖	1	薿
𥣗	0	𥣗	0	𥣗
𥣘	0	𥣘	0	𥣘
𥣙	0	𥣙	0	𥣙
𥣚	3	纂&穳	1	穳
𥣜	1	穙	1	穙
𥣞	2	糴&𥣞&䊮	2	糴&𥣞
𥣟	0	𥣟	0	𥣟
𥣠	1	秦	1	秦
𥣢	1	䆏	3	
𥣣	0	𥣣	3	
𥣥	1	䊍	1	䊍
𥣦	1	稚	1	稚
𥣧	1	穨	1	穨
𥣨	1	秋	1	秋
𥣩	0	𥣩	0	𥣩
𥣪	1	穳	1	穳
𥣫	0	𥣫	0	𥣫
𥣬	0	𥣬	0	𥣬
𥣭	1	䅀	1	䅀
𥣮	0	𥣮	0	𥣮
𥣯	0	𥣯	0	𥣯
𥣰	2	稨&𥣰	0	𥣰
𥣱	1	穡	1	穡
𥣲	1	擔	1	擔
𥣶	1	穳	3	
𥣷	1	糧	1	糧
𥣻	1	檾	3	
𥣼	1	穗	1	穗
𥣾	0	𥣾	0	𥣾
𥤀	1	秝	1	秝
𥤁	1	稕	1	稕
𥤂	0	𥤂	0	𥤂
𥤃	1	誘	1	誘
𥤄	1	䆏	3	
𥤅	3	𥣾&䆏	1	𥣾
𥤆	0	𥤆	0	𥤆
𥤇	1	穇	1	穇
𥤈	1	䆏	3	
𥤉	1	龢	3	
𥤊	0	𥤊	0	𥤊
𥤋	0	𥤋	0	𥤋
𥤌	1	𥡪	1	𥡪
𥤍	1	𥣰	3	
𥤎	2	秒&𥤎	0	𥤎
𥤏	1	穱	3	
𥤑	1	䆏	1	䆏
𥤒	1	穨	1	穨
𥤓	1	𥣰	1	𥣰
𥤔	1	𠁃	1	𠁃
𥤖	1	龢	3	
𥤗	0	𥤗	0	𥤗
𥤘	0	𥤘	0	𥤘
𥤚	1	秋	1	秋
𥤜	0	𥤜	0	𥤜
𥤞	0	𥤞	0	𥤞
𥤟	0	𥤟	0	𥤟
𥤡	1	䯂	3	
𥤢	1	穴	1	穴
𥤣	2	窈&𥤣	0	𥤣
𥤤	0	𥤤	0	𥤤
𥤧	2	塞&𥤧	1	塞
𥤨	0	𥤨	0	𥤨
𥤩	0	𥤩	0	𥤩
𥤪	1	字	1	字
𥤫	1	虐	1	虐
𥤬	1	肉	3	
𥤭	1	窀	1	窀
𥤮	1	突	1	突
𥤯	1	究	1	究
𥤱	3	牢&罕	3	牢&罕
𥤲	1	𡧯	3	
𥤴	3	阱&弇	3	阱&弇
𥤵	1	𡧍	1	𡧍
𥤶	1	屁	1	屁
𥤷	1	𥥍	1	𥥍
𥤸	0	𥤸	0	𥤸
𥤹	2	穾&窔&𥤹	2	穾&窔&𥤹
𥤺	0	𥤺	0	𥤺
𥤻	0	𥤻	0	𥤻
𥤼	2	𥤼&邃	1	邃
𥤽	1	寂	1	寂
𥤾	1	竅	1	竅
𥤿	2	窣&𥤿	1	窣
𥥀	1	宍	3	
𥥄	1	𡧋	3	
𥥆	1	窈	3	
𥥇	2	𥤼&穼&𥥇	2	穼&𥥇
𥥈	2	䆖&𥥈	2	䆖&𥥈
𥥉	3	宙&岫	1	岫
𥥊	0	𥥊	0	𥥊
𥥋	2	零&𥥋	2	零&𥥋
𥥌	2	衡&𥥌	2	衡&𥥌
𥥍	0	𥥍	0	𥥍
𥥎	1	䆗	1	䆗
𥥏	0	𥥏	0	𥥏
𥥐	3	寔&岨	1	岨
𥥑	2	窂&牢&𥥑	2	牢&𥥑
𥥒	1	寂	1	寂
𥥓	3	屁&衡	1	屁
𥥔	2	宕&𥥔	1	宕
𥥗	0	𥥗	0	𥥗
𥥘	1	寂	3	
𥥛	3	突&胈	3	突&胈
𥥜	1	突	3	
𥥞	1	䆕	1	䆕
𥥠	0	𥥠	0	𥥠
𥥡	0	𥥡	0	𥥡
𥥢	1	穿	1	穿
𥥣	3	垣&響	1	垣
𥥤	1	窌	1	窌
𥥥	0	𥥥	0	𥥥
𥥦	2	𥥍&𥥦	0	𥥦
𥥧	0	𥥧	0	𥥧
𥥨	2	竇&𥥨	1	竇
𥥩	1	向	1	向
𥥭	1	窖	3	
𥥯	1	穿	3	
𥥲	1	窰	3	
𥥶	0	𥥶	0	𥥶
𥥷	2	竇&𥥷	1	竇
𥥸	0	𥥸	0	𥥸
𥥹	1	窌	1	窌
𥥺	3	窖&窌	1	窌
𥥻	2	罄&𥥻	2	罄&𥥻
𥥼	2	𥥼&爵	1	爵
𥥽	0	𥥽	0	𥥽
𥥾	0	𥥾	0	𥥾
𥥿	0	𥥿	0	𥥿
𥦀	3	寬&覓	3	寬&覓
𥦁	0	𥦁	0	𥦁
𥦂	1	竅	1	竅
𥦃	0	𥦃	0	𥦃
𥦄	0	𥦄	3	
𥦅	0	𥦅	0	𥦅
𥦆	2	寇&𥦆	1	寇
𥦇	2	窞&𥦇	1	窞
𥦈	1	𥥥	1	𥥥
𥦉	1	寐	3	
𥦊	0	𥦊	0	𥦊
𥦋	1	汾	1	汾
𥦌	0	𥦌	0	𥦌
𥦍	2	弇&𥦍	2	弇&𥦍
𥦎	1	賓	1	賓
𥦏	2	𥦏&䆨	1	䆨
𥦐	0	𥦐	0	𥦐
𥦑	1	窣	1	窣
𥦒	1	䆞	3	
𥦕	1	寅	1	寅
𥦗	1	窓	3	
𥦘	0	𥦘	0	𥦘
𥦙	1	窟	3	
𥦛	2	罫&𥦛	1	罫
𥦜	1	堋	1	堋
𥦝	0	𥦝	0	𥦝
𥦞	0	𥦞	0	𥦞
𥦟	0	𥦟	0	𥦟
𥦠	3	窪&窳	1	窳
𥦡	3	最&㝱	1	最
𥦢	0	𥦢	0	𥦢
𥦤	2	寐&𥦤	0	𥦤
𥦥	2	𥥧&𥦥	2	𥥧&𥦥
𥦦	1	弇	1	弇
𥦧	1	窬	1	窬
𥦨	0	𥦨	0	𥦨
𥦩	1	掩	1	掩
𥦪	1	宧	1	宧
𥦮	1	窩	3	
𥦱	1	冤	3	
𥦲	1	寇	1	寇
𥦳	1	宧	3	
𥦵	1	究	1	究
𥦶	1	臽	1	臽
𥦸	2	𥦸&伏&𥨍	3	伏&𥨍
𥦹	1	窬	1	窬
𥦺	2	寏&𥦺	0	𥦺
𥦻	1	竄	1	竄
𥦼	1	柘	1	柘
𥦽	1	寔	1	寔
𥦾	1	窗	1	窗
𥦿	2	𥧦&𥦿	0	𥦿
𥧀	1	𥥼	3	
𥧁	1	窻	3	
𥧂	1	𥨐	3	
𥧃	1	寎	3	
𥧄	1	竈	3	
𥧅	1	窴	1	窴
𥧇	0	𥧇	0	𥧇
𥧈	1	窵	3	
𥧉	1	惌	3	
𥧊	1	窟	1	窟
𥧌	1	寐	3	
𥧐	1	㼱	1	㼱
𥧑	1	窴	3	
𥧒	0	𥧒	0	𥧒
𥧓	2	窵&𥧓	2	窵&𥧓
𥧔	2	屁&𥧔	1	屁
𥧕	0	𥧕	0	𥧕
𥧖	3	𡫄&究	1	究
𥧗	2	𥩁&𥧗	0	𥧗
𥧘	2	𥧘&䆞	0	𥧘
𥧙	2	寐&𥧙	0	𥧙
𥧚	2	穩&𥧚	0	𥧚
𥧛	2	惌&𥧛	1	惌
𥧜	3	𥦸&伏&𥨍	3	伏&𥨍
𥧝	2	𥧝&窹	0	𥧝
𥧞	0	𥧞	0	𥧞
𥧟	2	窯&𥧟	1	窯
𥧠	0	𥧠	0	𥧠
𥧢	3	㲨&𦶇	1	𦶇
𥧥	2	𥨌&𥧥	0	𥧥
𥧦	0	𥧦	3	
𥧧	1	蜜	3	
𥧨	1	賓	3	
𥧬	2	𥦞&𥧬	2	𥦞&𥧬
𥧭	0	𥧭	0	𥧭
𥧮	0	𥧮	0	𥧮
𥧯	0	𥧯	0	𥧯
𥧰	2	摦&𥧰	1	摦
𥧱	0	𥧱	0	𥧱
𥧲	2	𥧲&浸	1	浸
𥧳	1	窯	1	窯
𥧴	2	寐&𥧴	2	寐&𥧴
𥧵	0	𥧵	0	𥧵
𥧶	2	𥧶&𥨕	0	𥧶
𥧷	0	𥧷	0	𥧷
𥧸	2	𥧸&窹	2	𥧸&窹
𥧹	2	窞&𥧹	1	窞
𥧺	1	窮	1	窮
𥧻	2	𥧻&䆽	2	𥧻&䆽
𥧼	2	竊&𥧼	1	竊
𥧽	2	窕&窱&𥧽	2	窕&𥧽
𥧾	1	窾	3	
𥨂	1	竅	3	
𥨄	1	竅	3	
𥨅	1	寂	3	
𥨆	1	𠅬	3	
𥨇	1	𡫄	3	
𥨈	1	竈	3	
𥨉	1	寣	3	
𥨊	1	寢	1	寢
𥨌	0	𥨌	3	
𥨍	0	𥨍	0	𥨍
𥨎	0	𥨎	0	𥨎
𥨏	1	㼱	1	㼱
𥨐	0	𥨐	0	𥨐
𥨑	2	窱&𥨑	0	𥨑
𥨒	3	竄&𥨢	1	𥨢
𥨓	3	𥦄&究	1	究
𥨔	2	𥨔&𥥧	1	𥥧
𥨕	0	𥨕	0	𥨕
𥨖	1	窺	1	窺
𥨗	1	竄	1	竄
𥨘	2	寱&𥨘	1	寱
𥨛	1	竊	3	
𥨜	1	𦔅	3	
𥨝	0	𥨝	3	
𥨞	1	𥧯	3	
𥨠	1	竈	3	
𥨡	2	𥨝&𥨡	0	𥨡
𥨢	0	𥨢	0	𥨢
𥨣	1	寯	3	
𥨤	1	竂	3	
𥨥	1	竄	3	
𥨪	0	𥨪	0	𥨪
𥨫	3	竈&灶	1	灶
𥨬	1	竄	1	竄
𥨭	2	窯&𥨭	0	𥨭
𥨮	3	𥨔&𥥧	1	𥥧
𥨯	1	窾	3	
𥨰	1	幀	1	幀
𥨱	1	竊	1	竊
𥨲	2	𡫽&𥨲	0	𥨲
𥨳	2	𥨳&䇀	0	𥨳
𥨴	2	𥩁&𥨴	0	𥨴
𥨵	1	竊	1	竊
𥨶	1	究	1	究
𥨷	1	竊	1	竊
𥨸	1	竊	3	
𥨺	1	𥨢	3	
𥨻	0	𥨻	0	𥨻
𥨼	3	𥩁&𡫬	1	𡫬
𥨽	0	𥨽	0	𥨽
𥨿	0	𥨿	0	𥨿
𥩀	0	𥩀	0	𥩀
𥩁	2	𥩁&𡫬	1	𡫬
𥩂	2	𥨢&𥩂	0	𥩂
𥩅	1	𥩁	3	
𥩈	1	竊	3	
𥩊	2	𥨔&𥥧&𥩊	2	𥥧&𥩊
𥩋	3	竈&灶	1	灶
𥩌	0	𥩌	0	𥩌
𥩎	1	䇁	1	䇁
𥩐	1	竇	1	竇
𥩑	1	䇁	3	
𥩒	0	𥩒	0	𥩒
𥩓	1	竊	1	竊
𥩔	0	𥩔	0	𥩔
𥩕	1	𥩗	1	𥩗
𥩖	1	亦	1	亦
𥩗	0	𥩗	0	𥩗
𥩙	0	𥩙	0	𥩙
𥩞	1	竘	1	竘
𥩟	1	竚	3	
𥩠	1	站	1	站
𥩡	0	𥩡	0	𥩡
𥩢	2	趄&𥩢	2	趄&𥩢
𥩣	0	𥩣	0	𥩣
𥩤	0	𥩤	0	𥩤
𥩥	2	埿&泥&屔&𥩥	2	泥&屔&𥩥
𥩦	3	𥩱&䇅	1	䇅
𥩭	1	𠱫	1	𠱫
𥩮	1	𠱫	1	𠱫
𥩱	2	𥩱&䇅	1	䇅
𥩲	0	𥩲	0	𥩲
𥩳	3	值&待&跱	3	值&待
𥩴	1	在	1	在
𥩵	1	竮	1	竮
𥩶	2	啻&𥩶	1	啻
𥩷	1	玈	3	
𥩺	1	𥪂	3	
𥩼	1	𥪯	3	
𥩽	1	竚	3	
𥩾	1	䪬	1	䪬
𥩿	1	望	1	望
𥪀	0	𥪀	0	𥪀
𥪁	0	𥪁	0	𥪁
𥪂	0	𥪂	0	𥪂
𥪃	2	𥪃&䇓	1	䇓
𥪄	1	端	1	端
𥪊	0	𥪊	0	𥪊
𥪋	0	𥪋	0	𥪋
𥪌	0	𥪌	0	𥪌
𥪍	0	𥪍	0	𥪍
𥪎	1	䇑	1	䇑
𥪏	0	𥪏	0	𥪏
𥪐	1	龍	1	龍
𥪑	1	龍	1	龍
𥪗	1	鬃	3	
𥪘	0	𥪘	0	𥪘
𥪙	1	䇓	1	䇓
𥪚	0	𥪚	0	𥪚
𥪛	2	望&豎&𥪛	2	望&豎&𥪛
𥪡	1	竪	3	
𥪢	3	竜&龍	1	龍
𥪣	1	竣	3	
𥪥	1	䇓	1	䇓
𥪦	1	徯	1	徯
𥪧	0	𥪧	0	𥪧
𥪬	1	𥪋	1	𥪋
𥪯	0	𥪯	0	𥪯
𥪰	1	競	1	競
𥪱	0	𥪱	0	𥪱
𥪵	0	𥪵	0	𥪵
𥪶	1	䇎	1	䇎
𥪷	1	燅	3	
𥪹	1	墮	3	
𥪺	1	𥫃	3	
𥪻	0	𥪻	0	𥪻
𥪼	0	𥪼	0	𥪼
𥪽	2	𥪽&童	1	童
𥪾	1	韻	3	
𥪿	3	𥪽&童	1	童
𥫀	1	竵	3	
𥫁	1	竲	3	
𥫃	2	儀&𥫃	0	𥫃
𥫄	1	襲	3	
𥫆	1	龍	1	龍
𥫇	1	竵	3	
𥫈	1	龍	3	
𥫉	3	惇&䇏	1	䇏
𥫋	1	供	3	
𥫍	1	童	1	童
𥫎	0	𥫎	0	𥫎
𥫐	1	商	1	商
𥫓	1	𥫖	3	
𥫔	1	贛	3	
𥫕	3	𥫖&𨋪	1	𨋪
𥫖	2	𥫖&𨋪	1	𨋪
𥫙	0	𥫙	0	𥫙
𥫚	1	箕	1	箕
𥫛	0	𥫛	0	𥫛
𥫜	0	𥫜	0	𥫜
𥫝	0	𥫝	0	𥫝
𥫞	2	竿&𥫞	2	竿&𥫞
𥫟	0	𥫟	0	𥫟
𥫠	3	笄&簊	1	簊
𥫡	1	竽	1	竽
𥫢	0	𥫢	0	𥫢
𥫣	1	籅	3	
𥫥	1	𥫱	3	
𥫪	1	策	3	
𥫫	3	算&筭	1	算
𥫯	0	𥫯	0	𥫯
𥫰	2	竺&𥫰	2	竺&𥫰
𥫱	2	囤&𥫱	0	𥫱
𥫳	0	𥫳	0	𥫳
𥫴	0	𥫴	0	𥫴
𥫵	0	𥫵	0	𥫵
𥫶	3	箕&簊	3	箕&簊
𥫷	0	𥫷	0	𥫷
𥫸	0	𥫸	0	𥫸
𥫹	0	𥫹	0	𥫹
𥫺	1	笐	1	笐
𥫻	1	䇘	1	䇘
𥫼	0	𥫼	0	𥫼
𥫽	2	匙&𥫽	2	匙&𥫽
𥬅	1	筒	3	
𥬇	1	笑	1	笑
𥬉	1	笱	3	
𥬌	3	竾&篪	1	篪
𥬍	1	䉳	1	䉳
𥬎	0	𥬎	0	𥬎
𥬏	2	𥬏&箶	1	箶
𥬐	0	𥬐	0	𥬐
𥬑	3	築&筑	1	筑
𥬒	2	笑&𥬒	2	笑&𥬒
𥬓	1	箹	1	箹
𥬔	0	𥬔	0	𥬔
𥬕	0	𥬕	0	𥬕
𥬖	1	皮	1	皮
𥬗	2	𥬗&筅	1	筅
𥬘	1	笶	3	
𥬙	2	炬&苣&𥬙	2	苣&𥬙
𥬚	1	笮	1	笮
𥬛	1	笮	1	笮
𥬝	0	𥬝	0	𥬝
𥬞	2	𥬞&籋	0	𥬞
𥬟	1	矢	1	矢
𥬠	1	篘	3	
𥬪	0	𥬪	0	𥬪
𥬫	0	𥬫	0	𥬫
𥬬	0	𥬬	0	𥬬
𥬭	0	𥬭	0	𥬭
𥬮	0	𥬮	0	𥬮
𥬯	0	𥬯	0	𥬯
𥬰	2	𥬰&冊&柵	3	冊&柵
𥬱	0	𥬱	0	𥬱
𥬲	2	檛&𥬲	0	𥬲
𥬳	0	𥬳	0	𥬳
𥬴	0	𥬴	0	𥬴
𥬵	1	篅	1	篅
𥬶	3	築&筑	1	筑
𥬷	2	算&簨&𥬷	1	簨
𥬸	1	𥬲	1	𥬲
𥬹	3	簨&𥬷	3	簨&𥬷
𥬺	1	䇦	3	
𥬻	1	筄	1	筄
𥬼	0	𥬼	0	𥬼
𥬽	1	𥯮	1	𥯮
𥬾	3	築&筑	1	筑
𥬿	0	𥬿	0	𥬿
𥭀	2	筠&𥭀	2	筠&𥭀
𥭅	1	箁	3	
𥭆	1	箄	3	
𥭉	1	薈	3	
𥭋	0	𥭋	0	𥭋
𥭐	0	𥭐	0	𥭐
𥭑	0	𥭑	0	𥭑
𥭒	2	囤&𥭒	0	𥭒
𥭓	2	𥭓&𥭖	2	𥭓&𥭖
𥭔	0	𥭔	0	𥭔
𥭕	0	𥭕	0	𥭕
𥭖	0	𥭖	0	𥭖
𥭗	2	篷&𥭗	1	篷
𥭘	0	𥭘	0	𥭘
𥭙	0	𥭙	0	𥭙
𥭚	0	𥭚	0	𥭚
𥭛	1	篘	1	篘
𥭜	2	箈&𥭜	2	箈&𥭜
𥭝	0	𥭝	0	𥭝
𥭞	0	𥭞	0	𥭞
𥭟	2	梭&𥭟	1	梭
𥭠	0	𥭠	0	𥭠
𥭡	0	𥭡	0	𥭡
𥭢	0	𥭢	0	𥭢
𥭣	1	良	1	良
𥭤	1	䈽	1	䈽
𥭥	1	茧	1	茧
𥭦	1	𪛊	1	𪛊
𥭧	3	笪&篞	1	篞
𥭨	3	管&筦	1	筦
𥭩	1	筍	3	
𥭪	1	篠	1	篠
𥭫	1	𥮜	1	𥮜
𥭬	0	𥭬	0	𥭬
𥭭	0	𥭭	0	𥭭
𥭮	0	𥭮	0	𥭮
𥭯	2	𥭯&𥰭	1	𥰭
𥭰	1	築	1	築
𥭱	1	䇫	1	䇫
𥭷	1	良	1	良
𥭸	3	筱&篠	1	篠
𥭾	1	丳	3	
𥮅	3	算&筭	1	算
𥮆	1	荷	3	
𥮉	1	䈻	3	
𥮍	0	𥮍	0	𥮍
𥮎	0	𥮎	0	𥮎
𥮏	2	典&𥮏	2	典&𥮏
𥮐	0	𥮐	0	𥮐
𥮑	1	篙	1	篙
𥮒	0	𥮒	0	𥮒
𥮓	1	𥮒	1	𥮒
𥮔	1	篿	1	篿
𥮕	2	笐&𥮕	0	𥮕
𥮖	0	𥮖	0	𥮖
𥮗	0	𥮗	0	𥮗
𥮘	0	𥮘	0	𥮘
𥮙	1	箭	1	箭
𥮚	2	䈀&𥮚	0	𥮚
𥮛	1	䈱	1	䈱
𥮜	2	𥮜&䉲	1	䉲
𥮝	2	𥮝&䓛	1	䓛
𥮞	1	匴	1	匴
𥮟	1	筐	3	
𥮠	3	箝&鉗	1	箝
𥮡	1	筌	3	
𥮢	2	𥮢&篘	0	𥮢
𥮣	0	𥮣	0	𥮣
𥮤	0	𥮤	0	𥮤
𥮥	2	𥮥&𥯩	2	𥮥&𥯩
𥮦	3	𥱾&𥰠	1	𥰠
𥮧	0	𥮧	0	𥮧
𥮨	0	𥮨	0	𥮨
𥮩	1	𥲈	1	𥲈
𥮪	0	𥮪	0	𥮪
𥮫	2	𥮫&冊&策	3	冊&策
𥮬	1	䈪	1	䈪
𥮭	2	𥭭&𥮭	1	𥭭
𥮮	1	策	1	策
𥮯	2	碆&𥮯	2	碆&𥮯
𥮵	1	策	3	
𥮾	1	篸	3	
𥯀	1	筌	3	
𥯃	1	罨	3	
𥯄	1	箸	3	
𥯅	1	臺	3	
𥯋	1	萌	3	
𥯑	0	𥯑	0	𥯑
𥯒	1	栽	1	栽
𥯓	1	簪	1	簪
𥯔	0	𥯔	0	𥯔
𥯕	1	簜	1	簜
𥯖	0	𥯖	0	𥯖
𥯗	1	簨	1	簨
𥯘	1	𥭕	1	𥭕
𥯙	0	𥯙	0	𥯙
𥯚	0	𥯚	0	𥯚
𥯛	0	𥯛	0	𥯛
𥯜	0	𥯜	0	𥯜
𥯝	0	𥯝	0	𥯝
𥯞	0	𥯞	0	𥯞
𥯟	0	𥯟	0	𥯟
𥯠	1	𥯟	1	𥯟
𥯡	0	𥯡	0	𥯡
𥯢	0	𥯢	0	𥯢
𥯣	1	篾	1	篾
𥯤	0	𥯤	0	𥯤
𥯥	0	𥯥	0	𥯥
𥯦	2	箑&𥯦	2	箑&𥯦
𥯧	2	笮&𥯧	1	笮
𥯨	0	𥯨	0	𥯨
𥯩	0	𥯩	0	𥯩
𥯪	0	𥯪	0	𥯪
𥯫	2	筀&𥯫	1	筀
𥯬	0	𥯬	0	𥯬
𥯭	1	筰	1	筰
𥯮	0	𥯮	0	𥯮
𥯯	2	𥯯&𥯮	0	𥯯
𥯰	1	籯	1	籯
𥯱	1	笥	1	笥
𥯲	1	䈢	1	䈢
𥯳	2	萼&𥯳	2	萼&𥯳
𥯴	1	籔	1	籔
𥯵	1	蠡	1	蠡
𥯶	0	𥯶	0	𥯶
𥯷	1	𥭖	1	𥭖
𥯸	0	𥯸	0	𥯸
𥯹	1	築	1	築
𥯺	2	𥱩&鞫&𥯺	2	鞫&𥯺
𥯻	1	策	3	
𥯼	1	𥰦	1	𥰦
𥯽	1	笴	1	笴
𥯾	0	𥯾	0	𥯾
𥯿	1	篝	1	篝
𥰂	1	篍	1	篍
𥰅	0	𥰅	0	𥰅
𥰆	1	蒂	3	
𥰉	1	篌	1	篌
𥰍	1	箣	3	
𥰒	1	篾	3	
𥰓	1	篾	1	篾
𥰕	1	篦	3	
𥰘	2	𥰘&𥶓	0	𥰘
𥰙	1	䉠	1	䉠
𥰚	1	篎	1	篎
𥰛	0	𥰛	0	𥰛
𥰜	0	𥰜	0	𥰜
𥰝	0	𥰝	0	𥰝
𥰞	3	籔&篘	3	籔&篘
𥰟	2	榬&𥰟	1	榬
𥰠	0	𥰠	0	𥰠
𥰡	0	𥰡	0	𥰡
𥰢	0	𥰢	0	𥰢
𥰣	0	𥰣	0	𥰣
𥰤	1	𥰣	1	𥰣
𥰥	1	𦩶	1	𦩶
𥰦	0	𥰦	0	𥰦
𥰧	0	𥰧	0	𥰧
𥰨	0	𥰨	0	𥰨
𥰩	1	籅	1	籅
𥰪	0	𥰪	0	𥰪
𥰫	1	筮	1	筮
𥰬	2	𥰬&鞫	1	鞫
𥰭	0	𥰭	0	𥰭
𥰮	0	𥰮	0	𥰮
𥰯	1	𥰮	1	𥰮
𥰰	3	揲&筮	3	揲&筮
𥰱	0	𥰱	0	𥰱
𥰲	0	𥰲	0	𥰲
𥰳	1	𥱍	1	𥱍
𥰴	1	筍	1	筍
𥰵	2	𥰵&篰	1	篰
𥰶	0	𥰶	0	𥰶
𥰷	1	𥰣	1	𥰣
𥰸	2	箭&𥰸	1	箭
𥰹	2	𥰹&䉰	1	䉰
𥰺	1	築	1	築
𥰻	0	𥰻	0	𥰻
𥰼	0	𥰼	0	𥰼
𥰽	1	篪	1	篪
𥰾	3	醡&𨢦	1	醡
𥰿	1	筍	1	筍
𥱀	0	𥱀	0	𥱀
𥱁	0	𥱁	0	𥱁
𥱂	0	𥱂	0	𥱂
𥱄	3	篸&𥳋	1	篸
𥱅	1	甚	1	甚
𥱆	1	籉	1	籉
𥱇	2	𥯬&𥱇	0	𥱇
𥱊	1	席	3	
𥱌	1	篌	3	
𥱍	2	範&𥱍	1	範
𥱎	3	彗&篝	1	彗
𥱏	1	篝	1	篝
𥱐	1	𥴀	1	𥴀
𥱒	1	澨	3	
𥱔	1	𥵃	3	
𥱙	1	䈛	3	
𥱡	1	篾	1	篾
𥱢	1	篾	3	
𥱤	1	蓨	3	
𥱧	0	𥱧	0	𥱧
𥱩	2	𥱩&鞫&䉅	3	鞫&䉅
𥱰	1	簁	3	
𥱳	1	節	3	
𥱵	2	篲&𥱵	0	𥱵
𥱶	0	𥱶	0	𥱶
𥱷	0	𥱷	0	𥱷
𥱸	0	𥱸	0	𥱸
𥱹	0	𥱹	0	𥱹
𥱺	0	𥱺	0	𥱺
𥱻	2	筡&𥱻	2	筡&𥱻
𥱼	2	𥱼&𣝁&篺	3	𣝁&篺
𥱽	2	箘&𥱽	2	箘&𥱽
𥱾	2	𥱾&𥰠	1	𥰠
𥱿	2	𥱿&𥴧	0	𥱿
𥲀	0	𥲀	0	𥲀
𥲁	0	𥲁	0	𥲁
𥲂	1	𥰅	3	
𥲃	1	簆	3	
𥲄	0	𥲄	0	𥲄
𥲅	2	籌&𥲅	0	𥲅
𥲆	0	𥲆	0	𥲆
𥲇	0	𥲇	0	𥲇
𥲈	0	𥲈	0	𥲈
𥲉	0	𥲉	0	𥲉
𥲊	0	𥲊	0	𥲊
𥲋	0	𥲋	0	𥲋
𥲌	3	䈄&筨	1	筨
𥲍	0	𥲍	0	𥲍
𥲎	0	𥲎	0	𥲎
𥲏	2	𣀔&𥲏	0	𥲏
𥲐	1	𥭠	1	𥭠
𥲑	0	𥲑	0	𥲑
𥲒	1	築	1	築
𥲕	0	𥲕	0	𥲕
𥲖	2	䈛&𥲖	0	𥲖
𥲗	0	𥲗	0	𥲗
𥲘	1	笯	1	笯
𥲙	1	篝	1	篝
𥲚	0	𥲚	0	𥲚
𥲛	0	𥲛	0	𥲛
𥲜	0	𥲜	0	𥲜
𥲝	2	𥲝&𥶈	0	𥲝
𥲞	3	薔&菑	1	菑
𥲟	0	𥲟	0	𥲟
𥲠	0	𥲠	0	𥲠
𥲡	0	𥲡	0	𥲡
𥲢	0	𥲢	0	𥲢
𥲣	1	𥲨	1	𥲨
𥲤	2	虡&𥲤	2	虡&𥲤
𥲥	1	籢	1	籢
𥲦	2	篻&𥲦	2	篻&𥲦
𥲧	0	𥲧	0	𥲧
𥲨	0	𥲨	0	𥲨
𥲩	3	𥷚&鞫	1	鞫
𥲪	0	𥲪	0	𥲪
𥲫	1	箭	1	箭
𥲬	3	筥&𥰠	1	𥰠
𥲮	1	毒	1	毒
𥲯	3	珓&筊	1	珓
𥲸	1	慕	3	
𥲻	2	𥲻&篹	1	篹
𥲼	1	箯	1	箯
𥲽	1	矬	1	矬
𥲾	1	𥰬	3	
𥳁	1	虡	3	
𥳆	0	𥳆	0	𥳆
𥳇	0	𥳇	0	𥳇
𥳈	2	𣀔&㯔&𥳈	2	𣀔&㯔&𥳈
𥳉	0	𥳉	0	𥳉
𥳊	1	䉬	1	䉬
𥳋	2	篸&𥳋	0	𥳋
𥳌	0	𥳌	0	𥳌
𥳍	0	𥳍	0	𥳍
𥳎	0	𥳎	0	𥳎
𥳏	0	𥳏	0	𥳏
𥳐	0	𥳐	0	𥳐
𥳑	1	簡	1	簡
𥳒	0	𥳒	0	𥳒
𥳓	2	梢&筲&𥳓	2	梢&𥳓
𥳔	2	𥬲&𥳔	1	𥬲
𥳕	0	𥳕	0	𥳕
𥳖	0	𥳖	0	𥳖
𥳗	0	𥳗	0	𥳗
𥳘	2	箽&𥳘	2	箽&𥳘
𥳙	1	篅	1	篅
𥳚	0	𥳚	0	𥳚
𥳛	2	𥳛&𥷼	1	𥷼
𥳜	0	𥳜	0	𥳜
𥳝	0	𥳝	0	𥳝
𥳞	0	𥳞	0	𥳞
𥳟	0	𥳟	0	𥳟
𥳠	1	篪	1	篪
𥳡	0	𥳡	0	𥳡
𥳢	0	𥳢	0	𥳢
𥳣	0	𥳣	0	𥳣
𥳤	3	笛&篴	1	篴
𥳥	0	𥳥	0	𥳥
𥳦	1	筍	1	筍
𥳧	2	簁&𥳧	1	簁
𥳨	1	𥴫	1	𥴫
𥳩	1	䉧	1	䉧
𥳪	3	笇&算&筭	1	笇
𥳫	1	腆	1	腆
𥳬	0	𥳬	0	𥳬
𥳭	1	箭	1	箭
𥳮	1	䉂	1	䉂
𥳯	1	策	1	策
𥳰	0	𥳰	0	𥳰
𥳱	0	𥳱	0	𥳱
𥳲	0	𥳲	0	𥳲
𥳳	2	𥳳&𥶛	2	𥳳&𥶛
𥳴	2	𥰹&𥳴	2	𥰹&𥳴
𥳵	0	𥳵	0	𥳵
𥳶	0	𥳶	0	𥳶
𥳷	0	𥳷	0	𥳷
𥳸	3	𥳹&𥱷	1	𥱷
𥳹	2	𥳹&𥱷	1	𥱷
𥳺	2	𥳺&䉥	2	𥳺&䉥
𥳽	1	簸	3	
𥳿	0	𥳿	0	𥳿
𥴀	2	築&𥴀	1	築
𥴁	1	築	1	築
𥴂	1	篳	1	篳
𥴈	1	棧	3	
𥴌	1	纂	3	
𥴓	1	箠	1	箠
𥴔	1	篃	1	篃
𥴡	0	𥴡	0	𥴡
𥴢	2	䉜&𥴢	1	䉜
𥴣	1	篷	1	篷
𥴤	0	𥴤	0	𥴤
𥴥	1	𥳐	1	𥳐
𥴦	2	篴&䉌&𥴦	2	篴&䉌&𥴦
𥴧	2	筥&𥴧	0	𥴧
𥴨	0	𥴨	0	𥴨
𥴩	0	𥴩	0	𥴩
𥴪	2	簻&𥴪	2	簻&𥴪
𥴫	0	𥴫	0	𥴫
𥴬	0	𥴬	0	𥴬
𥴭	1	楬	1	楬
𥴮	2	簙&𥴮	0	𥴮
𥴯	0	𥴯	0	𥴯
𥴰	1	𥶹	1	𥶹
𥴱	2	𥴱&薦	2	𥴱&薦
𥴲	1	簢	1	簢
𥴴	0	𥴴	0	𥴴
𥴵	0	𥴵	0	𥴵
𥴶	2	䉞&𥴶	1	䉞
𥴷	2	䉔&𥴷	1	䉔
𥴸	2	篾&蔑&𥴸	2	篾&蔑&𥴸
𥴹	2	簀&𥴹	1	簀
𥴺	2	䈘&𥴺	1	䈘
𥴻	0	𥴻	0	𥴻
𥴼	0	𥴼	3	
𥴽	1	篠	1	篠
𥴾	3	簙&𥴮	1	簙
𥴿	0	𥴿	0	𥴿
𥵀	1	𥲑	3	
𥵂	1	虡	3	
𥵃	0	𥵃	3	
𥵄	0	𥵄	0	𥵄
𥵅	1	䉥	1	䉥
𥵊	1	薈	3	
𥵐	1	簝	1	簝
𥵑	1	𥵨	3	
𥵓	3	𥸃&毇	1	毇
𥵛	0	𥵛	3	
𥵜	0	𥵜	0	𥵜
𥵝	2	笭&𥵝	0	𥵝
𥵞	2	籤&𥵞	2	籤&𥵞
𥵟	0	𥵟	0	𥵟
𥵠	0	𥵠	0	𥵠
𥵡	1	篝	1	篝
𥵢	2	箌&𥵢	2	箌&𥵢
𥵣	0	𥵣	0	𥵣
𥵤	3	罩&箌	1	罩
𥵥	1	𥲈	1	𥲈
𥵦	0	𥵦	0	𥵦
𥵧	0	𥵧	0	𥵧
𥵨	2	𥵨&䉲	1	䉲
𥵩	1	箙	1	箙
𥵪	0	𥵪	0	𥵪
𥵫	0	𥵫	0	𥵫
𥵬	0	𥵬	0	𥵬
𥵭	1	築	1	築
𥵮	1	𥮘	1	𥮘
𥵯	0	𥵯	0	𥵯
𥵰	1	𥴩	1	𥴩
𥵱	3	掬&𢱬	3	掬&𢱬
𥵲	2	𥶖&𥵲&𥷙	2	𥵲&𥷙
𥵳	1	箑	1	箑
𥵴	1	簢	1	簢
𥵵	3	纂&羃	1	羃
𥵶	2	𥵶&腆	1	腆
𥵸	3	𥵨&䉲	1	䉲
𥵹	1	𥲚	1	𥲚
𥵼	1	簭	3	
𥵽	1	籌	1	籌
𥶆	0	𥶆	0	𥶆
𥶇	0	𥶇	0	𥶇
𥶈	0	𥶈	0	𥶈
𥶉	1	饌	3	
𥶊	3	𥲻&篹	1	篹
𥶋	2	籓&𥶋	1	籓
𥶌	0	𥶌	0	𥶌
𥶍	0	𥶍	0	𥶍
𥶎	2	𥶎&葅	1	葅
𥶏	0	𥶏	0	𥶏
𥶐	0	𥶐	0	𥶐
𥶑	0	𥶑	0	𥶑
𥶒	0	𥶒	0	𥶒
𥶓	2	𥰘&𥶓	0	𥶓
𥶔	0	𥶔	0	𥶔
𥶕	0	𥶕	0	𥶕
𥶖	2	𥶖&𥷙	1	𥷙
𥶗	0	𥶗	0	𥶗
𥶘	2	䉣&𥶘	0	𥶘
𥶙	3	彗&篲	1	彗
𥶚	2	𥵶&腆&𥶚	2	腆&𥶚
𥶛	0	𥶛	0	𥶛
𥶜	0	𥶜	0	𥶜
𥶝	1	𥷃	3	
𥶞	1	孂	1	孂
𥶟	3	篸&𥳋	1	篸
𥶠	1	槮	3	
𥶢	1	䉭	1	䉭
𥶪	1	簎	1	簎
𥶫	1	䉋	1	䉋
𥶬	1	熭	3	
𥶭	1	簳	3	
𥶴	1	𥳔	1	𥳔
𥶵	1	毇	1	毇
𥶶	2	麴&𥶶	0	𥶶
𥶷	0	𥶷	0	𥶷
𥶸	2	甎&磚&𥶸	2	磚&𥶸
𥶹	0	𥶹	0	𥶹
𥶺	0	𥶺	0	𥶺
𥶻	0	𥶻	0	𥶻
𥶼	1	䉌	1	䉌
𥶽	0	𥶽	0	𥶽
𥶾	1	𥷗	1	𥷗
𥶿	0	𥶿	0	𥶿
𥷀	0	𥷀	0	𥷀
𥷁	0	𥷁	0	𥷁
𥷂	2	𥷂&筮	1	筮
𥷃	2	𥷃&槳	1	槳
𥷄	0	𥷄	0	𥷄
𥷅	0	𥷅	0	𥷅
𥷆	0	𥷆	0	𥷆
𥷇	0	𥷇	0	𥷇
𥷈	0	𥷈	0	𥷈
𥷉	1	篽	1	篽
𥷋	1	蘄	1	蘄
𥷐	1	籜	3	
𥷑	1	觱	1	觱
𥷔	2	籅&𥷔	2	籅&𥷔
𥷕	0	𥷕	0	𥷕
𥷖	1	𥳞	1	𥳞
𥷗	0	𥷗	0	𥷗
𥷘	2	籜&𥷘	2	籜&𥷘
𥷙	0	𥷙	0	𥷙
𥷚	2	𥷚&鞫	1	鞫
𥷛	1	𥷼	1	𥷼
𥷜	0	𥷜	0	𥷜
𥷝	2	𥷝&𥴫	1	𥴫
𥷞	0	𥷞	0	𥷞
𥷟	3	𥶎&菹	1	菹
𥷠	1	𥰠	1	𥰠
𥷢	1	䉧	1	䉧
𥷣	3	𥷂&筮	1	筮
𥷤	3	𥷚&鞫	1	鞫
𥷥	1	鞠	3	
𥷦	1	簟	3	
𥷨	0	𥷨	0	𥷨
𥷩	2	𥷩&蓵	1	蓵
𥷪	1	籤	1	籤
𥷫	0	𥷫	0	𥷫
𥷬	0	𥷬	0	𥷬
𥷭	1	䉈	1	䉈
𥷮	2	篧&罺&𥷮	2	篧&罺&𥷮
𥷯	1	觀	1	觀
𥷰	1	𥮒	1	𥮒
𥷱	0	𥷱	0	𥷱
𥷲	1	篽	1	篽
𥷴	1	鞫	1	鞫
𥷶	1	籯	3	
𥷸	1	籍	1	籍
𥷼	0	𥷼	0	𥷼
𥷽	3	𥷝&𥴫	1	𥴫
𥷾	1	𧄾	1	𧄾
𥷿	1	𤳯	1	𤳯
𥸀	3	𥵨&䉲	1	䉲
𥸂	1	䉷	3	
𥸃	2	𥸃&毇	1	毇
𥸅	1	籩	1	籩
𥸇	1	䉷	1	䉷
𥸈	2	欓&𥸈	2	欓&𥸈
𥸉	0	𥸉	0	𥸉
𥸊	0	𥸊	0	𥸊
𥸋	3	𥸃&毇	1	毇
𥸐	1	簬	1	簬
𥸑	1	觀	1	觀
𥸕	1	蔂	3	
𥸖	1	簟	1	簟
𥸗	0	𥸗	0	𥸗
𥸘	0	𥸘	0	𥸘
𥸜	1	𥸡	1	𥸡
𥸡	0	𥸡	0	𥸡
𥸢	2	簪&篸&𥸢	2	簪&篸&𥸢
𥸣	0	𥸣	0	𥸣
𥸤	1	籲	1	籲
𥸥	2	𥸨&𥸥	0	𥸥
𥸦	1	舉	3	
𥸧	0	𥸧	0	𥸧
𥸨	2	𥸨&番&蹯	3	番&蹯
𥸫	1	粟	1	粟
𥸬	0	𥸬	0	𥸬
𥸭	1	掬	1	掬
𥸯	1	䊪	3	
𥸳	1	䉻	1	䉻
𥸴	0	𥸴	0	𥸴
𥸵	1	飩	1	飩
𥸶	2	掬&𥸶	2	掬&𥸶
𥸷	1	粢	1	粢
𥸸	2	奊&𥸸	1	奊
𥸽	3	籺&麧	1	籺
𥸾	1	料	1	料
𥹁	2	𥹁&𥽿	0	𥹁
𥹂	0	𥹂	0	𥹂
𥹃	1	稃	1	稃
𥹅	2	𥹅&𥽘	2	𥹅&𥽘
𥹆	0	𥹆	0	𥹆
𥹇	0	𥹇	0	𥹇
𥹈	2	𥹈&䴱	1	䴱
𥹉	0	𥹉	0	𥹉
𥹊	0	𥹊	0	𥹊
𥹋	1	飴	3	
𥹌	0	𥹌	0	𥹌
𥹍	0	𥹍	0	𥹍
𥹎	1	粄	1	粄
𥹏	1	粲	1	粲
𥹐	3	冞&䍘	3	冞&䍘
𥹕	1	𥾂	1	𥾂
𥹗	1	黐	3	
𥹘	1	餅	3	
𥹚	0	𥹚	0	𥹚
𥹛	1	粲	3	
𥹜	0	𥹜	0	𥹜
𥹝	1	餉	1	餉
𥹞	1	䄿	1	䄿
𥹟	1	粟	1	粟
𥹠	2	糝&𥹠	2	糝&𥹠
𥹡	1	籹	1	籹
𥹢	1	聞	1	聞
𥹣	1	粣	3	
𥹤	1	粣	1	粣
𥹥	1	糖	3	
𥹪	0	𥹪	3	
𥹫	1	䋛	3	
𥹭	1	粱	1	粱
𥹲	0	𥹲	0	𥹲
𥹳	2	𥹳&䊎	2	𥹳&䊎
𥹴	1	餔	1	餔
𥹵	0	𥹵	0	𥹵
𥹶	0	𥹶	0	𥹶
𥹷	0	𥹷	0	𥹷
𥹸	2	䊃&𥹸	2	䊃&𥹸
𥹹	3	䊊&䬿	1	䬿
𥹺	3	康&糠	1	康
𥹻	0	𥹻	0	𥹻
𥹼	2	糈&𥹼	1	糈
𥹽	2	糊&𥹽	2	糊&𥹽
𥹾	2	𥹪&𥹾	0	𥹾
𥹿	1	閏	1	閏
𥺁	1	妝	3	
𥺃	1	䊝	3	
𥺅	1	䊭	3	
𥺈	1	狾	1	狾
𥺊	1	𮇕	3	
𥺋	1	糶	1	糶
𥺌	1	稌	3	
𥺘	2	𥺘&粊	1	粊
𥺙	0	𥺙	0	𥺙
𥺚	1	淅	1	淅
𥺛	1	粺	1	粺
𥺜	0	𥺜	0	𥺜
𥺝	0	𥺝	0	𥺝
𥺞	1	粥	1	粥
𥺟	1	粊	1	粊
𥺡	2	粚&黐&𥺡	2	黐&𥺡
𥺢	1	糒	1	糒
𥺣	0	𥺣	0	𥺣
𥺤	2	粲&𥺤	2	粲&𥺤
𥺥	1	𥻩	3	
𥺮	1	𥼪	3	
𥺳	1	糈	1	糈
𥺶	3	𡱁&屎	1	屎
𥺸	1	糈	1	糈
𥺼	0	𥺼	3	
𥻀	1	糌	3	
𥻁	3	䊜&糰	1	糰
𥻂	1	糷	1	糷
𥻃	1	糲	1	糲
𥻄	0	𥻄	0	𥻄
𥻅	1	𤐧	1	𤐧
𥻆	1	粟	1	粟
𥻇	0	𥻇	0	𥻇
𥻈	2	𥻈&䭎	0	𥻈
𥻉	0	𥻉	0	𥻉
𥻊	2	隸&𥻊	1	隸
𥻋	0	𥻋	0	𥻋
𥻌	2	揧&𥻌	1	揧
𥻍	0	𥻍	0	𥻍
𥻎	1	糞	1	糞
𥻏	1	粞	1	粞
𥻐	2	屎&粳&𥻐	1	屎
𥻑	2	糲&耦&𥻑	2	糲&耦&𥻑
𥻒	0	𥻒	0	𥻒
𥻓	2	粢&餈&𥻓	2	粢&𥻓
𥻔	1	糞	1	糞
𥻕	2	糝&𥻕	2	糝&𥻕
𥻖	2	䊎&𥻖	1	䊎
𥻘	1	粼	3	
𥻟	1	糯	1	糯
𥻤	0	𥻤	0	𥻤
𥻥	0	𥻥	0	𥻥
𥻦	0	𥻦	0	𥻦
𥻧	2	稴&𥻧	2	稴&𥻧
𥻨	0	𥻨	0	𥻨
𥻩	0	𥻩	0	𥻩
𥻪	1	𥹻	1	𥹻
𥻫	3	番&蹯	3	番&蹯
𥻬	0	𥻬	0	𥻬
𥻭	1	䅭	1	䅭
𥻮	0	𥻮	0	𥻮
𥻯	2	糈&𥻯	1	糈
𥻰	2	糞&𥻰	1	糞
𥻳	1	隸	1	隸
𥻵	1	餈	1	餈
𥻿	0	𥻿	0	𥻿
𥼀	0	𥼀	0	𥼀
𥼁	1	𥡢	1	𥡢
𥼂	0	𥼂	0	𥼂
𥼃	0	𥼃	0	𥼃
𥼄	2	𥼄&粰	1	粰
𥼅	0	𥼅	0	𥼅
𥼆	1	𥻦	1	𥻦
𥼇	1	糞	1	糞
𥼈	1	糞	1	糞
𥼉	1	糒	1	糒
𥼓	1	糒	1	糒
𥼔	1	淅	3	
𥼘	0	𥼘	0	𥼘
𥼙	1	粶	1	粶
𥼚	2	穛&𥼚	2	穛&𥼚
𥼛	0	𥼛	0	𥼛
𥼜	0	𥼜	0	𥼜
𥼝	1	黐	1	黐
𥼞	0	𥼞	0	𥼞
𥼟	0	𥼟	0	𥼟
𥼠	3	𥺘&粊	1	粊
𥼡	2	粗&𥼡	1	粗
𥼢	1	𥹻	1	𥹻
𥼤	0	𥼤	0	𥼤
𥼥	1	糯	1	糯
𥼪	0	𥼪	3	
𥼯	1	糕	3	
𥼶	2	釋&𥼶	0	𥼶
𥼷	1	饘	1	饘
𥼸	1	𥾂	1	𥾂
𥼹	3	毇&𥽂	1	毇
𥼺	2	䊫&𥼺	2	䊫&𥼺
𥼻	2	資&𥼻	0	𥼻
𥼼	0	𥼼	0	𥼼
𥼽	1	糖	1	糖
𥼾	1	糝	1	糝
𥼿	1	糮	1	糮
𥽀	1	糶	1	糶
𥽁	2	𣤹&𥽁	2	𣤹&𥽁
𥽂	2	毇&𥽂	0	𥽂
𥽃	1	糗	1	糗
𥽅	0	𥽅	0	𥽅
𥽇	1	𧆐	1	𧆐
𥽈	1	麷	3	
𥽉	1	𥼶	1	𥼶
𥽊	1	䊎	1	䊎
𥽏	1	糮	1	糮
𥽐	0	𥽐	0	𥽐
𥽑	3	𥺘&粊	1	粊
𥽒	1	𡊅	3	
𥽗	0	𥽗	0	𥽗
𥽘	2	粖&𥽘&䴲	2	粖&𥽘&䴲
𥽙	2	糗&𥽙	1	糗
𥽚	1	粺	1	粺
𥽛	1	𥾂	1	𥾂
𥽣	1	𥾂	1	𥾂
𥽥	0	𥽥	0	𥽥
𥽦	1	𥽿	1	𥽿
𥽧	2	𥶶&𥽧	1	𥶶
𥽨	1	饃	3	
𥽬	0	𥽬	0	𥽬
𥽭	2	糷&𥽭	1	糷
𥽮	1	𥾂	1	𥾂
𥽰	0	𥽰	0	𥽰
𥽱	1	𥽽	1	𥽽
𥽲	1	䋛	1	䋛
𥽳	0	𥽳	0	𥽳
𥽴	2	粄&𥽴	1	粄
𥽶	2	覈&𥽶	1	覈
𥽷	1	糪	1	糪
𥽸	0	𥽸	0	𥽸
𥽹	2	糙&𥽹	1	糙
𥽺	1	饠	1	饠
𥽻	1	糖	1	糖
𥽼	1	糷	1	糷
𥽽	2	𥽽&䊲	1	䊲
𥽾	1	糟	1	糟
𥽿	0	𥽿	0	𥽿
𥾀	1	𩏢	1	𩏢
𥾁	1	䊤	1	䊤
𥾂	0	𥾂	0	𥾂
𥾄	1	粟	1	粟
𥾅	0	𥾅	0	𥾅
𥾆	1	糾	1	糾
𥾇	0	𥾇	0	𥾇
𥾉	1	約	3	
𥾊	0	𥾊	0	𥾊
𥾌	0	𥾌	0	𥾌
𥾍	1	衦	1	衦
𥾎	1	綦	1	綦
𥾏	2	弦&紀&𥾏	1	弦
𥾐	0	𥾐	0	𥾐
𥾑	1	純	1	純
𥾒	3	䊷&純&緇	3	純&緇
𥾓	0	𥾓	0	𥾓
𥾖	1	紃	1	紃
𥾙	1	䊺	1	䊺
𥾚	2	𥾚&紞&綆	3	紞&綆
𥾛	0	𥾛	0	𥾛
𥾜	1	總	1	總
𥾝	2	緬&𥾝	0	𥾝
𥾞	3	𥾺&縱	1	縱
𥾠	1	紉	1	紉
𥾡	3	絢&紃	3	絢&紃
𥾢	2	袡&𥾢	1	袡
𥾣	0	𥾣	0	𥾣
𥾤	1	䋂	1	䋂
𥾥	1	䋂	1	䋂
𥾦	3	綦&綥	1	綦
𥾧	1	紱	1	紱
𥾨	1	紇	1	紇
𥾩	2	䋀&𥾩	1	䋀
𥾪	3	於&烏	1	烏
𥾫	1	結	1	結
𥾬	2	紙&𥾬&𥿄	2	紙&𥾬&𥿄
𥾭	1	𥿯	1	𥿯
𥾮	0	𥾮	0	𥾮
𥾯	0	𥾯	0	𥾯
𥾰	1	紲	1	紲
𥾱	1	紮	1	紮
𥾲	1	盩	3	
𥾺	2	𥾺&縱	1	縱
𥾻	1	綦	1	綦
𥿁	1	紝	3	
𥿃	2	絮&𥿃	0	𥿃
𥿄	0	𥿄	0	𥿄
𥿅	3	䋀&𥾩	1	𥾩
𥿆	0	𥿆	0	𥿆
𥿇	2	疏&𥿇	2	疏&𥿇
𥿈	1	紱	1	紱
𥿉	2	𥿉&襪&袜	3	襪&袜
𥿊	0	𥿊	0	𥿊
𥿋	3	弁&繁	3	弁&繁
𥿌	1	袎	1	袎
𥿍	0	𥿍	0	𥿍
𥿎	2	𥿎&綩	2	𥿎&綩
𥿏	1	紼	1	紼
𥿐	1	綯	1	綯
𥿑	1	綸	1	綸
𥿒	3	𥾚&綆	1	綆
𥿓	1	紀	1	紀
𥿛	1	袡	3	
𥿜	1	紾	1	紾
𥿟	1	索	1	索
𥿡	1	旎	3	
𥿦	0	𥿦	0	𥿦
𥿧	0	𥿧	0	𥿧
𥿨	2	紹&𥿨	2	紹&𥿨
𥿩	2	絘&𥿩	2	絘&𥿩
𥿪	1	𥿼	1	𥿼
𥿫	2	縻&𥿫	2	縻&𥿫
𥿬	1	縌	1	縌
𥿭	1	綌	1	綌
𥿮	2	織&𥿮	2	織&𥿮
𥿯	0	𥿯	0	𥿯
𥿰	1	𦀉	1	𦀉
𥿱	1	𦀉	1	𦀉
𥿲	1	縐	1	縐
𥿳	1	細	1	細
𥿴	3	䰍&髹	1	髹
𥿵	0	𥿵	0	𥿵
𥿶	1	緬	1	緬
𥿷	1	縐	1	縐
𥿸	3	絳&絺	3	絳&絺
𥿹	0	𥿹	0	𥿹
𥿺	0	𥿺	0	𥿺
𥿼	0	𥿼	0	𥿼
𥿽	1	鞍	3	
𥿾	1	紵	1	紵
𦀇	1	經	1	經
𦀉	0	𦀉	0	𦀉
𦀎	0	𦀎	3	
𦀒	2	𦀒&冔	1	冔
𦀓	1	繒	1	繒
𦀔	0	𦀔	0	𦀔
𦀕	0	𦀕	0	𦀕
𦀖	0	𦀖	0	𦀖
𦀗	1	織	1	織
𦀘	2	紕&𦀘	0	𦀘
𦀙	1	總	1	總
𦀚	1	䋼	1	䋼
𦀛	2	紗&𦀛	1	紗
𦀜	0	𦀜	0	𦀜
𦀝	0	𦀝	0	𦀝
𦀞	1	絙	1	絙
𦀟	1	紗	1	紗
𦀠	3	統&旒	1	旒
𦀡	0	𦀡	0	𦀡
𦀢	1	縼	1	縼
𦀣	0	𦀣	0	𦀣
𦀤	1	䋰	1	䋰
𦀥	1	䋰	1	䋰
𦀦	1	紙	1	紙
𦀧	3	綤&紹	1	紹
𦀰	1	經	3	
𦀸	1	綄	3	
𦀽	1	結	3	
𦁀	1	綨	3	
𦁃	1	緇	1	緇
𦁄	2	縝&𦁄	2	縝&𦁄
𦁈	0	𦁈	0	𦁈
𦁉	2	接&綏&𦁉	2	接&綏&𦁉
𦁊	2	絓&罫&𦁊	2	罫&𦁊
𦁋	1	織	1	織
𦁌	1	紟	1	紟
𦁍	2	𦁍&䋼	2	𦁍&䋼
𦁎	2	筰&𦁎	2	筰&𦁎
𦁏	0	𦁏	0	𦁏
𦁐	0	𦁐	0	𦁐
𦁑	3	𦁉&䌜	1	𦁉
𦁒	1	網	1	網
𦁓	1	織	1	織
𦁔	1	䋬	1	䋬
𦁕	2	總&𦁕	2	總&𦁕
𦁖	0	𦁖	0	𦁖
𦁗	0	𦁗	0	𦁗
𦁘	1	素	1	素
𦁙	0	𦁙	0	𦁙
𦁚	1	繼	1	繼
𦁛	1	紲	1	紲
𦁜	0	𦁜	0	𦁜
𦁝	2	綔&𦁝	1	綔
𦁞	1	橤	1	橤
𦁡	3	屣&縰	1	縰
𦁢	1	長	3	
𦁤	0	𦁤	0	𦁤
𦁥	1	𧝉	1	𧝉
𦁫	1	緊	3	
𦁰	1	綥	1	綥
𦁱	1	續	3	
𦁴	1	紳	1	紳
𦁵	1	縚	3	
𦁸	1	紷	3	
𦂀	0	𦂀	0	𦂀
𦂁	1	繸	1	繸
𦂂	1	紵	1	紵
𦂃	1	綎	1	綎
𦂄	0	𦂄	0	𦂄
𦂅	2	枲&𦂅	0	𦂅
𦂆	0	𦂆	0	𦂆
𦂇	0	𦂇	0	𦂇
𦂈	2	緭&𦂈	2	緭&𦂈
𦂉	0	𦂉	0	𦂉
𦂊	0	𦂊	3	
𦂋	0	𦂋	0	𦂋
𦂌	1	䋽	1	䋽
𦂍	0	𦂍	0	𦂍
𦂎	1	縬	1	縬
𦂏	3	䋺&緧	1	緧
𦂐	1	緱	1	緱
𦂑	0	𦂑	0	𦂑
𦂒	0	𦂒	0	𦂒
𦂓	1	紼	1	紼
𦂔	1	絻	1	絻
𦂕	0	𦂕	0	𦂕
𦂖	0	𦂖	3	
𦂗	0	𦂗	0	𦂗
𦂘	2	𦂘&𦄽	1	𦄽
𦂙	1	縢	1	縢
𦂚	1	綃	1	綃
𦂛	1	絁	1	絁
𦂜	1	緈	1	緈
𦂝	1	緝	1	緝
𦂞	3	𦃟&系	1	系
𦂟	1	繴	1	繴
𦂠	2	綡&𦂠	2	綡&𦂠
𦂡	0	𦂡	0	𦂡
𦂢	2	𦂖&𦂢	0	𦂢
𦂯	1	纔	3	
𦂱	1	颯	3	
𦂲	1	𧝉	3	
𦂳	1	緊	3	
𦂴	1	綱	1	綱
𦂵	1	縱	1	縱
𦂶	1	綺	1	綺
𦂷	1	線	1	線
𦂺	3	音&諳	1	音
𦂿	1	綍	3	
𦃁	1	綌	1	綌
𦃂	1	緊	3	
𦃃	1	素	1	素
𦃄	2	匪&𦃄	0	𦃄
𦃅	1	絡	1	絡
𦃆	1	絡	1	絡
𦃇	0	𦃇	0	𦃇
𦃈	1	緧	1	緧
𦃉	1	緈	1	緈
𦃊	0	𦃊	0	𦃊
𦃋	0	𦃋	0	𦃋
𦃌	1	綅	1	綅
𦃍	3	䋣&繁	1	繁
𦃎	1	織	1	織
𦃏	1	𢄌	1	𢄌
𦃐	1	繅	1	繅
𦃑	1	𥿼	1	𥿼
𦃒	0	𦃒	0	𦃒
𦃓	0	𦃓	0	𦃓
𦃔	0	𦃔	0	𦃔
𦃕	0	𦃕	0	𦃕
𦃖	0	𦃖	0	𦃖
𦃗	0	𦃗	0	𦃗
𦃘	0	𦃘	0	𦃘
𦃙	2	襮&𦃙	2	襮&𦃙
𦃚	1	素	3	
𦃛	1	綌	1	綌
𦃜	1	絢	1	絢
𦃝	1	䙎	1	䙎
𦃞	1	緦	1	緦
𦃟	2	𦃟&系	1	系
𦃠	1	緇	1	緇
𦃢	0	𦃢	0	𦃢
𦃣	1	繑	1	繑
𦃤	1	䋷	1	䋷
𦃥	1	綯	1	綯
𦃦	2	索&𦃦	0	𦃦
𦃧	1	碧	1	碧
𦃨	1	繅	1	繅
𦃩	0	𦃩	3	
𦃪	1	韝	3	
𦃰	1	繩	1	繩
𦃱	1	緈	1	緈
𦃺	1	緱	3	
𦃻	3	繩&繉	1	繉
𦃽	1	䩺	3	
𦄉	1	縬	1	縬
𦄊	1	綮	1	綮
𦄋	0	𦄋	0	𦄋
𦄌	0	𦄌	0	𦄌
𦄍	0	𦄍	0	𦄍
𦄎	1	繓	1	繓
𦄏	0	𦄏	0	𦄏
𦄐	3	縻&稛	3	縻&稛
𦄑	2	繐&𦄑	2	繐&𦄑
𦄒	1	緶	1	緶
𦄓	0	𦄓	0	𦄓
𦄔	0	𦄔	0	𦄔
𦄕	1	𦀘	1	𦀘
𦄖	1	終	1	終
𦄗	3	績&繚	1	繚
𦄘	3	緣&紖	1	紖
𦄙	2	縒&𦄙	1	縒
𦄚	1	縱	1	縱
𦄛	3	緇&𦃓	1	緇
𦄜	0	𦄜	0	𦄜
𦄡	1	縵	3	
𦄢	1	傭	3	
𦄧	0	𦄧	3	
𦄰	1	爴	3	
𦄱	1	緶	1	緶
𦄲	1	縮	1	縮
𦄼	2	𦄼&䋶	1	䋶
𦄽	0	𦄽	0	𦄽
𦄾	3	纀&襆	1	纀
𦄿	1	纆	1	纆
𦅀	0	𦅀	0	𦅀
𦅁	1	䋾	1	䋾
𦅂	1	䌥	1	䌥
𦅃	0	𦅃	0	𦅃
𦅄	0	𦅄	0	𦅄
𦅅	1	緟	1	緟
𦅆	0	𦅆	0	𦅆
𦅇	0	𦅇	0	𦅇
𦅈	0	𦅈	0	𦅈
𦅉	1	䌵	1	䌵
𦅊	1	𦁎	1	𦁎
𦅋	0	𦅋	0	𦅋
𦅌	1	縢	1	縢
𦅍	1	縲	1	縲
𦅎	1	繻	1	繻
𦅏	1	繻	1	繻
𦅐	1	顈	1	顈
𦅑	1	䋸	1	䋸
𦅒	1	繅	1	繅
𦅓	3	𦄼&䋶	1	䋶
𦅔	2	纆&𦅔	2	纆&𦅔
𦅕	3	繛&綽	1	綽
𦅖	1	綌	3	
𦅗	1	𦆀	3	
𦅘	1	繝	3	
𦅢	1	𦇎	3	
𦅣	1	緻	3	
𦅦	1	僣	3	
𦅧	2	𦅧&𧝉	0	𦅧
𦅨	3	𦄼&䋶	1	䋶
𦅩	1	繪	3	
𦅪	1	素	1	素
𦅫	1	紷	3	
𦅬	1	縶	1	縶
𦅰	1	繟	3	
𦅳	1	繁	1	繁
𦅵	2	繐&𦅵	2	繐&𦅵
𦅶	2	𦅶&𦆻	2	𦅶&𦆻
𦅷	2	𦅷&紵	1	紵
𦅸	0	𦅸	0	𦅸
𦅹	3	䌛&繇	1	繇
𦅺	2	綟&𦅺	2	綟&𦅺
𦅻	2	𦅻&緩	1	緩
𦅼	2	繟&𦅼	2	繟&𦅼
𦅽	1	𢍣	1	𢍣
𦅾	1	繳	1	繳
𦅿	0	𦅿	0	𦅿
𦆀	0	𦆀	0	𦆀
𦆁	0	𦆁	0	𦆁
𦆂	1	䌵	1	䌵
𦆃	3	䌠&𣤭	1	𣤭
𦆄	0	𦆄	0	𦆄
𦆅	1	縵	1	縵
𦆆	0	𦆆	0	𦆆
𦆇	1	繕	3	
𦆈	3	纂&纗	3	纂&纗
𦆉	1	韉	1	韉
𦆊	1	韁	1	韁
𦆋	0	𦆋	0	𦆋
𦆌	1	𦄍	1	𦄍
𦆍	1	緁	1	緁
𦆎	1	繹	1	繹
𦆏	1	繕	1	繕
𦆐	1	繭	3	
𦆕	1	轡	1	轡
𦆖	1	繚	1	繚
𦆗	1	䋤	1	䋤
𦆛	1	緵	1	緵
𦆜	1	縐	1	縐
𦆝	1	縹	1	縹
𦆞	0	𦆞	0	𦆞
𦆟	0	𦆟	0	𦆟
𦆠	1	繢	1	繢
𦆡	1	𦇧	1	𦇧
𦆢	1	𦇧	1	𦇧
𦆣	1	𦃘	1	𦃘
𦆤	1	䌤	1	䌤
𦆥	1	䌏	1	䌏
𦆦	0	𦆦	0	𦆦
𦆧	1	縒	1	縒
𦆩	1	彝	1	彝
𦆪	3	裹&綶	1	裹
𦆫	1	綁	1	綁
𦆬	1	縱	1	縱
𦆯	1	繽	1	繽
𦆰	1	䋢	1	䋢
𦆲	0	𦆲	3	
𦆳	1	纔	3	
𦆵	1	纔	1	纔
𦆶	1	繕	1	繕
𦆻	0	𦆻	0	𦆻
𦆼	1	綄	1	綄
𦆽	1	繂	1	繂
𦆾	2	繂&𦆾	0	𦆾
𦆿	1	襮	1	襮
𦇀	1	𦄑	1	𦄑
𦇁	1	紨	1	紨
𦇂	1	繭	1	繭
𦇃	3	𦅷&紵	1	紵
𦇄	3	儡&纍	3	儡&纍
𦇅	1	繢	1	繢
𦇆	1	縷	1	縷
𦇈	1	縒	1	縒
𦇍	1	縠	3	
𦇎	0	𦇎	0	𦇎
𦇏	1	繯	1	繯
𦇐	1	縹	3	
𦇑	2	摩&𦇑	2	摩&𦇑
𦇓	1	繼	1	繼
𦇔	0	𦇔	0	𦇔
𦇕	3	傘&繖	1	繖
𦇖	0	𦇖	0	𦇖
𦇗	0	𦇗	0	𦇗
𦇘	0	𦇘	0	𦇘
𦇙	0	𦇙	0	𦇙
𦇚	2	𦇚&彝	1	彝
𦇛	0	𦇛	0	𦇛
𦇜	1	繃	1	繃
𦇝	1	縈	3	
𦇞	1	繢	3	
𦇢	1	縉	1	縉
𦇣	1	繢	1	繢
𦇥	1	變	1	變
𦇧	0	𦇧	0	𦇧
𦇨	1	纛	1	纛
𦇩	1	韉	1	韉
𦇪	3	𥾝&䌩	3	𥾝&䌩
𦇫	3	綫&線	1	線
𦇬	1	纅	1	纅
𦇰	1	縬	1	縬
𦇱	0	𦇱	0	𦇱
𦇲	1	絁	1	絁
𦇳	1	縹	1	縹
𦇶	1	繾	1	繾
𦇷	1	轡	1	轡
𦇸	0	𦇸	0	𦇸
𦇹	1	繘	1	繘
𦇺	0	𦇺	0	𦇺
𦇻	3	𦅻&緩	1	緩
𦇼	3	䌳&絁	1	絁
𦇽	1	䌴	1	䌴
𦇾	1	䌪	1	䌪
𦈀	3	繛&綽	1	綽
𦈁	1	𦆾	1	𦆾
𦈃	1	儾	1	儾
𦈅	0	𦈅	0	𦈅
𦈇	1	繘	1	繘
𦈈	1	𥿊	3	
𦈉	1	緷	3	
𦈋	1	綇	3	
𦈌	1	綀	3	
𦈎	1	繟	3	
𦈏	1	緡	3	
𦈐	1	縺	3	
𦈑	1	緸	3	
𦈒	1	𦂅	3	
𦈓	1	䋿	3	
𦈔	1	縎	3	
𦈕	1	緰	3	
𦈖	1	䌈	3	
𦈗	1	𦃄	3	
𦈘	1	䌋	3	
𦈙	1	䌰	3	
𦈚	1	縬	3	
𦈛	1	繓	3	
𦈜	1	䌖	3	
𦈝	1	𦇗	3	
𦈞	1	䌟	3	
𦈟	1	䌝	3	
𦈠	1	䌥	3	
𦈡	1	繻	3	
𦈢	1	缶	1	缶
𦈣	0	𦈣	0	𦈣
𦈦	0	𦈦	0	𦈦
𦈧	1	桮	1	桮
𦈨	2	鈃&𦈨	1	鈃
𦈩	2	㼦&𦈩	2	㼦&𦈩
𦈪	1	缻	3	
𦈫	1	缺	1	缺
𦈬	0	𦈬	0	𦈬
𦈭	1	越	1	越
𦈮	1	䍇	1	䍇
𦈯	1	器	1	器
𦈰	0	𦈰	0	𦈰
𦈱	1	瓷	1	瓷
𦈲	0	𦈲	0	𦈲
𦈴	1	䍍	1	䍍
𦈵	1	鈃	1	鈃
𦈶	1	桮	1	桮
𦈸	0	𦈸	0	𦈸
𦈹	1	瓽	1	瓽
𦈺	0	𦈺	0	𦈺
𦈻	1	琖	1	琖
𦈼	3	䍋&甀	1	甀
𦉁	1	㼵	1	㼵
𦉂	2	鍾&𦉂	1	鍾
𦉃	1	碟	3	
𦉆	1	碴	1	碴
𦉇	2	𦉇&缾	1	缾
𦉈	2	䍋&甀&𦉈	2	甀&𦉈
𦉉	0	𦉉	0	𦉉
𦉊	1	罇	3	
𦉍	1	罌	3	
𦉎	0	𦉎	0	𦉎
𦉏	1	罅	1	罅
𦉐	0	𦉐	0	𦉐
𦉑	1	罅	3	
𦉒	1	甌	3	
𦉕	1	𤮜	1	𤮜
𦉖	3	䍋&甀	1	甀
𦉙	1	䍎	1	䍎
𦉚	2	𦉚&鬱	1	鬱
𦉜	1	甔	3	
𦉝	0	𦉝	0	𦉝
𦉞	2	㽉&𦉞	2	㽉&𦉞
𦉟	0	𦉟	0	𦉟
𦉠	3	𦉚&鬱	1	鬱
𦉡	1	罈	1	罈
𦉢	0	𦉢	0	𦉢
𦉣	1	𦉢	1	𦉢
𦉥	3	甕&罋	1	甕
𦉦	1	罌	1	罌
𦉧	0	𦉧	0	𦉧
𦉩	1	罍	1	罍
𦉪	3	甘&罔&网	3	甘&罔&网
𦉫	1	网	1	网
𦉬	0	𦉬	0	𦉬
𦉭	1	四	1	四
𦉮	1	网	1	网
𦉯	1	网	1	网
𦉰	1	網	3	
𦉱	1	罷	3	
𦉳	3	網&网	1	网
𦉴	3	罕&言	1	罕
𦉷	3	𦌷&罜	1	罜
𦉸	2	𦉸&罔&网	3	罔&网
𦉹	0	𦉹	0	𦉹
𦉻	1	罕	1	罕
𦉼	1	軍	1	軍
𦉿	1	粤	1	粤
𦊀	1	𦉸	3	
𦊁	1	笓	1	笓
𦊂	0	𦊂	0	𦊂
𦊃	0	𦊃	0	𦊃
𦊅	1	突	3	
𦊆	1	罡	3	
𦊈	2	肎&肯&𦊈	2	肯&𦊈
𦊋	0	𦊋	0	𦊋
𦊍	1	𦊂	1	𦊂
𦊎	1	𦋡	1	𦋡
𦊏	1	𦋡	1	𦋡
𦊐	0	𦊐	0	𦊐
𦊑	1	罶	1	罶
𦊒	1	笱	1	笱
𦊓	0	𦊓	0	𦊓
𦊔	0	𦊔	0	𦊔
𦊕	1	罝	1	罝
𦊖	1	罟	1	罟
𦊗	1	罶	1	罶
𦊘	1	𦊜	1	𦊜
𦊙	1	罟	3	
𦊜	0	𦊜	0	𦊜
𦊝	1	罜	1	罜
𦊞	1	罠	1	罠
𦊟	1	罟	1	罟
𦊠	3	䍖&罦	1	罦
𦊡	1	罛	1	罛
𦊣	1	黽	1	黽
𦊤	1	岡	1	岡
𦊥	1	罝	3	
𦊧	0	𦊧	0	𦊧
𦊨	1	罝	1	罝
𦊩	1	罝	1	罝
𦊪	1	𦊴	1	𦊴
𦊫	1	䍔	1	䍔
𦊭	3	罨&𦊴	1	𦊴
𦊮	1	䍘	3	
𦊯	1	冔	1	冔
𦊰	1	罥	3	
𦊱	1	罣	3	
𦊲	0	𦊲	3	
𦊳	0	𦊳	0	𦊳
𦊴	0	𦊴	0	𦊴
𦊶	1	罛	1	罛
𦊸	1	罨	3	
𦊹	1	𦊲	3	
𦊼	0	𦊼	0	𦊼
𦊽	0	𦊽	0	𦊽
𦊾	2	罘&𦊾	0	𦊾
𦊿	2	罶&𦊿	2	罶&𦊿
𦋀	1	罥	3	
𦋄	1	罦	1	罦
𦋅	0	𦋅	0	𦋅
𦋆	1	罛	1	罛
𦋇	1	罩	1	罩
𦋈	0	𦋈	0	𦋈
𦋉	0	𦋉	0	𦋉
𦋊	1	箕	1	箕
𦋋	1	罽	1	罽
𦋌	1	兜	1	兜
𦋍	1	黽	1	黽
𦋎	1	黑	3	
𦋏	1	籙	3	
𦋐	1	罩	3	
𦋑	1	𦊾	1	𦊾
𦋓	1	㒽	3	
𦋖	1	罬	1	罬
𦋗	1	罧	1	罧
𦋘	1	置	1	置
𦋙	2	𦋙&罨	1	罨
𦋚	1	罩	1	罩
𦋛	1	罪	1	罪
𦋜	1	䍜	1	䍜
𦋝	1	羅	1	羅
𦋞	0	𦋞	0	𦋞
𦋟	1	網	1	網
𦋠	1	𦌔	1	𦌔
𦋡	0	𦋡	0	𦋡
𦋢	1	𠕦	1	𠕦
𦋣	0	𦋣	0	𦋣
𦋤	1	㒾	1	㒾
𦋥	0	𦋥	3	
𦋧	1	署	1	署
𦋩	1	𦋥	3	
𦋫	1	罯	1	罯
𦋬	1	罰	1	罰
𦋭	1	𦌔	1	𦌔
𦋮	1	罳	1	罳
𦋯	0	𦋯	0	𦋯
𦋰	0	𦋰	0	𦋰
𦋱	1	羈	1	羈
𦋲	1	置	1	置
𦋳	0	𦋳	0	𦋳
𦋴	2	罽&𦋴	2	罽&𦋴
𦋵	1	罦	1	罦
𦋹	1	瞐	1	瞐
𦋺	1	罽	1	罽
𦋻	1	罵	1	罵
𦋼	1	罷	1	罷
𦋽	3	置&罝	1	罝
𦋾	3	罝&罳	1	罝
𦋿	0	𦋿	0	𦋿
𦌀	2	罧&𦌀	2	罧&𦌀
𦌁	2	𦌁&罶	1	罶
𦌂	1	罼	1	罼
𦌃	1	置	1	置
𦌄	1	罥	3	
𦌅	1	网	1	网
𦌆	0	𦌆	0	𦌆
𦌉	0	𦌉	0	𦌉
𦌊	0	𦌊	0	𦌊
𦌌	1	罨	3	
𦌍	1	罻	1	罻
𦌎	1	罼	1	罼
𦌏	1	䍡	1	䍡
𦌐	1	罹	1	罹
𦌑	3	𦌁&罶	1	罶
𦌒	0	𦌒	0	𦌒
𦌓	3	罽&𦇧	1	罽
𦌔	0	𦌔	0	𦌔
𦌕	0	𦌕	0	𦌕
𦌖	3	𦌤&置	1	置
𦌗	1	罽	1	罽
𦌘	1	罾	3	
𦌙	1	斁	3	
𦌛	1	罾	3	
𦌜	1	罿	1	罿
𦌝	1	罾	1	罾
𦌞	1	罽	1	罽
𦌟	1	䍡	1	䍡
𦌠	1	繴	1	繴
𦌡	0	𦌡	0	𦌡
𦌢	0	𦌢	0	𦌢
𦌣	1	黔	1	黔
𦌤	2	𦌤&置	1	置
𦌨	1	罻	1	罻
𦌩	0	𦌩	0	𦌩
𦌪	0	𦌪	0	𦌪
𦌫	1	𦊔	1	𦊔
𦌬	0	𦌬	0	𦌬
𦌭	2	𦌭&羈	1	羈
𦌮	1	𦌔	1	𦌔
𦌯	1	羈	3	
𦌱	3	𦌭&羈	1	羈
𦌲	1	羆	1	羆
𦌳	1	𦌬	1	𦌬
𦌴	1	羅	1	羅
𦌵	2	䍣&𦌵	0	𦌵
𦌶	2	羂&罥&𦌶	2	罥&𦌶
𦌷	2	𦌷&罜	1	罜
𦌸	0	𦌸	0	𦌸
𦌹	1	羈	3	
𦌺	0	𦌺	0	𦌺
𦌻	1	𦌔	1	𦌔
𦌼	1	籠	1	籠
𦌽	1	辯	3	
𦌾	0	𦌾	0	𦌾
𦌿	1	釃	1	釃
𦍁	0	𦍁	0	𦍁
𦍂	0	𦍂	0	𦍂
𦍃	1	𦌾	1	𦌾
𦍅	1	𦍂	1	𦍂
𦍆	1	𦌾	1	𦌾
𦍇	1	邊	1	邊
𦍈	3	𦌭&羈	1	羈
𦍊	1	羈	1	羈
𦍋	3	羊&羋	1	羋
𦍌	1	羊	1	羊
𦍍	1	𢆉	3	
𦍎	1	羌	1	羌
𦍏	0	𦍏	0	𦍏
𦍐	1	羍	1	羍
𦍑	1	羌	1	羌
𦍒	3	幸&羍	3	幸&羍
𦍓	1	𦍣	3	
𦍔	3	𦍥&䍫	1	䍫
𦍕	0	𦍕	0	𦍕
𦍗	1	䍱	1	䍱
𦍘	1	羱	1	羱
𦍚	1	羔	1	羔
𦍛	1	羕	1	羕
𦍜	1	䍨	1	䍨
𦍝	1	羝	1	羝
𦍞	1	羝	1	羝
𦍟	1	羞	1	羞
𦍠	1	䍽	3	
𦍣	0	𦍣	3	
𦍤	3	朔&翔	3	朔&翔
𦍥	2	𦍥&䍫	1	䍫
𦍦	0	𦍦	0	𦍦
𦍧	0	𦍧	0	𦍧
𦍨	1	羯	1	羯
𦍩	1	羖	1	羖
𦍪	0	𦍪	0	𦍪
𦍫	1	羝	3	
𦍬	1	辜	1	辜
𦍭	0	𦍭	0	𦍭
𦍱	1	羔	3	
𦍲	1	痒	1	痒
𦍳	1	孤	3	
𦍶	1	㕗	3	
𦍹	0	𦍹	0	𦍹
𦍺	0	𦍺	0	𦍺
𦍻	1	𦏆	1	𦏆
𦍼	1	羱	1	羱
𦍽	1	𦍹	1	𦍹
𦍾	2	羯&𦍾	0	𦍾
𦍿	1	羝	1	羝
𦎀	1	羺	1	羺
𦎃	1	執	1	執
𦎅	1	誘	1	誘
𦎆	1	牂	1	牂
𦎇	0	𦎇	0	𦎇
𦎈	1	獬	1	獬
𦎉	1	䍮	1	䍮
𦎊	0	𦎊	0	𦎊
𦎋	1	豸	1	豸
𦎌	1	𤚥	3	
𦎍	1	善	1	善
𦎔	1	羦	3	
𦎗	0	𦎗	0	𦎗
𦎘	3	緎&𪑝	1	緎
𦎙	1	誘	1	誘
𦎚	0	𦎚	0	𦎚
𦎝	1	睪	1	睪
𦎞	1	羶	1	羶
𦎟	1	羹	1	羹
𦎢	2	羝&𦎢	0	𦎢
𦎣	0	𦎣	0	𦎣
𦎤	1	鞣	1	鞣
𦎥	1	羥	1	羥
𦎦	0	𦎦	0	𦎦
𦎧	2	𦎧&準&𦎫	3	準&𦎫
𦎩	1	𦎱	1	𦎱
𦎫	2	燉&𦎫	0	𦎫
𦎬	1	腥	1	腥
𦎯	0	𦎯	0	𦎯
𦎰	0	𦎰	0	𦎰
𦎱	0	𦎱	0	𦎱
𦎴	1	羔	1	羔
𦎵	1	羶	3	
𦎷	0	𦎷	0	𦎷
𦎸	0	𦎸	0	𦎸
𦎹	0	𦎹	0	𦎹
𦎺	1	羥	1	羥
𦎻	3	𦏊&萈	1	萈
𦎼	1	𦎯	1	𦎯
𦏁	1	羲	1	羲
𦏂	1	羶	3	
𦏃	1	𦎦	1	𦎦
𦏅	0	𦏅	0	𦏅
𦏆	0	𦏆	0	𦏆
𦏇	2	湵&𦏇	0	𦏇
𦏈	1	䍽	1	䍽
𦏉	1	𦎣	1	𦎣
𦏊	2	𦏊&萈	1	萈
𦏋	1	䍼	1	䍼
𦏌	2	𦏌&羺	1	羺
𦏍	1	𦎣	1	𦎣
𦏑	2	𦏑&𧗇	0	𦏑
𦏕	0	𦏕	0	𦏕
𦏖	1	䍺	1	䍺
𦏗	0	𦏗	0	𦏗
𦏘	1	獬	1	獬
𦏙	1	𦎸	1	𦎸
𦏚	1	𦎣	1	𦎣
𦏛	1	臊	3	
𦏜	0	𦏜	0	𦏜
𦏝	3	嬴&羸	1	嬴
𦏞	1	羸	3	
𦏟	1	善	1	善
𦏠	1	羔	1	羔
𦏡	1	羲	1	羲
𦏢	0	𦏢	0	𦏢
𦏣	1	羬	1	羬
𦏦	1	羔	3	
𦏧	1	熟	1	熟
𦏨	0	𦏨	0	𦏨
𦏩	1	䍽	1	䍽
𦏪	3	麢&羚	1	羚
𦏫	3	羴&羶	1	羶
𦏬	1	羶	1	羶
𦏭	1	羶	1	羶
𦏯	1	善	1	善
𦏰	3	麢&羚	1	羚
𦏲	1	羽	1	羽
𦏴	3	𦏻&雩	1	雩
𦏵	1	翼	1	翼
𦏶	1	舞	1	舞
𦏷	0	𦏷	0	𦏷
𦏸	2	𦏸&𦐕	2	𦏸&𦐕
𦏹	0	𦏹	0	𦏹
𦏺	1	羾	1	羾
𦏻	2	𦏻&雩	1	雩
𦏼	1	羾	1	羾
𦐀	1	舞	1	舞
𦐂	2	翼&𦐂	2	翼&𦐂
𦐃	1	䎃	1	䎃
𦐄	0	𦐄	0	𦐄
𦐅	0	𦐅	0	𦐅
𦐆	0	𦐆	0	𦐆
𦐇	0	𦐇	0	𦐇
𦐈	1	翂	1	翂
𦐉	0	𦐉	0	𦐉
𦐊	1	翅	1	翅
𦐋	0	𦐋	0	𦐋
𦐌	1	翃	1	翃
𦐍	1	𦐋	1	𦐋
𦐎	1	䎃	1	䎃
𦐓	1	翇	1	翇
𦐕	0	𦐕	0	𦐕
𦐖	1	咫	1	咫
𦐗	1	翇	1	翇
𦐘	1	䎃	1	䎃
𦐙	1	䎂	1	䎂
𦐚	3	䎅&𦒟	1	𦒟
𦐛	1	翑	1	翑
𦐜	1	翠	1	翠
𦐝	1	翐	1	翐
𦐞	1	𦐕	1	𦐕
𦐢	1	翍	1	翍
𦐣	0	𦐣	0	𦐣
𦐤	0	𦐤	0	𦐤
𦐥	1	䎕	1	䎕
𦐦	1	䎊	1	䎊
𦐧	1	羿	1	羿
𦐨	2	𦐣&𦐨	2	𦐣&𦐨
𦐩	1	翿	1	翿
𦐪	3	䎈&𦐕	1	𦐕
𦐫	1	𦐕	3	
𦐬	1	翕	1	翕
𦐭	1	飛	1	飛
𦐯	1	友	1	友
𦐰	0	𦐰	0	𦐰
𦐱	1	戮	1	戮
𦐲	1	没	1	没
𦐳	1	䎕	1	䎕
𦐷	1	䎔	1	䎔
𦐸	0	𦐸	0	𦐸
𦐹	0	𦐹	0	𦐹
𦐺	2	翛&𦐺	2	翛&𦐺
𦐻	1	翛	1	翛
𦐼	1	𦐉	1	𦐉
𦐽	2	𦐽&翾	1	翾
𦐾	0	𦐾	0	𦐾
𦑀	0	𦑀	0	𦑀
𦑁	1	翪	3	
𦑇	0	𦑇	0	𦑇
𦑈	0	𦑈	0	𦑈
𦑉	3	𦐽&翾	1	翾
𦑊	2	旌&𦑊	1	旌
𦑋	0	𦑋	0	𦑋
𦑌	0	𦑌	0	𦑌
𦑍	2	𦑌&𦑍	2	𦑌&𦑍
𦑎	0	𦑎	0	𦑎
𦑏	0	𦑏	0	𦑏
𦑐	1	𦒎	1	𦒎
𦑑	0	𦑑	0	𦑑
𦑖	1	旌	3	
𦑘	0	𦑘	0	𦑘
𦑙	0	𦑙	0	𦑙
𦑚	1	翭	1	翭
𦑛	0	𦑛	0	𦑛
𦑜	0	𦑜	0	𦑜
𦑝	0	𦑝	0	𦑝
𦑞	0	𦑞	0	𦑞
𦑟	1	䎕	1	䎕
𦑠	0	𦑠	0	𦑠
𦑢	1	纛	1	纛
𦑣	0	𦑣	0	𦑣
𦑤	1	翭	1	翭
𦑥	1	翥	1	翥
𦑦	1	翦	1	翦
𦑧	3	翅&翨	1	翨
𦑨	1	翪	1	翪
𦑩	1	翬	1	翬
𦑪	1	𦑣	1	𦑣
𦑭	1	翮	3	
𦑮	1	翩	1	翩
𦑯	1	眨	3	
𦑰	1	翾	1	翾
𦑱	1	N00376	1	N00376
𦑲	0	𦑲	0	𦑲
𦑳	1	翦	1	翦
𦑴	1	螚	1	螚
𦑵	1	𦒟	1	𦒟
𦑶	2	𦑶&𦑲	1	𦑲
𦑷	1	䎔	3	
𦑸	0	𦑸	0	𦑸
𦑹	0	𦑹	0	𦑹
𦑺	0	𦑺	0	𦑺
𦑻	0	𦑻	0	𦑻
𦑼	0	𦑼	0	𦑼
𦑽	1	䎗	1	䎗
𦑾	0	𦑾	0	𦑾
𦒀	0	𦒀	3	
𦒂	1	𦒟	3	
𦒃	1	䎕	1	䎕
𦒄	1	𦒎	1	𦒎
𦒅	0	𦒅	0	𦒅
𦒆	1	翋	1	翋
𦒇	1	翿	1	翿
𦒈	2	翅&𦒈	0	𦒈
𦒉	1	熠	3	
𦒊	1	䎔	1	䎔
𦒋	1	翰	3	
𦒍	0	𦒍	0	𦒍
𦒎	0	𦒎	0	𦒎
𦒏	1	翮	1	翮
𦒐	0	𦒐	0	𦒐
𦒑	0	𦒑	0	𦒑
𦒒	1	翹	1	翹
𦒓	1	䎗	1	䎗
𦒔	1	𦒑	1	𦒑
𦒕	1	翦	1	翦
𦒖	1	翼	1	翼
𦒗	1	䎖	3	
𦒘	1	躚	3	
𦒛	3	纛&翿	1	翿
𦒜	0	𦒜	0	𦒜
𦒝	0	𦒝	0	𦒝
𦒞	1	翿	3	
𦒟	0	𦒟	0	𦒟
𦒡	1	翱	3	
𦒢	1	翱	1	翱
𦒣	1	濕	1	濕
𦒥	1	𩡓	1	𩡓
𦒦	0	𦒦	0	𦒦
𦒨	1	𡬘	1	𡬘
𦒩	1	𦒦	1	𦒦
𦒪	1	翷	1	翷
𦒫	1	纛	3	
𦒬	1	翾	1	翾
𦒭	1	翳	1	翳
𦒮	1	飛	1	飛
𦒯	1	翿	1	翿
𦒱	1	考	1	考
𦒲	1	𦒶	1	𦒶
𦒳	1	老	1	老
𦒴	1	老	3	
𦒶	0	𦒶	0	𦒶
𦒷	1	耄	1	耄
𦒸	1	𦒶	1	𦒶
𦒺	2	悼&𦒺	0	𦒺
𦒻	0	𦒻	0	𦒻
𦒾	1	𦒻	1	𦒻
𦒿	1	耆	1	耆
𦓀	1	耆	1	耆
𦓁	1	壽	1	壽
𦓂	1	壽	3	
𦓃	3	壽&悼&𦒺	3	壽&悼&𦒺
𦓄	1	耄	1	耄
𦓎	3	耐&耏	1	耐
𦓏	3	懦&䎠	1	䎠
𦓐	0	𦓐	0	𦓐
𦓒	1	胹	1	胹
𦓓	0	𦓓	0	𦓓
𦓔	2	需&𦓔	2	需&𦓔
𦓖	0	𦓖	0	𦓖
𦓗	1	黻	1	黻
𦓘	1	耏	1	耏
𦓙	1	𦓚	1	𦓚
𦓚	0	𦓚	0	𦓚
𦓛	1	𦓚	3	
𦓝	1	𦓚	1	𦓚
𦓞	1	黼	1	黼
𦓟	1	䵎	3	
𦓠	1	胹	1	胹
𦓣	1	䵎	3	
𦓤	0	𦓤	0	𦓤
𦓥	2	䣂&𦓥	2	䣂&𦓥
𦓧	1	朳	3	
𦓨	1	耜	1	耜
𦓪	1	䎢	1	䎢
𦓬	0	𦓬	0	𦓬
𦓮	1	耕	1	耕
𦓯	0	𦓯	0	𦓯
𦓰	0	𦓰	0	𦓰
𦓱	0	𦓱	0	𦓱
𦓲	1	如	3	
𦓴	0	𦓴	0	𦓴
𦓵	1	耜	1	耜
𦓷	1	耘	1	耘
𦓸	2	𥱼&稗&𦓸	2	稗&𦓸
𦓹	0	𦓹	0	𦓹
𦓺	0	𦓺	0	𦓺
𦓻	0	𦓻	0	𦓻
𦓼	0	𦓼	0	𦓼
𦓽	2	㮃&𦓽	1	㮃
𦓾	2	稇&稐&𦓾	2	稇&稐&𦓾
𦔁	1	䎤	1	䎤
𦔂	0	𦔂	0	𦔂
𦔃	0	𦔃	0	𦔃
𦔄	0	𦔄	0	𦔄
𦔅	0	𦔅	0	𦔅
𦔆	0	𦔆	0	𦔆
𦔉	1	種	1	種
𦔊	1	齲	1	齲
𦔋	0	𦔋	0	𦔋
𦔌	2	蒔&𦔌	0	𦔌
𦔍	0	𦔍	0	𦔍
𦔎	2	畟&𦔎	2	畟&𦔎
𦔏	1	耠	1	耠
𦔐	1	耘	1	耘
𦔑	1	䎧	1	䎧
𦔓	0	𦔓	0	𦔓
𦔔	0	𦔔	0	𦔔
𦔕	3	䎫&堫	1	堫
𦔖	0	𦔖	3	
𦔗	3	𦔩&穮	1	穮
𦔘	1	耨	1	耨
𦔛	0	𦔛	0	𦔛
𦔜	0	𦔜	0	𦔜
𦔝	1	䎮	1	䎮
𦔞	1	徹	1	徹
𦔟	1	𦔓	1	𦔓
𦔠	0	𦔠	0	𦔠
𦔡	1	耤	1	耤
𦔢	1	耤	1	耤
𦔣	0	𦔣	3	
𦔥	1	𦓻	1	𦓻
𦔦	0	𦔦	0	𦔦
𦔧	1	愚	3	
𦔨	1	𦔔	1	𦔔
𦔩	2	𦔩&穮	1	穮
𦔪	1	耬	1	耬
𦔫	0	𦔫	0	𦔫
𦔬	0	𦔬	0	𦔬
𦔭	0	𦔭	0	𦔭
𦔯	0	𦔯	0	𦔯
𦔰	0	𦔰	0	𦔰
𦔱	1	馗	1	馗
𦔳	1	助	3	
𦔴	1	聞	3	
𦔵	1	聞	1	聞
𦔶	1	耶	3	
𦔷	0	𦔷	0	𦔷
𦔸	0	𦔸	0	𦔸
𦔹	0	𦔹	0	𦔹
𦔺	1	恥	1	恥
𦔻	1	聖	1	聖
𦔼	0	𦔼	0	𦔼
𦔽	1	聽	1	聽
𦔾	2	𥄑&𦔾	1	𥄑
𦔿	1	瑱	1	瑱
𦕀	2	𦕀&䏅	0	𦕀
𦕁	1	聞	1	聞
𦕃	1	聃	3	
𦕄	1	盺	3	
𦕅	1	聊	1	聊
𦕇	3	𦕑&聄	1	聄
𦕈	1	眇	3	
𦕊	1	聘	1	聘
𦕋	1	𦖉	1	𦖉
𦕌	1	聞	1	聞
𦕍	1	耽	1	耽
𦕎	1	盼	3	
𦕏	0	𦕏	0	𦕏
𦕐	1	聃	1	聃
𦕑	2	𦕑&聄	1	聄
𦕒	0	𦕒	0	𦕒
𦕓	3	壻&婿	1	婿
𦕔	1	卯	1	卯
𦕕	2	貿&𦕕	0	𦕕
𦕖	1	恥	1	恥
𦕗	1	聄	1	聄
𦕘	1	聽	1	聽
𦕚	3	昲&胇	1	胇
𦕠	0	𦕠	0	𦕠
𦕡	1	聖	1	聖
𦕢	1	聽	1	聽
𦕥	0	𦕥	0	𦕥
𦕬	1	聊	3	
𦕱	1	聯	1	聯
𦕴	1	𦖋	3	
𦕵	1	聊	1	聊
𦕶	1	䎺	1	䎺
𦕷	0	𦕷	0	𦕷
𦕸	0	𦕸	0	𦕸
𦕹	1	耾	1	耾
𦕺	3	享&高	3	享&高
𦕻	1	聰	1	聰
𦕼	1	聊	1	聊
𦕽	0	𦕽	0	𦕽
𦕾	1	聒	1	聒
𦕿	1	耴	1	耴
𦖀	1	殍	1	殍
𦖁	1	睎	3	
𦖂	1	聊	1	聊
𦖃	1	睍	3	
𦖅	1	聎	1	聎
𦖆	1	𦗟	3	
𦖈	0	𦖈	0	𦖈
𦖉	0	𦖉	0	𦖉
𦖊	0	𦖊	0	𦖊
𦖋	0	𦖋	0	𦖋
𦖌	1	㥏	1	㥏
𦖍	0	𦖍	0	𦖍
𦖎	0	𦖎	0	𦖎
𦖏	1	聚	3	
𦖐	0	𦖐	0	𦖐
𦖒	1	睟	3	
𦖕	1	䎴	3	
𦖛	1	聘	3	
𦖜	3	壻&婿	1	婿
𦖝	0	𦖝	0	𦖝
𦖟	1	聰	3	
𦖢	0	𦖢	0	𦖢
𦖣	1	䎿	1	䎿
𦖤	0	𦖤	0	𦖤
𦖥	1	聵	1	聵
𦖦	0	𦖦	0	𦖦
𦖧	0	𦖧	0	𦖧
𦖨	2	𦖝&𦖨	0	𦖨
𦖩	0	𦖩	0	𦖩
𦖪	1	䏂	1	䏂
𦖫	1	聞	1	聞
𦖬	0	𦖬	0	𦖬
𦖲	1	暇	3	
𦖳	1	聘	3	
𦖵	1	暖	3	
𦖷	1	諰	3	
𦖹	1	聯	1	聯
𦖻	1	聰	1	聰
𦖼	0	𦖼	0	𦖼
𦖽	0	𦖽	0	𦖽
𦖾	0	𦖾	0	𦖾
𦖿	0	𦖿	0	𦖿
𦗀	2	𦗁&𦗀	0	𦗀
𦗁	2	𦗁&瑱	1	瑱
𦗂	1	恧	1	恧
𦗃	1	𦖬	1	𦖬
𦗊	1	𦖋	1	𦖋
𦗋	0	𦗋	3	
𦗍	0	𦗍	0	𦗍
𦗎	1	晉	3	
𦗐	0	𦗐	0	𦗐
𦗑	0	𦗑	0	𦗑
𦗒	0	𦗒	0	𦗒
𦗓	1	䎼	1	䎼
𦗔	0	𦗔	0	𦗔
𦗕	2	䋙&𦗕	2	䋙&𦗕
𦗖	2	聊&𦗖	1	聊
𦗗	0	𦗗	0	𦗗
𦗙	1	𦖋	1	𦖋
𦗚	1	聻	1	聻
𦗟	2	𦗟&𥊸	1	𥊸
𦗠	1	䏆	1	䏆
𦗡	2	瞫&𦗡	2	瞫&𦗡
𦗢	0	𦗢	0	𦗢
𦗣	0	𦗣	0	𦗣
𦗤	1	聾	1	聾
𦗥	2	聵&𦗥	2	聵&𦗥
𦗦	1	聒	1	聒
𦗧	0	𦗧	0	𦗧
𦗨	2	茸&𦗨	0	𦗨
𦗩	1	䏇	1	䏇
𦗪	1	瞰	3	
𦗬	1	瞷	3	
𦗯	3	瞻&聸	1	聸
𦗰	1	聹	3	
𦗳	0	𦗳	0	𦗳
𦗴	2	璫&𦗴	0	𦗴
𦗵	0	𦗵	0	𦗵
𦗶	1	𥽳	1	𥽳
𦗷	1	聱	1	聱
𦗺	1	鼙	3	
𦗾	1	懖	1	懖
𦗿	1	聵	1	聵
𦘂	1	矊	3	
𦘃	1	聵	1	聵
𦘄	1	聵	1	聵
𦘅	2	𦗒&𦘅	1	𦗒
𦘈	1	聯	1	聯
𦘉	3	聒&懖	1	懖
𦘊	0	𦘊	0	𦘊
𦘋	1	聵	1	聵
𦘌	1	懖	1	懖
𦘍	0	𦘍	0	𦘍
𦘏	1	聽	3	
𦘐	1	矖	3	
𦘑	1	瞷	3	
𦘒	2	帇&𦘒	0	𦘒
𦘓	1	勩	1	勩
𦘔	0	𦘔	0	𦘔
𦘕	1	畫	1	畫
𦘖	1	肂	3	
𦘗	1	肄	3	
𦘘	1	晝	1	晝
𦘙	1	晝	3	
𦘚	1	畫	3	
𦘛	1	肅	1	肅
𦘜	1	肅	3	
𦘝	1	肅	1	肅
𦘞	1	肄	1	肄
𦘟	1	肇	1	肇
𦘠	1	書	1	書
𦘡	1	肅	1	肅
𦘣	1	斲	1	斲
𦘦	1	肇	3	
𦘧	0	𦘧	3	
𦘨	1	肆	1	肆
𦘩	0	𦘩	0	𦘩
𦘪	0	𦘪	0	𦘪
𦘫	3	肯&𣍟	1	肯
𦘬	1	肴	1	肴
𦘭	1	飣	1	飣
𦘰	1	眄	3	
𦘲	0	𦘲	0	𦘲
𦘳	0	𦘳	0	𦘳
𦘴	0	𦘴	0	𦘴
𦘵	0	𦘵	0	𦘵
𦘶	1	臐	1	臐
𦘷	1	胘	1	胘
𦘸	1	肐	1	肐
𦘺	1	肥	1	肥
𦘻	1	肓	1	肓
𦘼	1	䏏	3	
𦘽	1	肗	1	肗
𦘾	1	肒	1	肒
𦘿	0	𦘿	0	𦘿
𦙀	0	𦙀	0	𦙀
𦙁	1	胝	1	胝
𦙂	1	胚	1	胚
𦙃	1	胥	1	胥
𦙄	3	匈&胸	1	胸
𦙅	1	𦘴	1	𦘴
𦙆	0	𦙆	0	𦙆
𦙇	1	䏥	1	䏥
𦙈	2	𦙈&脺	2	𦙈&脺
𦙉	0	𦙉	0	𦙉
𦙊	1	肐	1	肐
𦙋	0	𦙋	0	𦙋
𦙌	1	胤	3	
𦙍	1	胤	1	胤
𦙐	1	胙	1	胙
𦙑	1	昒	1	昒
𦙖	1	吞	1	吞
𦙗	3	旿&㬳	1	㬳
𦙘	1	胝	1	胝
𦙙	1	水	3	
𦙚	1	朔	1	朔
𦙛	1	肫	1	肫
𦙜	2	𦙜&𦛐	0	𦙜
𦙞	1	胸	3	
𦙟	3	臍&齊	1	齊
𦙠	1	胝	1	胝
𦙡	1	肯	1	肯
𦙢	1	䏖	1	䏖
𦙣	1	肺	3	
𦙤	1	肫	3	
𦙧	2	𦙧&䏚	0	𦙧
𦙨	2	肹&𦙨	0	𦙨
𦙩	1	肴	1	肴
𦙪	1	肩	1	肩
𦙫	0	𦙫	0	𦙫
𦙬	2	䏘&𦙬	1	䏘
𦙭	1	疼	1	疼
𦙮	0	𦙮	0	𦙮
𦙯	0	𦙯	0	𦙯
𦙰	3	𦚙&胏	1	胏
𦙱	2	𦙽&𦙱	0	𦙱
𦙲	1	痂	1	痂
𦙳	3	𣍨&胗	1	胗
𦙴	2	𦙴&𨈫	2	𦙴&𨈫
𦙵	1	腕	1	腕
𦙶	3	肱&股	3	肱&股
𦙷	1	尻	1	尻
𦙸	0	𦙸	0	𦙸
𦙹	1	𦙀	1	𦙀
𦙺	2	痂&𦙺	2	痂&𦙺
𦙻	2	脄&𦙻	0	𦙻
𦙼	1	胔	1	胔
𦙽	0	𦙽	3	
𦙾	1	脛	3	
𦙿	2	𣍦&𦙿	0	𦙿
𦚀	1	䏐	1	䏐
𦚁	1	胠	1	胠
𦚂	1	股	1	股
𦚈	2	𦘴&𦚈	2	𦘴&𦚈
𦚉	1	慎	1	慎
𦚋	1	肎	3	
𦚌	1	豚	1	豚
𦚍	1	胸	1	胸
𦚎	1	䏠	1	䏠
𦚏	1	樁	3	
𦚐	1	駝	1	駝
𦚑	1	肩	1	肩
𦚒	1	胠	1	胠
𦚓	1	胖	1	胖
𦚘	3	𦚙&胏	1	胏
𦚙	2	𦚙&胏	1	胏
𦚚	1	胔	1	胔
𦚛	3	𣧻&㱚	1	㱚
𦚜	1	䏞	3	
𦚝	0	𦚝	0	𦚝
𦚞	0	𦚞	0	𦚞
𦚟	2	胰&𦚟	0	𦚟
𦚠	3	腎&脤	1	脤
𦚡	1	𦞚	1	𦞚
𦚢	0	𦚢	0	𦚢
𦚣	2	跟&𦚣	2	跟&𦚣
𦚤	1	腴	1	腴
𦚥	0	𦚥	0	𦚥
𦚦	1	脀	1	脀
𦚧	2	𦚧&胊	0	𦚧
𦚨	0	𦚨	0	𦚨
𦚩	0	𦚩	0	𦚩
𦚪	1	䑂	1	䑂
𦚫	0	𦚫	0	𦚫
𦚬	1	胯	1	胯
𦚭	2	䏣&𦚭	2	䏣&𦚭
𦚮	3	𦚙&胏	1	胏
𦚰	1	脅	3	
𦚲	2	𦚲&䐢	1	䐢
𦚳	1	脫	3	
𦚸	2	亙&𦚸	2	亙&𦚸
𦚹	2	亙&𦚹	2	亙&𦚹
𦚺	1	脠	1	脠
𦚻	3	𦙽&𦙱	1	𦙱
𦚽	1	胞	1	胞
𦚾	1	胸	3	
𦚿	1	朔	1	朔
𦛁	1	腦	1	腦
𦛂	1	胃	1	胃
𦛃	1	胳	1	胳
𦛄	1	胸	1	胸
𦛅	1	胺	1	胺
𦛆	1	脀	3	
𦛎	3	肺&胏	1	胏
𦛏	0	𦛏	0	𦛏
𦛐	0	𦛐	0	𦛐
𦛑	1	䐢	3	
𦛒	2	腎&𦛒&𦜜	2	腎&𦛒
𦛓	0	𦛓	0	𦛓
𦛔	1	𣎓	1	𣎓
𦛕	3	脅&胠	1	胠
𦛖	0	𦛖	0	𦛖
𦛗	2	呂&𦛗	2	呂&𦛗
𦛘	0	𦛘	0	𦛘
𦛙	0	𦛙	0	𦛙
𦛚	0	𦛚	0	𦛚
𦛛	2	𦛛&𦞤	1	𦞤
𦛜	3	肣&頜	3	肣&頜
𦛝	0	𦛝	0	𦛝
𦛞	1	腌	1	腌
𦛟	3	骾&鯁	1	骾
𦛠	0	𦛠	0	𦛠
𦛡	2	𦛡&肰	1	肰
𦛣	0	𦛣	0	𦛣
𦛤	0	𦛤	0	𦛤
𦛥	2	腕&𦛥	2	腕&𦛥
𦛦	1	肰	1	肰
𦛨	1	癆	3	
𦛩	2	㬶&𦛩	0	𦛩
𦛪	0	𦛪	0	𦛪
𦛫	1	脀	1	脀
𦛬	1	胤	1	胤
𦛮	1	脘	3	
𦛱	1	胠	3	
𦛳	1	腦	1	腦
𦛴	1	䐢	1	䐢
𦛵	1	磐	1	磐
𦛶	1	腳	1	腳
𦛷	1	脟	1	脟
𦛹	1	胾	1	胾
𦜂	2	肴&𦜂	1	肴
𦜃	0	𦜃	0	𦜃
𦜄	0	𦜄	0	𦜄
𦜅	1	膀	1	膀
𦜆	1	顄	1	顄
𦜇	2	胐&𦜇	2	胐&𦜇
𦜈	1	䐑	1	䐑
𦜉	1	脾	3	
𦜊	0	𦜊	0	𦜊
𦜋	3	𦜗&䏳&𨡘	3	䏳&𨡘
𦜌	1	胗	1	胗
𦜍	2	肨&𦜍	1	肨
𦜎	0	𦜎	0	𦜎
𦜏	1	𨁸	1	𨁸
𦜐	1	脘	1	脘
𦜑	1	䏿	1	䏿
𦜒	0	𦜒	0	𦜒
𦜓	3	𤴾&脪	3	𤴾&脪
𦜔	1	膝	1	膝
𦜕	1	跽	1	跽
𦜖	0	𦜖	0	𦜖
𦜗	2	𦜗&𨡘	1	𨡘
𦜘	1	乳	1	乳
𦜙	1	飪	1	飪
𦜚	1	肴	1	肴
𦜛	0	𦜛	0	𦜛
𦜜	0	𦜜	0	𦜜
𦜟	1	䏽	1	䏽
𦜠	1	脾	1	脾
𦜡	1	炙	1	炙
𦜣	1	䏶	3	
𦜩	1	腦	1	腦
𦜪	1	䐑	1	䐑
𦜫	1	䐑	3	
𦜬	1	肭	1	肭
𦜮	1	胯	3	
𦜯	0	𦜯	3	
𦜳	1	晶	1	晶
𦜴	1	臀	3	
𦜵	1	脙	1	脙
𦜶	1	膀	1	膀
𦜷	1	𦞌	3	
𦜹	1	䏿	1	䏿
𦜺	1	辟	1	辟
𦜻	1	䐢	1	䐢
𦜼	1	豚	3	
𦜽	3	醃&腌	1	腌
𦜾	3	𦜗&𨡘	1	𨡘
𦜿	1	䐄	1	䐄
𦝁	1	期	3	
𦝏	2	膞&𦝏	2	膞&𦝏
𦝐	1	皰	1	皰
𦝑	2	育&𦝑	0	𦝑
𦝒	2	𦛖&𦝒	0	𦝒
𦝓	2	𦙽&𦙱&𦝓	2	𦙱&𦝓
𦝔	2	胝&𦝔	1	胝
𦝕	1	能	1	能
𦝖	2	𦝖&𦠾	2	𦝖&𦠾
𦝗	1	胕	1	胕
𦝘	1	腃	1	腃
𦝙	3	臘&腊	1	腊
𦝚	0	𦝚	0	𦝚
𦝛	0	𦝛	0	𦝛
𦝜	2	𦝜&䐼	1	䐼
𦝝	0	𦝝	0	𦝝
𦝞	0	𦝞	0	𦝞
𦝟	0	𦝟	0	𦝟
𦝠	0	𦝠	0	𦝠
𦝡	1	腤	1	腤
𦝢	0	𦝢	0	𦝢
𦝣	3	頦&髂	3	頦&髂
𦝤	0	𦝤	0	𦝤
𦝥	0	𦝥	0	𦝥
𦝦	0	𦝦	0	𦝦
𦝧	1	腩	1	腩
𦝨	0	𦝨	0	𦝨
𦝩	1	胃	1	胃
𦝪	2	咽&胭&𦝪	2	胭&𦝪
𦝫	1	腰	1	腰
𦝬	1	腯	1	腯
𦝭	2	膟&𦝭	0	𦝭
𦝮	2	𦝮&吻	1	吻
𦝯	1	胅	1	胅
𦝰	2	腦&𦝰	0	𦝰
𦝱	1	䐐	1	䐐
𦝲	2	鴅&𣎅&𦝲	2	鴅&𦝲
𦝳	0	𦝳	0	𦝳
𦝴	2	癊&𦝴	1	癊
𦝵	2	肣&𦝵	2	肣&𦝵
𦝶	1	腦	1	腦
𦝷	0	𦝷	0	𦝷
𦝸	1	肰	1	肰
𦝼	1	膢	3	
𦞁	2	睵&𦞁	2	睵&𦞁
𦞃	1	膝	3	
𦞄	1	腦	1	腦
𦞅	1	胃	1	胃
𦞇	1	聥	3	
𦞉	1	𦝨	1	𦝨
𦞊	1	幐	3	
𦞋	1	戮	1	戮
𦞌	0	𦞌	3	
𦞐	1	齶	3	
𦞕	1	喉	1	喉
𦞖	0	𦞖	0	𦞖
𦞗	0	𦞗	0	𦞗
𦞙	0	𦞙	0	𦞙
𦞚	0	𦞚	0	𦞚
𦞛	1	𠞮	1	𠞮
𦞜	2	瘜&𦞜	1	瘜
𦞝	2	餼&𦞝	2	餼&𦞝
𦞞	1	函	1	函
𦞟	0	𦞟	0	𦞟
𦞠	3	臀&脽&𡱂	3	臀&脽
𦞡	0	𦞡	0	𦞡
𦞢	0	𦞢	0	𦞢
𦞣	1	臊	1	臊
𦞤	2	胏&𦞤	0	𦞤
𦞥	0	𦞥	0	𦞥
𦞦	2	臛&𦞦	0	𦞦
𦞧	1	瘤	1	瘤
𦞨	2	宮&𦞨	0	𦞨
𦞩	1	胤	1	胤
𦞪	1	脀	1	脀
𦞫	0	𦞫	0	𦞫
𦞬	1	腱	1	腱
𦞭	0	𦞭	0	𦞭
𦞯	1	嗜	1	嗜
𦞰	2	㟳&𦞰	1	㟳
𦞱	1	𦞙	1	𦞙
𦞲	0	𦞲	0	𦞲
𦞵	0	𦞵	0	𦞵
𦞶	1	腹	1	腹
𦞹	1	膊	3	
𦞾	1	臇	3	
𦞿	1	腕	1	腕
𦟀	1	𦝠	1	𦝠
𦟁	1	朚	1	朚
𦟄	1	臊	1	臊
𦟅	1	臊	1	臊
𦟐	0	𦟐	3	
𦟓	1	臀	3	
𦟔	0	𦟔	0	𦟔
𦟕	2	𦝮&𦟕	0	𦟕
𦟗	1	𦣎	3	
𦟘	0	𦟘	0	𦟘
𦟙	0	𦟙	0	𦟙
𦟚	1	𦟰	3	
𦟛	1	傭	1	傭
𦟜	0	𦟜	0	𦟜
𦟝	1	脊	1	脊
𦟟	0	𦟟	0	𦟟
𦟠	0	𦟠	0	𦟠
𦟡	1	䐴	1	䐴
𦟢	1	脣	1	脣
𦟣	0	𦟣	0	𦟣
𦟤	3	羞&饈	1	饈
𦟥	2	遯&𦟥	1	遯
𦟦	1	膜	1	膜
𦟧	0	𦟧	0	𦟧
𦟨	1	艐	3	
𦟩	1	腌	1	腌
𦟯	1	肋	1	肋
𦟰	2	𦟰&皻	1	皻
𦟱	1	縮	1	縮
𦟲	1	昏	3	
𦟳	1	醵	1	醵
𦟴	1	醟	1	醟
𦟼	0	𦟼	3	
𦟾	1	膒	3	
𦠀	3	𦠠&䏳	1	䏳
𦠁	0	𦠁	0	𦠁
𦠃	1	臍	1	臍
𦠄	0	𦠄	0	𦠄
𦠅	2	𣎟&𦠅	0	𦠅
𦠆	3	饌&䐣	3	饌&䐣
𦠇	0	𦠇	0	𦠇
𦠈	2	𣎛&𦠈	0	𦠈
𦠉	0	𦠉	0	𦠉
𦠊	1	腦	1	腦
𦠋	1	治	1	治
𦠌	2	胹&𦠌	1	胹
𦠍	2	齶&𦠍	1	齶
𦠎	0	𦠎	0	𦠎
𦠏	2	𤶠&𦠏	0	𦠏
𦠐	2	𦙽&𦙱&𦠐	2	𦙱&𦠐
𦠑	2	𦠒&𩪗&𦠑	2	𩪗&𦠑
𦠒	2	𦠒&𩪗	1	𩪗
𦠓	0	𦠓	0	𦠓
𦠔	3	𦠠&䏳	1	䏳
𦠕	2	臍&𦠕	0	𦠕
𦠖	0	𦠖	0	𦠖
𦠗	1	脊	1	脊
𦠝	1	瘤	1	瘤
𦠞	1	臂	1	臂
𦠟	1	䏳	1	䏳
𦠠	2	𦠠&䏳	1	䏳
𦠤	1	腦	1	腦
𦠥	3	瞯&瞷	1	瞷
𦠦	1	疏	3	
𦠧	1	膠	3	
𦠨	1	臊	1	臊
𦠩	1	𦠓	1	𦠓
𦠪	1	臘	3	
𦠫	1	嫩	1	嫩
𦠬	1	臇	1	臇
𦠷	0	𦠷	0	𦠷
𦠸	0	𦠸	0	𦠸
𦠹	0	𦠹	0	𦠹
𦠺	0	𦠺	0	𦠺
𦠻	0	𦠻	0	𦠻
𦠼	1	臘	1	臘
𦠾	0	𦠾	0	𦠾
𦠿	0	𦠿	0	𦠿
𦡀	1	膝	1	膝
𦡁	1	𦗴	1	𦗴
𦡂	2	𦡦&腫&𦡂	2	腫&𦡂
𦡃	0	𦡃	0	𦡃
𦡅	0	𦡅	0	𦡅
𦡆	0	𦡆	0	𦡆
𦡇	2	𦡇&䐾	1	䐾
𦡈	1	癰	1	癰
𦡌	0	𦡌	0	𦡌
𦡍	1	臂	1	臂
𦡗	1	𢣊	1	𢣊
𦡘	1	腄	1	腄
𦡚	1	臃	1	臃
𦡛	1	膹	1	膹
𦡜	1	臂	1	臂
𦡝	1	皧	3	
𦡦	0	𦡦	3	
𦡧	0	𦡧	3	
𦡨	0	𦡨	0	𦡨
𦡩	1	膝	1	膝
𦡪	0	𦡪	0	𦡪
𦡫	2	𦡫&曦	1	曦
𦡬	1	黐	1	黐
𦡭	1	𦡌	1	𦡌
𦡰	2	膊&𦡰	1	膊
𦡱	2	臞&𦡱	2	臞&𦡱
𦡲	0	𦡲	0	𦡲
𦡳	1	臘	3	
𦡴	2	疛&𦡴	2	疛&𦡴
𦡵	0	𦡵	0	𦡵
𦡶	1	膁	1	膁
𦡷	0	𦡷	0	𦡷
𦡸	1	膩	1	膩
𦡹	0	𦡹	0	𦡹
𦡺	1	癭	1	癭
𦡻	0	𦡻	0	𦡻
𦡼	0	𦡼	0	𦡼
𦡽	2	䐵&𦡽	2	䐵&𦡽
𦢅	1	螣	1	螣
𦢇	1	𦡼	3	
𦢈	0	𦢈	0	𦢈
𦢊	2	㿺&𦢊	0	𦢊
𦢋	1	𦣍	3	
𦢌	1	殰	1	殰
𦢍	1	𦠄	1	𦠄
𦢎	0	𦢎	0	𦢎
𦢏	0	𦢏	0	𦢏
𦢐	0	𦢐	0	𦢐
𦢑	1	𦟠	1	𦟠
𦢒	1	膹	3	
𦢕	1	膌	1	膌
𦢖	1	膺	1	膺
𦢙	1	䑎	1	䑎
𦢚	1	膚	1	膚
𦢛	3	臚&𨇖	1	𨇖
𦢜	1	臐	1	臐
𦢝	1	瘦	1	瘦
𦢣	1	繭	3	
𦢤	1	臢	3	
𦢥	1	臇	1	臇
𦢦	1	酥	1	酥
𦢧	0	𦢧	0	𦢧
𦢨	2	燅&𦢨	1	燅
𦢩	2	䐹&𦢩	2	䐹&𦢩
𦢪	3	膸&髓	1	膸
𦢫	2	朧&𦢫	0	𦢫
𦢭	1	𦠖	1	𦠖
𦢮	1	髖	1	髖
𦢯	3	𤴾&脪	3	𤴾&脪
𦢰	1	臖	3	
𦢸	2	𦢸&膊	1	膊
𦢹	3	羹&𦣍	1	𦣍
𦢺	0	𦢺	0	𦢺
𦢻	1	膺	1	膺
𦢼	1	贏	3	
𦢽	1	𦞦	1	𦞦
𦢿	2	臇&𦢿	2	臇&𦢿
𦣀	2	䐑&𦣀	2	䐑&𦣀
𦣁	1	膘	1	膘
𦣃	1	𦢊	3	
𦣄	1	羸	1	羸
𦣆	1	𦟟	1	𦟟
𦣇	0	𦣇	0	𦣇
𦣈	3	𦢸&膊	1	膊
𦣉	1	羸	1	羸
𦣊	1	臡	1	臡
𦣋	0	𦣋	0	𦣋
𦣌	1	膴	1	膴
𦣍	2	羹&𦣍	0	𦣍
𦣎	0	𦣎	3	
𦣏	1	癵	1	癵
𦣐	1	臠	1	臠
𦣑	1	酥	1	酥
𦣒	0	𦣒	0	𦣒
𦣓	1	脰	1	脰
𦣔	1	裸	3	
𦣖	0	𦣖	0	𦣖
𦣚	1	臡	1	臡
𦣛	2	臠&𦣛	2	臠&𦣛
𦣜	0	𦣜	0	𦣜
𦣝	3	頤&𦣞	1	頤
𦣞	2	頤&𦣞	0	𦣞
𦣠	3	望&朢	3	望&朢
𦣣	1	臧	1	臧
𦣤	1	巸	1	巸
𦣩	1	臦	1	臦
𦣮	1	孤	1	孤
𦣱	1	賾	3	
𦣲	1	臨	1	臨
𦣴	0	𦣴	0	𦣴
𦣷	1	臨	1	臨
𦣸	0	𦣸	0	𦣸
𦣹	1	自	1	自
𦣺	1	白	1	白
𦣻	2	百&首&𦣻	2	百&首&𦣻
𦣼	1	自	1	自
𦣽	1	惠	1	惠
𦣾	0	𦣾	0	𦣾
𦣿	1	京	1	京
𦤀	1	臭	1	臭
𦤂	0	𦤂	0	𦤂
𦤃	1	皇	1	皇
𦤄	1	𥄕	1	𥄕
𦤅	1	首	3	
𦤆	1	雲	1	雲
𦤇	1	皈	1	皈
𦤉	1	船	3	
𦤊	1	衄	1	衄
𦤌	1	臮	1	臮
𦤍	1	皇	1	皇
𦤐	1	皇	1	皇
𦤒	1	終	1	終
𦤓	1	鼻	3	
𦤔	1	臱	1	臱
𦤕	0	𦤕	0	𦤕
𦤖	1	罪	3	
𦤘	2	庸&𦤘	0	𦤘
𦤙	2	臲&𦤙	2	臲&𦤙
𦤚	2	𣧧&𦤚	2	𣧧&𦤚
𦤜	1	悟	3	
𦤝	2	𦤝&臱	1	臱
𦤞	1	臲	1	臲
𦤟	0	𦤟	0	𦤟
𦤡	3	䭂&鄓	1	䭂
𦤢	0	𦤢	0	𦤢
𦤣	0	𦤣	0	𦤣
𦤦	2	餀&𦤦	2	餀&𦤦
𦤧	0	𦤧	0	𦤧
𦤨	0	𦤨	0	𦤨
𦤪	1	𦤦	1	𦤦
𦤫	0	𦤫	0	𦤫
𦤬	0	𦤬	0	𦤬
𦤲	1	佛	1	佛
𦤳	1	至	1	至
𦤴	1	至	1	至
𦤵	1	至	1	至
𦤶	3	緻&致	1	致
𦤷	1	致	3	
𦤹	1	致	1	致
𦤺	1	致	1	致
𦤻	0	𦤻	0	𦤻
𦤼	3	𦤿&屋&臺	3	屋&臺
𦤿	2	𦤿&屋	1	屋
𦥀	1	致	3	
𦥁	0	𦥁	0	𦥁
𦥂	0	𦥂	0	𦥂
𦥅	2	絰&𦥅	1	絰
𦥇	1	臻	1	臻
𦥈	0	𦥈	0	𦥈
𦥉	0	𦥉	0	𦥉
𦥊	2	𦥊&懫	1	懫
𦥋	2	𦥊&懫&𦥋	2	懫&𦥋
𦥎	1	輊	1	輊
𦥏	0	𦥏	0	𦥏
𦥐	0	𦥐	0	𦥐
𦥑	2	臼&𦥑	2	臼&𦥑
𦥒	1	齒	1	齒
𦥓	1	囟	1	囟
𦥔	1	申	1	申
𦥕	3	𡬯&貶	1	貶
𦥘	1	貶	1	貶
𦥙	3	曳&臾	1	曳
𦥚	0	𦥚	3	
𦥛	1	臿	1	臿
𦥝	2	𦥝&舀	1	舀
𦥞	1	舀	1	舀
𦥟	1	舀	1	舀
𦥠	1	舁	1	舁
𦥡	1	䑔	1	䑔
𦥢	1	臽	1	臽
𦥤	1	𦥚	3	
𦥥	1	䑔	1	䑔
𦥦	0	𦥦	0	𦥦
𦥧	1	貶	1	貶
𦥨	1	舀	1	舀
𦥩	1	鼠	1	鼠
𦥪	1	齒	3	
𦥫	1	臿	1	臿
𦥬	1	𥹁	3	
𦥭	0	𦥭	0	𦥭
𦥮	1	爲	1	爲
𦥱	0	𦥱	3	
𦥲	2	𦥭&𦥲	0	𦥲
𦥳	2	𨺫&𦥳	0	𦥳
𦥴	1	舂	1	舂
𦥵	1	舀	1	舀
𦥶	1	舅	1	舅
𦥷	1	興	1	興
𦥸	1	與	1	與
𦥹	1	舁	1	舁
𦥺	1	要	1	要
𦥻	0	𦥻	0	𦥻
𦥼	1	要	1	要
𦥽	1	舂	1	舂
𦥾	1	𦥭	1	𦥭
𦥿	1	焰	1	焰
𦦀	1	申	1	申
𦦁	1	𪓬	1	𪓬
𦦂	1	齒	1	齒
𦦃	1	齯	1	齯
𦦄	0	𦦄	0	𦦄
𦦅	0	𦦅	0	𦦅
𦦆	2	䋰&𦦆	1	䋰
𦦇	1	𦥻	1	𦥻
𦦈	1	臿	1	臿
𦦉	3	𢍱&䙲	1	䙲
𦦊	1	舅	1	舅
𦦌	1	舀	1	舀
𦦏	1	齏	1	齏
𦦐	1	𦥭	1	𦥭
𦦑	0	𦦑	0	𦦑
𦦒	1	遷	3	
𦦓	1	舂	1	舂
𦦔	0	𦦔	3	
𦦕	1	歃	1	歃
𦦖	1	𠮐	1	𠮐
𦦗	0	𦦗	0	𦦗
𦦘	0	𦦘	0	𦦘
𦦙	1	舉	1	舉
𦦚	1	寅	1	寅
𦦛	1	𣱓	1	𣱓
𦦜	0	𦦜	0	𦦜
𦦝	2	𦦝&𦦧	2	𦦝&𦦧
𦦞	1	𦦝	1	𦦝
𦦡	1	𦦧	1	𦦧
𦦢	0	𦦢	0	𦦢
𦦣	0	𦦣	0	𦦣
𦦤	1	農	1	農
𦦥	1	農	1	農
𦦧	2	𦦝&𦦧	0	𦦧
𦦨	1	焰	3	
𦦩	0	𦦩	0	𦦩
𦦪	2	𤔱&𦦪	2	𤔱&𦦪
𦦫	0	𦦫	0	𦦫
𦦬	1	讓	1	讓
𦦭	1	喪	1	喪
𦦯	0	𦦯	0	𦦯
𦦰	3	搗&擣&𦦾	1	擣
𦦱	1	臿	1	臿
𦦲	2	與&𦦲	2	與&𦦲
𦦶	1	壤	1	壤
𦦹	1	鑿	1	鑿
𦦺	1	𦦾	1	𦦾
𦦻	2	狒&𦦻	0	𦦻
𦦼	1	溲	1	溲
𦦽	0	𦦽	0	𦦽
𦦾	0	𦦾	0	𦦾
𦦿	2	嬰&𦦿	2	嬰&𦦿
𦧁	1	𦦧	1	𦦧
𦧂	3	𢍱&䙲	1	䙲
𦧅	0	𦧅	0	𦧅
𦧇	1	舐	1	舐
𦧈	2	噤&𤘡&𦧈	0	𦧈
𦧉	0	𦧉	0	𦧉
𦧊	1	吮	1	吮
𦧌	1	𣁳	1	𣁳
𦧎	1	𦧈	1	𦧈
𦧏	0	𦧏	0	𦧏
𦧐	0	𦧐	0	𦧐
𦧑	1	舐	1	舐
𦧒	1	𬜅	3	
𦧓	1	舐	1	舐
𦧔	1	䒷	1	䒷
𦧕	1	詹	1	詹
𦧖	1	㐁	1	㐁
𦧗	1	憩	1	憩
𦧚	1	話	1	話
𦧝	2	唌&𦧝	2	唌&𦧝
𦧟	2	㹺&𦧟	0	𦧟
𦧠	0	𦧠	0	𦧠
𦧡	2	煔&舕&𦧡	0	𦧡
𦧤	1	䑜	1	䑜
𦧥	1	𦧟	1	𦧟
𦧦	1	辭	1	辭
𦧧	1	舐	1	舐
𦧩	1	甜	1	甜
𦧪	1	舐	1	舐
𦧫	1	舐	1	舐
𦧬	1	𧱳	3	
𦧭	3	狧&𦧟	1	𦧟
𦧮	0	𦧮	0	𦧮
𦧯	1	憩	3	
𦧰	1	憩	1	憩
𦧱	3	𦧟&䑜	1	䑜
𦧴	0	𦧴	0	𦧴
𦧵	2	𦧵&話	1	話
𦧶	1	舍	1	舍
𦧸	0	𦧸	0	𦧸
𦧹	0	𦧹	0	𦧹
𦧺	0	𦧺	3	
𦧻	1	舚	1	舚
𦧼	0	𦧼	0	𦧼
𦧾	0	𦧾	0	𦧾
𦧿	2	粼&𦧿	1	粼
𦨁	1	葟	1	葟
𦨃	3	葟&𤯷	1	葟
𦨄	3	葟&𤯷	1	葟
𦨅	1	舞	1	舞
𦨆	0	𦨆	0	𦨆
𦨇	0	𦨇	0	𦨇
𦨈	2	𦨈&服	1	服
𦨉	0	𦨉	0	𦨉
𦨊	3	𦨈&服	1	服
𦨋	1	服	1	服
𦨌	3	舧&𦨲	1	𦨲
𦨍	2	𦨍&䑠	0	𦨍
𦨎	0	𦨎	0	𦨎
𦨏	3	𦨇&𦨉	1	𦨇
𦨐	1	舦	1	舦
𦨒	3	𦨜&舸	1	舸
𦨓	1	䑦	1	䑦
𦨔	3	肕&舠	1	肕
𦨕	1	服	1	服
𦨖	0	𦨖	0	𦨖
𦨗	1	般	1	般
𦨘	1	䑴	1	䑴
𦨙	0	𦨙	0	𦨙
𦨚	2	般&舦&𦨚	2	般&舦&𦨚
𦨛	3	𦩷&䑦	1	䑦
𦨜	2	𦨜&舸	1	舸
𦨝	1	𦨢	1	𦨢
𦨟	3	般&觶	1	觶
𦨠	1	𦨢	1	𦨢
𦨡	0	𦨡	0	𦨡
𦨢	0	𦨢	0	𦨢
𦨣	1	舠	1	舠
𦨤	2	𦨤&𦨬	1	𦨬
𦨦	0	𦨦	0	𦨦
𦨧	1	艒	1	艒
𦨨	1	䑱	1	䑱
𦨩	1	𦪽	3	
𦨬	0	𦨬	0	𦨬
𦨯	0	𦨯	0	𦨯
𦨰	3	舼&㮪	1	舼
𦨱	1	津	1	津
𦨲	0	𦨲	0	𦨲
𦨳	0	𦨳	3	
𦨴	1	艟	1	艟
𦨵	2	航&𦨵	2	航&𦨵
𦨶	1	朕	1	朕
𦨷	1	筏	3	
𦨺	3	𦨤&𦨬	1	𦨬
𦨼	2	𦨳&𦨼	0	𦨼
𦨽	1	䑤	1	䑤
𦨾	0	𦨾	0	𦨾
𦨿	1	艇	1	艇
𦩄	1	䑬	1	䑬
𦩇	1	艐	1	艐
𦩈	1	𦩉	1	𦩉
𦩉	0	𦩉	0	𦩉
𦩊	1	艗	1	艗
𦩋	0	𦩋	0	𦩋
𦩌	0	𦩌	0	𦩌
𦩍	1	舠	1	舠
𦩎	1	朕	1	朕
𦩏	1	津	1	津
𦩕	0	𦩕	0	𦩕
𦩗	1	朕	1	朕
𦩙	1	䑼	1	䑼
𦩜	0	𦩜	0	𦩜
𦩝	2	𦩝&𦪒	2	𦩝&𦪒
𦩞	0	𦩞	0	𦩞
𦩟	2	服&𦩟	1	服
𦩠	0	𦩠	0	𦩠
𦩡	0	𦩡	0	𦩡
𦩢	0	𦩢	0	𦩢
𦩣	0	𦩣	0	𦩣
𦩤	0	𦩤	0	𦩤
𦩥	1	𦪬	1	𦪬
𦩦	1	津	1	津
𦩧	0	𦩧	0	𦩧
𦩨	1	津	1	津
𦩩	1	媵	1	媵
𦩪	1	𦨦	1	𦨦
𦩫	1	幐	1	幐
𦩬	0	𦩬	0	𦩬
𦩯	1	𥱼	3	
𦩱	2	塍&𦩱	2	塍&𦩱
𦩲	0	𦩲	0	𦩲
𦩴	0	𦩴	0	𦩴
𦩵	0	𦩵	0	𦩵
𦩶	0	𦩶	0	𦩶
𦩷	2	𦩷&䑦	1	䑦
𦩸	0	𦩸	0	𦩸
𦩹	1	䑬	1	䑬
𦩺	3	舼&㮪	1	舼
𦩻	1	朝	1	朝
𦩼	0	𦩼	0	𦩼
𦩽	1	艏	1	艏
𦪁	1	艘	3	
𦪄	1	艎	1	艎
𦪅	1	艇	1	艇
𦪆	1	䑴	1	䑴
𦪇	0	𦪇	0	𦪇
𦪈	0	𦪈	0	𦪈
𦪉	2	津&𦪉	2	津&𦪉
𦪊	0	𦪊	0	𦪊
𦪋	0	𦪋	0	𦪋
𦪍	0	𦪍	0	𦪍
𦪎	2	舽&𦪎	0	𦪎
𦪑	2	橃&𦪑	2	橃&𦪑
𦪒	0	𦪒	0	𦪒
𦪓	1	䑿	1	䑿
𦪔	0	𦪔	0	𦪔
𦪕	0	𦪕	0	𦪕
𦪖	0	𦪖	0	𦪖
𦪗	2	艎&㶇&𦪗	2	艎&㶇&𦪗
𦪘	2	橛&𦪘	2	橛&𦪘
𦪙	0	𦪙	0	𦪙
𦪚	0	𦪚	0	𦪚
𦪛	2	橈&𦪛	1	橈
𦪜	0	𦪜	0	𦪜
𦪝	0	𦪝	0	𦪝
𦪢	1	𦪣	3	
𦪣	0	𦪣	3	
𦪤	1	艕	1	艕
𦪥	1	䑿	1	䑿
𦪧	0	𦪧	0	𦪧
𦪩	1	舲	1	舲
𦪪	2	篷&𦪪	1	篷
𦪫	0	𦪫	0	𦪫
𦪬	0	𦪬	0	𦪬
𦪭	0	𦪭	0	𦪭
𦪮	1	艖	1	艖
𦪰	1	𦪈	1	𦪈
𦪱	2	濟&𦪱	2	濟&𦪱
𦪲	1	䑿	1	䑿
𦪶	0	𦪶	0	𦪶
𦪷	2	艒&𦪷	1	艒
𦪸	1	艖	1	艖
𦪺	1	䑿	3	
𦪽	0	𦪽	0	𦪽
𦪾	0	𦪾	0	𦪾
𦪿	2	𥱵&𦪿	0	𦪿
𦫀	1	騰	1	騰
𦫁	1	謄	1	謄
𦫂	1	賸	1	賸
𦫃	2	𦫃&舲	1	舲
𦫄	3	𦫃&舲	1	舲
𦫅	1	艖	1	艖
𦫆	1	𦫈	1	𦫈
𦫇	3	臒&艧	1	臒
𦫈	2	欚&𦪶&𦫈	0	𦫈
𦫊	1	舲	1	舲
𦫋	1	氓	1	氓
𦫍	1	剆	3	
𦫎	0	𦫎	0	𦫎
𦫒	1	艱	1	艱
𦫓	1	皵	3	
𦫔	0	𦫔	0	𦫔
𦫕	0	𦫕	0	𦫕
𦫗	1	皰	1	皰
𦫙	0	𦫙	0	𦫙
𦫛	1	艴	1	艴
𦫜	1	赩	1	赩
𦫝	1	皴	1	皴
𦫞	1	顔	1	顔
𦫢	3	艷&豔	1	豔
𦫣	1	䒍	1	䒍
𦫤	1	顔	1	顔
𦫥	3	靤&皰	1	皰
𦫦	3	𦫬&䒊	1	䒊
𦫨	1	顔	1	顔
𦫪	0	𦫪	0	𦫪
𦫫	0	𦫫	0	𦫫
𦫬	2	𦫬&䒊	1	䒊
𦫭	1	䒌	1	䒌
𦫮	1	䒌	3	
𦫯	0	𦫯	0	𦫯
𦫰	0	𦫰	0	𦫰
𦫱	3	䶌&皰	1	皰
𦫳	0	𦫳	0	𦫳
𦫴	3	𠃟&也	1	也
𦫵	1	升	1	升
𦫶	2	艽&𦫶	0	𦫶
𦫷	1	𦫶	1	𦫶
𦫸	1	𦬄	1	𦬄
𦫹	1	友	1	友
𦫺	1	死	1	死
𦫻	0	𦫻	0	𦫻
𦫼	1	䒓	1	䒓
𦫿	1	艾	3	
𦬀	3	𠃟&也	1	也
𦬁	0	𦬁	0	𦬁
𦬂	0	𦬂	0	𦬂
𦬃	2	乇&𦬃	2	乇&𦬃
𦬄	2	荵&𦬄	0	𦬄
𦬅	0	𦬅	0	𦬅
𦬆	1	芒	1	芒
𦬇	3	舉&茻	1	茻
𦬈	1	芞	1	芞
𦬉	3	芬&芥	1	芥
𦬊	1	芑	1	芑
𦬎	1	芭	3	
𦬒	1	羋	3	
𦬓	1	𦸙	1	𦸙
𦬔	0	𦬔	0	𦬔
𦬕	0	𦬕	0	𦬕
𦬖	0	𦬖	0	𦬖
𦬗	0	𦬗	0	𦬗
𦬘	2	菘&𦬘	2	菘&𦬘
𦬙	0	𦬙	0	𦬙
𦬚	0	𦬚	0	𦬚
𦬛	0	𦬛	0	𦬛
𦬜	1	𦬚	1	𦬚
𦬝	2	芾&𦬝	1	芾
𦬞	0	𦬞	0	𦬞
𦬟	1	萁	1	萁
𦬠	3	舉&茻	1	舉
𦬡	1	萃	1	萃
𦬢	0	𦬢	3	
𦬣	2	菵&𦬣	0	𦬣
𦬤	1	𦬚	1	𦬚
𦬥	1	𦫶	1	𦫶
𦬦	1	疑	1	疑
𦬧	1	友	1	友
𦬪	1	薴	3	
𦬫	1	笑	3	
𦬮	1	焭	3	
𦬱	1	菽	3	
𦬵	1	𦬢	3	
𦬷	1	䔂	1	䔂
𦬸	2	朮&𦬸	0	𦬸
𦬹	0	𦬹	0	𦬹
𦬺	0	𦬺	0	𦬺
𦬻	0	𦬻	0	𦬻
𦬼	3	苶&薾	1	苶
𦬽	1	葆	1	葆
𦬾	1	𦮻	1	𦮻
𦬿	1	𦳋	1	𦳋
𦭀	1	死	1	死
𦭁	0	𦭁	0	𦭁
𦭂	1	菅	1	菅
𦭃	1	萍	1	萍
𦭄	1	䔂	1	䔂
𦭅	1	乖	1	乖
𦭆	1	蒼	1	蒼
𦭈	2	𦬚&𦭈	0	𦭈
𦭉	0	𦭉	0	𦭉
𦭊	1	菽	3	
𦭋	0	𦭋	0	𦭋
𦭎	1	䒢	3	
𦭒	1	芷	3	
𦭝	3	苜&𥄕	1	𥄕
𦭞	1	茇	3	
𦭟	0	𦭟	3	
𦭢	1	䒦	1	䒦
𦭣	1	腦	1	腦
𦭤	1	𦬣	3	
𦭩	1	芝	1	芝
𦭫	1	蹌	1	蹌
𦭭	0	𦭭	0	𦭭
𦭮	0	𦭮	0	𦭮
𦭯	2	蔞&𦭯	2	蔞&𦭯
𦭰	0	𦭰	0	𦭰
𦭱	2	丵&𦭱	0	𦭱
𦭲	0	𦭲	0	𦭲
𦭳	0	𦭳	0	𦭳
𦭴	0	𦭴	0	𦭴
𦭵	0	𦭵	0	𦭵
𦭶	0	𦭶	0	𦭶
𦭷	2	麰&𦭷	2	麰&𦭷
𦭸	0	𦭸	0	𦭸
𦭹	0	𦭹	0	𦭹
𦭺	3	𦱠&𦫶	1	𦫶
𦭻	0	𦭻	0	𦭻
𦭼	2	殍&𦭼	2	殍&𦭼
𦭽	1	芛	1	芛
𦭾	3	苜&𥄕	1	𥄕
𦭿	0	𦭿	0	𦭿
𦮀	1	莌	1	莌
𦮁	0	𦮁	0	𦮁
𦮂	1	蓍	1	蓍
𦮃	1	乖	1	乖
𦮄	1	莔	1	莔
𦮅	1	莫	1	莫
𦮆	1	菆	1	菆
𦮇	1	𦸓	1	𦸓
𦮈	2	𦮈&𦰘	0	𦮈
𦮉	1	茆	1	茆
𦮊	1	芻	1	芻
𦮋	1	荒	1	荒
𦮌	1	𦮻	1	𦮻
𦮍	2	𦮍&蒯	1	蒯
𦮎	2	蕻&𦮎	1	蕻
𦮐	0	𦮐	0	𦮐
𦮑	0	𦮑	0	𦮑
𦮒	1	䒼	1	䒼
𦮓	1	荊	1	荊
𦮔	1	苶	3	
𦮕	1	苶	3	
𦮘	1	艿	1	艿
𦮙	1	葵	1	葵
𦮜	1	犖	3	
𦮝	1	恾	3	
𦮠	1	荗	3	
𦮥	1	英	3	
𦮦	1	茆	3	
𦮮	3	𦰚&沃	1	沃
𦮷	0	𦮷	0	𦮷
𦮸	0	𦮸	0	𦮸
𦮹	0	𦮹	0	𦮹
𦮺	0	𦮺	0	𦮺
𦮻	0	𦮻	0	𦮻
𦮼	0	𦮼	0	𦮼
𦮽	2	䅵&𦮽	0	𦮽
𦮾	0	𦮾	0	𦮾
𦮿	1	葋	1	葋
𦯀	0	𦯀	0	𦯀
𦯁	1	𥭒	1	𥭒
𦯂	1	菽	1	菽
𦯃	3	𦰶&亟&茍	3	亟&茍
𦯄	1	茆	1	茆
𦯅	0	𦯅	0	𦯅
𦯆	1	茆	1	茆
𦯇	1	茺	1	茺
𦯈	0	𦯈	0	𦯈
𦯉	0	𦯉	0	𦯉
𦯊	1	芵	1	芵
𦯋	1	茿	1	茿
𦯌	1	莣	1	莣
𦯍	0	𦯍	0	𦯍
𦯎	1	蔥	1	蔥
𦯏	1	𦳹	1	𦳹
𦯑	2	𦯑&草	1	草
𦯒	1	䒢	1	䒢
𦯓	3	菹&葅	1	葅
𦯔	2	荑&𦯔	1	荑
𦯕	0	𦯕	0	𦯕
𦯖	0	𦯖	0	𦯖
𦯗	1	苟	3	
𦯘	1	𦲯	1	𦲯
𦯙	1	𦭿	1	𦭿
𦯚	2	䒷&𦯚	0	𦯚
𦯛	1	蓖	1	蓖
𦯜	1	莞	1	莞
𦯝	1	茮	1	茮
𦯞	3	𤰇&備&𤰈	3	備&𤰈
𦯟	2	𦲰&𦯟	0	𦯟
𦯠	1	薍	1	薍
𦯡	1	𦮼	1	𦮼
𦯢	1	荈	1	荈
𦯣	0	𦯣	0	𦯣
𦯤	0	𦯤	0	𦯤
𦯥	1	萓	1	萓
𦯦	1	藐	1	藐
𦯧	1	葉	3	
𦯨	2	莽&𦯨	0	𦯨
𦯩	1	荽	1	荽
𦯪	1	芍	1	芍
𦯫	0	𦯫	0	𦯫
𦯬	2	茶&荼&𦯬	2	茶&荼&𦯬
𦯭	1	茝	1	茝
𦯮	2	芼&𦯮	1	芼
𦯯	0	𦯯	0	𦯯
𦯰	0	𦯰	0	𦯰
𦯱	1	茝	1	茝
𦯲	1	棻	1	棻
𦯳	1	棻	1	棻
𦯴	3	𠈽&伊	1	伊
𦯶	1	莔	3	
𦯸	1	芑	1	芑
𦰌	1	堇	3	
𦰏	1	蓧	3	
𦰖	0	𦰖	0	𦰖
𦰗	1	華	1	華
𦰘	0	𦰘	0	𦰘
𦰙	1	𦫶	1	𦫶
𦰚	0	𦰚	3	
𦰜	1	𦭟	3	
𦰝	1	荓	1	荓
𦰞	3	莜&蓧	1	蓧
𦰧	2	葉&𦰧	2	葉&𦰧
𦰨	1	菆	3	
𦰪	0	𦰪	0	𦰪
𦰫	0	𦰫	0	𦰫
𦰬	0	𦰬	0	𦰬
𦰭	0	𦰭	0	𦰭
𦰮	2	𦮹&𦰮	1	𦮹
𦰯	0	𦰯	0	𦰯
𦰰	0	𦰰	0	𦰰
𦰱	0	𦰱	0	𦰱
𦰲	0	𦰲	0	𦰲
𦰳	1	𦭿	1	𦭿
𦰴	1	䕳	1	䕳
𦰵	3	蒯&𦳋	1	𦳋
𦰶	2	𦰶&茍	1	茍
𦰷	1	蔤	1	蔤
𦰸	0	𦰸	0	𦰸
𦰹	2	𦰹&𦳡	2	𦰹&𦳡
𦰺	0	𦰺	0	𦰺
𦰻	1	𦳫	1	𦳫
𦰼	1	莋	1	莋
𦰽	0	𦰽	0	𦰽
𦰾	0	𦰾	0	𦰾
𦰿	2	傰&𦰿	1	傰
𦱀	0	𦱀	0	𦱀
𦱁	0	𦱁	0	𦱁
𦱂	0	𦱂	0	𦱂
𦱃	0	𦱃	0	𦱃
𦱄	2	䓄&𦱄	1	䓄
𦱅	0	𦱅	0	𦱅
𦱇	0	𦱇	0	𦱇
𦱈	3	𣸃&莯	1	莯
𦱉	2	𦱉&龍	1	龍
𦱊	0	𦱊	0	𦱊
𦱋	1	莔	1	莔
𦱌	0	𦱌	0	𦱌
𦱍	1	麻	1	麻
𦱎	1	蒔	1	蒔
𦱏	1	𦲯	1	𦲯
𦱐	3	𥠸&𥡃	1	𥡃
𦱑	1	秈	1	秈
𦱒	1	苜	1	苜
𦱓	2	𦱓&葈	1	葈
𦱔	2	𦱔&蓖	1	蓖
𦱕	1	𦺞	1	𦺞
𦱖	0	𦱖	0	𦱖
𦱗	1	蒔	1	蒔
𦱘	1	蒡	1	蒡
𦱙	1	莥	1	莥
𦱚	1	芸	1	芸
𦱛	1	瞢	1	瞢
𦱜	1	芍	1	芍
𦱝	1	茢	3	
𦱞	1	莓	1	莓
𦱟	2	𦲯&𦱟	1	𦲯
𦱠	2	𦱠&𦫶	1	𦫶
𦱡	1	若	1	若
𦱢	1	若	1	若
𦱣	0	𦱣	0	𦱣
𦱤	1	莫	1	莫
𦱥	1	萐	1	萐
𦱦	1	董	1	董
𦱧	2	𠦪&𦱧	0	𦱧
𦱨	1	䕳	1	䕳
𦱩	1	亟	1	亟
𦱪	1	芻	1	芻
𦱫	1	葺	1	葺
𦱬	1	葬	1	葬
𦱭	1	𦫶	1	𦫶
𦱮	1	秉	1	秉
𦱯	2	農&𦱯	0	𦱯
𦱰	2	𦱰&𦵟	2	𦱰&𦵟
𦱱	0	𦱱	0	𦱱
𦱲	1	𦱱	1	𦱱
𦱳	1	茲	1	茲
𦱴	1	莫	1	莫
𦱵	0	𦱵	0	𦱵
𦱶	1	若	1	若
𦱷	2	苤&𦱷	0	𦱷
𦱸	3	𦱉&龍	1	龍
𦱹	1	共	1	共
𦱺	3	𡴧&喪	1	喪
𦱻	1	芻	1	芻
𦱼	1	葬	1	葬
𦲃	1	誘	1	誘
𦲅	1	帚	1	帚
𦲆	1	茍	1	茍
𦲇	1	芴	1	芴
𦲈	1	芥	1	芥
𦲠	1	葩	1	葩
𦲬	1	麻	1	麻
𦲭	1	葺	3	
𦲮	1	䓲	3	
𦲯	0	𦲯	0	𦲯
𦲰	2	𦲰&𦰲	1	𦰲
𦲴	1	䓈	3	
𦲵	1	旌	3	
𦲶	1	蒸	3	
𦲷	1	蒞	3	
𦲸	1	䓣	3	
𦳁	2	芼&𦳁	2	芼&𦳁
𦳃	3	䓉&䔑	1	䔑
𦳄	0	𦳄	0	𦳄
𦳅	1	萸	1	萸
𦳆	1	萒	3	
𦳇	0	𦳇	0	𦳇
𦳈	0	𦳈	0	𦳈
𦳉	1	䔺	1	䔺
𦳊	1	屎	1	屎
𦳋	2	蒯&𦳋	0	𦳋
𦳌	2	芨&𦳌	2	芨&𦳌
𦳍	2	𦱄&𦳍	2	𦱄&𦳍
𦳎	3	菹&葅	1	葅
𦳏	2	蔖&𦳏	2	蔖&𦳏
𦳐	0	𦳐	0	𦳐
𦳑	0	𦳑	0	𦳑
𦳒	1	藎	1	藎
𦳓	1	𦽏	1	𦽏
𦳔	0	𦳔	0	𦳔
𦳕	3	草&𦯨	1	𦯨
𦳖	1	藀	1	藀
𦳗	0	𦳗	0	𦳗
𦳘	1	苴	1	苴
𦳙	2	菿&𦳙	1	菿
𦳚	0	𦳚	0	𦳚
𦳛	2	範&𦳛	2	範&𦳛
𦳜	1	苠	1	苠
𦳝	2	薚&𦳝	2	薚&𦳝
𦳞	0	𦳞	0	𦳞
𦳟	0	𦳟	0	𦳟
𦳠	1	癹	1	癹
𦳡	0	𦳡	0	𦳡
𦳢	0	𦳢	0	𦳢
𦳣	0	𦳣	0	𦳣
𦳤	1	藨	1	藨
𦳥	0	𦳥	0	𦳥
𦳦	2	栽&𦳦	2	栽&𦳦
𦳧	0	𦳧	0	𦳧
𦳨	1	䓼	1	䓼
𦳩	0	𦳩	0	𦳩
𦳪	1	蓀	1	蓀
𦳫	0	𦳫	0	𦳫
𦳬	0	𦳬	0	𦳬
𦳭	2	𦭯&𦳭	2	𦭯&𦳭
𦳮	0	𦳮	0	𦳮
𦳰	3	厶&𥬔	1	𥬔
𦳱	3	𦯑&草	1	草
𦳲	1	葝	1	葝
𦳳	1	蓁	1	蓁
𦳴	1	葜	1	葜
𦳵	2	𥯩&𦳵	1	𥯩
𦳶	1	莔	1	莔
𦳷	1	蕕	1	蕕
𦳸	1	𦰪	1	𦰪
𦳹	0	𦳹	0	𦳹
𦳺	1	茇	1	茇
𦳻	1	𦵟	1	𦵟
𦳼	3	爇&焫	1	爇
𦳽	0	𦳽	0	𦳽
𦳾	0	𦳾	0	𦳾
𦳿	0	𦳿	0	𦳿
𦴀	0	𦴀	0	𦴀
𦴁	3	瞢&𦴔	1	𦴔
𦴂	1	䓙	1	䓙
𦴃	1	𦵫	3	
𦴅	1	荾	1	荾
𦴆	1	苟	3	
𦴇	1	𦾵	1	𦾵
𦴈	1	若	1	若
𦴉	0	𦴉	0	𦴉
𦴊	0	𦴊	0	𦴊
𦴋	1	夢	1	夢
𦴌	0	𦴌	0	𦴌
𦴍	0	𦴍	0	𦴍
𦴎	0	𦴎	0	𦴎
𦴏	2	絣&𦴏	0	𦴏
𦴐	3	𠌉&𠔯	1	𠌉
𦴑	0	𦴑	0	𦴑
𦴒	1	享	1	享
𦴓	1	葬	1	葬
𦴔	2	瞢&𦴔	1	瞢
𦴕	2	蘀&𦴕	1	蘀
𦴖	1	莔	1	莔
𦴗	3	彙&𦳢	1	彙
𦴘	1	解	1	解
𦴙	1	黎	3	
𦴚	2	迢&𦴚	2	迢&𦴚
𦴛	1	茜	1	茜
𦴜	1	蔥	1	蔥
𦴝	3	薄&篺	1	篺
𦴞	3	䒶&天	1	天
𦴟	1	茢	1	茢
𦴠	1	苜	1	苜
𦴫	1	蒒	1	蒒
𦴬	2	卉&𦴬	2	卉&𦴬
𦴭	2	藐&𦴭	1	藐
𦴮	1	范	1	范
𦴯	1	葖	1	葖
𦴰	1	苕	1	苕
𦴱	1	葬	1	葬
𦴲	1	𦴔	1	𦴔
𦴳	1	苟	1	苟
𦴹	1	穢	3	
𦴼	1	蓁	3	
𦵇	1	蔥	3	
𦵉	1	萐	3	
𦵏	1	葬	1	葬
𦵐	2	𦯖&𦵐	2	𦯖&𦵐
𦵑	1	蒟	1	蒟
𦵒	1	萩	1	萩
𦵓	1	篅	3	
𦵔	1	葅	3	
𦵕	0	𦵕	3	
𦵘	1	䓴	3	
𦵝	1	苳	1	苳
𦵟	0	𦵟	0	𦵟
𦵡	1	芎	1	芎
𦵢	3	農&薅	3	農&薅
𦵣	0	𦵣	0	𦵣
𦵤	1	蒄	1	蒄
𦵥	1	蔚	1	蔚
𦵦	0	𦵦	0	𦵦
𦵧	2	藐&𦵧	2	藐&𦵧
𦵨	1	薇	1	薇
𦵩	2	糟&𦵩	2	糟&𦵩
𦵪	1	蓛	1	蓛
𦵫	0	𦵫	0	𦵫
𦵬	1	葄	1	葄
𦵭	2	葰&𦵭&䔀	2	葰&𦵭&䔀
𦵮	1	薛	1	薛
𦵯	0	𦵯	0	𦵯
𦵰	1	菑	1	菑
𦵱	0	𦵱	0	𦵱
𦵲	1	𦯈	1	𦯈
𦵳	3	䕮&菊	1	菊
𦵴	0	𦵴	0	𦵴
𦵵	2	蕕&𦵵	0	𦵵
𦵶	1	茿	1	茿
𦵷	0	𦵷	0	𦵷
𦵸	0	𦵸	0	𦵸
𦵹	1	菼	1	菼
𦵺	3	䓠&𦾽	1	䓠
𦵻	1	茜	1	茜
𦵼	1	菌	1	菌
𦵽	0	𦵽	0	𦵽
𦵾	0	𦵾	0	𦵾
𦵿	0	𦵿	0	𦵿
𦶀	0	𦶀	0	𦶀
𦶁	1	蕡	1	蕡
𦶂	0	𦶂	0	𦶂
𦶃	1	𦱔	3	
𦶄	1	𦯖	1	𦯖
𦶅	0	𦶅	0	𦶅
𦶆	1	莥	1	莥
𦶇	0	𦶇	0	𦶇
𦶈	0	𦶈	0	𦶈
𦶉	1	茈	1	茈
𦶊	3	萍&蓱	1	蓱
𦶋	0	𦶋	0	𦶋
𦶌	0	𦶌	0	𦶌
𦶍	0	𦶍	0	𦶍
𦶎	0	𦶎	0	𦶎
𦶏	0	𦶏	0	𦶏
𦶐	0	𦶐	0	𦶐
𦶑	0	𦶑	0	𦶑
𦶒	1	菏	1	菏
𦶓	1	蕻	1	蕻
𦶔	1	葋	1	葋
𦶕	0	𦶕	0	𦶕
𦶖	3	虆&蘽	1	蘽
𦶗	3	䕮&菊	1	菊
𦶘	1	菤	1	菤
𦶙	0	𦶙	0	𦶙
𦶚	0	𦶚	0	𦶚
𦶛	1	莫	1	莫
𦶜	1	茝	3	
𦶟	1	𭶢	3	
𦶩	2	益&𦶩	2	益&𦶩
𦶪	1	茸	1	茸
𦶫	3	桑&葉	3	桑&葉
𦶬	1	葰	1	葰
𦶭	1	荔	1	荔
𦶮	1	耘	1	耘
𦶯	1	䒸	1	䒸
𦶰	1	蓖	1	蓖
𦷓	1	䕸	1	䕸
𦷔	2	蔖&𦷔	1	蔖
𦷕	1	蓾	1	蓾
𦷖	1	軛	1	軛
𦷗	1	薑	1	薑
𦷘	1	證	1	證
𦷙	0	𦷙	0	𦷙
𦷚	1	葸	1	葸
𦷛	1	傰	1	傰
𦷝	3	蒭&芻	1	芻
𦷞	3	葉&䌨	1	䌨
𦷟	1	莦	1	莦
𦷠	1	𧂘	1	𧂘
𦷡	1	葵	1	葵
𦷣	1	草	1	草
𦷥	1	蔽	3	
𦷱	1	葥	1	葥
𦷲	1	蒵	1	蒵
𦷳	0	𦷳	0	𦷳
𦷴	0	𦷴	0	𦷴
𦷵	0	𦷵	0	𦷵
𦷶	1	莽	1	莽
𦷷	0	𦷷	0	𦷷
𦷸	1	𦭰	1	𦭰
𦷹	0	𦷹	0	𦷹
𦷺	0	𦷺	0	𦷺
𦷻	0	𦷻	0	𦷻
𦷽	0	𦷽	0	𦷽
𦷾	1	蔕	3	
𦷿	1	𦵵	1	𦵵
𦸀	1	藄	1	藄
𦸁	0	𦸁	0	𦸁
𦸂	0	𦸂	0	𦸂
𦸃	1	菣	1	菣
𦸄	1	䕆	1	䕆
𦸅	1	蔻	3	
𦸆	0	𦸆	0	𦸆
𦸇	3	朮&𦬸	1	朮
𦸈	1	䒷	1	䒷
𦸉	1	葜	1	葜
𦸊	0	𦸊	0	𦸊
𦸋	1	蔊	1	蔊
𦸌	3	𦺊&莞	1	莞
𦸍	1	莌	1	莌
𦸎	1	蒔	1	蒔
𦸏	1	蓑	1	蓑
𦸐	0	𦸐	0	𦸐
𦸑	1	蔑	3	
𦸒	2	稦&𦸒	0	𦸒
𦸓	0	𦸓	0	𦸓
𦸔	2	𦶌&𦸔	2	𦶌&𦸔
𦸕	1	毒	1	毒
𦸖	1	𦮾	1	𦮾
𦸗	0	𦸗	0	𦸗
𦸘	0	𦸘	0	𦸘
𦸙	0	𦸙	0	𦸙
𦸚	0	𦸚	0	𦸚
𦸛	0	𦸛	0	𦸛
𦸜	1	菑	1	菑
𦸝	1	𧀬	1	𧀬
𦸞	1	蜜	1	蜜
𦸟	1	葬	1	葬
𦸠	1	𦺶	1	𦺶
𦸡	0	𦸡	0	𦸡
𦸢	0	𦸢	0	𦸢
𦸣	1	萆	1	萆
𦸤	1	蕞	1	蕞
𦸥	1	𦼏	3	
𦸦	1	葧	1	葧
𦸧	3	堇&菫	1	菫
𦸨	3	堇&菫	1	菫
𦸩	1	蓽	1	蓽
𦸪	0	𦸪	0	𦸪
𦸫	1	菎	1	菎
𦸬	1	春	1	春
𦸭	1	䓊	1	䓊
𦸮	2	葴&𦸮	0	𦸮
𦸯	1	莘	1	莘
𦸰	2	産&𦸰	0	𦸰
𦸱	0	𦸱	0	𦸱
𦸲	3	藕&蕅	1	藕
𦸳	1	蓐	1	蓐
𦸴	1	苵	1	苵
𦸵	1	𦼫	1	𦼫
𦸶	0	𦸶	0	𦸶
𦸷	0	𦸷	0	𦸷
𦸸	2	䅷&𦸸	0	𦸸
𦸹	1	艽	1	艽
𦸺	0	𦸺	0	𦸺
𦸻	1	嗟	3	
𦸼	1	藻	3	
𦹁	1	葉	3	
𦹆	1	菫	1	菫
𦹇	2	遳&𦹇	0	𦹇
𦹈	1	莎	1	莎
𦹉	1	茆	1	茆
𦹊	1	䓊	1	䓊
𦹋	1	蔑	3	
𦹌	1	蠆	1	蠆
𦹍	1	荼	1	荼
𦹏	1	灌	3	
𦹛	1	萼	3	
𦹠	1	殣	3	
𦹡	1	殍	1	殍
𦹢	3	造&䔏	1	造
𦹣	2	𦮍&𦹣	0	𦹣
𦹤	1	蒨	1	蒨
𦹦	1	鎣	3	
𦹧	1	簋	3	
𦹨	1	證	3	
𦹩	1	萌	3	
𦹪	1	㷬	1	㷬
𦹬	1	𦶎	3	
𦹽	0	𦹽	0	𦹽
𦹾	1	耄	1	耄
𦹿	2	葰&𦹿	1	葰
𦺀	2	蔟&𦺀	0	𦺀
𦺁	3	㵩&𦻜	1	𦻜
𦺂	1	葩	1	葩
𦺆	1	䔌	1	䔌
𦺇	1	䓯	1	䓯
𦺈	1	蓀	1	蓀
𦺉	0	𦺉	0	𦺉
𦺊	2	𦺊&莞	1	莞
𦺋	1	䕅	1	䕅
𦺌	0	𦺌	0	𦺌
𦺍	2	𦺍&葥	1	葥
𦺎	0	𦺎	0	𦺎
𦺏	1	茭	1	茭
𦺐	0	𦺐	0	𦺐
𦺑	2	菶&𦺑	2	菶&𦺑
𦺒	1	蓩	1	蓩
𦺓	0	𦺓	0	𦺓
𦺔	0	𦺔	0	𦺔
𦺕	1	蘬	1	蘬
𦺖	0	𦺖	0	𦺖
𦺗	0	𦺗	0	𦺗
𦺘	2	葴&𦸮&𦺘	2	葴&𦸮&𦺘
𦺙	0	𦺙	0	𦺙
𦺚	1	薵	1	薵
𦺛	2	猭&𦺛	0	𦺛
𦺜	2	䝁&𦺜	2	䝁&𦺜
𦺝	1	薴	1	薴
𦺞	0	𦺞	0	𦺞
𦺟	0	𦺟	0	𦺟
𦺠	3	苽&菰	1	菰
𦺡	0	𦺡	0	𦺡
𦺢	0	𦺢	0	𦺢
𦺣	0	𦺣	0	𦺣
𦺤	1	葇	1	葇
𦺥	0	𦺥	0	𦺥
𦺦	0	𦺦	0	𦺦
𦺧	0	𦺧	0	𦺧
𦺨	0	𦺨	0	𦺨
𦺩	1	𦻝	1	𦻝
𦺪	3	蒢&藷	3	蒢&藷
𦺫	1	䕞	1	䕞
𦺬	0	𦺬	0	𦺬
𦺭	0	𦺭	0	𦺭
𦺮	3	N00152&萸	1	N00152
𦺯	1	䕈	1	䕈
𦺰	1	蓧	1	蓧
𦺱	2	薋&𦺱	2	薋&𦺱
𦺲	0	𦺲	0	𦺲
𦺳	1	薏	1	薏
𦺴	0	𦺴	0	𦺴
𦺵	1	菆	1	菆
𦺶	0	𦺶	0	𦺶
𦺷	0	𦺷	0	𦺷
𦺸	2	燐&𦺸	0	𦺸
𦺹	0	𦺹	0	𦺹
𦺺	3	𦽓&𦾵	1	𦾵
𦺻	0	𦺻	0	𦺻
𦺼	1	蔭	1	蔭
𦺽	0	𦺽	0	𦺽
𦺾	0	𦺾	0	𦺾
𦺿	1	蘵	1	蘵
𦻀	2	𦻀&䔶	1	䔶
𦻁	0	𦻁	0	𦻁
𦻂	1	薞	1	薞
𦻃	2	萑&𦻃	1	萑
𦻄	1	葏	1	葏
𦻅	0	𦻅	0	𦻅
𦻆	1	藄	1	藄
𦻇	1	惠	1	惠
𦻈	1	薄	1	薄
𦻉	1	菔	1	菔
𦻊	1	莊	1	莊
𦻋	3	堇&菫	1	菫
𦻌	1	簠	1	簠
𦻍	3	堇&菫	1	菫
𦻏	1	華	3	
𦻕	1	蘟	3	
𦻛	1	蒸	3	
𦻜	0	𦻜	0	𦻜
𦻝	0	𦻝	0	𦻝
𦻞	0	𦻞	0	𦻞
𦻟	1	菬	1	菬
𦻠	1	菫	1	菫
𦻡	1	菆	1	菆
𦻢	1	菿	1	菿
𦻣	1	萊	1	萊
𦻤	1	茜	1	茜
𦻥	1	菲	1	菲
𦻦	1	萄	1	萄
𦻧	1	萑	1	萑
𦻨	1	𦱄	1	𦱄
𦻩	1	蔤	1	蔤
𦻪	1	葦	1	葦
𦻴	1	蓵	3	
𦻷	1	繭	3	
𦼆	1	蕤	1	蕤
𦼈	1	聚	3	
𦼉	0	𦼉	3	
𦼊	2	𦼊&薐	2	𦼊&薐
𦼋	1	𦽎	1	𦽎
𦼌	1	年	1	年
𦼍	3	𦺊&莞	1	莞
𦼎	0	𦼎	0	𦼎
𦼏	0	𦼏	0	𦼏
𦼐	1	䔸	1	䔸
𦼑	1	蓿	1	蓿
𦼒	3	參&蔘	1	蔘
𦼖	1	檾	3	
𦼙	1	𧀠	1	𧀠
𦼠	1	開	3	
𦼡	0	𦼡	0	𦼡
𦼢	0	𦼢	0	𦼢
𦼣	1	薁	3	
𦼤	1	𧀨	1	𧀨
𦼩	1	𦻅	1	𦻅
𦼪	0	𦼪	0	𦼪
𦼫	0	𦼫	0	𦼫
𦼬	2	𦼬&菹	1	菹
𦼭	1	欂	1	欂
𦼮	1	𦾮	1	𦾮
𦼯	3	穗&穟	1	穟
𦼰	2	藒&𦼰	0	𦼰
𦼱	0	𦼱	0	𦼱
𦼲	0	𦼲	0	𦼲
𦼳	0	𦼳	0	𦼳
𦼴	0	𦼴	0	𦼴
𦼵	3	藒&𦼰	1	𦼰
𦼶	1	䕈	1	䕈
𦼷	0	𦼷	0	𦼷
𦼸	1	薅	1	薅
𦼹	0	𦼹	0	𦼹
𦼺	1	苵	1	苵
𦼻	3	薇&葿	3	薇&葿
𦼼	2	篽&蓹&𦼼	2	篽&蓹&𦼼
𦼽	1	芰	1	芰
𦼾	1	菗	1	菗
𦼿	1	䔻	1	䔻
𦽀	0	𦽀	0	𦽀
𦽁	0	𦽁	0	𦽁
𦽂	1	𦸐	1	𦸐
𦽃	0	𦽃	0	𦽃
𦽄	0	𦽄	0	𦽄
𦽅	0	𦽅	0	𦽅
𦽆	1	孽	1	孽
𦽇	0	𦽇	0	𦽇
𦽈	1	蕕	1	蕕
𦽉	1	菼	1	菼
𦽊	2	𦽊&驊	1	驊
𦽋	0	𦽋	0	𦽋
𦽌	3	葍&𦿁	1	葍
𦽎	0	𦽎	0	𦽎
𦽏	0	𦽏	0	𦽏
𦽐	0	𦽐	0	𦽐
𦽑	1	稕	1	稕
𦽒	0	𦽒	0	𦽒
𦽓	2	𦽓&𦾵	1	𦾵
𦽔	0	𦽔	0	𦽔
𦽕	0	𦽕	0	𦽕
𦽖	1	菌	1	菌
𦽗	2	蔽&𦽗	1	蔽
𦽘	1	䓜	1	䓜
𦽙	3	𧂍&蓀	1	蓀
𦽚	3	㜸&孽&𦽵	3	孽&𦽵
𦽛	1	蔻	1	蔻
𦽜	1	萏	1	萏
𦽝	1	蓏	1	蓏
𦽞	1	薍	1	薍
𦽟	1	萹	1	萹
𦽠	1	蔜	1	蔜
𦽡	2	𦽡&耄	1	耄
𦽢	1	蔕	1	蔕
𦽣	1	䕀	1	䕀
𦽤	1	䕛	1	䕛
𦽥	3	𦿒&榛	1	榛
𦽦	1	蔓	1	蔓
𦽧	1	莠	1	莠
𦽨	1	茭	1	茭
𦽩	3	揉&葇	1	葇
𦽪	3	葍&𦿁	1	葍
𦽫	2	㔶&𦽫	2	㔶&𦽫
𦽬	0	𦽬	0	𦽬
𦽮	0	𦽮	0	𦽮
𦽯	1	亟	3	
𦽱	1	葬	1	葬
𦽳	1	蠆	3	
𦽵	0	𦽵	0	𦽵
𦽶	0	𦽶	0	𦽶
𦽷	1	葏	1	葏
𦽸	1	葭	1	葭
𦽹	1	萺	1	萺
𦽺	1	蔜	1	蔜
𦽻	1	葆	1	葆
𦽿	1	蕒	3	
𦾈	1	蘂	3	
𦾏	0	𦾏	0	𦾏
𦾐	1	藍	1	藍
𦾒	3	䬴&秣	1	秣
𦾓	1	華	3	
𦾔	1	舊	1	舊
𦾖	1	藌	3	
𦾗	1	藎	1	藎
𦾛	1	韡	3	
𦾝	1	蒼	3	
𦾞	1	盝	3	
𦾨	1	㜸	3	
𦾫	0	𦾫	3	
𦾬	0	𦾬	0	𦾬
𦾭	1	蒡	1	蒡
𦾮	0	𦾮	0	𦾮
𦾯	1	菉	1	菉
𦾰	2	菻&𦾰	1	菻
𦾱	2	摷&𦾱	0	𦾱
𦾲	2	𦾲&𧃞	2	𦾲&𧃞
𦾳	0	𦾳	0	𦾳
𦾴	1	蘩	1	蘩
𦾵	0	𦾵	0	𦾵
𦾶	2	蔪&𦾶	0	𦾶
𦾷	1	蓼	1	蓼
𦾸	0	𦾸	0	𦾸
𦾹	0	𦾹	0	𦾹
𦾺	0	𦾺	0	𦾺
𦾻	0	𦾻	0	𦾻
𦾼	1	𦵷	1	𦵷
𦾽	2	𦿚&𦾽	0	𦾽
𦾾	1	䔄	1	䔄
𦾿	0	𦾿	0	𦾿
𦿀	2	藸&𦿀	2	藸&𦿀
𦿁	2	葍&𦿁	0	𦿁
𦿂	0	𦿂	0	𦿂
𦿃	0	𦿃	0	𦿃
𦿄	1	𧀄	1	𧀄
𦿅	0	𦿅	0	𦿅
𦿆	0	𦿆	0	𦿆
𦿈	1	蘥	1	蘥
𦿉	3	籑&餕	1	餕
𦿊	0	𦿊	0	𦿊
𦿋	1	藒	1	藒
𦿌	2	蔂&𦿌	1	蔂
𦿍	0	𦿍	0	𦿍
𦿎	2	䔴&𦿎	1	䔴
𦿏	0	𦿏	0	𦿏
𦿐	1	䕙	1	䕙
𦿑	3	臟&葬	1	葬
𦿒	2	𦿒&榛	1	榛
𦿓	1	𦼷	1	𦼷
𦿔	1	蔽	1	蔽
𦿕	3	藮&樵	1	樵
𦿖	0	𦿖	0	𦿖
𦿗	1	耄	1	耄
𦿘	1	葅	1	葅
𦿙	1	蘀	1	蘀
𦿚	0	𦿚	3	
𦿛	1	夢	3	
𦿜	1	蘋	3	
𦿝	1	蔽	3	
𦿠	1	蒮	1	蒮
𦿡	1	藈	1	藈
𦿢	1	蒙	1	蒙
𦿣	1	蒿	1	蒿
𦿤	1	蓄	1	蓄
𦿥	1	𦵵	1	𦵵
𦿦	1	蘮	1	蘮
𦿧	1	薉	1	薉
𦿨	3	菑&䎩	3	菑&䎩
𦿩	1	蓸	1	蓸
𦿪	1	蓬	1	蓬
𦿳	1	藝	3	
𦿿	1	𣨙	3	
𧀃	1	蕀	3	
𧀄	0	𧀄	0	𧀄
𧀅	3	秣&𥣫	3	秣&𥣫
𧀆	0	𧀆	0	𧀆
𧀇	1	繭	1	繭
𧀈	1	茜	3	
𧀉	1	藻	3	
𧀋	1	蘑	3	
𧀍	1	䒼	1	䒼
𧀑	1	種	3	
𧀔	2	䓼&𧀔	0	𧀔
𧀕	0	𧀕	0	𧀕
𧀖	2	𦻀&䔶&𧀖	2	䔶&𧀖
𧀗	1	菑	1	菑
𧀘	0	𧀘	0	𧀘
𧀙	2	𦵸&𧀙	0	𧀙
𧀚	0	𧀚	0	𧀚
𧀛	1	藣	1	藣
𧀝	1	𦵦	1	𦵦
𧀠	0	𧀠	0	𧀠
𧀡	2	蘸&𧀡	2	蘸&𧀡
𧀢	3	屟&屧	1	屧
𧀣	0	𧀣	0	𧀣
𧀤	0	𧀤	0	𧀤
𧀥	0	𧀥	0	𧀥
𧀦	1	蓾	1	蓾
𧀧	0	𧀧	0	𧀧
𧀨	0	𧀨	0	𧀨
𧀩	0	𧀩	0	𧀩
𧀪	2	𧀪&䕩	1	䕩
𧀫	1	薚	1	薚
𧀬	0	𧀬	0	𧀬
𧀭	0	𧀭	0	𧀭
𧀮	1	𦺉	1	𦺉
𧀯	0	𧀯	0	𧀯
𧀰	0	𧀰	0	𧀰
𧀱	1	蔕	1	蔕
𧀲	0	𧀲	0	𧀲
𧀳	1	蕼	1	蕼
𧀴	0	𧀴	0	𧀴
𧀵	1	蔪	1	蔪
𧀷	3	𧂇&蕁	1	蕁
𧀸	1	𦿍	1	𦿍
𧀹	1	蔗	1	蔗
𧀺	2	𧀺&䕵	2	𧀺&䕵
𧀻	0	𧀻	0	𧀻
𧀼	1	薛	1	薛
𧀽	1	菹	1	菹
𧀾	1	蕛	1	蕛
𧀿	1	𧃐	1	𧃐
𧁀	1	𦾮	1	𦾮
𧁁	1	蘘	1	蘘
𧁂	1	䔹	1	䔹
𧁃	1	蓄	1	蓄
𧁄	3	𦺍&葥	1	葥
𧁅	1	證	1	證
𧁆	1	證	1	證
𧁇	1	若	1	若
𧁈	0	𧁈	0	𧁈
𧁉	0	𧁉	0	𧁉
𧁊	0	𧁊	0	𧁊
𧁋	0	𧁋	0	𧁋
𧁌	1	夢	1	夢
𧁍	3	藻&𨎮	1	藻
𧁎	1	夔	3	
𧁏	1	疐	1	疐
𧁑	1	藻	1	藻
𧁔	1	簠	1	簠
𧁕	1	蓱	1	蓱
𧁖	1	蓄	1	蓄
𧁘	1	蕁	1	蕁
𧁜	1	蔧	3	
𧁧	1	繭	3	
𧁨	1	蘇	1	蘇
𧁰	1	藑	1	藑
𧁲	1	芹	3	
𧁳	1	蘎	3	
𧁻	1	蘬	1	蘬
𧁼	1	䔺	1	䔺
𧁽	3	菱&蔆	1	蔆
𧁾	0	𧁾	0	𧁾
𧁿	0	𧁿	0	𧁿
𧂀	1	藐	1	藐
𧂁	0	𧂁	0	𧂁
𧂂	0	𧂂	0	𧂂
𧂃	1	莟	1	莟
𧂄	0	𧂄	0	𧂄
𧂅	0	𧂅	0	𧂅
𧂆	0	𧂆	0	𧂆
𧂇	0	𧂇	3	
𧂈	2	藻&𧂈	2	藻&𧂈
𧂉	0	𧂉	0	𧂉
𧂊	1	薤	1	薤
𧂋	0	𧂋	0	𧂋
𧂌	1	蕣	1	蕣
𧂍	2	𧂍&蓀	1	蓀
𧂎	1	薧	1	薧
𧂏	0	𧂏	0	𧂏
𧂐	0	𧂐	0	𧂐
𧂑	1	薦	1	薦
𧂒	0	𧂒	0	𧂒
𧂓	1	馳	1	馳
𧂔	0	𧂔	0	𧂔
𧂕	3	𦽡&耄	1	耄
𧂖	1	䔷	1	䔷
𧂗	3	𧂇&蕁	1	蕁
𧂘	2	蘘&𧂘	0	𧂘
𧂙	1	蕮	1	蕮
𧂚	2	𧂚&菹	1	菹
𧂛	0	𧂛	0	𧂛
𧂜	0	𧂜	0	𧂜
𧂝	1	䁾	1	䁾
𧂞	0	𧂞	0	𧂞
𧂟	1	蕢	1	蕢
𧂡	1	𧁊	1	𧁊
𧂣	2	𦾫&𧂣	0	𧂣
𧂤	3	𧄔&藷	1	藷
𧂥	1	葬	1	葬
𧂦	1	𧅘	3	
𧂧	3	䕕&蔓	1	蔓
𧂨	0	𧂨	0	𧂨
𧂩	0	𧂩	0	𧂩
𧂭	1	耨	3	
𧂰	1	藎	1	藎
𧂱	1	蕨	1	蕨
𧂲	3	䕮&菊	1	菊
𧂳	1	蕇	1	蕇
𧂴	3	𦼉&𦻃	1	𦻃
𧂵	1	蕃	1	蕃
𧃀	1	蠖	3	
𧃆	1	籙	3	
𧃈	3	𥷚&鞫	1	鞫
𧃉	3	𧀪&䕩	1	䕩
𧃊	1	饌	3	
𧃍	1	夔	3	
𧃏	1	歜	1	歜
𧃐	0	𧃐	0	𧃐
𧃑	0	𧃑	0	𧃑
𧃒	1	𧃒	1	𧃒
𧃓	3	䕮&菊	1	菊
𧃔	0	𧃔	0	𧃔
𧃕	1	藆	1	藆
𧃖	2	韱&𧃖	1	韱
𧃗	1	䔯	1	䔯
𧃘	1	䔘	1	䔘
𧃙	0	𧃙	0	𧃙
𧃚	1	䔺	1	䔺
𧃛	0	𧃛	0	𧃛
𧃜	1	藑	1	藑
𧃝	0	𧃝	0	𧃝
𧃞	0	𧃞	0	𧃞
𧃟	0	𧃟	0	𧃟
𧃡	1	藻	1	藻
𧃢	2	𦼫&𧃢	2	𦼫&𧃢
𧃣	1	菎	1	菎
𧃤	1	藎	1	藎
𧃥	1	䕍	1	䕍
𧃦	3	雚&𡚊	1	𡚊
𧃧	1	蘪	1	蘪
𧃨	2	𧃨&𧅘	0	𧃨
𧃩	0	𧃩	0	𧃩
𧃪	2	蔄&𧃪	2	蔄&𧃪
𧃫	1	藉	1	藉
𧃬	1	䕩	1	䕩
𧃭	1	𦽊	3	
𧃮	3	燐&菱&𦺸	1	𦺸
𧃯	1	孽	1	孽
𧃰	2	𧃰&夔	1	夔
𧃱	1	𧂘	3	
𧃲	1	䕷	3	
𧃹	2	𣟦&𧃹	0	𧃹
𧃺	1	𦼪	1	𦼪
𧃻	1	薔	1	薔
𧃼	1	觀	1	觀
𧄇	3	蘅&𦼼	1	蘅
𧄋	3	𦽊&驊	1	驊
𧄍	0	𧄍	0	𧄍
𧄎	0	𧄎	0	𧄎
𧄏	0	𧄏	0	𧄏
𧄐	0	𧄐	0	𧄐
𧄑	0	𧄑	0	𧄑
𧄒	1	蘧	1	蘧
𧄓	0	𧄓	0	𧄓
𧄔	2	𧄔&藷	1	藷
𧄕	1	蘵	1	蘵
𧄖	1	蔈	1	蔈
𧄗	3	𧂚&菹	1	菹
𧄘	1	藙	1	藙
𧄙	2	𧄙&䔺	1	䔺
𧄚	2	萊&𧄚	2	萊&𧄚
𧄛	0	𧄛	0	𧄛
𧄜	1	蕊	1	蕊
𧄝	1	𧂒	1	𧂒
𧄞	1	𧅖	1	𧅖
𧄟	3	𧲛&薦	1	薦
𧄠	0	𧄠	0	𧄠
𧄡	3	藮&樵	1	樵
𧄢	3	薓&葠	1	葠
𧄣	1	燒	1	燒
𧄧	1	藴	3	
𧄨	1	𧅘	1	𧅘
𧄩	1	藻	1	藻
𧄪	1	驊	1	驊
𧄫	1	蘩	1	蘩
𧄯	1	寤	3	
𧄱	1	闒	3	
𧄶	1	䖂	1	䖂
𧄷	1	𧅖	1	𧅖
𧄸	1	虋	1	虋
𧄹	0	𧄹	0	𧄹
𧄺	0	𧄺	0	𧄺
𧄻	0	𧄻	0	𧄻
𧄼	0	𧄼	0	𧄼
𧄽	0	𧄽	0	𧄽
𧄾	2	藣&𧄾	0	𧄾
𧄿	0	𧄿	0	𧄿
𧅀	0	𧅀	0	𧅀
𧅁	1	薑	1	薑
𧅂	1	藻	1	藻
𧅃	0	𧅃	0	𧅃
𧅄	2	夔&𧅄	0	𧅄
𧅅	1	華	1	華
𧅆	0	𧅆	0	𧅆
𧅇	1	𧅆	1	𧅆
𧅈	1	藋	1	藋
𧅉	1	藭	1	藭
𧅊	3	菱&蔆	1	蔆
𧅋	0	𧅋	0	𧅋
𧅌	1	䵵	1	䵵
𧅍	1	𧂘	1	𧂘
𧅎	1	藚	1	藚
𧅏	1	藜	1	藜
𧅓	1	藭	1	藭
𧅖	0	𧅖	0	𧅖
𧅗	0	𧅗	0	𧅗
𧅘	0	𧅘	0	𧅘
𧅙	1	藙	1	藙
𧅚	0	𧅚	0	𧅚
𧅛	1	藋	1	藋
𧅜	1	藽	1	藽
𧅝	1	蓸	1	蓸
𧅞	1	聚	1	聚
𧅟	1	𧄠	1	𧄠
𧅠	3	虀&齏	3	虀&齏
𧅡	1	䕸	1	䕸
𧅢	2	𧄙&䔺&𧅢	2	䔺&𧅢
𧅩	1	𢸧	1	𢸧
𧅪	1	蠢	1	蠢
𧅮	0	𧅮	0	𧅮
𧅯	2	蘺&𧅯	2	蘺&𧅯
𧅰	0	𧅰	0	𧅰
𧅱	3	虀&齏	3	虀&齏
𧅲	1	𦳩	1	𦳩
𧅳	1	䕻	1	䕻
𧅴	1	齏	1	齏
𧅶	1	繭	3	
𧅸	1	蕈	1	蕈
𧅹	1	䱡	3	
𧅺	0	𧅺	0	𧅺
𧅻	2	䕼&𧅻	1	䕼
𧅼	1	䖆	1	䖆
𧅽	1	醢	1	醢
𧅾	1	虋	1	虋
𧆁	1	藂	1	藂
𧆃	1	𧄿	1	𧄿
𧆆	3	礿&禴	1	禴
𧆇	2	䅌&𧆇	1	䅌
𧆈	1	藙	1	藙
𧆉	0	𧆉	0	𧆉
𧆊	1	虌	1	虌
𧆋	3	然&燃	1	燃
𧆏	0	𧆏	0	𧆏
𧆐	0	𧆐	0	𧆐
𧆑	2	藿&𧆑	2	藿&𧆑
𧆒	1	歡	1	歡
𧆓	0	𧆓	0	𧆓
𧆔	1	𧅺	1	𧅺
𧆕	0	𧆕	0	𧆕
𧆖	3	䕼&䕿	1	䕼
𧆗	1	醢	1	醢
𧆘	0	𧆘	0	𧆘
𧆙	0	𧆙	0	𧆙
𧆚	1	䕿	1	䕿
𧆛	1	虔	1	虔
𧆜	2	𧆜&虖	1	虖
𧆝	1	虐	1	虐
𧆞	1	虎	1	虎
𧆟	1	虓	3	
𧆣	2	罏&𧆣	0	𧆣
𧆤	2	䖊&𧆤	1	䖊
𧆥	2	狎&柙&𧆥	2	狎&柙&𧆥
𧆦	2	䖊&𧆦	0	𧆦
𧆧	1	虐	1	虐
𧆨	3	𧇄&罏	1	罏
𧆩	1	虐	1	虐
𧆪	1	虖	1	虖
𧆫	1	𧆦	1	𧆦
𧆬	1	虓	1	虓
𧆭	1	𧇄	3	
𧆮	1	虎	3	
𧆱	1	虐	1	虐
𧆲	2	𧆲&䖒	1	䖒
𧆳	1	虚	1	虚
𧆺	0	𧆺	0	𧆺
𧆻	0	𧆻	0	𧆻
𧆼	0	𧆼	0	𧆼
𧆽	1	䖑	1	䖑
𧆾	1	虡	1	虡
𧆿	3	庸&膚	1	庸
𧇀	1	虡	3	
𧇁	2	虍&𧇁	2	虍&𧇁
𧇂	1	虎	1	虎
𧇃	1	虨	1	虨
𧇄	2	𧇄&罏	1	罏
𧇅	1	䖑	1	䖑
𧇆	1	虡	1	虡
𧇇	3	䖕&虘	1	虘
𧇈	1	𧇿	1	𧇿
𧇉	2	𧆻&𧇉	1	𧆻
𧇊	1	虧	3	
𧇋	1	睿	3	
𧇍	1	罅	1	罅
𧇏	1	𧆣	3	
𧇐	1	虪	1	虪
𧇑	1	虣	1	虣
𧇒	1	虣	1	虣
𧇓	0	𧇓	0	𧇓
𧇔	1	凱	1	凱
𧇕	3	𧇄&𧆣	1	𧆣
𧇖	1	睿	3	
𧇘	1	詛	1	詛
𧇜	0	𧇜	0	𧇜
𧇝	2	虪&𧇝	2	虪&𧇝
𧇞	0	𧇞	0	𧇞
𧇟	0	𧇟	0	𧇟
𧇠	0	𧇠	0	𧇠
𧇡	0	𧇡	0	𧇡
𧇢	1	䖘	1	䖘
𧇣	1	𧇿	1	𧇿
𧇤	1	處	1	處
𧇥	1	虨	1	虨
𧇦	0	𧇦	0	𧇦
𧇧	2	虢&𧇧	1	虢
𧇨	1	虨	1	虨
𧇩	1	睿	3	
𧇬	0	𧇬	0	𧇬
𧇭	1	虣	1	虣
𧇱	1	䖗	1	䖗
𧇲	1	烘	1	烘
𧇺	1	烘	3	
𧇻	1	䖑	1	䖑
𧇼	0	𧇼	0	𧇼
𧇽	1	虡	1	虡
𧇾	1	虧	1	虧
𧇿	0	𧇿	0	𧇿
𧈀	1	靈	1	靈
𧈁	0	𧈁	0	𧈁
𧈅	0	𧈅	3	
𧈆	1	𧆼	1	𧆼
𧈇	1	虨	1	虨
𧈈	0	𧈈	0	𧈈
𧈉	1	霸	1	霸
𧈊	1	𧈈	3	
𧈋	1	菟	1	菟
𧈍	0	𧈍	0	𧈍
𧈎	1	𧈑	1	𧈑
𧈏	1	𧈅	3	
𧈐	1	饕	1	饕
𧈑	0	𧈑	0	𧈑
𧈒	1	䖘	1	䖘
𧈓	2	𧈖&𧈓&𧈑	2	𧈓&𧈑
𧈔	1	𧈘	1	𧈘
𧈕	2	罏&𧈕&𧆣	2	罏&𧈕
𧈖	2	𧈖&𧈑	1	𧈑
𧈗	1	𧈑	1	𧈑
𧈘	0	𧈘	0	𧈘
𧈚	1	㿾	1	㿾
𧈜	0	𧈜	0	𧈜
𧈝	0	𧈝	0	𧈝
𧈞	2	𧏾&𧈞	2	𧏾&𧈞
𧈟	1	𧏾	1	𧏾
𧈠	1	蚤	1	蚤
𧈡	1	蚤	1	蚤
𧈢	2	螞&𧈢	0	𧈢
𧈦	0	𧈦	3	
𧈧	1	雖	1	雖
𧈨	1	蚩	1	蚩
𧈩	2	𧈩&蟘	1	蟘
𧈪	0	𧈪	0	𧈪
𧈫	1	虹	1	虹
𧈬	1	虹	1	虹
𧈭	0	𧈭	0	𧈭
𧈮	1	蚖	1	蚖
𧈯	1	虶	1	虶
𧈰	3	虫&蟲	1	虫
𧈱	1	蟘	1	蟘
𧈲	1	蝨	1	蝨
𧈳	1	蚓	3	
𧈸	1	蚤	3	
𧈹	1	蚤	3	
𧈺	3	𧈩&蟘	1	蟘
𧈻	0	𧈻	0	𧈻
𧈼	1	蚸	1	蚸
𧈽	0	𧈽	0	𧈽
𧈾	0	𧈾	0	𧈾
𧈿	1	蛧	1	蛧
𧉀	0	𧉀	0	𧉀
𧉁	0	𧉁	0	𧉁
𧉂	1	蚕	1	蚕
𧉃	0	𧉃	0	𧉃
𧉄	2	蝒&𧉄	0	𧉄
𧉅	1	蛜	1	蛜
𧉆	0	𧉆	0	𧉆
𧉇	1	虺	1	虺
𧉈	0	𧉈	0	𧉈
𧉉	1	毒	1	毒
𧉊	0	𧉊	0	𧉊
𧉋	2	𧉄&𧉋	1	𧉄
𧉌	1	蚩	1	蚩
𧉍	2	尐&𧉆&𧉍	2	尐&𧉆&𧉍
𧉎	0	𧉎	0	𧉎
𧉏	1	蠶	1	蠶
𧉐	1	𧕟	1	𧕟
𧉑	0	𧉑	0	𧉑
𧉒	1	蚻	3	
𧉕	1	蚕	1	蚕
𧉗	3	蚖&𧔞	3	蚖&𧔞
𧉘	1	𧉀	1	𧉀
𧉛	0	𧉛	0	𧉛
𧉜	1	蚔	1	蚔
𧉝	1	𧉄	3	
𧉞	0	𧉞	0	𧉞
𧉟	2	貽&𧉟	0	𧉟
𧉠	1	蛓	1	蛓
𧉡	0	𧉡	0	𧉡
𧉢	0	𧉢	0	𧉢
𧉣	2	蚟&𧉣	2	蚟&𧉣
𧉤	2	蛢&𧉤	2	蛢&𧉤
𧉥	2	北&𧉥	2	北&𧉥
𧉦	1	𧑅	3	
𧉧	3	鼁&蜐	3	鼁&蜐
𧉨	1	蛩	1	蛩
𧉩	0	𧉩	0	𧉩
𧉪	0	𧉪	0	𧉪
𧉫	0	𧉫	0	𧉫
𧉬	2	𧉬&蚊	1	蚊
𧉭	0	𧉭	0	𧉭
𧉮	1	蛇	1	蛇
𧉯	1	䱕	1	䱕
𧉰	2	蜓&𧉰	0	𧉰
𧉱	1	蚞	3	
𧉳	1	蚌	1	蚌
𧉴	1	蜜	1	蜜
𧉵	1	蚅	1	蚅
𧉶	1	蛀	1	蛀
𧉷	1	𧑓	1	𧑓
𧉹	1	蚱	3	
𧉻	1	蚌	1	蚌
𧊅	0	𧊅	0	𧊅
𧊆	1	蚹	1	蚹
𧊇	1	蚮	1	蚮
𧊈	3	𧉬&蚊	1	蚊
𧊍	2	蚗&𧊍	1	蚗
𧊎	0	𧊎	0	𧊎
𧊏	0	𧊏	0	𧊏
𧊐	1	𧍶	1	𧍶
𧊑	1	蛖	3	
𧊒	0	𧊒	0	𧊒
𧊓	1	蜩	1	蜩
𧊔	2	𧊔&𧍢	2	𧊔&𧍢
𧊕	0	𧊕	0	𧊕
𧊖	2	蟙&𧊖	2	蟙&𧊖
𧊗	2	餌&𧊗	1	餌
𧊘	0	𧊘	0	𧊘
𧊙	0	𧊙	0	𧊙
𧊚	2	蛓&𧊚	2	蛓&𧊚
𧊛	1	蚼	1	蚼
𧊜	2	𧊜&鱷	1	鱷
𧊝	1	蠚	1	蠚
𧊞	0	𧊞	0	𧊞
𧊟	0	𧊟	0	𧊟
𧊠	3	蝓&𧍳	1	𧍳
𧊡	1	蛩	1	蛩
𧊢	1	蚻	1	蚻
𧊣	0	𧊣	0	𧊣
𧊤	1	蜴	1	蜴
𧊥	0	𧊥	0	𧊥
𧊦	0	𧊦	0	𧊦
𧊧	1	蛤	1	蛤
𧊨	1	蚺	1	蚺
𧊩	1	蜂	1	蜂
𧊪	1	𧈦	3	
𧊫	1	螝	1	螝
𧊬	0	𧊬	0	𧊬
𧊭	0	𧊭	0	𧊭
𧊮	1	蛬	1	蛬
𧊯	2	𧊯&𧋔	0	𧊯
𧊰	1	蛜	1	蛜
𧊱	1	𧊶	1	𧊶
𧊴	1	蜬	3	
𧊵	1	蜂	3	
𧊶	0	𧊶	0	𧊶
𧊷	0	𧊷	0	𧊷
𧊸	3	蛓&𧋐	1	蛓
𧊿	1	蛚	1	蛚
𧋄	1	蛩	3	
𧋈	1	豸	1	豸
𧋉	1	螇	1	螇
𧋊	0	𧋊	0	𧋊
𧋋	3	蜈&鼯	1	鼯
𧋌	1	蠹	1	蠹
𧋍	0	𧋍	0	𧋍
𧋎	0	𧋎	0	𧋎
𧋏	0	𧋏	0	𧋏
𧋐	2	𧋐&𧐒	2	𧋐&𧐒
𧋑	2	𧋑&𧍳	2	𧋑&𧍳
𧋒	2	螫&赨&𧋒	2	螫&赨&𧋒
𧋓	0	𧋓	0	𧋓
𧋔	0	𧋔	0	𧋔
𧋕	0	𧋕	0	𧋕
𧋖	0	𧋖	0	𧋖
𧋗	1	蚳	1	蚳
𧋘	0	𧋘	0	𧋘
𧋙	1	蟌	1	蟌
𧋚	1	痋	3	
𧋛	1	蛷	1	蛷
𧋜	1	蝨	1	蝨
𧋝	1	蝶	3	
𧋞	1	蝶	1	蝶
𧋟	3	䗋&蛑	1	蛑
𧋠	1	蠡	1	蠡
𧋡	0	𧋡	0	𧋡
𧋣	1	蛞	3	
𧋤	1	蜐	1	蜐
𧋬	1	螄	3	
𧋯	2	𧋯&蛬	1	蛬
𧋰	1	蛗	1	蛗
𧋳	1	蛩	1	蛩
𧋴	1	蠭	3	
𧌁	1	䖺	1	䖺
𧌃	0	𧌃	0	𧌃
𧌄	0	𧌄	0	𧌄
𧌅	0	𧌅	0	𧌅
𧌆	0	𧌆	0	𧌆
𧌇	0	𧌇	0	𧌇
𧌈	0	𧌈	0	𧌈
𧌉	0	𧌉	0	𧌉
𧌊	1	蝑	1	蝑
𧌋	1	蝑	1	蝑
𧌌	2	蚘&𧌌	2	蚘&𧌌
𧌍	0	𧌍	0	𧌍
𧌎	0	𧌎	0	𧌎
𧌏	0	𧌏	0	𧌏
𧌐	1	𧋐	1	𧋐
𧌑	1	䖦	1	䖦
𧌒	1	蜮	1	蜮
𧌓	3	𧌛&蛗	1	蛗
𧌔	0	𧌔	0	𧌔
𧌕	1	蝣	1	蝣
𧌖	1	蝑	1	蝑
𧌗	0	𧌗	0	𧌗
𧌘	1	蜰	1	蜰
𧌙	0	𧌙	0	𧌙
𧌚	0	𧌚	0	𧌚
𧌛	2	𧌛&蛗	1	蛗
𧌜	1	螿	1	螿
𧌝	2	赨&𧌝	2	赨&𧌝
𧌟	1	蚪	1	蚪
𧌠	1	蜱	1	蜱
𧌡	1	虱	1	虱
𧌢	0	𧌢	0	𧌢
𧌣	0	𧌣	0	𧌣
𧌤	1	蜭	1	蜭
𧌥	3	蜥&𧎈	1	蜥
𧌦	1	虻	1	虻
𧌧	0	𧌧	0	𧌧
𧌨	1	蜥	1	蜥
𧌩	1	蠶	1	蠶
𧌪	3	𧋯&蛬	1	蛬
𧌫	1	虹	1	虹
𧌬	2	𧌬&𧎾	2	𧌬&𧎾
𧌭	3	螔&䗂	1	螔
𧌲	1	蜘	1	蜘
𧌳	1	蜰	3	
𧌴	0	𧌴	0	𧌴
𧌵	1	蛚	1	蛚
𧌻	1	蜙	1	蜙
𧌼	1	蛭	3	
𧌽	0	𧌽	0	𧌽
𧌿	1	蝂	1	蝂
𧍃	1	蜚	3	
𧍑	1	蛧	1	蛧
𧍒	0	𧍒	0	𧍒
𧍓	1	蟀	1	蟀
𧍔	0	𧍔	0	𧍔
𧍕	2	蜣&𧍕	0	𧍕
𧍖	0	𧍖	0	𧍖
𧍗	1	蠚	1	蠚
𧍘	1	蚴	1	蚴
𧍙	0	𧍙	0	𧍙
𧍚	1	蛔	1	蛔
𧍛	1	蛹	1	蛹
𧍜	0	𧍜	0	𧍜
𧍝	1	蝭	1	蝭
𧍞	1	𧊜	3	
𧍟	1	蝥	1	蝥
𧍠	0	𧍠	0	𧍠
𧍡	1	蠈	1	蠈
𧍢	0	𧍢	0	𧍢
𧍣	1	蠆	1	蠆
𧍤	1	蛓	1	蛓
𧍥	0	𧍥	0	𧍥
𧍦	3	蠶&蚕	1	蚕
𧍧	2	螊&𧍧	1	螊
𧍨	2	䖭&𧍨	2	䖭&𧍨
𧍩	0	𧍩	0	𧍩
𧍪	0	𧍪	0	𧍪
𧍫	0	𧍫	0	𧍫
𧍬	0	𧍬	0	𧍬
𧍭	0	𧍭	0	𧍭
𧍮	0	𧍮	0	𧍮
𧍯	0	𧍯	0	𧍯
𧍰	0	𧍰	0	𧍰
𧍱	1	螲	1	螲
𧍲	0	𧍲	0	𧍲
𧍳	0	𧍳	0	𧍳
𧍴	0	𧍴	0	𧍴
𧍵	0	𧍵	0	𧍵
𧍶	0	𧍶	0	𧍶
𧍷	1	蠚	1	蠚
𧍸	2	𧍸&螽	1	螽
𧍹	1	蝒	1	蝒
𧍺	1	虹	1	虹
𧍻	1	𧍲	1	𧍲
𧍼	1	蛚	1	蛚
𧍽	3	蟻&螘	1	蟻
𧍾	3	𧏋&蟗	1	蟗
𧍿	1	蜓	1	蜓
𧎀	3	蜥&蜤	1	蜥
𧎁	1	蚧	1	蚧
𧎂	1	蝦	1	蝦
𧎃	0	𧎃	0	𧎃
𧎄	2	蝥&蟊&𧎄	2	蝥&蟊&𧎄
𧎅	1	螜	3	
𧎈	0	𧎈	0	𧎈
𧎉	1	蜣	3	
𧎎	1	蝑	3	
𧎐	1	蟗	3	
𧎔	1	蟒	1	蟒
𧎗	1	蝌	1	蝌
𧎘	1	𧍢	1	𧍢
𧎞	1	蚌	1	蚌
𧎡	0	𧎡	0	𧎡
𧎢	1	蟘	1	蟘
𧎣	0	𧎣	0	𧎣
𧎤	0	𧎤	0	𧎤
𧎥	0	𧎥	0	𧎥
𧎦	2	蛬&𧎦	2	蛬&𧎦
𧎧	1	𧐴	3	
𧎨	0	𧎨	0	𧎨
𧎩	1	虴	1	虴
𧎪	3	蚊&蚔	1	蚔
𧎫	0	𧎫	0	𧎫
𧎬	1	蟘	1	蟘
𧎭	0	𧎭	0	𧎭
𧎮	1	蚤	1	蚤
𧎯	0	𧎯	0	𧎯
𧎰	0	𧎰	0	𧎰
𧎱	0	𧎱	0	𧎱
𧎲	1	𧐞	1	𧐞
𧎳	0	𧎳	0	𧎳
𧎴	3	蜇&𧋍	3	蜇&𧋍
𧎵	0	𧎵	0	𧎵
𧎶	1	蟣	1	蟣
𧎷	0	𧎷	0	𧎷
𧎸	0	𧎸	0	𧎸
𧎹	2	𧎹&𧑎	2	𧎹&𧑎
𧎺	0	𧎺	0	𧎺
𧎻	1	蟊	1	蟊
𧎼	2	珧&𧎼	2	珧&𧎼
𧎽	1	䗯	1	䗯
𧎾	0	𧎾	0	𧎾
𧎿	2	螏&𧎿	2	螏&𧎿
𧏀	1	蛓	1	蛓
𧏁	2	𧏁&蚳	1	蚳
𧏂	0	𧏂	0	𧏂
𧏃	1	𧏂	1	𧏂
𧏄	2	㝂&𧏄	1	㝂
𧏅	1	螫	1	螫
𧏆	1	蚪	1	蚪
𧏇	0	𧏇	0	𧏇
𧏈	1	蝒	1	蝒
𧏉	1	蟒	1	蟒
𧏊	0	𧏊	0	𧏊
𧏋	2	𧏋&蟗	1	蟗
𧏌	2	螯&𧏌	2	螯&𧏌
𧏍	3	蟀&螄	1	螄
𧏎	1	蚊	1	蚊
𧏏	1	蛆	1	蛆
𧏐	1	𧔞	1	𧔞
𧏑	1	蛢	1	蛢
𧏒	3	𧋯&蛬	1	蛬
𧏓	1	䗜	1	䗜
𧏔	3	𧏁&蚳	1	蚳
𧏕	1	螔	1	螔
𧏖	1	玭	3	
𧏗	1	蠀	3	
𧏘	1	螌	3	
𧏙	1	蜣	3	
𧏜	1	𧏂	1	𧏂
𧏝	1	蠐	1	蠐
𧏡	1	蝮	3	
𧏤	1	茿	1	茿
𧏦	3	蠕&蝡	1	蝡
𧏨	1	𧎵	1	𧎵
𧏩	1	螝	1	螝
𧏪	3	螣&蟘	3	螣&蟘
𧏫	0	𧏫	3	
𧏬	1	嗤	1	嗤
𧏮	1	㺊	3	
𧏸	2	螪&𧏸	2	螪&𧏸
𧏹	2	蝝&𧏹	2	蝝&𧏹
𧏺	0	𧏺	0	𧏺
𧏻	0	𧏻	0	𧏻
𧏼	1	蛀	1	蛀
𧏽	1	蠮	1	蠮
𧏾	0	𧏾	0	𧏾
𧏿	1	蚰	1	蚰
𧐀	1	蠰	1	蠰
𧐁	1	𧐒	1	𧐒
𧐂	1	蝕	1	蝕
𧐄	2	螸&𧐄	2	螸&𧐄
𧐅	1	蛆	1	蛆
𧐆	1	𧉁	1	𧉁
𧐇	0	𧐇	0	𧐇
𧐈	0	𧐈	0	𧐈
𧐉	1	蜘	1	蜘
𧐊	1	䗅	1	䗅
𧐋	1	𧐯	1	𧐯
𧐌	1	雖	1	雖
𧐍	0	𧐍	0	𧐍
𧐎	0	𧐎	0	𧐎
𧐏	1	蚳	1	蚳
𧐐	1	鰿	1	鰿
𧐑	1	𧎾	1	𧎾
𧐒	0	𧐒	0	𧐒
𧐓	0	𧐓	0	𧐓
𧐔	0	𧐔	0	𧐔
𧐕	1	鱄	1	鱄
𧐖	0	𧐖	0	𧐖
𧐗	1	䗠	1	䗠
𧐘	3	蟊&𧔨	1	蟊
𧐙	2	蝥&𧐙	0	𧐙
𧐚	1	蟅	1	蟅
𧐛	1	蝮	1	蝮
𧐜	1	螜	1	螜
𧐝	1	蚪	1	蚪
𧐞	0	𧐞	0	𧐞
𧐟	0	𧐟	0	𧐟
𧐡	1	螜	1	螜
𧐣	1	𧐯	1	𧐯
𧐥	0	𧐥	3	
𧐨	1	蟄	3	
𧐭	1	螫	1	螫
𧐮	1	螹	1	螹
𧐯	2	𧎾&𧐯	2	𧎾&𧐯
𧐱	1	䗥	1	䗥
𧐳	1	螰	1	螰
𧐴	0	𧐴	0	𧐴
𧐵	1	蚪	1	蚪
𧐶	1	䗩	1	䗩
𧐷	3	蠮&𧒐	1	𧒐
𧑀	0	𧑀	0	𧑀
𧑃	1	螯	3	
𧑄	2	𧑄&螽	1	螽
𧑅	0	𧑅	0	𧑅
𧑆	1	蝩	1	蝩
𧑇	1	䖿	1	䖿
𧑈	1	蟦	1	蟦
𧑉	1	𧒂	1	𧒂
𧑊	0	𧑊	0	𧑊
𧑋	0	𧑋	0	𧑋
𧑌	0	𧑌	0	𧑌
𧑍	0	𧑍	0	𧑍
𧑎	0	𧑎	0	𧑎
𧑏	1	蠾	1	蠾
𧑐	0	𧑐	0	𧑐
𧑑	0	𧑑	0	𧑑
𧑒	0	𧑒	0	𧑒
𧑓	0	𧑓	0	𧑓
𧑔	0	𧑔	0	𧑔
𧑕	2	蝁&𧑕	2	蝁&𧑕
𧑖	0	𧑖	0	𧑖
𧑗	0	𧑗	0	𧑗
𧑘	2	𢡂&𧑘	2	𢡂&𧑘
𧑙	1	𧐴	1	𧐴
𧑚	0	𧑚	0	𧑚
𧑛	1	蠨	1	蠨
𧑜	0	𧑜	0	𧑜
𧑝	0	𧑝	0	𧑝
𧑞	1	螣	1	螣
𧑟	1	𧍰	1	𧍰
𧑠	1	蠹	1	蠹
𧑡	0	𧑡	0	𧑡
𧑢	3	蟻&螘	1	蟻
𧑣	1	蟯	1	蟯
𧑤	0	𧑤	0	𧑤
𧑥	1	螣	1	螣
𧑦	0	𧑦	0	𧑦
𧑧	0	𧑧	0	𧑧
𧑨	1	蛪	1	蛪
𧑩	2	蠉&𧑩	2	蠉&𧑩
𧑪	1	蟠	1	蟠
𧑫	0	𧑫	0	𧑫
𧑬	3	𧑄&螽	1	螽
𧑭	1	蜇	1	蜇
𧑮	3	蠕&蝡	1	蠕
𧑯	1	蠶	1	蠶
𧑰	1	蟘	1	蟘
𧑱	1	蜇	1	蜇
𧑲	1	𧐴	1	𧐴
𧑳	1	𧑀	1	𧑀
𧑴	1	龜	1	龜
𧑶	1	𧉞	3	
𧑷	1	𧎨	3	
𧑸	3	𧑄&螽	1	螽
𧑻	1	𧐥	3	
𧒁	1	𧑓	1	𧑓
𧒂	2	蛗&𧒂	0	𧒂
𧒃	1	蛘	1	蛘
𧒈	0	𧒈	0	𧒈
𧒎	2	𧒎&蛾	1	蛾
𧒏	1	蜃	1	蜃
𧒐	0	𧒐	0	𧒐
𧒑	1	𧑓	1	𧑓
𧒒	3	蠭&蜂	1	蜂
𧒓	3	蟋&蚍	3	蟋&蚍
𧒔	1	蛷	1	蛷
𧒕	1	鼜	1	鼜
𧒖	0	𧒖	0	𧒖
𧒗	2	蝨&𧒗	0	𧒗
𧒘	2	蜾&𧒘	2	蜾&𧒘
𧒚	1	蝥	1	蝥
𧒛	3	𧓱&蝘	1	蝘
𧒜	1	𧒽	1	𧒽
𧒝	0	𧒝	0	𧒝
𧒞	1	蝟	1	蝟
𧒟	3	𧍸&螽	1	螽
𧒠	1	𧑗	3	
𧒡	1	𧔂	1	𧔂
𧒢	1	蝨	1	蝨
𧒣	1	蠥	1	蠥
𧒤	1	蠍	1	蠍
𧒥	1	螯	1	螯
𧒦	1	蟄	1	蟄
𧒧	1	蜜	1	蜜
𧒨	2	𧒨&𧔴	2	𧒨&𧔴
𧒩	3	螗&蟷	1	蟷
𧒪	1	蝒	1	蝒
𧒫	1	𧑗	1	𧑗
𧒭	1	𧔥	3	
𧒮	1	蚤	3	
𧒯	0	𧒯	3	
𧒰	1	癥	3	
𧒱	1	䗸	3	
𧒻	1	蟹	3	
𧒼	1	蟿	1	蟿
𧒽	0	𧒽	0	𧒽
𧒾	1	蟷	1	蟷
𧒿	3	賊&蠈	1	蠈
𧓃	1	蠍	3	
𧓄	0	𧓄	0	𧓄
𧓈	1	蠵	1	蠵
𧓉	1	蠐	1	蠐
𧓊	1	蜚	1	蜚
𧓋	0	𧓋	0	𧓋
𧓌	1	螢	1	螢
𧓎	1	蜱	1	蜱
𧓏	0	𧓏	0	𧓏
𧓐	0	𧓐	0	𧓐
𧓑	1	蚔	1	蚔
𧓒	1	螾	1	螾
𧓓	0	𧓓	0	𧓓
𧓔	1	蜻	1	蜻
𧓕	0	𧓕	0	𧓕
𧓖	0	𧓖	0	𧓖
𧓗	1	螔	1	螔
𧓘	2	鱉&𧓘	0	𧓘
𧓙	1	蟠	1	蟠
𧓚	1	蠍	1	蠍
𧓛	1	蟥	1	蟥
𧓜	1	蠹	1	蠹
𧓝	0	𧓝	0	𧓝
𧓞	2	𧓞&𧒘	1	𧒘
𧓟	1	蠢	1	蠢
𧓡	1	蠛	1	蠛
𧓢	1	蚊	1	蚊
𧓫	1	蜜	1	蜜
𧓬	2	蠵&𧓬	1	蠵
𧓱	2	𧓱&蝘	1	蝘
𧓲	3	癢&蛘	1	蛘
𧓳	1	蛭	1	蛭
𧓴	0	𧓴	0	𧓴
𧓵	1	蠆	1	蠆
𧓶	1	蜂	1	蜂
𧓷	3	䘁&蠽	1	蠽
𧓸	0	𧓸	0	𧓸
𧓹	1	蚊	1	蚊
𧓺	0	𧓺	0	𧓺
𧓻	0	𧓻	0	𧓻
𧓼	1	蟱	1	蟱
𧓽	3	厲&蠆	3	厲&蠆
𧓾	3	蠵&𧓬	1	𧓬
𧓿	3	蝥&𧔨	3	蝥&𧔨
𧔀	1	蝡	1	蝡
𧔁	3	𧕢&䗷	1	䗷
𧔂	0	𧔂	0	𧔂
𧔃	1	𧔂	1	𧔂
𧔄	1	蠍	1	蠍
𧔆	1	蚍	1	蚍
𧔇	3	蠕&蝡	1	蝡
𧔈	1	蠲	1	蠲
𧔊	1	𧓋	3	
𧔌	1	蜊	3	
𧔍	1	蠵	3	
𧔎	0	𧔎	0	𧔎
𧔏	0	𧔏	0	𧔏
𧔐	1	蠆	1	蠆
𧔔	1	螽	3	
𧔗	1	𦧵	3	
𧔘	1	蠉	1	蠉
𧔝	0	𧔝	0	𧔝
𧔞	0	𧔞	0	𧔞
𧔟	2	螣&𧔟	1	螣
𧔠	2	𣟵&𧔠	0	𧔠
𧔡	1	𧎰	1	𧎰
𧔢	1	䗃	1	䗃
𧔣	0	𧔣	0	𧔣
𧔤	0	𧔤	0	𧔤
𧔥	0	𧔥	0	𧔥
𧔦	0	𧔦	0	𧔦
𧔧	2	逄&𧔧	2	逄&𧔧
𧔨	2	蟊&𧔨	2	蟊&𧔨
𧔪	0	𧔪	0	𧔪
𧔫	1	蜳	1	蜳
𧔬	1	蠹	1	蠹
𧔮	3	蟻&螘	1	蟻
𧔯	1	蚍	1	蚍
𧔰	1	𧕲	1	𧕲
𧔱	1	蠆	1	蠆
𧔲	1	螟	1	螟
𧔳	0	𧔳	0	𧔳
𧔴	0	𧔴	0	𧔴
𧔵	1	𧔂	1	𧔂
𧔶	1	螣	1	螣
𧔷	0	𧔷	0	𧔷
𧔺	1	囆	1	囆
𧔻	1	蚍	3	
𧔼	1	𧒎	3	
𧔽	3	𧓞&𧒘	1	𧒘
𧕃	0	𧕃	0	𧕃
𧕄	0	𧕄	0	𧕄
𧕅	0	𧕅	0	𧕅
𧕆	3	𣟵&𧔠	1	𧔠
𧕇	0	𧕇	0	𧕇
𧕈	1	𧐇	1	𧐇
𧕉	1	螇	1	螇
𧕊	1	蜨	1	蜨
𧕋	0	𧕋	0	𧕋
𧕌	1	𧐯	1	𧐯
𧕍	0	𧕍	0	𧕍
𧕎	1	蟝	1	蟝
𧕏	1	蠥	1	蠥
𧕐	1	螬	1	螬
𧕑	1	蟊	1	蟊
𧕒	2	蜚&𧕒	1	蜚
𧕔	1	蠍	1	蠍
𧕕	2	蝱&𧕕	0	𧕕
𧕛	0	𧕛	0	𧕛
𧕜	1	𧔞	1	𧔞
𧕝	0	𧕝	0	𧕝
𧕞	0	𧕞	0	𧕞
𧕟	0	𧕟	0	𧕟
𧕠	1	螽	1	螽
𧕡	0	𧕡	0	𧕡
𧕢	2	𧕢&䗷	1	䗷
𧕣	1	𧕲	1	𧕲
𧕤	0	𧕤	0	𧕤
𧕥	0	𧕥	0	𧕥
𧕦	1	𧕛	1	𧕛
𧕧	0	𧕧	0	𧕧
𧕨	0	𧕨	0	𧕨
𧕪	1	蠮	3	
𧕫	1	蠝	3	
𧕮	2	螭&𧕮	2	螭&𧕮
𧕯	0	𧕯	0	𧕯
𧕰	2	蜉&𧕰	1	蜉
𧕱	0	𧕱	0	𧕱
𧕲	0	𧕲	0	𧕲
𧕳	1	蠃	1	蠃
𧕴	0	𧕴	0	𧕴
𧕵	2	蜜&𧕵	2	蜜&𧕵
𧕶	3	蟻&螘	1	蟻
𧕷	1	蠢	1	蠢
𧕸	2	蝗&𧕸	0	𧕸
𧕹	2	蠢&𧕹	1	蠢
𧕺	1	𧕟	1	𧕟
𧕼	0	𧕼	0	𧕼
𧕽	1	蠶	1	蠶
𧕾	1	蠽	1	蠽
𧕿	1	蜚	1	蜚
𧖀	1	蠿	1	蠿
𧖁	0	𧖁	3	
𧖂	1	㤏	1	㤏
𧖄	1	蠣	1	蠣
𧖅	1	蜜	1	蜜
𧖆	0	𧖆	0	𧖆
𧖇	1	䗸	1	䗸
𧖈	1	蚍	1	蚍
𧖊	1	蠐	1	蠐
𧖋	1	蟫	1	蟫
𧖌	1	蠹	1	蠹
𧖍	1	螣	1	螣
𧖎	1	蚍	1	蚍
𧖏	1	𧎰	1	𧎰
𧖑	1	强	1	强
𧖒	2	蠰&𧖒	2	蠰&𧖒
𧖓	1	融	1	融
𧖔	0	𧖔	0	𧖔
𧖕	2	蚍&𧖕	1	蚍
𧖖	1	蠻	1	蠻
𧖗	1	蠰	1	蠰
𧖘	0	𧖘	0	𧖘
𧖙	1	蜆	1	蜆
𧖚	3	蜉&𧕰	3	蜉&𧕰
𧖛	2	𡳭&𧖛	1	𡳭
𧖜	2	𧕅&𧖜	2	𧕅&𧖜
𧖝	1	蟭	1	蟭
𧖞	1	鱣	1	鱣
𧖟	1	蠶	1	蠶
𧖤	1	螬	1	螬
𧖦	0	𧖦	3	
𧖧	0	𧖧	0	𧖧
𧖨	1	𧖧	1	𧖧
𧖩	1	衄	1	衄
𧖪	0	𧖪	0	𧖪
𧖫	3	𥁍&缺	1	缺
𧖬	0	𧖬	0	𧖬
𧖭	1	衁	1	衁
𧖯	1	衃	1	衃
𧖳	1	圖	1	圖
𧖴	1	脈	1	脈
𧖵	0	𧖵	0	𧖵
𧖶	3	𥁭&𧖺	1	𧖺
𧖷	3	衄&愵	3	衄&愵
𧖸	1	盟	1	盟
𧖹	1	脈	1	脈
𧖺	2	醓&𧖺	0	𧖺
𧖻	0	𧖻	0	𧖻
𧖼	2	歐&𧖼	0	𧖼
𧖽	1	盟	1	盟
𧖾	1	䘓	1	䘓
𧗀	1	䘓	1	䘓
𧗁	0	𧗁	0	𧗁
𧗂	1	惄	1	惄
𧗃	1	𧗁	1	𧗁
𧗄	1	監	1	監
𧗆	0	𧗆	0	𧗆
𧗇	0	𧗇	0	𧗇
𧗈	2	辱&𧗈	2	辱&𧗈
𧗉	1	餔	1	餔
𧗊	3	盡&𧗁	1	𧗁
𧗋	0	𧗋	0	𧗋
𧗌	0	𧗌	0	𧗌
𧗎	2	菹&𧗎	2	菹&𧗎
𧗏	1	沬	1	沬
𧗐	1	䘓	1	䘓
𧗑	1	盩	1	盩
𧗒	1	𧗇	1	𧗇
𧗓	1	𧗇	3	
𧗔	3	䘒&脧	1	脧
𧗕	2	膿&𧗕	1	膿
𧗖	0	𧗖	0	𧗖
𧗗	1	衄	1	衄
𧗘	3	菹&𧗎	3	菹&𧗎
𧗙	1	衋	1	衋
𧗚	1	衋	1	衋
𧗛	1	䘓	1	䘓
𧗜	1	䘓	1	䘓
𧗝	2	𧗝&軌	1	軌
𧗞	3	𧗟&道	1	道
𧗟	2	𧗟&道	1	道
𧗠	1	衍	1	衍
𧗡	1	衎	1	衎
𧗢	3	𧗝&軌	1	軌
𧗣	2	衡&𧗣	1	衡
𧗤	1	衎	3	
𧗦	0	𧗦	0	𧗦
𧗧	1	往	1	往
𧗨	3	御&禦	1	御
𧗩	0	𧗩	0	𧗩
𧗪	3	御&正&衢	3	御&正&衢
𧗫	0	𧗫	0	𧗫
𧗬	1	微	1	微
𧗭	1	愆	1	愆
𧗱	1	術	1	術
𧗲	1	徵	1	徵
𧗳	1	衒	1	衒
𧗴	0	𧗴	0	𧗴
𧗵	3	率&𧗿	1	𧗿
𧗶	1	割	1	割
𧗸	1	㣤	1	㣤
𧗹	2	衒&𧗹	2	衒&𧗹
𧗺	1	愆	1	愆
𧗻	1	禦	1	禦
𧗼	3	䘗&徽	3	䘗&徽
𧗾	1	衡	3	
𧗿	2	率&𧗿	0	𧗿
𧘀	3	𡭑&導	1	導
𧘂	1	衝	1	衝
𧘃	0	𧘃	0	𧘃
𧘄	1	導	1	導
𧘅	2	衏&𧘅	0	𧘅
𧘆	1	衢	1	衢
𧘈	0	𧘈	0	𧘈
𧘉	1	裔	1	裔
𧘊	1	裔	1	裔
𧘋	1	襻	1	襻
𧘍	0	𧘍	0	𧘍
𧘎	1	衧	1	衧
𧘏	0	𧘏	0	𧘏
𧘐	2	𧘐&袥	0	𧘐
𧘑	0	𧘑	0	𧘑
𧘒	1	襻	1	襻
𧘓	0	𧘓	0	𧘓
𧘗	0	𧘗	3	
𧘘	1	袌	3	
𧘙	1	襻	1	襻
𧘚	2	衧&𧘚	1	衧
𧘛	1	𧘢	3	
𧘜	0	𧘜	0	𧘜
𧘝	1	表	1	表
𧘞	0	𧘞	0	𧘞
𧘟	2	袚&𧘟	2	袚&𧘟
𧘠	1	衯	1	衯
𧘡	2	𧘡&褾	1	褾
𧘢	2	祗&𧘢	0	𧘢
𧘣	1	袾	1	袾
𧘤	1	袧	1	袧
𧘥	0	𧘥	0	𧘥
𧘦	1	表	1	表
𧘧	0	𧘧	0	𧘧
𧘨	1	䘟	1	䘟
𧘩	0	𧘩	0	𧘩
𧘪	3	衺&邪	1	邪
𧘫	1	𧝏	1	𧝏
𧘬	1	襻	1	襻
𧘭	1	衾	1	衾
𧘮	0	𧘮	0	𧘮
𧘯	1	裔	1	裔
𧘰	1	表	1	表
𧘱	1	䃾	3	
𧘲	1	祉	3	
𧘳	0	𧘳	0	𧘳
𧘵	1	襻	1	襻
𧘶	1	救	1	救
𧘷	3	衸&𧙆	1	衸
𧘻	1	𧙝	3	
𧘽	0	𧘽	0	𧘽
𧘾	2	𧛅&𧘾	0	𧘾
𧙀	0	𧙀	0	𧙀
𧙁	1	䘣	1	䘣
𧙂	2	袚&𧙂	1	袚
𧙃	0	𧙃	0	𧙃
𧙄	3	袴&袚	1	袚
𧙅	0	𧙅	0	𧙅
𧙆	0	𧙆	0	𧙆
𧙇	0	𧙇	0	𧙇
𧙈	0	𧙈	0	𧙈
𧙉	2	表&𧙉	0	𧙉
𧙊	1	裀	1	裀
𧙋	1	只	1	只
𧙌	2	袍&𧙌	2	袍&𧙌
𧙍	3	袠&袟	1	袟
𧙎	1	袧	1	袧
𧙏	1	袖	1	袖
𧙐	1	衾	1	衾
𧙑	1	𧙃	1	𧙃
𧙒	1	𧙧	1	𧙧
𧙓	1	祚	3	
𧙕	1	襪	3	
𧙗	1	袥	3	
𧙘	1	袍	1	袍
𧙛	0	𧙛	0	𧙛
𧙜	1	裝	1	裝
𧙝	0	𧙝	0	𧙝
𧙞	0	𧙞	0	𧙞
𧙟	1	袣	1	袣
𧙠	1	䠼	1	䠼
𧙡	0	𧙡	0	𧙡
𧙢	1	𧝊	1	𧝊
𧙣	0	𧙣	0	𧙣
𧙤	0	𧙤	0	𧙤
𧙥	1	襱	1	襱
𧙦	1	𧙉	3	
𧙧	1	𧙧	1	𧙧
𧙨	1	衽	1	衽
𧙩	3	裂&㡂	1	裂
𧙪	1	褢	1	褢
𧙫	2	𧙧&𧙫	0	𧙫
𧙬	2	𧙉&𧙬	0	𧙬
𧙭	0	𧙭	0	𧙭
𧙮	0	𧙮	0	𧙮
𧙯	2	裷&𧙯	0	𧙯
𧙰	1	衮	3	
𧙲	1	栲	3	
𧙴	1	𧘗	3	
𧙵	3	𧙉&𧝏	1	𧝏
𧙷	1	裂	1	裂
𧙹	1	禍	1	禍
𧙾	0	𧙾	0	𧙾
𧙿	1	旅	3	
𧚀	0	𧚀	0	𧚀
𧚁	0	𧚁	0	𧚁
𧚂	0	𧚂	0	𧚂
𧚃	2	𧚃&䙎	0	𧚃
𧚄	0	𧚄	0	𧚄
𧚅	0	𧚅	0	𧚅
𧚆	0	𧚆	0	𧚆
𧚇	2	絻&𧚇	2	絻&𧚇
𧚈	2	帺&𧚈	1	帺
𧚉	0	𧚉	0	𧚉
𧚊	1	㡇	1	㡇
𧚋	0	𧚋	0	𧚋
𧚌	1	裝	1	裝
𧚍	1	裘	1	裘
𧚎	1	䙄	1	䙄
𧚏	0	𧚏	0	𧚏
𧚐	0	𧚐	0	𧚐
𧚑	1	裓	1	裓
𧚒	1	裝	1	裝
𧚕	1	移	1	移
𧚘	1	袖	3	
𧚛	1	裻	1	裻
𧚜	1	褫	1	褫
𧚝	1	裁	1	裁
𧚞	1	裔	1	裔
𧚡	0	𧚡	0	𧚡
𧚣	1	里	3	
𧚤	1	袳	1	袳
𧚥	0	𧚥	0	𧚥
𧚦	1	褋	1	褋
𧚧	1	帢	1	帢
𧚨	0	𧚨	0	𧚨
𧚩	0	𧚩	0	𧚩
𧚪	0	𧚪	0	𧚪
𧚫	0	𧚫	0	𧚫
𧚬	0	𧚬	0	𧚬
𧚭	0	𧚭	0	𧚭
𧚮	1	𧜣	1	𧜣
𧚯	0	𧚯	0	𧚯
𧚰	1	綴	1	綴
𧚱	1	褒	1	褒
𧚲	1	裂	1	裂
𧚳	1	製	1	製
𧚴	3	繈&襁	1	襁
𧚵	2	𧚵&𪗋	0	𧚵
𧚶	1	裁	1	裁
𧚷	0	𧚷	0	𧚷
𧚸	3	䙖&繃	1	繃
𧚹	1	衮	1	衮
𧚺	1	褷	1	褷
𧚻	1	褶	3	
𧚼	1	䘶	1	䘶
𧚽	1	裨	1	裨
𧚿	1	聚	3	
𧛁	1	齎	1	齎
𧛂	1	禍	1	禍
𧛃	2	稛&𧛃	0	𧛃
𧛄	1	衫	3	
𧛅	0	𧛅	3	
𧛊	1	䄍	3	
𧛏	0	𧛏	0	𧛏
𧛐	1	幄	1	幄
𧛑	1	裀	1	裀
𧛒	0	𧛒	0	𧛒
𧛓	1	褰	1	褰
𧛔	2	𧛔&𧝴	1	𧝴
𧛕	1	帽	1	帽
𧛖	2	衪&𧛖	1	衪
𧛗	0	𧛗	0	𧛗
𧛘	1	襋	1	襋
𧛙	1	褒	1	褒
𧛚	0	𧛚	0	𧛚
𧛛	3	襟&䘳	1	䘳
𧛜	1	䋽	1	䋽
𧛝	1	䙕	1	䙕
𧛞	0	𧛞	0	𧛞
𧛟	0	𧛟	0	𧛟
𧛠	1	裓	1	裓
𧛡	1	縿	1	縿
𧛢	1	𧝉	1	𧝉
𧛣	2	袈&𧛣	1	袈
𧛤	2	𧛤&幒	1	幒
𧛥	3	褠&㡚	1	㡚
𧛦	1	囊	1	囊
𧛧	2	袳&𧛧	1	袳
𧛨	1	裔	1	裔
𧛩	2	袧&𧛩	1	袧
𧛪	1	𧜅	1	𧜅
𧛫	1	𧛞	1	𧛞
𧛬	1	裙	1	裙
𧛯	1	裂	1	裂
𧛲	1	裔	1	裔
𧛳	1	䙄	1	䙄
𧛴	1	襈	3	
𧛵	1	裂	3	
𧛸	0	𧛸	0	𧛸
𧛹	0	𧛹	0	𧛹
𧛺	1	䙙	1	䙙
𧛻	0	𧛻	0	𧛻
𧛼	0	𧛼	0	𧛼
𧛽	1	褽	1	褽
𧛾	0	𧛾	0	𧛾
𧛿	1	𧝏	1	𧝏
𧜀	1	幦	1	幦
𧜁	2	𢄌&𧜁	0	𧜁
𧜂	0	𧜂	0	𧜂
𧜃	0	𧜃	0	𧜃
𧜄	1	䘶	1	䘶
𧜅	0	𧜅	0	𧜅
𧜆	1	襛	1	襛
𧜇	1	𧝸	1	𧝸
𧜈	2	𤮪&𧜈	0	𧜈
𧜊	0	𧜊	0	𧜊
𧜋	1	䙎	1	䙎
𧜍	2	𧜍&𪗋	0	𧜍
𧜎	1	襷	3	
𧜏	1	裴	3	
𧜑	1	褫	1	褫
𧜓	1	禍	3	
𧜕	3	𧘓&𧛒	1	𧘓
𧜗	1	禡	3	
𧜛	1	郎	3	
𧜝	2	膝&𧜝	0	𧜝
𧜞	0	𧜞	0	𧜞
𧜟	1	裔	1	裔
𧜠	0	𧜠	0	𧜠
𧜡	1	𧛾	1	𧛾
𧜢	3	𧛤&幒	1	幒
𧜣	0	𧜣	0	𧜣
𧜤	0	𧜤	0	𧜤
𧜥	0	𧜥	0	𧜥
𧜦	0	𧜦	0	𧜦
𧜧	0	𧜧	0	𧜧
𧜨	1	𥛝	3	
𧜩	1	䙦	1	䙦
𧜪	1	褒	3	
𧜫	1	表	1	表
𧜬	1	𧛒	1	𧛒
𧜭	1	䙱	1	䙱
𧜮	1	襊	1	襊
𧜯	1	褒	1	褒
𧜰	1	複	1	複
𧜱	1	襊	1	襊
𧜲	0	𧜲	0	𧜲
𧜴	1	槻	3	
𧜵	1	㯂	3	
𧜶	0	𧜶	3	
𧜷	1	褽	1	褽
𧜸	1	衰	1	衰
𧜼	1	褺	3	
𧜽	0	𧜽	0	𧜽
𧝀	1	祀	3	
𧝂	1	袔	1	袔
𧝃	0	𧝃	0	𧝃
𧝄	1	襦	1	襦
𧝅	1	毾	1	毾
𧝆	0	𧝆	0	𧝆
𧝇	0	𧝇	0	𧝇
𧝈	1	𢄺	1	𢄺
𧝉	2	黹&𧝉	0	𧝉
𧝊	0	𧝊	0	𧝊
𧝋	0	𧝋	0	𧝋
𧝌	2	襐&𧝌	1	襐
𧝍	1	䙃	1	䙃
𧝏	0	𧝏	0	𧝏
𧝐	1	褅	1	褅
𧝑	0	𧝑	0	𧝑
𧝒	0	𧝒	0	𧝒
𧝓	1	禫	1	禫
𧝔	0	𧝔	0	𧝔
𧝕	1	䙟	1	䙟
𧝖	1	䙟	1	䙟
𧝗	0	𧝗	0	𧝗
𧝘	2	袍&𧝘	0	𧝘
𧝙	2	褚&𧝙	0	𧝙
𧝚	2	褺&𧝚	2	褺&𧝚
𧝛	1	傀	1	傀
𧝝	1	襰	3	
𧝞	1	禨	3	
𧝟	1	氅	3	
𧝠	1	繖	3	
𧝡	1	褡	3	
𧝢	1	氄	1	氄
𧝣	1	𧝑	1	𧝑
𧝧	1	𧟀	3	
𧝪	2	褾&𧝪	2	褾&𧝪
𧝫	0	𧝫	0	𧝫
𧝬	2	幣&襒&𧝬	2	幣&襒&𧝬
𧝭	2	襀&𧝭	0	𧝭
𧝮	0	𧝮	0	𧝮
𧝯	0	𧝯	0	𧝯
𧝱	1	褰	1	褰
𧝲	0	𧝲	0	𧝲
𧝳	2	繳&𧝳	0	𧝳
𧝴	2	裻&𧝴	1	裻
𧝵	1	褋	1	褋
𧝶	1	褐	1	褐
𧝷	2	䙡&𧝷	1	䙡
𧝸	0	𧝸	0	𧝸
𧝹	1	裸	1	裸
𧝺	1	袤	1	袤
𧝻	1	𧜈	1	𧜈
𧝼	1	褾	1	褾
𧝽	1	褐	1	褐
𧝾	1	褒	1	褒
𧝿	3	繈&襁	1	襁
𧞀	1	裋	1	裋
𧞁	1	䙣	1	䙣
𧞂	1	襄	1	襄
𧞃	1	襞	3	
𧞉	1	袤	3	
𧞌	1	襐	1	襐
𧞍	0	𧞍	0	𧞍
𧞎	1	㡥	1	㡥
𧞏	0	𧞏	0	𧞏
𧞐	0	𧞐	0	𧞐
𧞒	0	𧞒	0	𧞒
𧞓	1	𪗋	1	𪗋
𧞔	1	𧜅	1	𧜅
𧞕	0	𧞕	0	𧞕
𧞖	1	褍	1	褍
𧞗	1	𧞐	1	𧞐
𧞙	1	𧞕	1	𧞕
𧞚	1	𧜈	3	
𧞛	2	䙘&𧞛	0	𧞛
𧞜	1	襄	1	襄
𧞝	0	𧞝	0	𧞝
𧞞	0	𧞞	0	𧞞
𧞟	1	襜	1	襜
𧞢	1	緷	1	緷
𧞤	0	𧞤	0	𧞤
𧞦	2	襐&𧞦	1	襐
𧞧	1	表	1	表
𧞨	1	䙔	1	䙔
𧞩	0	𧞩	0	𧞩
𧞪	0	𧞪	0	𧞪
𧞫	2	𧞫&裋	1	裋
𧞬	1	襳	1	襳
𧞭	0	𧞭	0	𧞭
𧞮	1	𧞐	1	𧞐
𧞯	3	袍&襖&𧝘	3	袍&襖
𧞰	1	䙘	1	䙘
𧞱	1	表	1	表
𧞲	1	襫	1	襫
𧞳	1	襦	1	襦
𧞶	3	𧛔&𧝴	1	𧝴
𧞷	3	褱&褢	3	褱&褢
𧞸	2	襚&𧞸	2	襚&𧞸
𧞹	0	𧞹	0	𧞹
𧞺	0	𧞺	0	𧞺
𧞻	1	襄	1	襄
𧞼	1	褰	1	褰
𧞽	1	䙙	1	䙙
𧟀	0	𧟀	3	
𧟂	3	繈&襁	1	襁
𧟃	0	𧟃	0	𧟃
𧟅	1	襩	3	
𧟇	1	禴	3	
𧟈	1	褾	1	褾
𧟉	3	襇&襉	1	襉
𧟊	1	襮	1	襮
𧟋	1	襤	3	
𧟌	0	𧟌	0	𧟌
𧟍	1	襬	1	襬
𧟎	1	襩	1	襩
𧟏	1	衮	1	衮
𧟐	2	𧟐&襺	1	襺
𧟑	0	𧟑	0	𧟑
𧟒	1	襛	1	襛
𧟔	1	褿	1	褿
𧟕	1	㲲	1	㲲
𧟖	1	衫	1	衫
𧟗	1	衮	1	衮
𧟘	1	儾	1	儾
𧟙	0	𧟙	0	𧟙
𧟚	3	𧟐&襺	1	襺
𧟛	1	襲	1	襲
𧟞	2	複&𧟞	0	𧟞
𧟟	1	襲	1	襲
𧟡	0	𧟡	0	𧟡
𧟣	1	𠑹	1	𠑹
𧟤	1	𧟨	3	
𧟥	1	𧟨	3	
𧟦	0	𧟦	0	𧟦
𧟧	2	䙳&𧟧	0	𧟧
𧟨	2	䙲&𧟨	0	𧟨
𧟩	1	覃	1	覃
𧟪	1	珍	1	珍
𧟬	1	虚	1	虚
𧟯	1	虧	1	虧
𧟰	1	覅	3	
𧟱	2	𧟵&𧟱	0	𧟱
𧟲	1	霸	1	霸
𧟳	1	霸	1	霸
𧟴	1	庚	1	庚
𧟵	0	𧟵	3	
𧟶	1	霸	3	
𧟹	1	覃	1	覃
𧟼	1	烓	1	烓
𧟽	1	罷	1	罷
𧟿	1	聖	1	聖
𧠂	0	𧠂	0	𧠂
𧠄	1	羈	1	羈
𧠆	0	𧠆	0	𧠆
𧠇	1	兒	1	兒
𧠈	0	𧠈	3	
𧠉	1	䙾	1	䙾
𧠊	0	𧠊	3	
𧠋	0	𧠋	0	𧠋
𧠍	1	親	3	
𧠎	0	𧠎	0	𧠎
𧠏	0	𧠏	0	𧠏
𧠐	1	覎	1	覎
𧠑	1	覒	1	覒
𧠒	0	𧠒	0	𧠒
𧠓	0	𧠓	0	𧠓
𧠔	1	覐	3	
𧠘	2	覓&𧠘	1	覓
𧠙	3	覓&覛&𧠘	3	覓&𧠘
𧠚	0	𧠚	0	𧠚
𧠛	0	𧠛	0	𧠛
𧠜	1	䙾	1	䙾
𧠝	2	𧠝&診	1	診
𧠞	1	𧠏	1	𧠏
𧠟	1	𧠠	1	𧠠
𧠠	0	𧠠	0	𧠠
𧠡	1	䙾	1	䙾
𧠢	3	覰&覷	1	覷
𧠣	1	覕	1	覕
𧠤	1	𥄱	3	
𧠥	0	𧠥	3	
𧠧	1	眽	3	
𧠨	3	覓&覛	1	覛
𧠩	0	𧠩	0	𧠩
𧠪	0	𧠪	0	𧠪
𧠫	2	覿&𧠫	2	覿&𧠫
𧠭	1	覺	1	覺
𧠮	1	喚	1	喚
𧠰	0	𧠰	0	𧠰
𧠵	3	𧠥&𧠎	1	𧠎
𧠷	1	覺	1	覺
𧠸	1	親	3	
𧠹	3	窺&規	1	規
𧠺	1	規	1	規
𧠻	1	䙹	1	䙹
𧠼	0	𧠼	0	𧠼
𧠽	0	𧠽	0	𧠽
𧠾	0	𧠾	0	𧠾
𧠿	1	𧡬	3	
𧡀	1	𧡸	1	𧡸
𧡂	1	覝	3	
𧡅	2	覝&𧡅	1	覝
𧡆	1	𧡬	1	𧡬
𧡈	0	𧡈	0	𧡈
𧡋	2	睚&𧡋	0	𧡋
𧡌	1	𧢞	1	𧢞
𧡍	0	𧡍	0	𧡍
𧡎	1	睨	1	睨
𧡏	0	𧡏	0	𧡏
𧡐	1	䚐	1	䚐
𧡑	0	𧡑	0	𧡑
𧡒	1	覛	1	覛
𧡓	3	覼&覶	1	覶
𧡖	2	𧡋&𧡖	2	𧡋&𧡖
𧡘	3	親&䚉	3	親&䚉
𧡛	1	䚅	1	䚅
𧡝	3	覥&靦	1	靦
𧡞	1	𧡋	3	
𧡟	1	競	3	
𧡠	1	覝	1	覝
𧡡	2	𧡡&䚋	1	䚋
𧡢	0	𧡢	0	𧡢
𧡣	0	𧡣	0	𧡣
𧡤	0	𧡤	0	𧡤
𧡥	3	𥈩&𧢆	1	𧢆
𧡦	0	𧡦	0	𧡦
𧡧	1	竀	1	竀
𧡨	2	題&𧡨	0	𧡨
𧡩	1	𡙐	1	𡙐
𧡪	2	𧡪&眈	1	眈
𧡫	0	𧡫	0	𧡫
𧡬	2	䏹&𧡬	0	𧡬
𧡭	1	𧡨	1	𧡨
𧡮	0	𧡮	0	𧡮
𧡯	0	𧡯	0	𧡯
𧡴	0	𧡴	3	
𧡷	1	覞	1	覞
𧡸	0	𧡸	0	𧡸
𧡹	0	𧡹	0	𧡹
𧡺	0	𧡺	0	𧡺
𧡻	1	靦	1	靦
𧡽	1	賴	1	賴
𧡾	1	覞	1	覞
𧡿	1	親	1	親
𧢂	0	𧢂	0	𧢂
𧢃	1	瞜	1	瞜
𧢄	2	瞟&𧢄	0	𧢄
𧢅	1	閱	1	閱
𧢆	2	𥈩&𧢆	0	𧢆
𧢇	1	玩	3	
𧢈	1	覸	3	
𧢌	0	𧢌	3	
𧢍	1	瞥	1	瞥
𧢎	1	𧢜	1	𧢜
𧢏	1	𧡋	1	𧡋
𧢒	2	覹&𧢒	2	覹&𧢒
𧢓	1	覹	1	覹
𧢔	1	䚍	1	䚍
𧢕	1	叡	3	
𧢖	0	𧢖	0	𧢖
𧢗	1	𧡸	3	
𧢘	1	䚔	3	
𧢚	1	覲	1	覲
𧢜	0	𧢜	0	𧢜
𧢝	0	𧢝	0	𧢝
𧢞	0	𧢞	0	𧢞
𧢟	1	齦	3	
𧢢	0	𧢢	0	𧢢
𧢣	1	𧢜	1	𧢜
𧢥	1	𩵀	1	𩵀
𧢦	2	䁛&𧢦	0	𧢦
𧢧	0	𧢧	0	𧢧
𧢨	1	𧢄	1	𧢄
𧢪	1	觀	3	
𧢫	1	𧢦	1	𧢦
𧢭	0	𧢭	0	𧢭
𧢮	1	䚕	1	䚕
𧢯	0	𧢯	0	𧢯
𧢰	1	𩙤	3	
𧢱	1	性	1	性
𧢲	1	角	1	角
𧢳	3	觓&觩	1	觩
𧢴	1	䚘	1	䚘
𧢵	0	𧢵	0	𧢵
𧢷	2	釵&𧢷	0	𧢷
𧢸	1	䚗	1	䚗
𧢹	0	𧢹	0	𧢹
𧢺	3	䚥&𧣚	1	𧣚
𧢻	1	觸	1	觸
𧢼	0	𧢼	0	𧢼
𧢽	0	𧢽	0	𧢽
𧢾	0	𧢾	0	𧢾
𧢿	2	𧢿&䚨	1	䚨
𧣀	1	捔	1	捔
𧣁	0	𧣁	0	𧣁
𧣂	1	觤	1	觤
𧣃	0	𧣃	0	𧣃
𧣄	1	觶	1	觶
𧣅	1	觜	3	
𧣇	1	觳	3	
𧣈	3	觸&斛	1	觸
𧣉	1	𧢼	1	𧢼
𧣊	1	觔	1	觔
𧣋	1	觚	1	觚
𧣍	1	𧣁	1	𧣁
𧣎	1	觝	1	觝
𧣏	3	䚥&𧣚	1	𧣚
𧣐	1	𧢾	1	𧢾
𧣑	0	𧣑	0	𧣑
𧣒	2	距&𧣒	0	𧣒
𧣓	3	觝&觟	3	觝&觟
𧣔	1	觷	1	觷
𧣕	0	𧣕	0	𧣕
𧣖	2	𧣖&㸰	1	㸰
𧣗	1	觚	1	觚
𧣘	3	𧢿&䚨	1	䚨
𧣙	1	鯀	1	鯀
𧣚	0	𧣚	0	𧣚
𧣛	0	𧣛	0	𧣛
𧣜	1	觝	1	觝
𧣞	1	觛	3	
𧣟	1	𧣖	3	
𧣡	0	𧣡	0	𧣡
𧣢	0	𧣢	0	𧣢
𧣣	0	𧣣	0	𧣣
𧣥	1	觥	1	觥
𧣦	1	鮫	3	
𧣨	1	觶	1	觶
𧣩	0	𧣩	0	𧣩
𧣪	0	𧣪	0	𧣪
𧣫	1	擉	1	擉
𧣬	0	𧣬	0	𧣬
𧣭	0	𧣭	0	𧣭
𧣮	1	𧤕	1	𧤕
𧣯	1	觢	1	觢
𧣰	1	䚙	1	䚙
𧣱	1	𧣼	1	𧣼
𧣴	1	琖	1	琖
𧣵	0	𧣵	0	𧣵
𧣶	3	兕&觥	1	兕
𧣷	0	𧣷	0	𧣷
𧣸	0	𧣸	0	𧣸
𧣹	0	𧣹	0	𧣹
𧣺	0	𧣺	0	𧣺
𧣻	1	𧣒	1	𧣒
𧣼	0	𧣼	0	𧣼
𧣽	1	觿	1	觿
𧣾	1	廌	1	廌
𧣿	1	觪	3	
𧤀	1	𧤚	3	
𧤃	2	𧤃&䚜	1	䚜
𧤄	3	兕&觥	1	兕
𧤅	1	觱	1	觱
𧤆	2	𧤆&䚭	0	𧤆
𧤇	1	䚢	1	䚢
𧤈	1	䚢	1	䚢
𧤉	2	𧥄&𧤉	0	𧤉
𧤊	1	觢	3	
𧤋	1	彝	1	彝
𧤌	1	觰	1	觰
𧤍	0	𧤍	0	𧤍
𧤎	0	𧤎	0	𧤎
𧤏	0	𧤏	0	𧤏
𧤐	0	𧤐	0	𧤐
𧤑	0	𧤑	0	𧤑
𧤒	0	𧤒	0	𧤒
𧤓	1	㸰	1	㸰
𧤔	1	䚨	1	䚨
𧤕	0	𧤕	0	𧤕
𧤖	0	𧤖	0	𧤖
𧤗	0	𧤗	0	𧤗
𧤘	1	䚣	1	䚣
𧤚	0	𧤚	3	
𧤛	0	𧤛	0	𧤛
𧤜	1	𧤒	1	𧤒
𧤝	3	觸&觓	1	觓
𧤞	1	𨢐	1	𨢐
𧤟	0	𧤟	0	𧤟
𧤠	0	𧤠	0	𧤠
𧤡	1	𦥐	1	𦥐
𧤢	1	觿	1	觿
𧤣	0	𧤣	0	𧤣
𧤤	1	觿	3	
𧤦	1	䚩	1	䚩
𧤧	1	䚦	1	䚦
𧤩	2	𧤩&鰥&䚪	3	鰥&䚪
𧤪	1	觿	1	觿
𧤫	1	䚦	1	䚦
𧤬	1	𧤗	1	𧤗
𧤮	0	𧤮	0	𧤮
𧤯	3	摑&籆	3	摑&籆
𧤰	1	斛	3	
𧤱	1	觪	1	觪
𧤲	2	觝&𧤲	0	𧤲
𧤳	1	鱗	3	
𧤶	3	觝&𧤲	1	𧤲
𧤷	1	𧣭	1	𧣭
𧤺	1	觰	1	觰
𧤻	2	觲&𧤻	2	觲&𧤻
𧤼	2	𧣸&𧤼	2	𧣸&𧤼
𧤽	0	𧤽	0	𧤽
𧤾	3	𧥎&觼	1	觼
𧤿	1	殺	1	殺
𧥀	1	觱	1	觱
𧥁	1	觿	1	觿
𧥂	1	䚧	1	䚧
𧥄	2	𧥄&𧤏	1	𧤏
𧥅	1	觿	3	
𧥈	0	𧥈	0	𧥈
𧥉	1	觴	3	
𧥊	1	㱎	1	㱎
𧥌	0	𧥌	0	𧥌
𧥍	2	鑣&𧥍	2	鑣&𧥍
𧥎	0	𧥎	3	
𧥏	1	觿	3	
𧥑	2	𧥑&觱	1	觱
𧥒	1	𧥓	3	
𧥓	0	𧥓	0	𧥓
𧥕	1	蟕	1	蟕
𧥖	0	𧥖	0	𧥖
𧥗	1	𧥖	1	𧥖
𧥘	1	觸	1	觸
𧥙	2	𣁀&𧥙	0	𧥙
𧥚	1	𧥙	1	𧥙
𧥛	0	𧥛	0	𧥛
𧥜	0	𧥜	0	𧥜
𧥝	1	詞	1	詞
𧥞	1	歎	3	
𧥠	1	訄	3	
𧥡	1	誕	1	誕
𧥢	1	誇	1	誇
𧥣	2	叩&𧥣	0	𧥣
𧥤	2	㕧&㗨&𧥤	2	㕧&㗨&𧥤
𧥥	1	訓	1	訓
𧥦	2	𧥦&𧨄	1	𧨄
𧥧	3	詷&䚻	1	詷
𧥨	1	詍	1	詍
𧥩	1	訧	1	訧
𧥪	1	訮	1	訮
𧥫	3	託&訰	1	訰
𧥬	1	訉	3	
𧥭	1	訉	1	訉
𧥮	2	詆&𧥮	0	𧥮
𧥯	1	𧥮	1	𧥮
𧥰	1	䚮	1	䚮
𧥱	2	夫&𧥱	1	夫
𧥲	1	䚻	3	
𧥳	1	詩	1	詩
𧥴	0	𧥴	0	𧥴
𧥵	0	𧥵	0	𧥵
𧥶	1	誑	3	
𧥷	1	訖	1	訖
𧥸	0	𧥸	0	𧥸
𧥹	0	𧥹	0	𧥹
𧥺	2	𧥺&韻&訇	3	韻&訇
𧥻	1	訇	1	訇
𧥼	0	𧥼	0	𧥼
𧥽	1	諅	1	諅
𧥾	1	識	1	識
𧥿	2	𧥿&訓	1	訓
𧦀	2	𧦀&詉&䛔	2	𧦀&詉
𧦁	1	呬	1	呬
𧦂	3	𡔣&𡔢	1	𡔢
𧦃	1	舒	3	
𧦄	1	詆	1	詆
𧦆	1	誷	1	誷
𧦇	1	䚻	1	䚻
𧦏	1	訰	1	訰
𧦐	1	訮	3	
𧦒	1	詆	1	詆
𧦓	1	訴	1	訴
𧦗	1	䚻	1	䚻
𧦘	1	誷	3	
𧦙	3	訩&兇&詾	3	兇&詾
𧦚	1	詆	1	詆
𧦛	2	䚮&𧦛	1	䚮
𧦜	1	診	1	診
𧦝	2	呼&謼&𧦝	0	𧦝
𧦞	0	𧦞	0	𧦞
𧦟	0	𧦟	0	𧦟
𧦠	1	呃	1	呃
𧦡	1	訴	1	訴
𧦢	1	呺	1	呺
𧦣	1	佞	1	佞
𧦤	0	𧦤	0	𧦤
𧦥	1	謀	1	謀
𧦦	1	䛁	1	䛁
𧦧	1	詑	1	詑
𧦨	2	𧦨&詉	0	𧦨
𧦩	3	訑&𧩹	1	訑
𧦪	3	䛒&辯	1	辯
𧦫	1	詒	1	詒
𧦬	3	䛒&辯	1	辯
𧦭	2	詑&𧦭	0	𧦭
𧦮	0	𧦮	0	𧦮
𧦯	2	䚮&𧦯	1	䚮
𧦴	1	詧	3	
𧦺	1	詆	1	詆
𧦻	1	𧦝	1	𧦝
𧦼	1	訮	3	
𧦽	1	診	3	
𧦾	1	訣	1	訣
𧧁	1	䛄	1	䛄
𧧂	1	診	1	診
𧧄	2	妄&𧧄	0	𧧄
𧧅	2	諫&𧧅	2	諫&𧧅
𧧆	0	𧧆	0	𧧆
𧧇	1	𧧨	1	𧧨
𧧈	1	誄	1	誄
𧧉	0	𧧉	0	𧧉
𧧊	0	𧧊	0	𧧊
𧧋	0	𧧋	0	𧧋
𧧌	1	寂	1	寂
𧧍	1	哂	1	哂
𧧎	1	𠱚	1	𠱚
𧧏	1	喏	1	喏
𧧐	1	訹	1	訹
𧧑	1	諺	1	諺
𧧒	0	𧧒	0	𧧒
𧧓	2	恤&諡&𧧓	2	恤&諡&𧧓
𧧔	0	𧧔	0	𧧔
𧧕	0	𧧕	0	𧧕
𧧖	3	咎&倃	1	倃
𧧗	1	詾	1	詾
𧧘	1	說	1	說
𧧙	1	誥	1	誥
𧧚	1	訕	1	訕
𧧛	1	䛁	1	䛁
𧧜	1	誷	1	誷
𧧝	0	𧧝	0	𧧝
𧧞	1	誥	1	誥
𧧟	2	䛋&𧧟	2	䛋&𧧟
𧧠	2	謅&𧧠	0	𧧠
𧧡	1	訟	1	訟
𧧢	1	謊	3	
𧧧	1	詈	1	詈
𧧨	0	𧧨	0	𧧨
𧧪	1	訕	1	訕
𧧫	1	𧨱	1	𧨱
𧧬	1	戠	3	
𧧭	1	誇	3	
𧧮	1	詤	3	
𧧯	1	說	3	
𧧰	1	䛗	1	䛗
𧧱	1	錄	1	錄
𧧲	1	詄	1	詄
𧧳	1	誇	1	誇
𧧴	1	譀	1	譀
𧧵	0	𧧵	0	𧧵
𧧶	0	𧧶	0	𧧶
𧧷	2	救&𧧷	2	救&𧧷
𧧸	0	𧧸	0	𧧸
𧧹	2	𧧹&徯	0	𧧹
𧧺	0	𧧺	0	𧧺
𧧻	0	𧧻	0	𧧻
𧧼	1	誼	1	誼
𧧽	1	𧥹	1	𧥹
𧧾	0	𧧾	0	𧧾
𧧿	1	教	1	教
𧨀	0	𧨀	0	𧨀
𧨁	2	𧨁&嗟&𧪘	3	嗟&𧪘
𧨂	0	𧨂	0	𧨂
𧨃	1	鬩	1	鬩
𧨄	2	謣&𧨄	0	𧨄
𧨅	1	善	1	善
𧨆	3	N00025&誣	3	N00025&誣
𧨇	1	誺	1	誺
𧨈	3	誣&靈	3	誣&靈
𧨉	1	𧫢	1	𧫢
𧨊	0	𧨊	0	𧨊
𧨋	0	𧨋	0	𧨋
𧨏	1	誼	1	誼
𧨕	1	說	3	
𧨙	1	誂	1	誂
𧨚	1	㖏	1	㖏
𧨛	1	詪	1	詪
𧨜	0	𧨜	0	𧨜
𧨝	1	詗	1	詗
𧨞	1	謑	1	謑
𧨠	1	𧩮	1	𧩮
𧨢	1	詳	3	
𧨣	1	訥	1	訥
𧨤	1	㖏	1	㖏
𧨥	1	話	3	
𧨦	1	諡	1	諡
𧨧	2	𧨧&䜏	2	𧨧&䜏
𧨨	1	謐	1	謐
𧨩	0	𧨩	0	𧨩
𧨪	2	𧨪&䜏	1	䜏
𧨫	1	䛭	1	䛭
𧨬	1	諀	1	諀
𧨭	1	監	1	監
𧨮	1	𧧆	1	𧧆
𧨯	1	諜	1	諜
𧨰	0	𧨰	0	𧨰
𧨱	2	詆&𧨱	0	𧨱
𧨲	0	𧨲	0	𧨲
𧨳	0	𧨳	0	𧨳
𧨴	0	𧨴	0	𧨴
𧨵	0	𧨵	0	𧨵
𧨶	1	訞	1	訞
𧨷	0	𧨷	0	𧨷
𧨸	0	𧨸	0	𧨸
𧨹	0	𧨹	0	𧨹
𧨺	1	識	1	識
𧨻	3	𧧹&計	1	計
𧨼	1	訊	1	訊
𧨽	1	詂	1	詂
𧨾	0	𧨾	0	𧨾
𧨿	0	𧨿	0	𧨿
𧩀	1	謻	1	謻
𧩁	1	言	3	
𧩂	1	謗	1	謗
𧩃	0	𧩃	0	𧩃
𧩄	2	誣&𧩄	1	誣
𧩅	0	𧩅	0	𧩅
𧩆	2	𧩆&𧫢	1	𧫢
𧩇	2	諠&𧩇	0	𧩇
𧩊	1	誇	3	
𧩐	1	諕	1	諕
𧩑	1	諝	1	諝
𧩓	1	𧩣	3	
𧩔	1	訴	3	
𧩕	0	𧩕	3	
𧩖	1	謅	1	謅
𧩘	1	詡	1	詡
𧩙	1	誕	1	誕
𧩚	0	𧩚	0	𧩚
𧩛	1	詢	1	詢
𧩜	3	謀&諜	1	諜
𧩝	2	𧩝&𧪜	2	𧩝&𧪜
𧩞	1	諏	1	諏
𧩟	1	𧩪	1	𧩪
𧩠	1	諷	1	諷
𧩡	1	讜	1	讜
𧩢	1	訾	1	訾
𧩣	0	𧩣	0	𧩣
𧩤	1	詯	1	詯
𧩥	1	詈	1	詈
𧩦	0	𧩦	0	𧩦
𧩧	0	𧩧	0	𧩧
𧩨	0	𧩨	0	𧩨
𧩩	1	𧩨	1	𧩨
𧩪	0	𧩪	0	𧩪
𧩫	3	詫&譇	3	詫&譇
𧩬	0	𧩬	0	𧩬
𧩭	1	䜏	1	䜏
𧩮	2	謏&𧩮	0	𧩮
𧩯	1	訴	1	訴
𧩱	2	𧩱&誁	1	誁
𧩲	0	𧩲	0	𧩲
𧩳	1	𧧻	1	𧧻
𧩴	0	𧩴	0	𧩴
𧩵	1	辯	1	辯
𧩶	0	𧩶	0	𧩶
𧩷	1	䛄	1	䛄
𧩸	1	諳	1	諳
𧩹	0	𧩹	0	𧩹
𧩺	3	懇&詪	1	懇
𧩻	1	諏	1	諏
𧩼	0	𧩼	0	𧩼
𧩽	1	諄	1	諄
𧩾	1	監	1	監
𧩿	1	譔	1	譔
𧪀	1	譸	1	譸
𧪁	1	詑	1	詑
𧪂	1	詢	1	詢
𧪃	2	訪&𧪃	2	訪&𧪃
𧪄	3	記&訊	1	訊
𧪅	2	詉&𧪅	1	詉
𧪆	1	訶	1	訶
𧪇	2	劑&𧪇	1	劑
𧪈	1	謭	3	
𧪌	1	誱	3	
𧪓	1	偶	3	
𧪔	3	辨&辯	1	辯
𧪖	1	誡	1	誡
𧪗	1	䛽	1	䛽
𧪘	2	嗟&𧪘	2	嗟&𧪘
𧪙	2	𡽜&𧪙	0	𧪙
𧪚	0	𧪚	0	𧪚
𧪛	1	䛩	1	䛩
𧪜	2	訴&𧪜	0	𧪜
𧪝	0	𧪝	0	𧪝
𧪞	2	嗑&𧪞	0	𧪞
𧪟	1	誻	1	誻
𧪠	0	𧪠	0	𧪠
𧪡	0	𧪡	0	𧪡
𧪢	2	訖&𧪢	2	訖&𧪢
𧪣	0	𧪣	0	𧪣
𧪥	1	謕	1	謕
𧪦	0	𧪦	0	𧪦
𧪧	1	䛠	1	䛠
𧪨	0	𧪨	0	𧪨
𧪩	1	息	1	息
𧪪	1	𠹃	1	𠹃
𧪫	2	𠹇&𧪫	0	𧪫
𧪬	3	䌛&繇	1	繇
𧪭	1	𥛅	1	𥛅
𧪮	3	譁&謣	3	譁&謣
𧪯	0	𧪯	0	𧪯
𧪰	2	𧪰&𧪘	1	𧪘
𧪱	1	詢	1	詢
𧪲	1	𧧆	1	𧧆
𧪳	1	諰	1	諰
𧪴	1	誑	1	誑
𧪵	2	𧪵&謉	0	𧪵
𧪶	2	誖&𧪶	1	誖
𧪷	1	𧬊	1	𧬊
𧪸	1	講	3	
𧪹	2	諕&𧪹	2	諕&𧪹
𧪺	1	論	1	論
𧪻	1	譜	3	
𧪼	1	韻	3	
𧪿	1	講	1	講
𧫉	1	詿	1	詿
𧫋	1	𧪜	3	
𧫌	1	譾	3	
𧫍	1	諻	3	
𧫏	1	謉	1	謉
𧫐	1	諝	1	諝
𧫒	1	諕	1	諕
𧫓	2	訊&𧫓	2	訊&𧫓
𧫔	1	𧧺	1	𧧺
𧫕	0	𧫕	0	𧫕
𧫖	1	讄	1	讄
𧫗	0	𧫗	0	𧫗
𧫘	1	競	1	競
𧫙	1	競	1	競
𧫚	3	諦&諟	1	諦
𧫛	0	𧫛	0	𧫛
𧫜	0	𧫜	0	𧫜
𧫝	0	𧫝	0	𧫝
𧫞	0	𧫞	0	𧫞
𧫟	1	謑	1	謑
𧫠	1	諆	1	諆
𧫡	0	𧫡	0	𧫡
𧫢	0	𧫢	0	𧫢
𧫣	3	𧫷&速	1	速
𧫤	2	蹕&𧫤	2	蹕&𧫤
𧫥	0	𧫥	0	𧫥
𧫦	0	𧫦	0	𧫦
𧫧	1	諳	1	諳
𧫨	1	謙	1	謙
𧫩	1	謾	1	謾
𧫪	1	謔	1	謔
𧫫	1	譀	1	譀
𧫬	0	𧫬	0	𧫬
𧫭	1	譜	1	譜
𧫮	3	𧩱&誁	1	誁
𧫯	1	嗟	1	嗟
𧫰	1	誱	1	誱
𧫲	1	諞	1	諞
𧫷	2	𧫷&速	1	速
𧫸	1	詖	1	詖
𧫹	1	僊	3	
𧫺	1	謚	1	謚
𧫽	1	謶	1	謶
𧫾	2	噈&𧫾	2	噈&𧫾
𧫿	0	𧫿	0	𧫿
𧬀	1	讄	1	讄
𧬂	0	𧬂	0	𧬂
𧬃	1	譅	1	譅
𧬄	1	謝	1	謝
𧬅	2	𧬅&譇	1	譇
𧬆	2	善&𧬆	2	善&𧬆
𧬇	0	𧬇	0	𧬇
𧬈	0	𧬈	0	𧬈
𧬉	1	謈	1	謈
𧬊	0	𧬊	0	𧬊
𧬋	2	發&𧬋	2	發&𧬋
𧬌	2	諴&𧬌	0	𧬌
𧬍	1	謫	1	謫
𧬎	1	讈	1	讈
𧬏	0	𧬏	0	𧬏
𧬐	1	譳	1	譳
𧬑	3	𧨁&嗟&𧪘	3	嗟&𧪘
𧬒	1	謾	1	謾
𧬓	1	謺	1	謺
𧬔	1	諅	3	
𧬕	0	𧬕	0	𧬕
𧬖	2	朣&膧&𧬖&𩪘	2	朣&膧&𧬖
𧬗	1	諅	1	諅
𧬘	1	讕	1	讕
𧬜	1	𧬊	1	𧬊
𧬝	1	𧬧	3	
𧬞	1	𧥼	1	𧥼
𧬟	1	訾	1	訾
𧬠	1	䜉	1	䜉
𧬡	1	諈	1	諈
𧬢	1	諎	1	諎
𧬣	1	識	1	識
𧬤	0	𧬤	0	𧬤
𧬦	1	諂	3	
𧬧	0	𧬧	0	𧬧
𧬨	0	𧬨	0	𧬨
𧬩	2	𠿓&𧬩	2	𠿓&𧬩
𧬪	2	諢&𧬪	0	𧬪
𧬫	1	譾	1	譾
𧬬	0	𧬬	0	𧬬
𧬭	1	諣	1	諣
𧬮	2	詿&𧬮	1	詿
𧬯	1	謇	1	謇
𧬰	2	響&𧬰	0	𧬰
𧬱	1	訶	1	訶
𧬲	3	誳&詘	1	詘
𧬳	1	譯	1	譯
𧬴	1	謂	1	謂
𧬵	1	諕	1	諕
𧬶	1	謬	1	謬
𧬻	0	𧬻	3	
𧬿	1	䛽	1	䛽
𧭀	1	𧧸	1	𧧸
𧭁	1	謷	1	謷
𧭂	1	𧫕	1	𧫕
𧭃	1	擔	1	擔
𧭄	1	䜈	1	䜈
𧭅	1	𧫢	1	𧫢
𧭆	1	讑	1	讑
𧭈	0	𧭈	0	𧭈
𧭉	1	診	1	診
𧭊	0	𧭊	0	𧭊
𧭋	1	𧭟	1	𧭟
𧭌	3	𡁓&𧭞	3	𡁓&𧭞
𧭍	0	𧭍	0	𧭍
𧭎	0	𧭎	0	𧭎
𧭏	0	𧭏	0	𧭏
𧭐	1	譺	1	譺
𧭑	3	詿&𧬮	1	詿
𧭒	1	譽	3	
𧭓	0	𧭓	0	𧭓
𧭔	0	𧭔	0	𧭔
𧭕	0	𧭕	0	𧭕
𧭖	1	議	1	議
𧭘	1	譜	1	譜
𧭙	1	𧭊	1	𧭊
𧭚	0	𧭚	0	𧭚
𧭛	1	譶	1	譶
𧭜	0	𧭜	0	𧭜
𧭝	0	𧭝	0	𧭝
𧭞	0	𧭞	0	𧭞
𧭟	2	謘&𧭟	0	𧭟
𧭠	2	寫&𧭠	2	寫&𧭠
𧭡	1	䜕	1	䜕
𧭢	3	議&讜	1	讜
𧭣	0	𧭣	0	𧭣
𧭤	2	謈&𧭤	0	𧭤
𧭥	0	𧭥	0	𧭥
𧭧	1	謶	1	謶
𧭨	3	𧪰&𧪘	1	𧪘
𧭩	1	謹	1	謹
𧭪	2	𣤬&𧭪	0	𧭪
𧭫	1	諄	1	諄
𧭬	1	詿	1	詿
𧭭	3	譍&應	1	應
𧭮	0	𧭮	0	𧭮
𧭯	1	𧪘	1	𧪘
𧭴	1	譞	1	譞
𧭵	1	魅	3	
𧭶	1	諴	3	
𧭷	1	諸	1	諸
𧭸	2	㒠&𧭸	2	㒠&𧭸
𧭹	0	𧭹	0	𧭹
𧭺	1	諄	1	諄
𧭻	0	𧭻	0	𧭻
𧭼	0	𧭼	0	𧭼
𧭽	0	𧭽	0	𧭽
𧭾	1	䜋	1	䜋
𧭿	1	辯	1	辯
𧮀	1	辯	1	辯
𧮂	1	譖	1	譖
𧮃	1	讌	1	讌
𧮄	1	讗	1	讗
𧮅	1	䜚	1	䜚
𧮆	2	𧮆&謍	1	謍
𧮇	1	䜕	1	䜕
𧮈	1	謇	1	謇
𧮉	1	譁	1	譁
𧮊	1	𧮓	1	𧮓
𧮎	1	謇	1	謇
𧮏	1	䜕	1	䜕
𧮐	1	讔	1	讔
𧮑	2	𧪦&𧮑	2	𧪦&𧮑
𧮒	1	噫	1	噫
𧮓	0	𧮓	0	𧮓
𧮔	1	𧭤	1	𧭤
𧮘	1	諢	1	諢
𧮙	0	𧮙	0	𧮙
𧮚	1	䜕	1	䜕
𧮛	1	謧	1	謧
𧮝	0	𧮝	0	𧮝
𧮞	0	𧮞	0	𧮞
𧮟	1	善	1	善
𧮠	1	訒	3	
𧮢	1	讄	1	讄
𧮣	1	誩	1	誩
𧮥	1	喧	1	喧
𧮦	1	譶	3	
𧮧	1	讕	3	
𧮨	1	讓	1	讓
𧮩	1	讋	1	讋
𧮪	1	詀	3	
𧮫	0	𧮫	0	𧮫
𧮬	2	谻&𧮬	2	谻&𧮬
𧮭	2	谻&䜪&𧮭	2	谻&䜪&𧮭
𧮮	2	阡&𧮮&谸	2	阡&𧮮&谸
𧮯	2	谹&𧮯	1	谹
𧮰	1	谽	1	谽
𧮱	0	𧮱	0	𧮱
𧮲	1	睿	1	睿
𧮳	1	谽	1	谽
𧮴	1	谹	1	谹
𧮵	0	𧮵	0	𧮵
𧮶	0	𧮶	0	𧮶
𧮷	1	谻	1	谻
𧮸	1	壑	3	
𧮺	0	𧮺	0	𧮺
𧮻	0	𧮻	0	𧮻
𧮼	0	𧮼	0	𧮼
𧮽	0	𧮽	0	𧮽
𧯀	0	𧯀	0	𧯀
𧯁	1	𧮶	1	𧮶
𧯂	1	𧮶	1	𧮶
𧯆	1	豁	3	
𧯈	1	隙	1	隙
𧯉	2	壑&豁&𧯉	1	壑
𧯊	1	隙	1	隙
𧯋	1	岈	1	岈
𧯌	1	䜰	1	䜰
𧯍	0	𧯍	0	𧯍
𧯎	1	澗	1	澗
𧯏	0	𧯏	0	𧯏
𧯐	1	䜱	1	䜱
𧯑	1	澗	3	
𧯓	3	谺&岈	1	岈
𧯔	1	䜰	1	䜰
𧯕	0	𧯕	0	𧯕
𧯘	2	豃&𧯘	1	豃
𧯙	1	𢌔	1	𢌔
𧯚	1	豆	1	豆
𧯛	1	壴	1	壴
𧯜	1	豆	1	豆
𧯝	1	豆	3	
𧯞	1	鬥	1	鬥
𧯠	2	剅&𧯠	0	𧯠
𧯡	2	豌&𧯡	2	豌&𧯡
𧯢	1	𧯷	1	𧯷
𧯤	1	𧯠	3	
𧯥	0	𧯥	0	𧯥
𧯦	0	𧯦	0	𧯦
𧯧	1	塏	1	塏
𧯩	0	𧯩	0	𧯩
𧯪	1	豍	1	豍
𧯫	0	𧯫	0	𧯫
𧯬	1	頸	3	
𧯭	1	豋	1	豋
𧯮	1	豐	1	豐
𧯯	1	萁	1	萁
𧯰	0	𧯰	0	𧯰
𧯱	0	𧯱	0	𧯱
𧯳	1	豌	1	豌
𧯴	1	楚	1	楚
𧯷	0	𧯷	0	𧯷
𧯸	3	穀&䜼	1	䜼
𧯹	1	䜾	1	䜾
𧯺	2	㱯&𧯺	0	𧯺
𧯻	1	嚭	1	嚭
𧯼	0	𧯼	0	𧯼
𧯽	1	豊	1	豊
𧯾	0	𧯾	0	𧯾
𧯿	1	鼙	1	鼙
𧰀	2	䵿&𧰀	0	𧰀
𧰁	1	䝃	1	䝃
𧰂	1	遢	3	
𧰃	0	𧰃	0	𧰃
𧰄	2	𧰄&𪏆	2	𧰄&𪏆
𧰅	3	豑&秩	1	秩
𧰆	2	畢&𧰆	0	𧰆
𧰇	0	𧰇	0	𧰇
𧰉	1	䝁	1	䝁
𧰊	0	𧰊	0	𧰊
𧰋	3	𣀃&𣀊	1	𣀊
𧰌	1	𧯦	1	𧯦
𧰍	1	登	1	登
𧰐	2	豋&𧰐	2	豋&𧰐
𧰑	2	𧇼&𧰑	1	𧇼
𧰒	0	𧰒	0	𧰒
𧰓	0	𧰓	0	𧰓
𧰕	2	愨&𧰕	1	愨
𧰘	0	𧰘	0	𧰘
𧰙	0	𧰙	0	𧰙
𧰚	1	豔	3	
𧰛	1	𧰓	3	
𧰟	1	豔	3	
𧰠	0	𧰠	0	𧰠
𧰡	0	𧰡	0	𧰡
𧰣	0	𧰣	0	𧰣
𧰥	1	𤃶	1	𤃶
𧰧	3	亥&豕	3	亥&豕
𧰨	0	𧰨	0	𧰨
𧰩	0	𧰩	0	𧰩
𧰪	0	𧰪	0	𧰪
𧰫	2	𧰫&𢒔	0	𧰫
𧰬	1	豕	1	豕
𧰭	3	豘&豚	1	豚
𧰮	1	䝆	1	䝆
𧰯	1	熊	1	熊
𧰰	0	𧰰	0	𧰰
𧰱	0	𧰱	3	
𧰲	2	彖&𧰲	0	𧰲
𧰳	1	𧰲	3	
𧰴	1	豞	1	豞
𧰵	0	𧰵	0	𧰵
𧰶	1	豛	1	豛
𧰷	0	𧰷	0	𧰷
𧰸	2	𧰸&𧰿	0	𧰸
𧰹	2	貀&𧰹	2	貀&𧰹
𧰺	1	𧰲	1	𧰲
𧰻	0	𧰻	0	𧰻
𧰼	1	象	1	象
𧰽	1	兕	1	兕
𧰿	0	𧰿	0	𧰿
𧱀	0	𧱀	0	𧱀
𧱁	2	狪&𧱁	1	狪
𧱂	2	𧱂&豲	1	豲
𧱃	1	兕	1	兕
𧱄	0	𧱄	0	𧱄
𧱅	0	𧱅	0	𧱅
𧱆	0	𧱆	0	𧱆
𧱇	1	𧳙	1	𧳙
𧱈	1	㣇	1	㣇
𧱉	2	豗&𧱉	1	豗
𧱊	2	豛&𧱊	0	𧱊
𧱌	1	嫁	3	
𧱍	1	䝋	1	䝋
𧱎	3	𧱧&𧱓	1	𧱓
𧱏	0	𧱏	0	𧱏
𧱐	2	哮&𧱐	2	哮&𧱐
𧱑	1	豠	1	豠
𧱒	2	豟&𧱒	1	豟
𧱓	0	𧱓	0	𧱓
𧱔	1	豚	1	豚
𧱕	1	豛	1	豛
𧱖	3	𧱂&豲	1	豲
𧱗	1	豤	1	豤
𧱘	0	𧱘	0	𧱘
𧱙	0	𧱙	0	𧱙
𧱚	2	𧱚&豜	1	豜
𧱛	1	䝒	1	䝒
𧱜	0	𧱜	0	𧱜
𧱝	0	𧱝	0	𧱝
𧱞	1	䝐	1	䝐
𧱟	1	豤	1	豤
𧱠	2	𧱓&𧱠	2	𧱓&𧱠
𧱡	0	𧱡	0	𧱡
𧱢	1	𧰻	1	𧰻
𧱣	2	𧰱&豛&𧱣	2	豛&𧱣
𧱤	1	蠡	1	蠡
𧱦	1	𧱓	3	
𧱧	0	𧱧	3	
𧱨	2	豤&𧱨	1	豤
𧱩	0	𧱩	0	𧱩
𧱪	0	𧱪	0	𧱪
𧱫	1	䝐	1	䝐
𧱬	2	𧱬&貐	0	𧱬
𧱭	3	豵&䝋	1	䝋
𧱮	1	豚	1	豚
𧱯	1	豚	1	豚
𧱰	0	𧱰	0	𧱰
𧱱	1	豥	1	豥
𧱲	2	豷&𧱲	2	豷&𧱲
𧱳	0	𧱳	0	𧱳
𧱴	0	𧱴	0	𧱴
𧱵	0	𧱵	0	𧱵
𧱶	1	鳳	1	鳳
𧱷	1	豵	1	豵
𧱸	1	豚	1	豚
𧱻	0	𧱻	0	𧱻
𧱼	0	𧱼	0	𧱼
𧱽	1	𧱚	3	
𧱾	2	燹&𧱾	2	燹&𧱾
𧱿	1	𧴄	1	𧴄
𧲀	1	豜	1	豜
𧲁	3	𨽽&肄	1	肄
𧲂	0	𧲂	0	𧲂
𧲃	0	𧲃	0	𧲃
𧲄	0	𧲄	0	𧲄
𧲅	1	橧	1	橧
𧲆	2	䝐&𧲆	1	䝐
𧲇	2	豰&𧲇	2	豰&𧲇
𧲈	0	𧲈	0	𧲈
𧲉	1	𧲜	1	𧲜
𧲊	1	薦	3	
𧲋	0	𧲋	0	𧲋
𧲌	0	𧲌	0	𧲌
𧲍	0	𧲍	0	𧲍
𧲎	1	𧲍	1	𧲍
𧲏	1	豩	1	豩
𧲐	1	豰	1	豰
𧲑	3	𧲚&䝐	1	䝐
𧲒	1	豟	1	豟
𧲓	1	豵	1	豵
𧲔	1	𧲝	1	𧲝
𧲕	1	䝏	1	䝏
𧲗	2	䝐&𧲗	0	𧲗
𧲘	1	㺣	1	㺣
𧲚	2	𧲚&䝐	1	䝐
𧲛	2	𧲛&薦	1	薦
𧲜	0	𧲜	0	𧲜
𧲝	0	𧲝	0	𧲝
𧲞	1	𧲝	1	𧲝
𧲟	1	昆	1	昆
𧲠	1	乳	3	
𧲡	2	豹&𧲡	2	豹&𧲡
𧲢	1	䭷	1	䭷
𧲣	1	豺	3	
𧲤	0	𧲤	0	𧲤
𧲥	2	貊&𧲥	2	貊&𧲥
𧲦	2	貉&𧲦	2	貉&𧲦
𧲧	2	豝&𧲧	2	豝&𧲧
𧲨	2	豜&𧲨	0	𧲨
𧲩	3	貈&貉	1	貉
𧲪	1	貉	1	貉
𧲬	1	𧳅	1	𧳅
𧲭	0	𧲭	0	𧲭
𧲮	0	𧲮	0	𧲮
𧲯	0	𧲯	0	𧲯
𧲰	2	貙&𧲰	2	貙&𧲰
𧲱	0	𧲱	0	𧲱
𧲲	1	狐	1	狐
𧲳	3	豞&𧳄	1	𧳄
𧲴	0	𧲴	0	𧲴
𧲵	0	𧲵	0	𧲵
𧲶	1	𧳂	1	𧳂
𧲷	3	䝗&貅	1	貅
𧲾	1	狦	1	狦
𧲿	1	豿	1	豿
𧳀	2	㺁&𧳀	2	㺁&𧳀
𧳁	1	𤝻	1	𤝻
𧳂	0	𧳂	0	𧳂
𧳃	1	豸	1	豸
𧳄	0	𧳄	0	𧳄
𧳅	0	𧳅	0	𧳅
𧳆	1	𧱁	1	𧱁
𧳇	3	貈&貉	1	貉
𧳉	0	𧳉	0	𧳉
𧳊	2	獬&𧳊	0	𧳊
𧳋	2	廌&𧳋	0	𧳋
𧳌	0	𧳌	0	𧳌
𧳍	0	𧳍	0	𧳍
𧳎	0	𧳎	0	𧳎
𧳏	1	狉	1	狉
𧳐	2	豨&𧳐	2	豨&𧳐
𧳑	1	𧱓	1	𧱓
𧳒	1	貌	1	貌
𧳓	1	貌	3	
𧳔	1	貆	1	貆
𧳕	1	𧳟	3	
𧳖	1	貌	1	貌
𧳙	0	𧳙	0	𧳙
𧳚	2	猝&𧳚	2	猝&𧳚
𧳛	1	𧱙	1	𧱙
𧳜	0	𧳜	0	𧳜
𧳝	0	𧳝	0	𧳝
𧳞	2	蜼&𧳞	2	蜼&𧳞
𧳟	2	貍&𧳟	0	𧳟
𧳠	1	貏	1	貏
𧳡	1	𧳅	1	𧳅
𧳢	3	貂&豤	1	豤
𧳣	1	湩	3	
𧳥	3	猍&𧳟	1	𧳟
𧳦	2	𧳦&㺁	1	㺁
𧳧	0	𧳧	0	𧳧
𧳨	2	猱&𧳨	0	𧳨
𧳩	1	貒	1	貒
𧳪	1	蝟	1	蝟
𧳫	2	猶&蜼&𧳫	2	猶&蜼&𧳫
𧳬	0	𧳬	0	𧳬
𧳭	3	猿&蝯	1	猿
𧳮	0	𧳮	0	𧳮
𧳯	1	豬	3	
𧳰	1	𤟤	3	
𧳲	1	貒	1	貒
𧳳	1	䝟	1	䝟
𧳴	1	貏	1	貏
𧳵	1	猼	1	猼
𧳶	0	𧳶	0	𧳶
𧳷	3	狷&猿	3	狷&猿
𧳸	0	𧳸	0	𧳸
𧳹	0	𧳹	0	𧳹
𧳺	2	𧳦&㺁&𧳺	2	㺁&𧳺
𧳻	2	䝤&𧳻	0	𧳻
𧳼	0	𧳼	0	𧳼
𧳿	1	𠄉	3	
𧴀	1	貔	1	貔
𧴁	1	离	1	离
𧴂	0	𧴂	0	𧴂
𧴃	1	獑	1	獑
𧴄	0	𧴄	0	𧴄
𧴅	0	𧴅	0	𧴅
𧴆	1	魖	1	魖
𧴇	0	𧴇	0	𧴇
𧴈	1	貔	3	
𧴌	0	𧴌	0	𧴌
𧴍	3	豶&獖	1	豶
𧴎	2	𧳀&𧴎&𧴙	0	𧴎
𧴏	3	貈&貉	1	貉
𧴐	3	𤡢&𤢌	1	𤢌
𧴒	1	豷	3	
𧴓	1	𤡤	3	
𧴔	1	貍	1	貍
𧴕	2	𧴕&𧴎	0	𧴕
𧴖	0	𧴖	0	𧴖
𧴗	0	𧴗	0	𧴗
𧴘	1	貉	1	貉
𧴙	2	㺁&𧴙	2	㺁&𧴙
𧴚	0	𧴚	0	𧴚
𧴛	1	獬	3	
𧴝	2	䝢&獌&𧴝	2	獌&𧴝
𧴞	1	貉	1	貉
𧴟	1	𧴂	1	𧴂
𧴠	1	㺡	1	㺡
𧴡	1	獺	1	獺
𧴣	0	𧴣	0	𧴣
𧴤	0	𧴤	0	𧴤
𧴥	2	倍&負&𧴥	2	倍&負&𧴥
𧴦	1	貨	1	貨
𧴧	1	助	3	
𧴨	1	貞	3	
𧴩	1	蚆	3	
𧴪	0	𧴪	0	𧴪
𧴫	1	得	1	得
𧴬	0	𧴬	0	𧴬
𧴭	2	𢒉&𧴭	0	𧴭
𧴮	1	貣	1	貣
𧴰	1	貣	3	
𧴲	1	𧴪	1	𧴪
𧴳	3	賒&貰	1	賒
𧴴	1	置	3	
𧴵	1	貿	1	貿
𧴶	1	財	1	財
𧴷	1	貶	1	貶
𧴸	3	躭&耽	1	耽
𧴹	1	貰	1	貰
𧴺	0	𧴺	0	𧴺
𧴿	1	尞	3	
𧵄	1	蚔	1	蚔
𧵅	1	蚆	1	蚆
𧵇	1	貾	1	貾
𧵈	0	𧵈	0	𧵈
𧵉	3	賑&䝩	1	賑
𧵊	2	𧵊&賧	0	𧵊
𧵋	2	示&𧵋	1	示
𧵌	0	𧵌	0	𧵌
𧵍	1	貿	1	貿
𧵎	3	賈&𧵑	1	𧵑
𧵏	3	𥄘&𧴭	1	𧴭
𧵐	1	賦	1	賦
𧵑	2	賈&𧵑	0	𧵑
𧵒	1	貯	1	貯
𧵛	1	珂	3	
𧵜	1	頂	1	頂
𧵝	1	眓	1	眓
𧵠	0	𧵠	0	𧵠
𧵣	2	䝧&𧵣	0	𧵣
𧵤	3	財&貯	3	財&貯
𧵥	1	䞈	1	䞈
𧵦	1	貺	1	貺
𧵧	2	𧵧&𧶆	0	𧵧
𧵨	0	𧵨	0	𧵨
𧵩	1	責	1	責
𧵪	1	賊	1	賊
𧵫	2	貽&𧵫	0	𧵫
𧵬	2	覛&𧵬	2	覛&𧵬
𧵭	0	𧵭	0	𧵭
𧵮	1	貺	1	貺
𧵯	1	䨈	1	䨈
𧵰	1	貨	1	貨
𧵱	0	𧵱	0	𧵱
𧵲	1	貿	1	貿
𧵳	2	𧵳&蝕	1	蝕
𧵽	1	買	1	買
𧵿	1	寡	1	寡
𧶀	1	𧶊	3	
𧶂	2	眓&𧶂	1	眓
𧶄	1	掙	3	
𧶅	1	賄	1	賄
𧶆	0	𧶆	0	𧶆
𧶇	0	𧶇	0	𧶇
𧶈	3	䐝&䞆	1	䞆
𧶉	1	賓	1	賓
𧶊	2	𧶊&紜	1	紜
𧶋	1	𦛖	1	𦛖
𧶌	1	責	1	責
𧶍	0	𧶍	0	𧶍
𧶎	1	賓	1	賓
𧶔	1	成	3	
𧶗	3	賒&肣	1	賒
𧶘	1	賚	1	賚
𧶙	1	背	1	背
𧶚	1	貰	1	貰
𧶛	1	賚	1	賚
𧶜	3	商&賞	3	商&賞
𧶝	2	貿&𧶝	1	貿
𧶞	1	蜠	1	蜠
𧶟	2	𧶟&賒	1	賒
𧶠	2	賣&儥&鬻&𧶠	0	𧶠
𧶡	1	宓	1	宓
𧶢	0	𧶢	0	𧶢
𧶣	1	賦	1	賦
𧶤	1	賤	1	賤
𧶥	1	購	1	購
𧶧	1	賵	3	
𧶩	1	購	3	
𧶪	1	貴	1	貴
𧶱	1	䝰	1	䝰
𧶲	0	𧶲	0	𧶲
𧶳	1	䝪	1	䝪
𧶴	1	賭	1	賭
𧶵	0	𧶵	0	𧶵
𧶶	1	販	1	販
𧶷	2	賾&蹟&歵&𧶷	2	賾&蹟&歵&𧶷
𧶸	0	𧶸	0	𧶸
𧶹	1	甖	1	甖
𧶺	0	𧶺	0	𧶺
𧶻	1	貿	1	貿
𧶽	1	賜	1	賜
𧷄	1	𧷧	1	𧷧
𧷆	1	貤	1	貤
𧷇	1	賮	1	賮
𧷈	1	貴	3	
𧷉	1	賝	1	賝
𧷊	1	𧶵	1	𧶵
𧷋	0	𧷋	0	𧷋
𧷌	1	贅	1	贅
𧷍	2	弊&𧷍	1	弊
𧷎	0	𧷎	0	𧷎
𧷏	2	𧶠&𧷏	0	𧷏
𧷐	0	𧷐	0	𧷐
𧷑	0	𧷑	0	𧷑
𧷒	2	𧶸&𧷒	0	𧷒
𧷓	1	賣	1	賣
𧷔	1	齎	1	齎
𧷕	1	資	1	資
𧷖	1	賚	1	賚
𧷗	3	賣&𧷏	1	𧷏
𧷛	1	餽	3	
𧷞	1	商	1	商
𧷟	2	繽&𧷟	0	𧷟
𧷠	1	贙	1	贙
𧷡	0	𧷡	0	𧷡
𧷢	1	贓	1	贓
𧷣	1	䞆	1	䞆
𧷤	1	賾	1	賾
𧷥	0	𧷥	0	𧷥
𧷦	0	𧷦	0	𧷦
𧷧	0	𧷧	0	𧷧
𧷨	1	賣	1	賣
𧷩	1	蕢	1	蕢
𧷪	1	磧	3	
𧷬	1	剩	3	
𧷱	1	𩓠	3	
𧷲	1	賦	1	賦
𧷳	1	螺	3	
𧷴	1	貨	3	
𧷵	1	賣	1	賣
𧷷	1	賣	3	
𧷻	2	購&𧷻	1	購
𧷼	1	贆	1	贆
𧷽	1	賸	1	賸
𧷾	0	𧷾	0	𧷾
𧷿	2	賭&𧷿	2	賭&𧷿
𧸀	1	䞂	1	䞂
𧸁	1	幣	1	幣
𧸂	0	𧸂	0	𧸂
𧸃	1	遺	1	遺
𧸄	1	財	1	財
𧸅	0	𧸅	0	𧸅
𧸆	1	贅	1	贅
𧸇	3	𧶠&𧷏	1	𧷏
𧸈	2	覕&𧸈	2	覕&𧸈
𧸉	1	膩	1	膩
𧸊	1	購	1	購
𧸋	3	貴&蕢	1	貴
𧸏	1	䁲	3	
𧸐	1	膩	1	膩
𧸑	1	贈	1	贈
𧸔	1	贇	1	贇
𧸕	2	𧸅&𧸕	0	𧸕
𧸖	1	賺	1	賺
𧸗	0	𧸗	0	𧸗
𧸘	2	貶&贉&𧸘	0	𧸘
𧸙	2	襚&𧸙	0	𧸙
𧸚	1	賂	1	賂
𧸛	1	贗	3	
𧸞	1	贅	1	贅
𧸟	1	贅	3	
𧸤	1	膾	3	
𧸥	3	𧸩&䞊	1	䞊
𧸦	0	𧸦	0	𧸦
𧸧	0	𧸧	0	𧸧
𧸨	0	𧸨	0	𧸨
𧸩	0	𧸩	3	
𧸪	0	𧸪	3	
𧸫	0	𧸫	0	𧸫
𧸮	1	覹	3	
𧸯	1	遺	1	遺
𧸱	1	贎	1	贎
𧸲	2	質&𧸲	1	質
𧸳	2	纏&𧸳	0	𧸳
𧸵	1	曌	3	
𧸷	1	贕	1	贕
𧸸	1	贍	1	贍
𧸹	1	𧸿	1	𧸿
𧸼	1	曠	3	
𧸽	1	遺	1	遺
𧸾	2	𧸾&虣	1	虣
𧸿	0	𧸿	0	𧸿
𧹀	1	𧸅	1	𧸅
𧹁	1	𧸾	3	
𧹂	1	贙	1	贙
𧹄	1	贛	1	贛
𧹆	1	賨	1	賨
𧹇	1	贎	1	贎
𧹈	2	奰&𧹈	0	𧹈
𧹉	1	贛	1	贛
𧹎	1	贖	1	贖
𧹑	1	䞈	3	
𧹒	1	買	1	買
𧹓	1	成	3	
𧹔	1	賬	1	賬
𧹕	1	䝻	3	
𧹖	1	賟	3	
𧹗	1	贃	3	
𧹘	1	赫	1	赫
𧹙	1	赬	1	赬
𧹚	1	赬	1	赬
𧹛	0	𧹛	0	𧹛
𧹝	1	赨	1	赨
𧹞	2	𧹞&赧	1	赧
𧹠	1	赧	1	赧
𧹢	1	𧹬	3	
𧹣	0	𧹣	0	𧹣
𧹧	1	䞔	1	䞔
𧹩	1	𧹯	3	
𧹬	0	𧹬	0	𧹬
𧹭	0	𧹭	0	𧹭
𧹯	2	𧹯&煉	1	煉
𧹲	0	𧹲	0	𧹲
𧹳	0	𧹳	0	𧹳
𧹴	0	𧹴	0	𧹴
𧹶	0	𧹶	0	𧹶
𧹷	1	𧹲	1	𧹲
𧹸	1	䞕	1	䞕
𧹹	3	熾&䞔	1	熾
𧹽	2	𧹶&𧹽	1	𧹶
𧺄	1	燈	1	燈
𧺆	1	走	1	走
𧺇	1	赳	1	赳
𧺈	1	赳	1	赳
𧺎	0	𧺎	0	𧺎
𧺏	0	𧺏	0	𧺏
𧺐	1	趉	1	趉
𧺒	1	踤	1	踤
𧺓	2	𧺓&赹	1	赹
𧺔	1	徒	1	徒
𧺖	1	趉	1	趉
𧺙	1	趉	1	趉
𧺝	0	𧺝	0	𧺝
𧺞	1	䞘	1	䞘
𧺟	0	𧺟	0	𧺟
𧺠	0	𧺠	0	𧺠
𧺡	2	𧺡&䟛	2	𧺡&䟛
𧺢	0	𧺢	0	𧺢
𧺣	0	𧺣	0	𧺣
𧺤	0	𧺤	0	𧺤
𧺥	1	趣	1	趣
𧺦	1	趆	1	趆
𧺧	0	𧺧	0	𧺧
𧺨	0	𧺨	0	𧺨
𧺪	1	䞛	3	
𧺫	1	起	3	
𧺯	1	赳	3	
𧺱	1	䴬	3	
𧺲	0	𧺲	0	𧺲
𧺳	2	𧺳&趆	0	𧺳
𧺴	1	啎	1	啎
𧺶	0	𧺶	0	𧺶
𧺷	0	𧺷	0	𧺷
𧺸	0	𧺸	0	𧺸
𧺹	0	𧺹	0	𧺹
𧺺	1	C14365	1	C14365
𧺻	1	𧼏	1	𧼏
𧺼	0	𧺼	0	𧺼
𧺽	2	超&𧺽&趆	2	超&𧺽&趆
𧺾	0	𧺾	0	𧺾
𧺿	1	跇	1	跇
𧻀	1	䞣	1	䞣
𧻁	2	𧻁&䠗	0	𧻁
𧻂	1	越	1	越
𧻃	2	趣&𧻃	2	趣&𧻃
𧻎	1	趆	1	趆
𧻏	1	逃	3	
𧻑	1	𧻶	1	𧻶
𧻒	0	𧻒	0	𧻒
𧻓	0	𧻓	0	𧻓
𧻔	1	𨀕	1	𨀕
𧻕	0	𧻕	0	𧻕
𧻖	0	𧻖	0	𧻖
𧻗	0	𧻗	0	𧻗
𧻘	0	𧻘	0	𧻘
𧻙	0	𧻙	0	𧻙
𧻚	0	𧻚	0	𧻚
𧻛	1	赹	1	赹
𧻜	1	跪	1	跪
𧻝	0	𧻝	0	𧻝
𧻠	1	趠	1	趠
𧻧	1	䞣	1	䞣
𧻨	1	䢒	3	
𧻫	1	趨	1	趨
𧻬	3	趨&趍	1	趨
𧻯	1	赽	1	赽
𧻰	2	造&𧻰	2	造&𧻰
𧻱	0	𧻱	0	𧻱
𧻲	0	𧻲	0	𧻲
𧻳	2	𧻳&踣	1	踣
𧻴	0	𧻴	0	𧻴
𧻵	0	𧻵	0	𧻵
𧻶	0	𧻶	0	𧻶
𧻷	0	𧻷	0	𧻷
𧻸	2	𧻸&跇	1	跇
𧻹	1	踊	1	踊
𧻺	2	𢓯&𧻺&𨀕	0	𧻺
𧻻	3	促&趗	1	趗
𧻼	0	𧻼	0	𧻼
𧻽	1	趣	1	趣
𧻾	1	趄	1	趄
𧻿	0	𧻿	0	𧻿
𧼀	1	趄	1	趄
𧼈	1	趣	3	
𧼉	1	𧻚	1	𧻚
𧼎	0	𧼎	0	𧼎
𧼏	0	𧼏	0	𧼏
𧼐	2	䞫&𧼐	2	䞫&𧼐
𧼑	0	𧼑	0	𧼑
𧼒	0	𧼒	0	𧼒
𧼓	0	𧼓	0	𧼓
𧼔	0	𧼔	0	𧼔
𧼕	1	𧻕	1	𧻕
𧼖	0	𧼖	0	𧼖
𧼗	2	䞞&𧼗	1	䞞
𧼘	1	䞚	1	䞚
𧼙	0	𧼙	0	𧼙
𧼚	1	䟒	1	䟒
𧼛	1	來	1	來
𧼜	1	趨	1	趨
𧼝	1	趣	1	趣
𧼞	1	𧽸	1	𧽸
𧼟	1	𧻙	1	𧻙
𧼠	0	𧼠	0	𧼠
𧼡	2	𧻶&𧼡	1	𧻶
𧼥	1	䞾	1	䞾
𧼦	1	叛	1	叛
𧼨	0	𧼨	0	𧼨
𧼩	0	𧼩	0	𧼩
𧼪	2	𧼪&跇	1	跇
𧼫	1	𢔥	1	𢔥
𧼬	0	𧼬	0	𧼬
𧼭	0	𧼭	0	𧼭
𧼮	2	逿&𧼮	0	𧼮
𧼯	2	逾&𧼯	0	𧼯
𧼰	2	𧼰&𢔣	1	𢔣
𧼱	0	𧼱	0	𧼱
𧼲	1	𧻓	1	𧻓
𧼳	1	䞣	1	䞣
𧼴	0	𧼴	0	𧼴
𧼵	0	𧼵	0	𧼵
𧼶	3	𧼰&𢔣	1	𢔣
𧽀	1	趄	1	趄
𧽁	3	𧼪&跇	1	跇
𧽂	3	𧻳&趏&踣	3	趏&踣
𧽃	1	趁	3	
𧽄	2	𧽄&𧾯	0	𧽄
𧽅	0	𧽅	0	𧽅
𧽆	0	𧽆	0	𧽆
𧽉	0	𧽉	0	𧽉
𧽊	0	𧽊	0	𧽊
𧽋	0	𧽋	0	𧽋
𧽌	0	𧽌	0	𧽌
𧽍	2	蹎&𧽍	2	蹎&𧽍
𧽎	0	𧽎	0	𧽎
𧽏	2	𧼭&𧽏	2	𧼭&𧽏
𧽐	0	𧽐	0	𧽐
𧽑	0	𧽑	0	𧽑
𧽒	0	𧽒	0	𧽒
𧽓	0	𧽓	0	𧽓
𧽔	0	𧽔	0	𧽔
𧽕	1	臻	1	臻
𧽖	0	𧽖	0	𧽖
𧽝	1	遘	1	遘
𧽞	0	𧽞	0	𧽞
𧽟	2	𧽟&𧾢	1	𧾢
𧽠	0	𧽠	0	𧽠
𧽡	1	𧼒	1	𧼒
𧽢	2	𧽢&摶	1	摶
𧽣	0	𧽣	0	𧽣
𧽤	0	𧽤	0	𧽤
𧽥	0	𧽥	0	𧽥
𧽦	0	𧽦	0	𧽦
𧽧	0	𧽧	0	𧽧
𧽨	0	𧽨	0	𧽨
𧽩	1	蹡	1	蹡
𧽪	1	猭	1	猭
𧽫	0	𧽫	0	𧽫
𧽭	1	𧾢	1	𧾢
𧽯	1	䟅	1	䟅
𧽰	1	䟂	3	
𧽱	1	䟂	3	
𧽳	1	𧾢	1	𧾢
𧽴	3	𧻳&踣	1	踣
𧽶	0	𧽶	0	𧽶
𧽷	0	𧽷	0	𧽷
𧽸	2	蹶&𧽸	0	𧽸
𧽹	2	𧾆&𧽹	0	𧽹
𧽺	1	䟐	1	䟐
𧽻	2	𧽻&𧾣	2	𧽻&𧾣
𧽼	0	𧽼	0	𧽼
𧽽	0	𧽽	0	𧽽
𧽾	0	𧽾	0	𧽾
𧽿	0	𧽿	0	𧽿
𧾀	3	趞&踖	1	踖
𧾁	0	𧾁	0	𧾁
𧾂	0	𧾂	0	𧾂
𧾆	0	𧾆	3	
𧾈	1	䟂	1	䟂
𧾉	1	趣	3	
𧾋	1	䟃	1	䟃
𧾍	0	𧾍	0	𧾍
𧾎	0	𧾎	0	𧾎
𧾏	1	趛	1	趛
𧾐	0	𧾐	0	𧾐
𧾑	0	𧾑	0	𧾑
𧾒	3	趀&趦	1	趀
𧾓	1	𧾁	1	𧾁
𧾔	0	𧾔	0	𧾔
𧾕	2	趑&𧾕	0	𧾕
𧾙	2	躋&𧾙	0	𧾙
𧾚	0	𧾚	0	𧾚
𧾛	0	𧾛	0	𧾛
𧾜	2	𧾜&奔	1	奔
𧾝	2	𧾝&𧾩	1	𧾩
𧾞	1	䟈	1	䟈
𧾟	1	趯	1	趯
𧾠	2	𧾝&𧾠	0	𧾠
𧾡	2	躔&𧾡	2	躔&𧾡
𧾢	0	𧾢	0	𧾢
𧾣	0	𧾣	0	𧾣
𧾤	0	𧾤	0	𧾤
𧾥	2	𧾥&䢱	0	𧾥
𧾨	0	𧾨	0	𧾨
𧾩	0	𧾩	0	𧾩
𧾫	1	䟍	1	䟍
𧾬	1	𧽾	1	𧽾
𧾭	3	𧾜&奔	1	奔
𧾮	0	𧾮	0	𧾮
𧾯	0	𧾯	0	𧾯
𧾰	0	𧾰	0	𧾰
𧾱	0	𧾱	0	𧾱
𧾳	1	麷	3	
𧾴	1	𧽤	1	𧽤
𧾵	0	𧾵	0	𧾵
𧾶	0	𧾶	0	𧾶
𧾸	1	正	1	正
𧾹	1	𧾻	1	𧾻
𧾺	3	𠈮&企	1	企
𧾻	0	𧾻	0	𧾻
𧿀	1	𧾻	1	𧾻
𧿁	2	𧿁&刖	1	刖
𧿂	1	骭	1	骭
𧿃	1	居	1	居
𧿄	1	踑	1	踑
𧿅	0	𧿅	0	𧿅
𧿆	0	𧿆	0	𧿆
𧿇	1	弛	3	
𧿈	1	𨇁	3	
𧿉	1	趶	1	趶
𧿊	1	𧿁	3	
𧿋	1	跨	3	
𧿍	3	企&跂	1	跂
𧿎	1	𧿅	3	
𧿒	0	𧿒	0	𧿒
𧿓	1	𧿯	1	𧿯
𧿔	0	𧿔	0	𧿔
𧿕	0	𧿕	0	𧿕
𧿖	1	跫	1	跫
𧿗	0	𧿗	0	𧿗
𧿘	1	陞	1	陞
𧿙	0	𧿙	0	𧿙
𧿚	0	𧿚	0	𧿚
𧿛	1	蹤	1	蹤
𧿜	1	躡	1	躡
𧿝	0	𧿝	0	𧿝
𧿞	1	𨀥	1	𨀥
𧿟	1	䟡	1	䟡
𧿠	1	䟡	1	䟡
𧿡	1	跋	1	跋
𧿣	1	奔	1	奔
𧿤	1	跗	1	跗
𧿦	1	䟘	1	䟘
𧿧	1	跅	1	跅
𧿪	1	蹂	1	蹂
𧿮	2	跳&𧿮	1	跳
𧿯	0	𧿯	0	𧿯
𧿰	1	跇	3	
𧿱	1	跇	1	跇
𧿲	0	𧿲	0	𧿲
𧿳	2	䟛&𧿳	2	䟛&𧿳
𧿴	0	𧿴	0	𧿴
𧿵	0	𧿵	0	𧿵
𧿶	1	跎	1	跎
𧿷	0	𧿷	0	𧿷
𧿸	1	蹍	1	蹍
𧿹	0	𧿹	0	𧿹
𧿺	2	趉&𧿺	2	趉&𧿺
𧿻	0	𧿻	0	𧿻
𧿼	0	𧿼	0	𧿼
𧿽	0	𧿽	0	𧿽
𧿾	1	跨	1	跨
𧿿	1	跐	1	跐
𨀀	2	跈&𨀀	2	跈&𨀀
𨀁	1	躘	3	
𨀄	1	𧿁	3	
𨀆	1	趹	1	趹
𨀇	1	䟡	3	
𨀉	1	竚	3	
𨀓	1	跑	1	跑
𨀔	0	𨀔	0	𨀔
𨀕	0	𨀕	0	𨀕
𨀖	0	𨀖	0	𨀖
𨀗	1	跨	1	跨
𨀘	0	𨀘	0	𨀘
𨀙	2	趌&𨀙	2	趌&𨀙
𨀚	1	踧	1	踧
𨀛	1	蹲	1	蹲
𨀜	0	𨀜	0	𨀜
𨀝	0	𨀝	0	𨀝
𨀞	3	𨁸&䢖	1	𨁸
𨀟	1	踱	1	踱
𨀠	0	𨀠	0	𨀠
𨀡	1	蹹	3	
𨀢	1	跚	1	跚
𨀣	3	企&跂	1	企
𨀤	0	𨀤	0	𨀤
𨀥	0	𨀥	0	𨀥
𨀦	1	𧻘	1	𧻘
𨀧	0	𨀧	0	𨀧
𨀨	0	𨀨	0	𨀨
𨀩	2	𨀩&踻	1	踻
𨀪	3	𨀲&拜	1	拜
𨀫	0	𨀫	0	𨀫
𨀬	0	𨀬	0	𨀬
𨀭	1	蹄	1	蹄
𨀮	0	𨀮	0	𨀮
𨀱	1	𨄣	3	
𨀲	2	𨀲&拜	1	拜
𨀳	1	伐	3	
𨀵	1	撞	3	
𨀶	1	旡	1	旡
𨀷	1	跘	1	跘
𨁀	2	𨁀&跾	1	跾
𨁁	0	𨁁	0	𨁁
𨁂	0	𨁂	0	𨁂
𨁃	2	踶&𨁃	2	踶&𨁃
𨁄	0	𨁄	0	𨁄
𨁅	0	𨁅	0	𨁅
𨁆	0	𨁆	0	𨁆
𨁇	0	𨁇	0	𨁇
𨁈	1	迒	1	迒
𨁉	1	䠅	1	䠅
𨁊	0	𨁊	0	𨁊
𨁋	0	𨁋	0	𨁋
𨁌	0	𨁌	0	𨁌
𨁍	0	𨁍	0	𨁍
𨁎	0	𨁎	0	𨁎
𨁏	0	𨁏	0	𨁏
𨁐	0	𨁐	0	𨁐
𨁑	0	𨁑	0	𨁑
𨁒	0	𨁒	0	𨁒
𨁓	1	跳	1	跳
𨁔	2	跳&𨁔	1	跳
𨁕	1	踧	1	踧
𨁖	1	路	3	
𨁜	1	趺	1	趺
𨁝	1	蹦	1	蹦
𨁞	1	跟	1	跟
𨁟	1	硪	3	
𨁠	1	陞	1	陞
𨁢	1	蹯	1	蹯
𨁣	1	跨	1	跨
𨁳	2	趽&𨁳	1	趽
𨁴	1	𨅍	3	
𨁵	1	跗	1	跗
𨁶	0	𨁶	0	𨁶
𨁷	0	𨁷	0	𨁷
𨁸	0	𨁸	0	𨁸
𨁹	0	𨁹	0	𨁹
𨁺	2	跔&𨁺	0	𨁺
𨁻	1	蹀	1	蹀
𨁼	1	奔	1	奔
𨁽	0	𨁽	0	𨁽
𨁾	1	蹝	1	蹝
𨁿	2	躅&𨁿	2	躅&𨁿
𨂀	0	𨂀	0	𨂀
𨂁	0	𨂁	0	𨂁
𨂂	1	蹠	1	蹠
𨂃	0	𨂃	0	𨂃
𨂄	2	跱&𨂄	1	跱
𨂅	0	𨂅	0	𨂅
𨂆	1	蹈	1	蹈
𨂇	0	𨂇	0	𨂇
𨂈	1	脛	1	脛
𨂌	1	矴	3	
𨂍	1	跨	3	
𨂏	1	蹀	1	蹀
𨂑	1	𨂜	1	𨂜
𨂓	1	𨃘	1	𨃘
𨂛	1	躂	1	躂
𨂜	0	𨂜	0	𨂜
𨂝	2	踫&𨂝	0	𨂝
𨂞	0	𨂞	0	𨂞
𨂟	0	𨂟	0	𨂟
𨂠	2	履&𨂠	0	𨂠
𨂡	0	𨂡	0	𨂡
𨂢	0	𨂢	0	𨂢
𨂣	0	𨂣	0	𨂣
𨂤	2	躓&𨂤	2	躓&𨂤
𨂥	1	髂	1	髂
𨂦	0	𨂦	0	𨂦
𨂧	2	𨂧&躂	1	躂
𨂨	3	𨂧&躂	1	躂
𨂩	1	癹	1	癹
𨂪	0	𨂪	0	𨂪
𨂫	1	跅	1	跅
𨂬	1	疐	1	疐
𨂭	0	𨂭	0	𨂭
𨂮	3	𠍺&夏	1	夏
𨂯	0	𨂯	0	𨂯
𨂰	2	跇&𨂰	2	跇&𨂰
𨂱	0	𨂱	0	𨂱
𨂲	0	𨂲	0	𨂲
𨂳	1	𦌔	1	𦌔
𨂴	0	𨂴	0	𨂴
𨂵	0	𨂵	0	𨂵
𨂶	1	蹄	1	蹄
𨂷	2	躔&𨂷	1	躔
𨂸	2	睺&𨂸	0	𨂸
𨂹	1	踴	1	踴
𨂺	1	𨈊	3	
𨂻	1	蹈	1	蹈
𨂿	0	𨂿	0	𨂿
𨃀	1	疎	3	
𨃂	1	踂	3	
𨃆	1	踂	3	
𨃉	1	跱	1	跱
𨃒	1	踴	1	踴
𨃓	0	𨃓	0	𨃓
𨃔	2	𨃔&䠗	0	𨃔
𨃕	0	𨃕	0	𨃕
𨃖	1	跨	1	跨
𨃗	0	𨃗	0	𨃗
𨃘	0	𨃘	0	𨃘
𨃙	0	𨃙	0	𨃙
𨃚	0	𨃚	0	𨃚
𨃛	0	𨃛	0	𨃛
𨃜	1	跳	1	跳
𨃝	3	跿&蹝	1	跿
𨃞	0	𨃞	0	𨃞
𨃟	2	𨃞&𨃟	2	𨃞&𨃟
𨃠	1	踼	1	踼
𨃡	1	跽	1	跽
𨃢	3	娖&娕	1	娕
𨃣	0	𨃣	0	𨃣
𨃤	2	跤&骹&𨃤	2	跤&骹&𨃤
𨃥	1	磔	1	磔
𨃦	1	奔	1	奔
𨃧	1	蹻	1	蹻
𨃨	1	蹍	1	蹍
𨃪	1	踡	1	踡
𨃮	1	磔	1	磔
𨃯	1	跱	3	
𨃱	1	𨂝	3	
𨃲	1	疌	3	
𨃿	2	䠣&𨃿	0	𨃿
𨄀	2	踕&𨄀	1	踕
𨄃	1	躅	1	躅
𨄄	1	𨈌	3	
𨄅	0	𨄅	0	𨄅
𨄆	1	踼	1	踼
𨄇	0	𨄇	0	𨄇
𨄈	0	𨄈	0	𨄈
𨄉	0	𨄉	0	𨄉
𨄊	2	磔&𨄊	0	𨄊
𨄋	0	𨄋	0	𨄋
𨄌	2	𨄌&䠟	2	𨄌&䠟
𨄍	0	𨄍	0	𨄍
𨄎	2	基&踑&𨄎	1	基
𨄏	2	𨄏&𧽤	1	𧽤
𨄐	0	𨄐	0	𨄐
𨄑	1	匐	1	匐
𨄒	1	𨅎	1	𨅎
𨄓	0	𨄓	0	𨄓
𨄔	2	𨄔&腨	1	腨
𨄕	0	𨄕	0	𨄕
𨄖	1	踒	1	踒
𨄗	0	𨄗	0	𨄗
𨄘	2	踛&𨄘	0	𨄘
𨄙	2	跼&𨄙	2	跼&𨄙
𨄚	2	蹡&𨄚	0	𨄚
𨄛	0	𨄛	0	𨄛
𨄝	1	𨂣	3	
𨄣	0	𨄣	3	
𨄧	1	䠟	1	䠟
𨄨	2	𨄨&𨅚	1	𨅚
𨄩	1	匐	1	匐
𨄪	1	蹄	1	蹄
𨄫	1	踰	1	踰
𨄬	1	蹶	1	蹶
𨄭	1	蹗	1	蹗
𨄮	1	摔	3	
𨄰	0	𨄰	3	
𨄱	1	磥	1	磥
𨄲	1	跽	1	跽
𨅅	0	𨅅	0	𨅅
𨅆	1	䠑	1	䠑
𨅈	1	蹀	1	蹀
𨅊	2	徹&跚&轍&𨅊	0	𨅊
𨅋	0	𨅋	0	𨅋
𨅌	1	吪	1	吪
𨅍	2	𨅍&踏	1	踏
𨅎	0	𨅎	0	𨅎
𨅏	0	𨅏	0	𨅏
𨅐	1	䟼	1	䟼
𨅑	2	𨅑&𨂠	0	𨅑
𨅒	1	躕	1	躕
𨅓	0	𨅓	0	𨅓
𨅔	0	𨅔	0	𨅔
𨅕	1	𨅔	1	𨅔
𨅖	2	跚&𨅖	1	跚
𨅗	0	𨅗	0	𨅗
𨅘	1	𨆊	1	𨆊
𨅙	3	躑&蹢	1	蹢
𨅚	2	螯&𨅚	0	𨅚
𨅛	3	䠱&躅	1	躅
𨅜	1	趩	1	趩
𨅝	3	䟫&䠆	3	䟫&䠆
𨅞	2	𨃚&𨅞	1	𨃚
𨅟	3	𨄏&𧽤	1	𧽤
𨅠	1	跪	1	跪
𨅡	1	躊	1	躊
𨅢	1	蹳	1	蹳
𨅣	0	𨅣	0	𨅣
𨅤	2	踑&𨅤	2	踑&𨅤
𨅥	1	剕	1	剕
𨅦	1	踖	1	踖
𨅧	1	䠨	1	䠨
𨅨	1	蹚	1	蹚
𨅩	2	踛&𨅩	1	踛
𨅪	0	𨅪	0	𨅪
𨅫	1	䟩	3	
𨅬	1	躝	3	
𨅱	3	舛&踳	1	踳
𨅲	1	䎡	1	䎡
𨅳	1	𨇕	3	
𨅴	1	蹯	1	蹯
𨅵	1	踏	1	踏
𨅶	1	躁	1	躁
𨆀	1	踏	1	踏
𨆁	2	䠄&𨆁	2	䠄&𨆁
𨆂	0	𨆂	0	𨆂
𨆃	0	𨆃	0	𨆃
𨆄	1	跙	1	跙
𨆅	0	𨆅	0	𨆅
𨆆	2	跬&𨆆	0	𨆆
𨆇	0	𨆇	0	𨆇
𨆈	1	獧	1	獧
𨆉	1	踼	1	踼
𨆊	0	𨆊	0	𨆊
𨆋	0	𨆋	0	𨆋
𨆌	2	𨆌&蹯	1	蹯
𨆍	1	躐	1	躐
𨆎	0	𨆎	0	𨆎
𨆏	0	𨆏	0	𨆏
𨆐	2	𨃗&𨆐	0	𨆐
𨆑	1	躓	1	躓
𨆚	3	蹹&蹋	1	蹋
𨆛	3	遁&鈍	1	遁
𨆜	3	𨆌&蹯	1	蹯
𨆦	2	躓&𨆦	2	躓&𨆦
𨆧	2	𨆧&𨆪	0	𨆧
𨆨	0	𨆨	0	𨆨
𨆩	1	蹁	3	
𨆪	0	𨆪	0	𨆪
𨆫	1	疐	1	疐
𨆬	0	𨆬	0	𨆬
𨆭	0	𨆭	0	𨆭
𨆮	3	踖&躤	1	踖
𨆯	1	蹼	1	蹼
𨆰	2	𣥾&𨆰	2	𣥾&𨆰
𨆱	0	𨆱	0	𨆱
𨆲	2	㒚&𨆲	0	𨆲
𨆳	1	躠	1	躠
𨆴	1	蹸	1	蹸
𨆵	0	𨆵	0	𨆵
𨆼	1	躕	3	
𨇁	0	𨇁	0	𨇁
𨇂	1	𨅊	1	𨅊
𨇃	1	躦	1	躦
𨇄	0	𨇄	0	𨇄
𨇅	0	𨇅	0	𨇅
𨇆	0	𨇆	0	𨇆
𨇇	2	躦&𨇇	1	躦
𨇈	1	疐	1	疐
𨇊	0	𨇊	0	𨇊
𨇋	1	蹐	1	蹐
𨇍	0	𨇍	3	
𨇏	1	蹉	1	蹉
𨇐	1	履	3	
𨇔	2	躖&𨇔	1	躖
𨇕	0	𨇕	3	
𨇖	2	臚&𨇖	0	𨇖
𨇗	0	𨇗	0	𨇗
𨇘	0	𨇘	0	𨇘
𨇙	1	蹶	1	蹶
𨇚	1	蹪	1	蹪
𨇝	0	𨇝	0	𨇝
𨇞	0	𨇞	0	𨇞
𨇠	1	躔	3	
𨇡	1	躢	3	
𨇤	2	𨇤&躚	1	躚
𨇥	1	蹇	1	蹇
𨇦	0	𨇦	0	𨇦
𨇧	2	𨇝&𨇧	0	𨇧
𨇨	1	躠	1	躠
𨇩	0	𨇩	0	𨇩
𨇪	1	跬	1	跬
𨇫	3	蹮&躚	1	躚
𨇭	1	蹶	1	蹶
𨇮	1	蹶	1	蹶
𨇯	0	𨇯	0	𨇯
𨇰	1	躖	1	躖
𨇱	1	蹁	1	蹁
𨇲	1	𨇝	1	𨇝
𨇳	3	蹙&蹴	1	蹙
𨇴	1	躚	1	躚
𨇻	0	𨇻	0	𨇻
𨇼	0	𨇼	0	𨇼
𨇽	0	𨇽	0	𨇽
𨇾	1	躞	3	
𨇿	1	繭	3	
𨈀	0	𨈀	3	
𨈃	1	蹎	1	蹎
𨈄	2	蹙&𨈄	1	蹙
𨈅	1	䠯	1	䠯
𨈆	1	躝	3	
𨈇	0	𨈇	3	
𨈈	0	𨈈	0	𨈈
𨈉	1	躨	3	
𨈊	0	𨈊	3	
𨈋	1	䠯	1	䠯
𨈌	0	𨈌	3	
𨈏	1	牙	1	牙
𨈐	1	厥	1	厥
𨈑	3	厥&牙	1	厥
𨈓	0	𨈓	0	𨈓
𨈔	3	躭&𨊍	1	𨊍
𨈕	0	𨈕	0	𨈕
𨈘	0	𨈘	0	𨈘
𨈙	2	肢&𨈙	2	肢&𨈙
𨈚	0	𨈚	0	𨈚
𨈛	1	肢	1	肢
𨈜	1	聃	1	聃
𨈝	1	爐	1	爐
𨈞	1	服	1	服
𨈟	1	我	1	我
𨈠	3	躭&𨊍	1	𨊍
𨈡	1	射	1	射
𨈢	1	躿	1	躿
𨈣	1	躬	3	
𨈦	1	躭	3	
𨈨	1	躭	3	
𨈩	0	𨈩	0	𨈩
𨈪	1	肢	1	肢
𨈫	0	𨈫	0	𨈫
𨈬	1	軀	1	軀
𨈭	1	聃	1	聃
𨈮	0	𨈮	0	𨈮
𨈴	3	躳&躬	1	躬
𨈵	1	跛	1	跛
𨈷	1	馱	3	
𨈸	1	聒	1	聒
𨈹	0	𨈹	0	𨈹
𨈺	1	爺	1	爺
𨈻	1	自	1	自
𨈼	1	孕	1	孕
𨉀	1	䠸	1	䠸
𨉁	1	晃	3	
𨉂	1	聘	1	聘
𨉃	1	妊	1	妊
𨉄	1	聃	3	
𨉆	1	𨊉	3	
𨉇	1	災	3	
𨉈	2	侹&𨉈	0	𨉈
𨉉	1	𨈚	1	𨈚
𨉊	1	𨈚	1	𨈚
𨉋	2	脫&𨉋	2	脫&𨉋
𨉌	1	蹴	1	蹴
𨉍	1	貌	1	貌
𨉑	1	聖	1	聖
𨉔	1	軇	1	軇
𨉕	2	轉&𨉕	0	𨉕
𨉖	1	鑽	1	鑽
𨉗	1	軉	1	軉
𨉛	1	射	1	射
𨉢	0	𨉢	0	𨉢
𨉣	0	𨉣	0	𨉣
𨉤	2	韹&𨉤	0	𨉤
𨉥	3	面&體	3	面&體
𨉦	1	體	1	體
𨉬	1	聤	3	
𨉮	1	𨈚	1	𨈚
𨉯	1	聘	1	聘
𨉰	1	躴	1	躴
𨉱	0	𨉱	0	𨉱
𨉷	1	𦗋	3	
𨉹	0	𨉹	0	𨉹
𨉺	1	窮	1	窮
𨉽	1	相	3	
𨉿	1	軟	1	軟
𨊀	1	聘	1	聘
𨊁	1	耋	1	耋
𨊆	1	耋	1	耋
𨊉	0	𨊉	3	
𨊊	1	樂	1	樂
𨊍	0	𨊍	0	𨊍
𨊎	1	聹	1	聹
𨊒	1	獨	1	獨
𨊓	1	聹	1	聹
𨊔	0	𨊔	0	𨊔
𨊕	1	嬪	1	嬪
𨊖	3	軁&僂	1	僂
𨊗	3	躭&𨊍	1	𨊍
𨊘	3	身&軀	3	身&軀
𨊛	0	𨊛	0	𨊛
𨊜	1	耋	3	
𨊝	0	𨊝	0	𨊝
𨊠	2	𨊠&軓	1	軓
𨊡	0	𨊡	0	𨊡
𨊢	1	軎	1	軎
𨊤	1	車	3	
𨊥	1	轊	3	
𨊦	1	載	1	載
𨊧	2	𨊧&釭	1	釭
𨊨	1	軫	3	
𨊩	2	巡&𨊩	0	𨊩
𨊪	1	軎	1	軎
𨊭	1	軵	1	軵
𨊮	1	輿	1	輿
𨊯	1	軘	1	軘
𨊰	0	𨊰	3	
𨊱	0	𨊱	0	𨊱
𨊲	1	𨊠	3	
𨊳	0	𨊳	0	𨊳
𨊴	3	敷&陳	3	敷&陳
𨊵	1	軥	1	軥
𨊶	1	軵	1	軵
𨊷	3	轟&輷	1	轟
𨊸	2	朝&𨊸	0	𨊸
𨊹	0	𨊹	0	𨊹
𨊺	1	軩	1	軩
𨊻	2	軒&𨊻	0	𨊻
𨊼	2	𨊼&𩉥	1	𩉥
𨊽	1	輔	1	輔
𨊾	1	輞	1	輞
𨊿	2	較&𨊿	2	較&𨊿
𨋀	0	𨋀	0	𨋀
𨋁	1	輾	1	輾
𨋄	1	䡌	3	
𨋅	1	輩	3	
𨋆	1	軧	1	軧
𨋇	1	軧	1	軧
𨋊	1	輣	3	
𨋋	1	𨊱	3	
𨋌	1	轟	1	轟
𨋎	1	軫	1	軫
𨋏	1	軫	1	軫
𨋐	0	𨋐	0	𨋐
𨋑	0	𨋑	0	𨋑
𨋒	1	軬	1	軬
𨋓	1	硨	1	硨
𨋔	1	䡰	1	䡰
𨋕	0	𨋕	0	𨋕
𨋖	0	𨋖	0	𨋖
𨋗	0	𨋗	0	𨋗
𨋘	0	𨋘	0	𨋘
𨋙	0	𨋙	0	𨋙
𨋚	2	𨋚&輾	1	輾
𨋛	0	𨋛	0	𨋛
𨋜	0	𨋜	0	𨋜
𨋝	1	𨊧	3	
𨋢	0	𨋢	3	
𨋥	1	拂	3	
𨋦	0	𨋦	0	𨋦
𨋧	2	𨍯&𨋧&䡞	2	𨋧&䡞
𨋨	3	輾&鞎	1	鞎
𨋩	1	輹	1	輹
𨋪	0	𨋪	0	𨋪
𨋫	1	佻	1	佻
𨋬	1	䡕	1	䡕
𨋭	2	軳&𨋭	0	𨋭
𨋮	2	轟&輴&𨋮	2	轟&輴&𨋮
𨋯	0	𨋯	0	𨋯
𨋰	0	𨋰	0	𨋰
𨋱	1	𨌴	1	𨌴
𨋲	0	𨋲	0	𨋲
𨋶	1	軖	1	軖
𨋷	3	𨊧&釭	1	釭
𨋸	1	挾	3	
𨋹	1	輞	1	輞
𨋼	1	斡	1	斡
𨋿	1	𨌅	1	𨌅
𨌁	0	𨌁	0	𨌁
𨌂	2	𨌂&軖	1	軖
𨌃	1	軖	1	軖
𨌄	0	𨌄	0	𨌄
𨌅	0	𨌅	0	𨌅
𨌆	3	竑&鞃	3	竑&鞃
𨌇	1	軸	1	軸
𨌈	0	𨌈	0	𨌈
𨌉	3	𨊼&𩉥	1	𩉥
𨌊	1	輗	1	輗
𨌋	1	䡔	1	䡔
𨌌	1	𨋜	1	𨋜
𨌍	0	𨌍	0	𨌍
𨌎	0	𨌎	0	𨌎
𨌏	1	載	1	載
𨌐	1	輘	3	
𨌑	1	震	3	
𨌓	1	䡚	1	䡚
𨌔	1	輓	1	輓
𨌕	1	輆	3	
𨌖	1	輯	1	輯
𨌗	1	𡍦	3	
𨌝	0	𨌝	0	𨌝
𨌞	3	𨋕&𨍖	1	𨍖
𨌟	2	𨌟&𨎶	0	𨌟
𨌠	1	轆	1	轆
𨌡	1	𨋖	1	𨋖
𨌢	0	𨌢	0	𨌢
𨌣	2	𨌣&軜	1	軜
𨌤	2	𨌤&乘	1	乘
𨌥	2	𨌥&輹	1	輹
𨌦	1	䡟	1	䡟
𨌧	2	𨌧&𩋊	1	𩋊
𨌨	3	轁&輷	1	輷
𨌩	1	𨍴	1	𨍴
𨌪	1	䡯	1	䡯
𨌫	0	𨌫	0	𨌫
𨌬	0	𨌬	0	𨌬
𨌭	0	𨌭	0	𨌭
𨌮	1	軧	1	軧
𨌯	1	輍	1	輍
𨌰	1	䡮	1	䡮
𨌱	1	䡕	1	䡕
𨌲	1	𨍌	1	𨍌
𨌳	0	𨌳	0	𨌳
𨌴	0	𨌴	0	𨌴
𨌵	1	輗	1	輗
𨌶	0	𨌶	0	𨌶
𨌷	1	輕	1	輕
𨌸	1	輟	1	輟
𨌺	1	翰	1	翰
𨌿	1	朄	3	
𨍀	1	輊	1	輊
𨍁	1	𨌅	1	𨌅
𨍂	1	揮	1	揮
𨍃	1	𨌅	1	𨌅
𨍅	2	𨌣&𨍅	0	𨍅
𨍆	0	𨍆	0	𨍆
𨍇	1	輅	1	輅
𨍈	2	𨍈&䡯	0	𨍈
𨍉	1	𨍈	1	𨍈
𨍊	0	𨍊	0	𨍊
𨍋	1	輠	1	輠
𨍌	0	𨍌	0	𨍌
𨍍	1	軿	1	軿
𨍎	1	楘	1	楘
𨍏	0	𨍏	0	𨍏
𨍐	0	𨍐	0	𨍐
𨍑	0	𨍑	0	𨍑
𨍒	2	轞&𨍒	2	轞&𨍒
𨍓	3	軒&䡣	1	軒
𨍔	1	轂	1	轂
𨍕	1	鞢	3	
𨍖	0	𨍖	0	𨍖
𨍗	1	䡕	1	䡕
𨍚	1	翰	1	翰
𨍜	0	𨍜	0	𨍜
𨍟	1	輜	1	輜
𨍠	1	𨋛	1	𨋛
𨍡	1	輬	3	
𨍣	1	輯	1	輯
𨍤	1	轄	3	
𨍥	1	輭	3	
𨍧	0	𨍧	0	𨍧
𨍨	2	𨍨&䡵	1	䡵
𨍩	2	輣&𨍩	0	𨍩
𨍪	1	𨏈	1	𨏈
𨍫	0	𨍫	0	𨍫
𨍬	1	轃	1	轃
𨍭	1	𩌏	1	𩌏
𨍮	2	𨍮&轢	1	轢
𨍯	2	𨍯&䡞	1	䡞
𨍰	0	𨍰	0	𨍰
𨍱	3	𨌤&乘	1	乘
𨍲	2	輥&𨍲	2	輥&𨍲
𨍳	1	軺	1	軺
𨍴	0	𨍴	0	𨍴
𨍵	1	䡰	3	
𨍶	0	𨍶	0	𨍶
𨍷	1	軵	1	軵
𨍸	0	𨍸	0	𨍸
𨍹	2	輠&𨍹	1	輠
𨍺	1	𨍿	1	𨍿
𨍻	1	輦	1	輦
𨍼	1	轔	3	
𨍿	0	𨍿	0	𨍿
𨎀	0	𨎀	0	𨎀
𨎁	1	䡰	1	䡰
𨎄	1	轎	1	轎
𨎅	1	輬	1	輬
𨎇	2	轟&𨎇	1	轟
𨎈	2	䡜&𨎈	1	䡜
𨎉	0	𨎉	0	𨎉
𨎊	2	輥&𨎊	1	輥
𨎋	1	𨍴	1	𨍴
𨎌	3	輊&𨎐	1	𨎐
𨎍	0	𨎍	0	𨎍
𨎏	1	輜	1	輜
𨎐	2	輊&𨎐	0	𨎐
𨎕	1	轗	1	轗
𨎖	1	𨍴	1	𨍴
𨎗	1	轟	3	
𨎘	3	輊&𨎐	1	輊
𨎙	1	輹	1	輹
𨎚	1	轓	3	
𨎛	1	梁	3	
𨎜	1	輜	1	輜
𨎡	2	𨎡&𨎭	0	𨎡
𨎢	0	𨎢	0	𨎢
𨎤	0	𨎤	0	𨎤
𨎥	3	轊&軎	1	軎
𨎦	3	轇&𨎀	3	轇&𨎀
𨎧	1	𨍩	1	𨍩
𨎨	1	轒	1	轒
𨎩	0	𨎩	0	𨎩
𨎪	1	輀	1	輀
𨎫	1	鐧	1	鐧
𨎬	0	𨎬	0	𨎬
𨎭	0	𨎭	0	𨎭
𨎮	0	𨎮	0	𨎮
𨎯	1	𨌅	1	𨌅
𨎰	1	翰	1	翰
𨎱	1	𨎭	1	𨎭
𨎲	1	輅	1	輅
𨎳	2	篷&𨎳	1	篷
𨎴	2	檔&𨎴	0	𨎴
𨎵	1	輯	1	輯
𨎶	0	𨎶	0	𨎶
𨎷	0	𨎷	0	𨎷
𨎸	1	楘	1	楘
𨎹	0	𨎹	0	𨎹
𨎺	1	𨎹	1	𨎹
𨎻	1	䪜	3	
𨎽	1	轀	3	
𨎾	1	轒	1	轒
𨎿	1	轠	3	
𨏀	1	𨏥	3	
𨏁	1	轍	1	轍
𨏂	2	𨏂&䡣	1	䡣
𨏃	1	韁	3	
𨏅	3	輊&𨎐	1	輊
𨏆	0	𨏆	0	𨏆
𨏇	1	𨌅	1	𨌅
𨏈	0	𨏈	0	𨏈
𨏉	0	𨏉	0	𨏉
𨏊	1	轞	1	轞
𨏋	1	轈	1	轈
𨏎	1	衡	1	衡
𨏏	1	轔	1	轔
𨏐	1	轝	3	
𨏑	1	輊	1	輊
𨏒	2	轠&𨏒	0	𨏒
𨏓	1	𨏪	1	𨏪
𨏔	1	轆	1	轆
𨏕	1	䡫	1	䡫
𨏖	1	車	1	車
𨏘	1	䡽	1	䡽
𨏙	1	轘	1	轘
𨏜	1	𨌅	3	
𨏝	1	𨏵	1	𨏵
𨏞	2	顰&𨏞	2	顰&𨏞
𨏟	3	𨌥&輹	1	輹
𨏠	2	籠&𨏠	0	𨏠
𨏡	1	輊	1	輊
𨏢	1	轙	1	轙
𨏣	1	轍	1	轍
𨏤	1	軫	1	軫
𨏥	0	𨏥	3	
𨏦	2	𨏦&轥	0	𨏦
𨏨	2	䡿&𨏨	0	𨏨
𨏩	0	𨏩	0	𨏩
𨏪	0	𨏪	0	𨏪
𨏫	0	𨏫	0	𨏫
𨏬	1	轢	1	轢
𨏮	1	輿	1	輿
𨏯	1	轡	1	轡
𨏰	1	𨍩	1	𨍩
𨏱	2	𨏈&𨏱	1	𨏈
𨏲	1	𨏒	1	𨏒
𨏳	0	𨏳	0	𨏳
𨏴	0	𨏴	0	𨏴
𨏵	2	𨍌&𨏵	0	𨏵
𨏶	0	𨏶	0	𨏶
𨏷	1	轡	3	
𨏸	1	𨎹	1	𨎹
𨏹	0	𨏹	0	𨏹
𨏺	1	輈	1	輈
𨏽	1	轣	1	轣
𨏾	1	䡾	1	䡾
𨐀	1	轣	3	
𨐁	0	𨐁	0	𨐁
𨐂	1	𨏵	1	𨏵
𨐅	1	軗	3	
𨐆	1	𨊻	3	
𨐇	1	籠	3	
𨐈	1	輄	3	
𨐉	1	𨎮	3	
𨐊	1	𨏥	3	
𨐋	3	辛&䇂	3	辛&䇂
𨐌	1	辛	1	辛
𨐍	1	莘	1	莘
𨐎	1	㛙	3	
𨐏	1	新	1	新
𨐐	0	𨐐	0	𨐐
𨐑	0	𨐑	0	𨐑
𨐓	1	辟	1	辟
𨐔	0	𨐔	0	𨐔
𨐕	3	莘&𨐔	3	莘&𨐔
𨐖	1	𨐘	1	𨐘
𨐘	0	𨐘	0	𨐘
𨐙	1	辟	3	
𨐛	0	𨐛	0	𨐛
𨐜	1	辣	1	辣
𨐝	1	辟	1	辟
𨐞	3	辜&嫴	1	嫴
𨐟	2	𨐟&𨐡	0	𨐟
𨐠	1	枱	1	枱
𨐡	0	𨐡	0	𨐡
𨐢	1	𨐨	1	𨐨
𨐧	1	壁	3	
𨐨	0	𨐨	0	𨐨
𨐩	0	𨐩	0	𨐩
𨐫	1	譬	3	
𨐬	1	壁	3	
𨐯	2	劈&𨐯	0	𨐯
𨐰	0	𨐰	0	𨐰
𨐱	0	𨐱	0	𨐱
𨐲	1	辭	1	辭
𨐴	1	辟	3	
𨐵	1	㦚	1	㦚
𨐶	0	𨐶	0	𨐶
𨐹	1	𤒞	1	𤒞
𨐼	1	競	1	競
𨐾	1	辨	1	辨
𨑀	1	辜	1	辜
𨑁	1	興	1	興
𨑂	1	譶	1	譶
𨑃	1	辰	1	辰
𨑄	1	辰	1	辰
𨑅	1	𢩘	1	𢩘
𨑆	1	農	1	農
𨑇	1	農	1	農
𨑉	1	蚳	1	蚳
𨑊	0	𨑊	0	𨑊
𨑋	1	農	1	農
𨑍	1	軌	1	軌
𨑏	1	䭀	1	䭀
𨑐	1	迄	1	迄
𨑑	2	撫&𨑑	0	𨑑
𨑒	1	徒	1	徒
𨑓	1	起	1	起
𨑔	1	起	1	起
𨑕	1	違	3	
𨑗	1	上	3	
𨑙	1	迅	1	迅
𨑛	1	迂	1	迂
𨑞	1	迍	1	迍
𨑟	3	撫&𨑑	1	𨑑
𨑠	0	𨑠	0	𨑠
𨑡	1	徒	1	徒
𨑢	1	從	1	從
𨑣	0	𨑣	0	𨑣
𨑤	0	𨑤	0	𨑤
𨑥	0	𨑥	0	𨑥
𨑦	1	徐	1	徐
𨑧	1	退	1	退
𨑨	0	𨑨	0	𨑨
𨑩	0	𨑩	0	𨑩
𨑪	0	𨑪	0	𨑪
𨑫	0	𨑫	0	𨑫
𨑬	1	迣	1	迣
𨑭	1	徙	1	徙
𨑰	1	迻	3	
𨑲	1	廷	1	廷
𨑴	1	造	3	
𨑵	1	迄	1	迄
𨑶	3	延&邊	1	邊
𨑷	1	迅	1	迅
𨑸	1	邇	3	
𨑹	1	從	3	
𨑺	1	迍	3	
𨑼	2	𨑼&䢑	0	𨑼
𨑽	0	𨑽	0	𨑽
𨑾	1	巡	1	巡
𨑿	0	𨑿	0	𨑿
𨒀	2	𨒀&從	1	從
𨒁	3	𨒀&從	1	從
𨒂	1	延	3	
𨒃	0	𨒃	0	𨒃
𨒄	0	𨒄	0	𨒄
𨒅	0	𨒅	0	𨒅
𨒆	1	䠜	1	䠜
𨒇	0	𨒇	0	𨒇
𨒈	1	遲	1	遲
𨒉	2	遂&𨒉	0	𨒉
𨒊	0	𨒊	0	𨒊
𨒋	0	𨒋	0	𨒋
𨒌	2	𨒌&延&征	3	延&征
𨒍	2	迣&𨒍	0	𨒍
𨒎	1	遄	1	遄
𨒏	1	跡	1	跡
𨒔	1	迭	1	迭
𨒖	1	迎	1	迎
𨒘	1	𨒉	3	
𨒚	3	徂&趄	3	徂&趄
𨒛	1	邇	1	邇
𨒝	1	𨑩	1	𨑩
𨒠	3	C14365&䢌	1	C14365
𨒢	0	𨒢	0	𨒢
𨒣	2	𨒰&遊&𨒣	2	遊&𨒣
𨒤	1	𧺼	1	𧺼
𨒥	1	後	1	後
𨒦	2	迎&𨒦	2	迎&𨒦
𨒧	3	𧻸&跇	1	跇
𨒨	0	𨒨	0	𨒨
𨒩	0	𨒩	0	𨒩
𨒪	1	跡	1	跡
𨒫	2	逆&𨒫	2	逆&𨒫
𨒬	2	徑&𨒬	2	徑&𨒬
𨒭	1	恢	1	恢
𨒮	0	𨒮	0	𨒮
𨒯	1	逃	1	逃
𨒰	2	𨒰&游&遊	3	游&遊
𨒲	1	迷	1	迷
𨒳	1	卒	1	卒
𨒵	1	過	1	過
𨒶	1	迤	3	
𨒼	0	𨒼	0	𨒼
𨒽	1	造	1	造
𨒾	2	逆&遞&𨒾	1	遞
𨒿	1	遷	1	遷
𨓀	1	庭	1	庭
𨓁	0	𨓁	0	𨓁
𨓂	2	𨓂&𨖮	0	𨓂
𨓃	2	迓&𨓃	1	迓
𨓄	3	迣&𨒍	1	迣
𨓅	3	皃&貌&邈	3	貌&邈
𨓆	1	退	3	
𨓇	0	𨓇	0	𨓇
𨓈	3	適&适	1	适
𨓉	1	邊	1	邊
𨓊	0	𨓊	0	𨓊
𨓋	1	棄	1	棄
𨓌	1	災	3	
𨓍	2	庭&莛&𨓍	2	庭&莛&𨓍
𨓎	3	𨒰&游&遊	3	游&遊
𨓏	1	𨓹	3	
𨓒	3	往&迋	1	往
𨓖	1	逃	1	逃
𨓗	3	遊&逌	1	遊
𨓘	1	逌	1	逌
𨓙	1	邊	1	邊
𨓚	1	稅	3	
𨓛	1	通	1	通
𨓜	1	逸	3	
𨓝	1	遞	1	遞
𨓞	1	逮	3	
𨓟	1	選	3	
𨓠	1	遞	3	
𨓤	1	退	1	退
𨓥	2	逋&𨓥	1	逋
𨓦	0	𨓦	0	𨓦
𨓧	1	遙	1	遙
𨓨	0	𨓨	0	𨓨
𨓩	0	𨓩	0	𨓩
𨓫	3	𨒉&䢡	1	䢡
𨓬	2	遝&𨓬	2	遝&𨓬
𨓭	2	驟&𨓭	2	驟&𨓭
𨓮	2	遙&𨓮	2	遙&𨓮
𨓯	0	𨓯	0	𨓯
𨓰	0	𨓰	0	𨓰
𨓱	1	逃	1	逃
𨓲	2	愆&𨓲	0	𨓲
𨓳	2	遙&𨓳	2	遙&𨓳
𨓴	0	𨓴	0	𨓴
𨓵	1	送	1	送
𨓶	1	避	1	避
𨓷	1	輕	1	輕
𨓸	1	遂	1	遂
𨓹	2	𨓹&往	1	往
𨓺	1	過	1	過
𨓻	3	𨔡&逮	1	逮
𨓼	1	歸	3	
𨓽	1	清	1	清
𨓾	1	隤	1	隤
𨔀	1	徙	1	徙
𨔁	1	逌	3	
𨔂	1	達	3	
𨔃	1	𨓲	1	𨓲
𨔄	1	遞	3	
𨔅	1	迪	1	迪
𨔆	1	遇	3	
𨔋	1	䢡	1	䢡
𨔏	1	逽	3	
𨔖	2	逌&𨔖&𨘁	1	逌
𨔗	1	𠷉	1	𠷉
𨔘	1	䢡	3	
𨔙	0	𨔙	0	𨔙
𨔚	2	遙&𨔚	1	遙
𨔛	2	遞&㔸&𨔛	2	遞&㔸&𨔛
𨔜	1	迾	1	迾
𨔝	1	動	1	動
𨔞	1	道	1	道
𨔟	1	逌	1	逌
𨔠	1	遙	3	
𨔡	2	𨔡&逐&遁&遯	3	逐&遁&遯
𨔢	0	𨔢	0	𨔢
𨔣	0	𨔣	0	𨔣
𨔤	1	遫	1	遫
𨔥	0	𨔥	3	
𨔦	0	𨔦	0	𨔦
𨔧	1	迸	1	迸
𨔨	1	𢔣	1	𢔣
𨔩	1	㣭	1	㣭
𨔪	1	運	1	運
𨔫	1	退	1	退
𨔬	1	達	1	達
𨔭	1	迾	1	迾
𨔮	1	送	1	送
𨔯	0	𨔯	0	𨔯
𨔰	1	遷	1	遷
𨔱	1	遂	1	遂
𨔲	1	遂	1	遂
𨔳	1	隨	3	
𨔴	1	迢	3	
𨔵	1	𨔡	3	
𨔶	1	達	3	
𨔸	1	遘	3	
𨔹	1	遏	3	
𨔺	1	遻	3	
𨔻	1	違	3	
𨔼	1	遊	1	遊
𨕇	1	延	3	
𨕍	1	赴	1	赴
𨕎	1	𨔙	3	
𨕏	1	奩	1	奩
𨕐	3	𢌨&道&䢥	3	道&䢥
𨕑	3	遞&𨔛	1	遞
𨕒	1	遈	3	
𨕓	1	遻	1	遻
𨕔	1	還	1	還
𨕖	1	選	1	選
𨕘	0	𨕘	0	𨕘
𨕙	1	邊	3	
𨕚	0	𨕚	0	𨕚
𨕛	2	𨔥&𨕛	0	𨕛
𨕜	0	𨕜	0	𨕜
𨕝	1	逋	1	逋
𨕞	1	遷	1	遷
𨕟	1	廁	1	廁
𨕠	1	迮	1	迮
𨕡	1	造	1	造
𨕢	0	𨕢	0	𨕢
𨕣	1	遻	1	遻
𨕤	1	及	1	及
𨕥	1	道	1	道
𨕦	2	𧼭&𨕦	2	𧼭&𨕦
𨕧	2	𨓁&𨕧	2	𨓁&𨕧
𨕨	3	𨔥&𨕛	1	𨕛
𨕩	1	送	1	送
𨕪	3	𨕼&送	1	送
𨕬	1	遻	3	
𨕱	1	峰	3	
𨕷	1	𧼰	3	
𨕸	1	違	3	
𨕹	1	桓	3	
𨕼	2	𨕼&送	1	送
𨕽	3	跲&躓	1	跲
𨖁	1	道	1	道
𨖂	1	邊	3	
𨖃	2	𨑥&𨖃	0	𨖃
𨖆	1	徂	1	徂
𨖇	1	遄	1	遄
𨖈	2	𨖈&遙	1	遙
𨖉	1	遴	1	遴
𨖊	3	跡&䟄	3	跡&䟄
𨖋	0	𨖋	0	𨖋
𨖌	0	𨖌	0	𨖌
𨖍	2	吾&𨖍	2	吾&𨖍
𨖎	0	𨖎	0	𨖎
𨖏	0	𨖏	0	𨖏
𨖐	2	𨖐&鑿	1	鑿
𨖓	1	遮	1	遮
𨖙	0	𨖙	0	𨖙
𨖚	1	遼	1	遼
𨖛	0	𨖛	3	
𨖜	1	𨖛	3	
𨖝	1	霆	1	霆
𨖞	1	還	1	還
𨖟	1	邀	1	邀
𨖠	1	遍	1	遍
𨖡	1	遁	1	遁
𨖣	3	嗀&𨙀	1	𨙀
𨖤	3	𨗬&徙	1	徙
𨖥	1	遮	1	遮
𨖪	1	報	1	報
𨖫	1	達	1	達
𨖬	0	𨖬	0	𨖬
𨖭	0	𨖭	0	𨖭
𨖮	0	𨖮	0	𨖮
𨖯	2	𣣸&𨖯	0	𨖯
𨖰	2	𡔣&𡔢&𨖰	2	𡔢&𨖰
𨖱	2	𨖱&𨘇	0	𨖱
𨖳	0	𨖳	0	𨖳
𨖴	1	䟼	1	䟼
𨖵	0	𨖵	0	𨖵
𨖶	0	𨖶	0	𨖶
𨖷	0	𨖷	0	𨖷
𨖸	1	遠	1	遠
𨖹	2	邇&𨖹	2	邇&𨖹
𨖺	1	遄	1	遄
𨖻	1	遛	1	遛
𨖼	3	遷&𨖙	1	𨖙
𨖾	0	𨖾	0	𨖾
𨖿	1	逶	1	逶
𨗀	1	逪	1	逪
𨗁	1	適	1	適
𨗂	1	幾	1	幾
𨗃	1	進	1	進
𨗄	1	遴	1	遴
𨗅	1	隧	3	
𨗇	1	遷	3	
𨗉	1	邃	3	
𨗋	1	𨖏	1	𨖏
𨗍	1	邅	3	
𨗎	1	隧	3	
𨗐	1	遭	1	遭
𨗒	1	霆	3	
𨗓	3	噵&道	1	道
𨗔	1	遺	1	遺
𨗕	1	遵	1	遵
𨗖	1	遵	3	
𨗗	1	逋	1	逋
𨗘	1	遪	1	遪
𨗙	3	𨓁&𨕧	1	𨓁
𨗞	0	𨗞	0	𨗞
𨗟	2	𨗟&𨙀	1	𨙀
𨗠	1	霆	3	
𨗡	0	𨗡	0	𨗡
𨗢	1	遷	1	遷
𨗣	2	𨗣&䢱	0	𨗣
𨗥	0	𨗥	0	𨗥
𨗦	0	𨗦	0	𨗦
𨗧	1	𢕻	1	𢕻
𨗨	0	𨗨	0	𨗨
𨗩	3	𨖐&鑿	1	鑿
𨗪	2	逿&𨗪	1	逿
𨗫	1	憂	1	憂
𨗬	2	𨗬&徙	1	徙
𨗭	2	𨗭&遺	1	遺
𨗮	1	遺	1	遺
𨗯	1	遨	1	遨
𨗰	0	𨗰	0	𨗰
𨗱	2	邆&𨗱	2	邆&𨗱
𨗲	1	邁	3	
𨗳	1	導	3	
𨗴	1	暹	3	
𨗹	1	篴	3	
𨗺	1	遷	1	遷
𨗻	1	逮	1	逮
𨗼	1	帶	1	帶
𨗽	1	遙	1	遙
𨗿	1	邈	3	
𨘁	2	逌&𨘁	2	逌&𨘁
𨘂	0	𨘂	0	𨘂
𨘃	2	𨗞&𨘃	2	𨗞&𨘃
𨘄	0	𨘄	0	𨘄
𨘅	1	邈	1	邈
𨘇	0	𨘇	0	𨘇
𨘈	1	撻	1	撻
𨘉	2	𨓰&𨘉	2	𨓰&𨘉
𨘊	1	遵	1	遵
𨘋	1	邀	3	
𨘌	0	𨘌	0	𨘌
𨘍	1	退	1	退
𨘏	1	薳	3	
𨘑	1	連	1	連
𨘒	1	遱	3	
𨘓	1	擷	1	擷
𨘕	1	𧾚	3	
𨘖	1	疏	3	
𨘙	2	𨘙&𨘇	0	𨘙
𨘚	1	籩	1	籩
𨘛	1	滯	1	滯
𨘜	1	遭	1	遭
𨘝	2	達&𨘝	2	達&𨘝
𨘞	2	𨘞&𨘇	0	𨘞
𨘟	0	𨘟	0	𨘟
𨘠	1	遱	1	遱
𨘡	1	原	1	原
𨘢	1	邊	1	邊
𨘣	1	還	1	還
𨘤	1	遺	3	
𨘧	1	輦	1	輦
𨘪	1	輦	1	輦
𨘫	1	逵	3	
𨘬	2	遞&遰&𨘬	2	遞&遰&𨘬
𨘭	3	遁&遯	1	遯
𨘮	1	𨘂	1	𨘂
𨘯	1	邌	3	
𨘰	1	奩	1	奩
𨘲	0	𨘲	0	𨘲
𨘳	1	邊	3	
𨘴	0	𨘴	3	
𨘵	0	𨘵	0	𨘵
𨘷	1	邈	1	邈
𨘸	0	𨘸	0	𨘸
𨘹	1	遁	1	遁
𨘻	1	薳	3	
𨘼	2	輲&𨘼	0	𨘼
𨘿	1	隤	1	隤
𨙀	0	𨙀	0	𨙀
𨙁	1	邈	1	邈
𨙂	0	𨙂	0	𨙂
𨙃	1	𨙂	1	𨙂
𨙄	0	𨙄	0	𨙄
𨙅	1	邍	1	邍
𨙆	3	遁&遯	1	遯
𨙊	1	蘧	3	
𨙋	1	䢱	3	
𨙎	0	𨙎	0	𨙎
𨙏	0	𨙏	0	𨙏
𨙐	2	𨘴&𨙐	0	𨙐
𨙑	1	匱	1	匱
𨙒	2	𧾰&𨙒	0	𨙒
𨙓	0	𨙓	0	𨙓
𨙔	0	𨙔	0	𨙔
𨙕	1	逭	1	逭
𨙗	1	𨙚	3	
𨙘	1	遷	1	遷
𨙙	1	遷	1	遷
𨙚	2	𨙚&邁	1	邁
𨙜	1	䢱	1	䢱
𨙞	1	遷	1	遷
𨙟	1	進	1	進
𨙠	1	遭	1	遭
𨙢	1	籩	3	
𨙣	2	𨙂&𨙣	1	𨙂
𨙤	1	靉	1	靉
𨙦	1	𨙔	1	𨙔
𨙧	1	鷸	1	鷸
𨙨	1	苑	1	苑
𨙩	2	𨙩&䦹	2	𨙩&䦹
𨙪	1	卬	3	
𨙫	2	叩&𨙫	2	叩&𨙫
𨙬	1	邔	3	
𨙭	0	𨙭	0	𨙭
𨙮	0	𨙮	0	𨙮
𨙯	0	𨙯	0	𨙯
𨙰	2	𨙰&𨚵	2	𨙰&𨚵
𨙱	1	邘	1	邘
𨙲	1	村	1	村
𨙵	2	巷&𨙵	1	巷
𨙶	2	沛&𨙶	2	沛&𨙶
𨙷	2	邢&𨙷	0	𨙷
𨙸	2	岐&𨙸	0	𨙸
𨙹	0	𨙹	0	𨙹
𨙺	0	𨙺	0	𨙺
𨙻	1	那	1	那
𨙼	1	郢	1	郢
𨙽	0	𨙽	0	𨙽
𨙾	1	𨙸	1	𨙸
𨚀	1	邳	3	
𨚂	0	𨚂	0	𨚂
𨚆	1	邢	3	
𨚈	1	𨙹	3	
𨚉	1	那	1	那
𨚊	1	邩	1	邩
𨚋	1	邩	1	邩
𨚌	1	邪	1	邪
𨚍	1	邶	1	邶
𨚎	1	邸	1	邸
𨚏	1	邸	1	邸
𨚐	1	邟	3	
𨚑	1	邱	1	邱
𨚒	1	𨙹	1	𨙹
𨚓	2	鄪&𨚓	2	鄪&𨚓
𨚔	0	𨚔	0	𨚔
𨚕	0	𨚕	0	𨚕
𨚖	1	𨝳	1	𨝳
𨚗	1	那	1	那
𨚘	0	𨚘	0	𨚘
𨚙	0	𨚙	0	𨚙
𨚚	1	邦	1	邦
𨚛	1	郀	1	郀
𨚜	1	邦	3	
𨚠	1	邯	1	邯
𨚡	1	巹	3	
𨚢	1	𨙷	1	𨙷
𨚤	1	郀	3	
𨚥	3	卻&郤	1	郤
𨚦	1	邦	3	
𨚨	1	郈	1	郈
𨚫	1	卻	3	
𨚬	1	邱	1	邱
𨚭	1	鄪	1	鄪
𨚮	0	𨚮	0	𨚮
𨚯	2	桐&𨚯	0	𨚯
𨚰	0	𨚰	0	𨚰
𨚱	0	𨚱	0	𨚱
𨚲	0	𨚲	0	𨚲
𨚳	0	𨚳	0	𨚳
𨚴	0	𨚴	0	𨚴
𨚵	0	𨚵	0	𨚵
𨚶	0	𨚶	0	𨚶
𨚷	1	邵	1	邵
𨚻	1	耆	1	耆
𨚼	3	都&鬱	1	都
𨚽	1	𨚶	1	𨚶
𨚿	1	刪	1	刪
𨛀	1	郵	3	
𨛁	1	邦	1	邦
𨛂	1	郯	3	
𨛃	1	鄒	1	鄒
𨛄	1	鄒	1	鄒
𨛅	1	卶	3	
𨛆	1	邱	1	邱
𨛇	1	𨹌	1	𨹌
𨛈	0	𨛈	0	𨛈
𨛉	0	𨛉	0	𨛉
𨛊	0	𨛊	0	𨛊
𨛋	0	𨛋	0	𨛋
𨛌	0	𨛌	0	𨛌
𨛍	0	𨛍	0	𨛍
𨛎	2	𨛋&𨛎	2	𨛋&𨛎
𨛏	0	𨛏	0	𨛏
𨛐	0	𨛐	0	𨛐
𨛑	2	邔&𨛑	0	𨛑
𨛒	0	𨛒	0	𨛒
𨛓	0	𨛓	0	𨛓
𨛔	2	部&𨛔	2	部&𨛔
𨛕	1	邮	1	邮
𨛖	0	𨛖	0	𨛖
𨛙	1	䣂	1	䣂
𨛚	1	𨚵	1	𨚵
𨛛	1	𨛤	1	𨛤
𨛜	3	巷&𨙵	3	巷&𨙵
𨛝	1	邦	3	
𨛞	1	𨚳	1	𨚳
𨛟	1	邦	1	邦
𨛠	3	郄&郤	1	郤
𨛡	2	鄖&𨛡	0	𨛡
𨛢	1	部	3	
𨛣	2	𨙽&𨛣	0	𨛣
𨛤	2	𤜡&𨛤	2	𤜡&𨛤
𨛥	0	𨛥	0	𨛥
𨛦	1	郡	1	郡
𨛧	1	邳	1	邳
𨛨	3	教&都	1	都
𨛫	0	𨛫	0	𨛫
𨛬	0	𨛬	0	𨛬
𨛭	0	𨛭	0	𨛭
𨛮	0	𨛮	0	𨛮
𨛯	0	𨛯	0	𨛯
𨛰	0	𨛰	0	𨛰
𨛱	0	𨛱	0	𨛱
𨛲	1	𨚶	3	
𨛳	0	𨛳	0	𨛳
𨛴	2	鄗&𨛴	1	鄗
𨛵	3	𨜻&𨝘	1	𨝘
𨛶	2	𨛶&𨜙	0	𨛶
𨛷	1	都	1	都
𨛸	1	鄠	1	鄠
𨛻	1	𨚶	1	𨚶
𨛿	3	聚&郰	1	聚
𨜀	1	䭂	1	䭂
𨜁	1	都	1	都
𨜂	1	䣊	1	䣊
𨜃	1	𨜷	1	𨜷
𨜄	1	鄠	3	
𨜅	1	敧	1	敧
𨜆	1	郀	1	郀
𨜇	1	鄡	3	
𨜈	3	鄒&鄹	1	鄒
𨜊	1	卿	3	
𨜋	1	郜	1	郜
𨜌	0	𨜌	0	𨜌
𨜍	0	𨜍	0	𨜍
𨜎	0	𨜎	0	𨜎
𨜏	0	𨜏	0	𨜏
𨜐	0	𨜐	0	𨜐
𨜑	2	鄡&𨜑	2	鄡&𨜑
𨜒	0	𨜒	0	𨜒
𨜓	0	𨜓	0	𨜓
𨜔	0	𨜔	0	𨜔
𨜕	1	巷	1	巷
𨜖	0	𨜖	0	𨜖
𨜗	0	𨜗	0	𨜗
𨜘	2	郾&𨜘	1	郾
𨜙	2	𨛶&𨜙	0	𨜙
𨜚	1	郵	1	郵
𨜛	1	鄋	1	鄋
𨜜	2	渻&𨜜	2	渻&𨜜
𨜝	1	鄂	3	
𨜞	1	都	1	都
𨜣	1	𨜒	1	𨜒
𨜤	1	𨜷	1	𨜷
𨜥	1	酈	1	酈
𨜦	1	郠	1	郠
𨜧	1	卹	1	卹
𨜨	1	𨜴	1	𨜴
𨜪	1	郤	1	郤
𨜫	1	鄇	3	
𨜬	1	郇	1	郇
𨜮	3	卿&鄉	1	卿
𨜯	1	郹	1	郹
𨜰	0	𨜰	0	𨜰
𨜲	1	郵	1	郵
𨜳	0	𨜳	0	𨜳
𨜴	0	𨜴	0	𨜴
𨜵	0	𨜵	0	𨜵
𨜶	0	𨜶	0	𨜶
𨜷	0	𨜷	0	𨜷
𨜸	2	郈&𨜸	2	郈&𨜸
𨜹	3	斲&郖	1	郖
𨜺	0	𨜺	0	𨜺
𨜻	0	𨜻	0	𨜻
𨜼	0	𨜼	0	𨜼
𨜽	0	𨜽	0	𨜽
𨜾	0	𨜾	0	𨜾
𨜿	0	𨜿	0	𨜿
𨝀	0	𨝀	0	𨝀
𨝁	1	郇	1	郇
𨝃	2	鄠&𨝃	0	𨝃
𨝄	1	乘	3	
𨝅	1	鄉	3	
𨝇	1	邼	1	邼
𨝉	1	䣔	1	䣔
𨝊	0	𨝊	0	𨝊
𨝋	0	𨝋	0	𨝋
𨝌	0	𨝌	0	𨝌
𨝍	0	𨝍	0	𨝍
𨝎	0	𨝎	0	𨝎
𨝏	0	𨝏	0	𨝏
𨝐	0	𨝐	0	𨝐
𨝑	0	𨝑	0	𨝑
𨝓	0	𨝓	0	𨝓
𨝔	1	𨟃	1	𨟃
𨝕	3	𨞨&𨜴	1	𨜴
𨝗	1	商	1	商
𨝘	0	𨝘	0	𨝘
𨝛	2	䣄&𨝛	2	䣄&𨝛
𨝝	1	𨝌	1	𨝌
𨝞	1	扈	1	扈
𨝟	1	黎	1	黎
𨝠	1	𨝋	1	𨝋
𨝡	1	𨜿	1	𨜿
𨝢	0	𨝢	0	𨝢
𨝣	1	鄙	1	鄙
𨝤	1	鄮	1	鄮
𨝥	1	郎	1	郎
𨝦	0	𨝦	0	𨝦
𨝧	2	鄜&𨝧	1	鄜
𨝨	2	𨝨&𨞒	2	𨝨&𨞒
𨝪	2	鄳&𨝪	1	鄳
𨝫	0	𨝫	0	𨝫
𨝬	1	鄦	1	鄦
𨝭	0	𨝭	0	𨝭
𨝮	3	鄒&郰	3	鄒&郰
𨝯	0	𨝯	0	𨝯
𨝰	0	𨝰	0	𨝰
𨝱	0	𨝱	0	𨝱
𨝳	0	𨝳	0	𨝳
𨝴	0	𨝴	0	𨝴
𨝵	0	𨝵	0	𨝵
𨝶	1	鄑	1	鄑
𨝷	2	𨝷&鄝	1	鄝
𨝸	0	𨝸	0	𨝸
𨝹	1	虚	3	
𨝻	1	鄩	3	
𨝼	1	𨝷	3	
𨞀	1	鄭	1	鄭
𨞁	1	鄰	1	鄰
𨞂	1	酄	1	酄
𨞃	3	黎&𨛫	1	𨛫
𨞄	1	郵	1	郵
𨞅	1	郿	1	郿
𨞆	1	鄮	1	鄮
𨞇	1	郯	1	郯
𨞉	1	鄄	1	鄄
𨞌	0	𨞌	0	𨞌
𨞍	1	鄂	1	鄂
𨞎	2	酃&𨞎	2	酃&𨞎
𨞏	1	鄲	1	鄲
𨞑	0	𨞑	0	𨞑
𨞒	2	𨞒&䣢	1	䣢
𨞓	0	𨞓	0	𨞓
𨞔	1	巷	1	巷
𨞕	0	𨞕	0	𨞕
𨞖	1	酃	1	酃
𨞗	0	𨞗	0	𨞗
𨞘	0	𨞘	0	𨞘
𨞙	2	𨞙&䢹	1	䢹
𨞚	2	鄳&𨞚	1	鄳
𨞛	0	𨞛	0	𨞛
𨞜	1	㪺	1	㪺
𨞝	1	鄮	1	鄮
𨞞	1	𨞚	1	𨞚
𨞠	1	巷	1	巷
𨞡	1	鄶	1	鄶
𨞢	1	䣛	3	
𨞥	1	郭	1	郭
𨞦	2	𨞙&䢹&𨞦	2	䢹&𨞦
𨞧	1	鄰	1	鄰
𨞨	2	𨞨&𨜴	1	𨜴
𨞩	0	𨞩	0	𨞩
𨞪	0	𨞪	0	𨞪
𨞫	0	𨞫	0	𨞫
𨞬	1	鄽	3	
𨞭	1	酁	3	
𨞮	1	聚	1	聚
𨞯	1	鄸	1	鄸
𨞰	1	鄉	1	鄉
𨞱	1	䣘	1	䣘
𨞳	1	劓	1	劓
𨞴	1	𨟏	1	𨟏
𨞵	1	鄮	1	鄮
𨞶	0	𨞶	0	𨞶
𨞷	0	𨞷	0	𨞷
𨞸	1	鄉	1	鄉
𨞹	1	虨	1	虨
𨞺	0	𨞺	0	𨞺
𨞻	1	鄜	1	鄜
𨞼	2	𨞼&鄤	1	鄤
𨞽	0	𨞽	0	𨞽
𨞾	0	𨞾	0	𨞾
𨞿	0	𨞿	0	𨞿
𨟀	1	𨛫	1	𨛫
𨟁	1	鄸	1	鄸
𨟂	2	薊&𨟂	2	薊&𨟂
𨟃	0	𨟃	0	𨟃
𨟄	0	𨟄	0	𨟄
𨟅	1	𨟄	1	𨟄
𨟇	1	魯	1	魯
𨟈	1	鄩	1	鄩
𨟉	1	㪺	3	
𨟊	0	𨟊	3	
𨟌	1	鄩	3	
𨟍	1	郭	1	郭
𨟎	1	酅	1	酅
𨟏	0	𨟏	0	𨟏
𨟐	1	䣘	1	䣘
𨟑	0	𨟑	0	𨟑
𨟔	3	𨞼&鄤	1	鄤
𨟕	1	鄑	1	鄑
𨟖	0	𨟖	0	𨟖
𨟗	2	鄬&𨟗	0	𨟗
𨟘	2	酃&𨟘	1	酃
𨟙	0	𨟙	0	𨟙
𨟚	0	𨟚	0	𨟚
𨟛	1	㪺	1	㪺
𨟜	1	𨝸	1	𨝸
𨟝	1	鬱	3	
𨟞	1	都	1	都
𨟟	1	𨟑	1	𨟑
𨟠	0	𨟠	0	𨟠
𨟢	1	𨛶	1	𨛶
𨟣	1	𨝸	1	𨝸
𨟤	1	鄜	1	鄜
𨟦	1	𨝍	1	𨝍
𨟨	1	鄂	1	鄂
𨟩	1	𨝸	3	
𨟪	1	鄯	3	
𨟫	1	酈	1	酈
𨟬	1	𨝸	1	𨝸
𨟭	1	筥	3	
𨟮	2	酃&𨟮	1	酃
𨟯	1	酃	1	酃
𨟰	3	䘏&卹	1	卹
𨟲	3	甙&𨠍	1	𨠍
𨟳	1	蟻	3	
𨟴	2	酳&𨟴	0	𨟴
𨟵	0	𨟵	0	𨟵
𨟶	1	䣬	1	䣬
𨟷	1	醅	1	醅
𨟸	2	𨟴&𨟸	2	𨟴&𨟸
𨟹	2	酓&𨟹	2	酓&𨟹
𨟺	1	湎	1	湎
𨟻	1	醬	1	醬
𨟼	1	䴚	1	䴚
𨟽	0	𨟽	0	𨟽
𨟾	0	𨟾	0	𨟾
𨟿	2	𨟿&𨠦	1	𨠦
𨠀	1	醐	1	醐
𨠁	1	酖	1	酖
𨠂	1	醐	1	醐
𨠅	1	飲	3	
𨠆	1	酒	1	酒
𨠇	3	酙&斟	1	斟
𨠈	3	𨟿&𨠦	1	𨠦
𨠊	1	酒	1	酒
𨠋	1	觚	1	觚
𨠌	0	𨠌	0	𨠌
𨠍	2	𤮼&𨠍	1	𤮼
𨠎	1	醽	1	醽
𨠏	1	醍	1	醍
𨠐	0	𨠐	0	𨠐
𨠑	2	酏&酡&𨠑	2	酏&酡&𨠑
𨠒	0	𨠒	0	𨠒
𨠓	1	䣪	1	䣪
𨠔	1	䤉	1	䤉
𨠕	1	醟	1	醟
𨠖	0	𨠖	0	𨠖
𨠗	1	醠	1	醠
𨠘	1	粕	1	粕
𨠚	1	觛	3	
𨠠	1	醒	3	
𨠢	1	𨠒	1	𨠒
𨠤	2	醲&𨠤	2	醲&𨠤
𨠥	0	𨠥	0	𨠥
𨠦	0	𨠦	0	𨠦
𨠧	1	䣵	1	䣵
𨠨	1	𨣧	3	
𨠩	1	酬	1	酬
𨠮	1	酗	1	酗
𨠯	1	酗	3	
𨠰	1	䣹	1	䣹
𨠱	1	酑	3	
𨠴	1	釃	1	釃
𨠵	1	觥	1	觥
𨠶	2	𨠑&𨠶	2	𨠑&𨠶
𨠷	1	糟	1	糟
𨠸	0	𨠸	0	𨠸
𨠹	0	𨠹	0	𨠹
𨠾	1	酨	1	酨
𨡀	1	醋	3	
𨡁	1	靦	1	靦
𨡂	1	醯	3	
𨡅	1	醚	1	醚
𨡆	1	酵	1	酵
𨡇	1	醯	3	
𨡋	1	醅	1	醅
𨡌	0	𨡌	0	𨡌
𨡍	1	醓	1	醓
𨡎	0	𨡎	0	𨡎
𨡏	2	腆&𨡏	0	𨡏
𨡐	1	𨡘	1	𨡘
𨡑	0	𨡑	0	𨡑
𨡒	1	醄	3	
𨡓	1	醬	1	醬
𨡔	1	嘗	1	嘗
𨡕	1	𨢡	1	𨢡
𨡖	1	䣿	1	䣿
𨡗	1	醡	1	醡
𨡘	0	𨡘	0	𨡘
𨡙	1	𨢿	3	
𨡚	1	酳	3	
𨡝	1	醢	1	醢
𨡞	1	湎	1	湎
𨡟	1	𨢡	3	
𨡠	1	醑	1	醑
𨡢	1	飲	1	飲
𨡣	1	𨡎	1	𨡎
𨡥	1	醅	3	
𨡦	1	酳	3	
𨡩	1	醱	1	醱
𨡪	1	酏	1	酏
𨡫	0	𨡫	0	𨡫
𨡬	1	𣖻	1	𣖻
𨡭	0	𨡭	0	𨡭
𨡮	1	𨢨	1	𨢨
𨡯	1	腩	1	腩
𨡰	1	醬	1	醬
𨡱	2	䔯&𨡱	2	䔯&𨡱
𨡲	2	篘&𨡲&醔	2	篘&𨡲
𨡳	3	㱃&飲	1	飲
𨡴	0	𨡴	0	𨡴
𨡵	1	𨣘	1	𨣘
𨡶	1	𦙫	1	𦙫
𨡷	1	醐	1	醐
𨡸	0	𨡸	0	𨡸
𨡺	1	𨣈	3	
𨡿	1	醢	3	
𨢀	1	酵	1	酵
𨢁	1	食	1	食
𨢂	1	酳	3	
𨢃	3	𨢧&醡	1	醡
𨢄	1	醜	1	醜
𨢅	0	𨢅	0	𨢅
𨢆	0	𨢆	0	𨢆
𨢇	0	𨢇	0	𨢇
𨢈	0	𨢈	0	𨢈
𨢉	0	𨢉	0	𨢉
𨢊	1	䤓	1	䤓
𨢋	0	𨢋	0	𨢋
𨢌	0	𨢌	0	𨢌
𨢍	1	嗜	1	嗜
𨢎	0	𨢎	0	𨢎
𨢏	3	𦙫&𨢹	1	𨢹
𨢐	0	𨢐	0	𨢐
𨢑	1	鹼	1	鹼
𨢒	1	醫	1	醫
𨢓	1	犒	3	
𨢕	1	荼	3	
𨢗	1	醢	3	
𨢙	1	䤏	1	䤏
𨢚	1	醝	1	醝
𨢛	3	醉&醡	1	醡
𨢜	1	榷	3	
𨢝	1	餡	1	餡
𨢞	1	𨣧	3	
𨢠	0	𨢠	0	𨢠
𨢡	0	𨢡	0	𨢡
𨢢	0	𨢢	0	𨢢
𨢣	0	𨢣	0	𨢣
𨢤	1	𨢋	1	𨢋
𨢥	1	䤍	1	䤍
𨢦	2	醡&𨢦	0	𨢦
𨢧	2	𨢧&醡	1	醡
𨢨	0	𨢨	0	𨢨
𨢩	1	觴	1	觴
𨢪	0	𨢪	0	𨢪
𨢫	3	𨣊&酬	1	酬
𨢬	3	酴&𨡸	3	酴&𨡸
𨢭	1	酥	1	酥
𨢮	0	𨢮	3	
𨢯	0	𨢯	0	𨢯
𨢰	3	𨢮&䣽	1	䣽
𨢱	1	䣽	1	䣽
𨢲	1	莤	1	莤
𨢵	1	祭	1	祭
𨢶	1	烹	1	烹
𨢷	1	釃	1	釃
𨢸	3	榼&醘	1	醘
𨢹	0	𨢹	0	𨢹
𨢺	1	醑	1	醑
𨢽	1	酸	1	酸
𨢾	1	醹	1	醹
𨢿	0	𨢿	0	𨢿
𨣀	0	𨣀	0	𨣀
𨣁	0	𨣁	0	𨣁
𨣂	0	𨣂	0	𨣂
𨣃	2	醪&𨣃	2	醪&𨣃
𨣄	0	𨣄	0	𨣄
𨣅	0	𨣅	0	𨣅
𨣆	2	𨡴&𨣆	1	𨡴
𨣇	2	鹼&𨣇	0	𨣇
𨣈	0	𨣈	3	
𨣉	1	𨣇	3	
𨣊	0	𨣊	3	
𨣋	1	醋	1	醋
𨣌	1	醰	3	
𨣎	1	鹽	1	鹽
𨣏	1	酞	3	
𨣐	1	醮	1	醮
𨣑	1	酵	1	酵
𨣓	1	醯	1	醯
𨣔	0	𨣔	0	𨣔
𨣕	0	𨣕	0	𨣕
𨣖	1	醽	1	醽
𨣗	2	𨢋&𨣗	2	𨢋&𨣗
𨣘	2	𨣘&䤓	0	𨣘
𨣙	2	皰&𨣙	2	皰&𨣙
𨣚	0	𨣚	0	𨣚
𨣛	2	嘗&𨣛	1	嘗
𨣜	1	醡	1	醡
𨣝	1	𪊄	1	𪊄
𨣠	1	醳	1	醳
𨣡	1	莤	1	莤
𨣣	1	醝	1	醝
𨣦	2	藇&𨣦	1	藇
𨣧	0	𨣧	0	𨣧
𨣨	0	𨣨	0	𨣨
𨣩	2	鹺&醝&𨣩	2	醝&𨣩
𨣪	1	酸	1	酸
𨣭	1	𨢨	1	𨢨
𨣮	1	醡	1	醡
𨣯	0	𨣯	0	𨣯
𨣰	1	䤙	1	䤙
𨣱	0	𨣱	0	𨣱
𨣲	1	䤘	1	䤘
𨣳	1	醇	1	醇
𨣴	1	𩉑	3	
𨣶	1	醇	1	醇
𨣷	1	𨢌	1	𨢌
𨣸	0	𨣸	0	𨣸
𨣹	2	𨣹&糟	1	糟
𨣺	1	酥	1	酥
𨣻	0	𨣻	0	𨣻
𨣼	1	𨢨	1	𨢨
𨣾	0	𨣾	0	𨣾
𨣿	1	醾	1	醾
𨤀	1	醽	1	醽
𨤁	1	醺	1	醺
𨤂	0	𨤂	0	𨤂
𨤃	1	藏	1	藏
𨤅	1	醯	1	醯
𨤆	1	臢	3	
𨤇	2	糟&醙&𨤇	2	糟&醙&𨤇
𨤈	3	𨣹&糟	1	糟
𨤉	1	醲	1	醲
𨤊	1	釂	1	釂
𨤋	0	𨤋	3	
𨤌	1	醰	1	醰
𨤍	1	醽	1	醽
𨤎	0	𨤎	0	𨤎
𨤏	1	播	1	播
𨤐	0	𨤐	0	𨤐
𨤑	2	𢍏&𨤑	1	𢍏
𨤒	1	爲	1	爲
𨤓	1	眷	1	眷
𨤕	0	𨤕	0	𨤕
𨤖	1	卷	1	卷
𨤗	1	眷	1	眷
𨤘	2	糞&𨤘	0	𨤘
𨤙	1	絭	1	絭
𨤚	2	糞&𨤚	2	糞&𨤚
𨤜	1	豢	3	
𨤝	1	糞	3	
𨤟	1	釋	3	
𨤠	1	糴	3	
𨤡	2	穬&𨤡	0	𨤡
𨤢	0	𨤢	0	𨤢
𨤣	1	重	1	重
𨤥	1	量	1	量
𨤦	1	量	1	量
𨤨	2	儵&𨤨	1	儵
𨤩	0	𨤩	0	𨤩
𨤬	1	菫	1	菫
𨤭	1	釐	1	釐
𨤲	1	釐	3	
𨤴	0	𨤴	0	𨤴
𨤷	0	𨤷	0	𨤷
𨤸	1	釐	3	
𨤹	0	𨤹	0	𨤹
𨤺	1	釐	1	釐
𨤽	1	錍	3	
𨤾	1	金	1	金
𨥀	1	金	1	金
𨥁	1	釵	1	釵
𨥂	0	𨥂	0	𨥂
𨥃	1	鋬	1	鋬
𨥄	1	金	1	金
𨥅	1	釱	3	
𨥈	1	釲	3	
𨥊	1	釳	1	釳
𨥋	1	杽	1	杽
𨥌	1	鉹	1	鉹
𨥍	2	𨥍&銎	1	銎
𨥎	1	鏦	1	鏦
𨥏	1	釜	1	釜
𨥐	3	銶&釚	1	釚
𨥑	1	磺	3	
𨥒	1	鈞	1	鈞
𨥚	1	鉔	3	
𨥜	0	𨥜	3	
𨥝	1	䤨	3	
𨥟	0	𨥟	3	
𨥡	1	鈂	3	
𨥢	3	𨥍&銎	1	銎
𨥤	1	舒	1	舒
𨥥	1	礦	1	礦
𨥦	0	𨥦	0	𨥦
𨥧	1	鋄	1	鋄
𨥨	1	矛	1	矛
𨥩	1	鈐	1	鈐
𨥪	1	鈄	1	鈄
𨥫	1	鉚	3	
𨥭	3	䤨&釽&銢	3	釽&銢
𨥯	1	瓦	3	
𨥲	1	銎	1	銎
𨥳	1	𨥦	1	𨥦
𨥵	1	鎮	1	鎮
𨥹	1	鉋	1	鉋
𨥺	0	𨥺	3	
𨥻	1	鈌	1	鈌
𨥼	1	鍘	3	
𨥾	1	鉟	3	
𨦂	0	𨦂	0	𨦂
𨦃	3	刴&䤪	3	刴&䤪
𨦄	0	𨦄	0	𨦄
𨦅	1	鎩	1	鎩
𨦆	0	𨦆	0	𨦆
𨦇	1	鋏	3	
𨦈	1	鋤	3	
𨦉	1	鋉	3	
𨦍	1	鉅	3	
𨦕	1	鉶	1	鉶
𨦖	0	𨦖	0	𨦖
𨦘	1	銕	3	
𨦙	1	銐	1	銐
𨦚	1	鋘	3	
𨦛	1	鈸	3	
𨦜	3	矛&鉾	1	矛
𨦝	3	䤨&釽	1	釽
𨦟	1	鋒	1	鋒
𨦠	1	鈭	3	
𨦢	1	鎪	3	
𨦣	3	銳&鈗	1	銳
𨦨	1	佩	3	
𨦫	0	𨦫	3	
𨦬	1	銴	1	銴
𨦭	0	𨦭	0	𨦭
𨦮	0	𨦮	0	𨦮
𨦯	1	鈠	1	鈠
𨦰	1	鏐	1	鏐
𨦱	1	鏦	1	鏦
𨦲	1	鉣	1	鉣
𨦳	0	𨦳	0	𨦳
𨦴	1	鋦	1	鋦
𨦵	1	鋩	3	
𨦶	1	麩	3	
𨦷	1	鋚	1	鋚
𨦸	1	鎮	1	鎮
𨦾	1	鎩	3	
𨦿	1	鉶	1	鉶
𨧀	0	𨧀	3	
𨧎	1	銎	1	銎
𨧏	1	銀	1	銀
𨧓	1	銍	1	銍
𨧔	1	鑿	3	
𨧕	1	辯	1	辯
𨧘	1	絆	1	絆
𨧙	1	鋦	1	鋦
𨧚	1	鏃	3	
𨧛	0	𨧛	0	𨧛
𨧜	0	𨧜	3	
𨧥	0	𨧥	0	𨧥
𨧦	0	𨧦	0	𨧦
𨧧	2	椓&𨧧	2	椓&𨧧
𨧨	2	銳&錣&𨧨	2	銳&錣&𨧨
𨧩	2	鐋&𨧩	2	鐋&𨧩
𨧪	0	𨧪	0	𨧪
𨧫	2	𨧫&剚	1	剚
𨧬	1	𨥦	1	𨥦
𨧭	1	證	1	證
𨧮	0	𨧮	0	𨧮
𨧯	3	䤩&鉈	1	鉈
𨧰	0	𨧰	0	𨧰
𨧱	0	𨧱	0	𨧱
𨧲	1	鍱	1	鍱
𨧳	1	銐	1	銐
𨧴	1	鋄	1	鋄
𨧵	2	銍&𨧵	2	銍&𨧵
𨧶	1	鉣	1	鉣
𨧸	1	鋬	3	
𨧾	2	礦&𨧾	2	礦&𨧾
𨧿	1	鎣	3	
𨨄	1	鋃	3	
𨨆	1	胯	3	
𨨏	0	𨨏	3	
𨨖	1	琴	3	
𨨙	1	錏	1	錏
𨨚	1	𨧛	1	𨧛
𨨛	0	𨨛	3	
𨨝	0	𨨝	3	
𨨞	1	斧	3	
𨨟	0	𨨟	3	
𨨠	1	鋦	3	
𨨢	0	𨨢	3	
𨨬	2	𨨬&銐	2	𨨬&銐
𨨭	3	鑛&𨧾	1	𨧾
𨨮	1	𨧮	1	𨧮
𨨯	0	𨨯	0	𨨯
𨨰	0	𨨰	0	𨨰
𨨱	1	銛	1	銛
𨨲	0	𨨲	0	𨨲
𨨳	0	𨨳	0	𨨳
𨨴	0	𨨴	0	𨨴
𨨵	1	鈃	1	鈃
𨨶	2	敔&𨨶&䥏	2	敔&𨨶&䥏
𨨷	2	𨨷&鍎	1	鍎
𨨸	1	䥰	1	䥰
𨨹	2	𠞈&𨨹	1	𠞈
𨨺	2	削&𨨺	2	削&𨨺
𨨻	1	鏺	1	鏺
𨨼	1	證	1	證
𨨽	1	鎩	1	鎩
𨨾	1	證	1	證
𨩀	1	鍭	3	
𨩂	1	犁	3	
𨩊	1	鰌	3	
𨩋	1	錯	3	
𨩐	1	鏤	1	鏤
𨩨	0	𨩨	3	
𨩩	0	𨩩	0	𨩩
𨩪	1	䥀	1	䥀
𨩬	1	鐭	1	鐭
𨩭	1	𩛒	3	
𨩮	1	扃	3	
𨩰	0	𨩰	3	
𨩳	1	銓	1	銓
𨩴	1	釧	3	
𨩵	2	𨩵&鋄	1	鋄
𨩷	1	鍛	3	
𨩹	1	銎	1	銎
𨩺	1	鍪	1	鍪
𨩼	1	鍵	3	
𨩽	1	罅	3	
𨪂	1	鐩	3	
𨪄	0	𨪄	0	𨪄
𨪅	2	毽&𨪅	0	𨪅
𨪆	1	錡	3	
𨪇	2	鍛&𨪇	1	鍛
𨪈	0	𨪈	0	𨪈
𨪉	0	𨪉	0	𨪉
𨪊	0	𨪊	0	𨪊
𨪋	2	鉤&𨪋	1	鉤
𨪌	0	𨪌	0	𨪌
𨪍	1	䤬	1	䤬
𨪎	2	𨪎&鐭&䥝	2	𨪎&鐭
𨪏	0	𨪏	0	𨪏
𨪐	2	鍮&𨪐	0	𨪐
𨪑	1	鏟	1	鏟
𨪒	0	𨪒	0	𨪒
𨪓	1	鍣	1	鍣
𨪔	1	證	1	證
𨪕	0	𨪕	3	
𨪖	1	琴	1	琴
𨪗	0	𨪗	0	𨪗
𨪙	1	鏘	1	鏘
𨪟	2	錞&𨪟	2	錞&𨪟
𨪠	1	鏊	1	鏊
𨪦	1	臻	3	
𨪪	1	鑅	3	
𨪫	1	錔	3	
𨪰	1	錘	3	
𨪲	1	錙	3	
𨪳	1	𨨰	1	𨨰
𨪴	1	鑙	1	鑙
𨪵	0	𨪵	3	
𨪶	0	𨪶	0	𨪶
𨪷	0	𨪷	0	𨪷
𨪸	1	鍤	3	
𨪻	1	錛	3	
𨪼	1	錘	1	錘
𨪽	1	鍠	1	鍠
𨪾	1	𨪉	3	
𨫀	0	𨫀	3	
𨫁	1	鏺	1	鏺
𨫂	1	䤹	3	
𨫉	1	匙	3	
𨫋	1	熕	3	
𨫌	1	錯	3	
𨫍	1	鏸	3	
𨫏	1	鋝	1	鋝
𨫐	1	銍	1	銍
𨫑	1	鐶	1	鐶
𨫒	0	𨫒	0	𨫒
𨫓	1	鐵	1	鐵
𨫔	0	𨫔	0	𨫔
𨫕	3	鏂&剾	1	鏂
𨫖	1	鐋	1	鐋
𨫘	1	鍔	1	鍔
𨫙	1	鍑	1	鍑
𨫚	1	錞	3	
𨫦	1	𨫔	1	𨫔
𨫱	1	鋒	3	
𨫹	1	琴	1	琴
𨫺	1	鏊	3	
𨫻	1	錘	1	錘
𨫼	1	鏊	3	
𨫽	1	鏵	1	鏵
𨫾	1	鏉	1	鏉
𨫿	1	盔	1	盔
𨬀	1	鐻	3	
𨬂	0	𨬂	3	
𨬃	3	𨨟&鏓	1	鏓
𨬄	3	𨩵&鋄	1	鋄
𨬅	0	𨬅	0	𨬅
𨬆	1	鍔	3	
𨬍	0	𨬍	0	𨬍
𨬎	1	𨪗	1	𨪗
𨬏	1	鑗	1	鑗
𨬐	0	𨬐	0	𨬐
𨬑	3	鬲&鎘	3	鬲&鎘
𨬒	0	𨬒	0	𨬒
𨬓	1	鉞	1	鉞
𨬔	0	𨬔	0	𨬔
𨬖	0	𨬖	0	𨬖
𨬗	1	鑐	1	鑐
𨬘	1	鍱	1	鍱
𨬙	1	鏑	1	鏑
𨬚	2	黹&𨬚	2	黹&𨬚
𨬛	1	校	1	校
𨬝	1	𨫔	1	𨫔
𨬞	0	𨬞	3	
𨬟	0	𨬟	0	𨬟
𨬧	1	𨭖	3	
𨬿	1	鐵	1	鐵
𨭀	1	鎘	3	
𨭃	0	𨭃	3	
𨭄	1	飴	3	
𨭅	1	鉒	3	
𨭆	0	𨭆	3	
𨭇	1	錘	1	錘
𨭈	1	錨	3	
𨭊	0	𨭊	3	
𨭋	1	鑏	3	
𨭌	0	𨭌	3	
𨭎	0	𨭎	3	
𨭐	0	𨭐	3	
𨭓	1	鐵	1	鐵
𨭕	1	鐙	1	鐙
𨭖	2	㔊&𨭖	0	𨭖
𨭗	2	錚&𨭗	0	𨭗
𨭘	1	繩	1	繩
𨭙	1	鍵	1	鍵
𨭚	3	剽&鏢	1	鏢
𨭛	2	𨭛&鑞	2	𨭛&鑞
𨭜	1	鏝	1	鏝
𨭝	1	鎩	1	鎩
𨭞	1	鏍	1	鏍
𨭟	1	鏚	1	鏚
𨭥	0	𨭥	3	
𨭸	0	𨭸	3	
𨭹	1	钀	1	钀
𨭼	1	鐐	1	鐐
𨭽	3	鐫&鑴	1	鐫
𨭾	2	𨭾&鑹	1	鑹
𨭿	1	𨭾	3	
𨮀	1	鎚	1	鎚
𨮂	0	𨮂	3	
𨮃	1	𨪐	1	𨪐
𨮄	1	鑣	1	鑣
𨮅	0	𨮅	3	
𨮆	1	璺	3	
𨮒	0	𨮒	0	𨮒
𨮓	1	鏷	1	鏷
𨮔	2	錪&𨮔	0	𨮔
𨮕	2	𨮕&斲	1	斲
𨮖	1	𨮔	3	
𨮗	1	虡	1	虡
𨮘	1	鑌	1	鑌
𨮚	1	鑄	1	鑄
𨮞	1	鑣	3	
𨮠	0	𨮠	3	
𨮩	1	鑄	3	
𨮫	1	鑋	1	鑋
𨮬	1	鏢	3	
𨮮	1	𨭖	3	
𨮯	1	鐵	1	鐵
𨮰	0	𨮰	3	
𨮱	1	𨪗	3	
𨮲	1	𨫔	3	
𨮳	0	𨮳	3	
𨮴	1	鐙	1	鐙
𨮷	2	𨮷&鑡	1	鑡
𨮸	0	𨮸	0	𨮸
𨮹	2	鏑&𨮹	2	鏑&𨮹
𨮺	1	鑙	3	
𨮻	0	𨮻	0	𨮻
𨮼	1	鍼	3	
𨮽	1	鏊	1	鏊
𨮾	1	鑄	1	鑄
𨮿	1	櫡	1	櫡
𨯀	1	鑙	3	
𨯄	1	鑣	1	鑣
𨯅	1	礪	3	
𨯒	1	鑯	1	鑯
𨯔	1	鑘	1	鑘
𨯕	1	銬	3	
𨯖	1	鑈	3	
𨯚	1	鏏	3	
𨯜	1	璺	3	
𨯝	1	𨬍	3	
𨯞	0	𨯞	0	𨯞
𨯟	1	鑊	1	鑊
𨯠	1	𨮒	1	𨮒
𨯡	1	鑈	1	鑈
𨯢	1	錞	1	錞
𨯣	1	䥏	1	䥏
𨯥	1	鎞	3	
𨯩	1	鐕	3	
𨯱	1	鬲	1	鬲
𨯳	1	鑿	1	鑿
𨯴	3	𨮕&斲	1	斲
𨯵	0	𨯵	3	
𨯺	1	鏢	3	
𨯻	1	𦉢	1	𦉢
𨯼	1	虡	1	虡
𨰃	0	𨰃	3	
𨰅	1	䥝	1	䥝
𨰉	3	䥷&鍘	1	鍘
𨰊	1	鏍	1	鏍
𨰋	1	𨦂	1	𨦂
𨰌	1	鍧	1	鍧
𨰍	1	鉵	1	鉵
𨰎	1	鈿	1	鈿
𨰏	0	𨰏	0	𨰏
𨰐	1	鏢	1	鏢
𨰑	1	銚	1	銚
𨰒	1	鑿	1	鑿
𨰓	1	鐧	3	
𨰜	1	爵	3	
𨰝	0	𨰝	0	𨰝
𨰞	0	𨰞	0	𨰞
𨰟	1	䥯	1	䥯
𨰠	1	鏍	1	鏍
𨰢	1	鑿	1	鑿
𨰤	1	鑠	1	鑠
𨰩	3	鐜&鐓	1	鐓
𨰭	0	𨰭	3	
𨰮	1	鐓	1	鐓
𨰯	3	鐜&鐓	1	鐓
𨰲	1	鑑	1	鑑
𨰳	1	鐔	1	鐔
𨰵	0	𨰵	3	
𨰷	0	𨰷	3	
𨰸	0	𨰸	0	𨰸
𨰾	1	鎷	3	
𨰿	1	釳	3	
𨱁	1	鈠	3	
𨱂	1	鈋	3	
𨱃	1	鈲	3	
𨱄	1	鈯	3	
𨱅	1	鉁	3	
𨱆	1	鉞	3	
𨱇	1	銶	3	
𨱈	1	鋉	3	
𨱉	1	鍄	3	
𨱊	1	𨧱	3	
𨱋	1	錂	3	
𨱌	1	鏆	3	
𨱍	1	鎯	3	
𨱎	1	鍮	3	
𨱏	1	鎝	3	
𨱐	1	𨫒	3	
𨱑	1	鐄	3	
𨱒	1	鏉	3	
𨱓	1	鐎	3	
𨱔	1	鐏	3	
𨱕	1	𨮂	3	
𨱖	1	䥩	3	
𨱗	1	長	1	長
𨱘	3	𠇬&長	1	長
𨱙	2	髡&𨱙	0	𨱙
𨱚	0	𨱚	0	𨱚
𨱛	1	鬆	1	鬆
𨱜	0	𨱜	0	𨱜
𨱝	2	揚&𨱝	1	揚
𨱞	1	髦	1	髦
𨱢	1	髦	1	髦
𨱤	1	髡	1	髡
𨱥	2	矮&𨱥	1	矮
𨱦	0	𨱦	0	𨱦
𨱧	2	镺&𨱧	0	𨱧
𨱨	3	髦&髳	1	髳
𨱩	1	镺	1	镺
𨱬	1	𩬑	3	
𨱮	1	段	1	段
𨱰	1	髴	3	
𨱲	1	髭	3	
𨱳	1	髮	1	髮
𨱴	1	路	1	路
𨱵	0	𨱵	0	𨱵
𨱶	1	𨱵	1	𨱵
𨱷	1	镻	1	镻
𨱺	0	𨱺	0	𨱺
𨱿	0	𨱿	0	𨱿
𨲀	0	𨲀	0	𨲀
𨲁	0	𨲁	0	𨲁
𨲂	1	䦊	1	䦊
𨲃	3	鬃&鬉	1	鬉
𨲆	2	髾&𨲆	2	髾&𨲆
𨲇	2	𨲇&鬉	1	鬉
𨲈	0	𨲈	0	𨲈
𨲉	2	聖&鬌&𨲉	2	聖&鬌&𨲉
𨲊	0	𨲊	0	𨲊
𨲋	0	𨲋	0	𨲋
𨲌	2	𨲌&鬇	0	𨲌
𨲏	1	鬈	3	
𨲓	0	𨲓	0	𨲓
𨲔	1	鬉	1	鬉
𨲕	2	鬌&𨲕	1	鬌
𨲗	1	鼞	1	鼞
𨲘	1	鬐	1	鬐
𨲙	1	鬀	3	
𨲚	1	聖	1	聖
𨲛	1	鬘	1	鬘
𨲝	1	髭	1	髭
𨲞	0	𨲞	0	𨲞
𨲟	0	𨲟	0	𨲟
𨲠	3	嗟&䦈	1	嗟
𨲡	1	髻	1	髻
𨲢	1	聖	1	聖
𨲤	1	鰭	3	
𨲥	1	𨲋	1	𨲋
𨲦	1	髭	1	髭
𨲧	0	𨲧	0	𨲧
𨲨	1	鏟	1	鏟
𨲩	2	鬘&𨲩	1	鬘
𨲫	1	鬔	3	
𨲭	0	𨲭	0	𨲭
𨲮	0	𨲮	0	𨲮
𨲯	0	𨲯	0	𨲯
𨲰	1	髼	3	
𨲲	2	鬣&𨲲	1	鬣
𨲳	0	𨲳	0	𨲳
𨲴	1	贎	1	贎
𨲶	1	䦋	1	䦋
𨲸	2	𨲸&鬡	0	𨲸
𨲹	1	𩯰	3	
𨲺	1	鬢	1	鬢
𨲻	1	嗟	1	嗟
𨲼	3	彌&镾	1	镾
𨲽	1	䰖	3	
𨲾	1	鬘	1	鬘
𨳀	0	𨳀	0	𨳀
𨳁	0	𨳁	0	𨳁
𨳂	2	𨳂&𩰃	0	𨳂
𨳃	1	鬤	1	鬤
𨳄	1	䰖	1	䰖
𨳅	1	𨳁	1	𨳁
𨳇	1	門	3	
𨳉	0	𨳉	0	𨳉
𨳊	0	𨳊	0	𨳊
𨳋	0	𨳋	0	𨳋
𨳌	0	𨳌	0	𨳌
𨳎	1	門	3	
𨳏	1	𨳌	1	𨳌
𨳐	2	闖&𨳐	1	闖
𨳑	0	𨳑	0	𨳑
𨳒	0	𨳒	3	
𨳓	1	閉	1	閉
𨳕	0	𨳕	3	
𨳖	3	𨴖&閦	1	𨴖
𨳗	0	𨳗	0	𨳗
𨳘	0	𨳘	0	𨳘
𨳙	0	𨳙	0	𨳙
𨳚	2	𨳚&䦏&𩰟	2	𨳚&䦏&𩰟
𨳛	0	𨳛	0	𨳛
𨳜	3	𨳚&䦏	1	䦏
𨳝	2	閏&𨳝	0	𨳝
𨳞	0	𨳞	0	𨳞
𨳟	0	𨳟	0	𨳟
𨳠	0	𨳠	0	𨳠
𨳡	3	間&閒&關	3	間&閒&關
𨳢	3	間&閒	3	間&閒
𨳣	0	𨳣	0	𨳣
𨳥	1	闢	1	闢
𨳨	0	𨳨	3	
𨳩	1	開	1	開
𨳮	1	𩰎	1	𩰎
𨳯	1	閉	1	閉
𨳰	1	閉	1	閉
𨳲	2	閉&𨳲	2	閉&𨳲
𨳳	0	𨳳	0	𨳳
𨳴	3	聞&䦵	1	䦵
𨳵	1	閛	1	閛
𨳶	2	閺&𨳶	2	閺&𨳶
𨳷	2	扅&𨳷	0	𨳷
𨳸	3	闐&閫	1	闐
𨳹	1	關	1	關
𨳺	0	𨳺	0	𨳺
𨳻	2	𨳷&𨳻	2	𨳷&𨳻
𨳼	0	𨳼	0	𨳼
𨳽	2	𨳽&𨴑	1	𨴑
𨳾	1	祐	1	祐
𨳿	2	間&䦏&𨳿	0	𨳿
𨴀	2	扃&𨴀	1	扃
𨴁	1	闡	1	闡
𨴂	1	開	1	開
𨴆	1	開	1	開
𨴇	1	刳	1	刳
𨴈	1	曲	1	曲
𨴉	1	開	1	開
𨴊	3	闋&關	3	闋&關
𨴍	0	𨴍	0	𨴍
𨴎	2	侐&𨴎	2	侐&𨴎
𨴏	0	𨴏	0	𨴏
𨴐	0	𨴐	0	𨴐
𨴑	0	𨴑	0	𨴑
𨴒	0	𨴒	0	𨴒
𨴓	0	𨴓	0	𨴓
𨴔	3	開&闢	1	闢
𨴕	2	柵&𨴕	0	𨴕
𨴖	2	𨴖&閦	1	閦
𨴗	0	𨴗	0	𨴗
𨴘	0	𨴘	0	𨴘
𨴙	2	焛&𤌎&𨴙	1	焛
𨴛	1	公	3	
𨴝	1	闡	1	闡
𨴟	1	閦	1	閦
𨴠	1	閦	1	閦
𨴢	1	閡	1	閡
𨴤	0	𨴤	3	
𨴥	2	𨳷&𨴥	1	𨳷
𨴧	1	閦	3	
𨴨	3	闌&閦	3	闌&閦
𨴩	0	𨴩	0	𨴩
𨴪	0	𨴪	0	𨴪
𨴫	1	閻	1	閻
𨴬	0	𨴬	0	𨴬
𨴭	0	𨴭	0	𨴭
𨴯	0	𨴯	0	𨴯
𨴰	0	𨴰	0	𨴰
𨴱	2	𨴒&𨴱	0	𨴱
𨴳	1	閦	1	閦
𨴵	1	閎	3	
𨴸	1	闕	1	闕
𨴹	0	𨴹	3	
𨴻	1	𨷠	3	
𨴿	1	闊	1	闊
𨵀	1	閻	1	閻
𨵁	1	閻	1	閻
𨵄	0	𨵄	0	𨵄
𨵅	0	𨵅	0	𨵅
𨵆	0	𨵆	0	𨵆
𨵈	2	扉&關&𨵈	2	扉&關&𨵈
𨵉	0	𨵉	0	𨵉
𨵊	0	𨵊	0	𨵊
𨵋	0	𨵋	0	𨵋
𨵌	1	𨵅	1	𨵅
𨵍	0	𨵍	0	𨵍
𨵎	1	𨵤	1	𨵤
𨵏	2	閡&𨵏	0	𨵏
𨵐	0	𨵐	0	𨵐
𨵑	1	開	1	開
𨵒	3	䦜&郚	1	郚
𨵓	1	闢	1	闢
𨵗	2	𨵗&闕	1	闕
𨵙	1	闃	1	闃
𨵜	1	鬮	1	鬮
𨵢	1	闃	1	闃
𨵤	0	𨵤	0	𨵤
𨵥	1	𡨽	1	𡨽
𨵦	0	𨵦	0	𨵦
𨵧	0	𨵧	0	𨵧
𨵨	1	閾	1	閾
𨵩	0	𨵩	0	𨵩
𨵪	0	𨵪	0	𨵪
𨵫	0	𨵫	0	𨵫
𨵬	2	限&䦘&𨵬	2	䦘&𨵬
𨵭	3	鍵&楗	1	鍵
𨵮	0	𨵮	0	𨵮
𨵯	1	闔	1	闔
𨵰	2	閉&𨵰	2	閉&𨵰
𨵲	1	闔	1	闔
𨵵	1	闔	1	闔
𨵷	3	閶&闒&𨷇	3	閶&𨷇
𨵸	0	𨵸	0	𨵸
𨵹	1	開	1	開
𨵻	1	閻	1	閻
𨵽	1	閽	1	閽
𨵾	1	闈	1	闈
𨵿	1	關	1	關
𨶀	0	𨶀	0	𨶀
𨶁	2	晏&𨶁	0	𨶁
𨶂	0	𨶂	0	𨶂
𨶃	2	㓃&𨶃	0	𨶃
𨶄	1	閵	1	閵
𨶅	0	𨶅	0	𨶅
𨶆	0	𨶆	0	𨶆
𨶇	0	𨶇	0	𨶇
𨶈	1	閬	1	閬
𨶉	2	𨶉&𨷱	0	𨶉
𨶊	2	儁&俊&𨶊	2	俊&𨶊
𨶋	2	闋&𨶋	1	闋
𨶎	1	闃	3	
𨶏	1	闕	3	
𨶑	1	闃	1	闃
𨶒	1	閻	1	閻
𨶓	1	閷	3	
𨶔	1	闕	3	
𨶕	1	闕	3	
𨶖	1	闊	1	闊
𨶘	1	開	1	開
𨶚	1	關	1	關
𨶜	2	鬥&𨶜	2	鬥&𨶜
𨶝	1	塾	1	塾
𨶞	1	闞	1	闞
𨶟	2	𨶪&𨶟	0	𨶟
𨶠	0	𨶠	0	𨶠
𨶡	1	誾	1	誾
𨶢	0	𨶢	0	𨶢
𨶩	1	闔	1	闔
𨶪	0	𨶪	3	
𨶬	0	𨶬	0	𨶬
𨶭	0	𨶭	0	𨶭
𨶮	0	𨶮	0	𨶮
𨶯	0	𨶯	0	𨶯
𨶰	0	𨶰	0	𨶰
𨶱	0	𨶱	0	𨶱
𨶲	0	𨶲	0	𨶲
𨶳	1	闚	1	闚
𨶴	1	闉	1	闉
𨶵	1	鬬	3	
𨶶	2	闍&𨶶	0	𨶶
𨶷	1	開	1	開
𨶻	2	𨶻&闖	1	闖
𨶾	1	闉	1	闉
𨶿	0	𨶿	3	
𨷀	1	關	1	關
𨷁	0	𨷁	0	𨷁
𨷂	1	闕	1	闕
𨷃	0	𨷃	0	𨷃
𨷄	0	𨷄	0	𨷄
𨷅	2	𨷭&廛&𨷅	2	廛&𨷅
𨷆	0	𨷆	0	𨷆
𨷇	0	𨷇	0	𨷇
𨷈	0	𨷈	3	
𨷎	1	閏	1	閏
𨷏	1	𨷰	3	
𨷒	0	𨷒	0	𨷒
𨷓	0	𨷓	0	𨷓
𨷔	2	𨵮&𨷔	0	𨷔
𨷕	1	䦱	1	䦱
𨷖	3	鬬&鬥	1	鬥
𨷙	1	塾	1	塾
𨷚	1	𩰝	1	𩰝
𨷟	1	鬮	3	
𨷠	0	𨷠	3	
𨷤	1	闤	1	闤
𨷦	0	𨷦	0	𨷦
𨷪	1	闠	1	闠
𨷫	1	鐫	1	鐫
𨷬	1	𩰞	3	
𨷭	0	𨷭	3	
𨷰	0	𨷰	0	𨷰
𨷱	0	𨷱	0	𨷱
𨷲	2	鑰&𨷲	0	𨷲
𨷳	1	𨷓	1	𨷓
𨷴	1	𨷱	3	
𨷵	3	鬬&鬥	1	鬥
𨷷	3	蚊&閩	1	閩
𨷸	1	𨷱	1	𨷱
𨷹	1	𩰟	1	𩰟
𨷺	1	鬮	3	
𨷻	0	𨷻	0	𨷻
𨷼	1	𨴯	3	
𨷿	1	䦳	3	
𨸀	1	𨳕	3	
𨸁	1	𨳑	3	
𨸂	1	閍	3	
𨸃	1	閐	3	
𨸄	1	䦘	3	
𨸅	1	𨴗	3	
𨸆	1	𨵩	3	
𨸇	1	𨵸	3	
𨸉	1	𨶀	3	
𨸊	1	闕	3	
𨸋	1	𨶲	3	
𨸌	1	𨶮	3	
𨸎	1	𨷲	3	
𨸏	1	阜	1	阜
𨸐	0	𨸐	0	𨸐
𨸑	0	𨸑	0	𨸑
𨸒	2	𨸔&𨸒	1	𨸔
𨸓	0	𨸓	0	𨸓
𨸔	0	𨸔	0	𨸔
𨸖	2	𨸖&𨹁	1	𨹁
𨸗	1	扞	1	扞
𨸘	1	阮	1	阮
𨸚	2	級&𨸚	0	𨸚
𨸛	2	屹&𨸛	2	屹&𨸛
𨸜	0	𨸜	0	𨸜
𨸝	2	氏&阺&𨸝	1	氏
𨸞	2	阺&𨸞	1	阺
𨸟	1	䧢	3	
𨸥	1	阱	3	
𨸦	1	岍	1	岍
𨸧	1	阺	3	
𨸨	1	𨸱	3	
𨸪	1	陸	1	陸
𨸫	2	𨸫&䧎	2	𨸫&䧎
𨸬	1	陳	1	陳
𨸭	0	𨸭	0	𨸭
𨸮	2	阭&𨸮	2	阭&𨸮
𨸯	0	𨸯	0	𨸯
𨸰	0	𨸰	0	𨸰
𨸱	0	𨸱	0	𨸱
𨸲	3	帥&師	1	師
𨸳	3	𨹃&垛	1	垛
𨸷	1	阸	3	
𨸿	1	岯	3	
𨹁	0	𨹁	0	𨹁
𨹂	1	垙	1	垙
𨹃	2	𨹃&垛	1	垛
𨹄	3	𨹃&垛	1	垛
𨹅	0	𨹅	0	𨹅
𨹆	1	䧎	1	䧎
𨹇	1	盜	1	盜
𨹈	3	陝&陽	3	陝&陽
𨹉	1	陰	1	陰
𨹊	1	陝	1	陝
𨹋	1	陶	1	陶
𨹌	2	𨸱&𨹌	0	𨹌
𨹎	1	限	1	限
𨹒	1	盜	3	
𨹓	1	降	1	降
𨹔	1	陀	1	陀
𨹕	1	陀	1	陀
𨹖	1	阸	3	
𨹘	3	序&阪	3	序&阪
𨹙	0	𨹙	0	𨹙
𨹚	0	𨹚	0	𨹚
𨹛	3	埅&地&坊&防	3	地&坊&防
𨹜	2	陡&𨹜	0	𨹜
𨹝	0	𨹝	0	𨹝
𨹞	1	産	1	産
𨹟	1	陋	1	陋
𨹠	2	𨹠&隆	1	隆
𨹡	0	𨹡	0	𨹡
𨹢	2	𨹢&陘	1	陘
𨹣	3	陒&垝	1	垝
𨹤	1	𨹁	3	
𨹧	1	陵	1	陵
𨹨	1	限	3	
𨹩	1	陰	3	
𨹫	1	𨻌	3	
𨹴	1	孵	1	孵
𨹵	0	𨹵	0	𨹵
𨹶	3	躋&隮	1	隮
𨹷	3	躋&隮	1	躋
𨹸	0	𨹸	0	𨹸
𨹹	1	崩	1	崩
𨹺	0	𨹺	0	𨹺
𨹻	0	𨹻	0	𨹻
𨹼	1	陛	1	陛
𨹽	1	岡	1	岡
𨹾	1	䂹	1	䂹
𨹿	3	𨹠&隆	1	隆
𨺀	1	砰	1	砰
𨺁	1	隅	1	隅
𨺂	1	陷	1	陷
𨺃	1	陶	1	陶
𨺄	3	𨹢&陘	1	陘
𨺅	3	隧&𨹺	1	𨹺
𨺆	3	𨻳&鄢	1	鄢
𨺈	1	陓	3	
𨺋	1	院	3	
𨺑	1	罩	3	
𨺓	1	隆	1	隆
𨺔	1	歸	3	
𨺕	1	陓	3	
𨺗	1	陡	1	陡
𨺘	1	涎	3	
𨺚	1	隆	3	
𨺛	1	隆	1	隆
𨺞	1	陿	3	
𨺟	0	𨺟	0	𨺟
𨺠	0	𨺠	0	𨺠
𨺡	0	𨺡	0	𨺡
𨺢	0	𨺢	0	𨺢
𨺣	0	𨺣	0	𨺣
𨺤	1	䦼	1	䦼
𨺥	1	阭	1	阭
𨺦	0	𨺦	0	𨺦
𨺧	0	𨺧	0	𨺧
𨺨	2	鄂&𨺨	2	鄂&𨺨
𨺩	1	乾	1	乾
𨺪	1	陲	1	陲
𨺫	2	𨺫&𠳋	1	𠳋
𨺬	1	界	1	界
𨺭	0	𨺭	0	𨺭
𨺮	1	峻	1	峻
𨺯	1	隈	1	隈
𨺲	1	瑀	3	
𨺵	3	墜&隊	1	墜
𨺶	1	陵	3	
𨺷	1	隅	3	
𨺹	1	湫	3	
𨺺	1	𨺫	3	
𨺻	1	陷	1	陷
𨺼	1	隆	3	
𨺽	1	𨺣	3	
𨺾	1	𨹢	3	
𨺿	0	𨺿	0	𨺿
𨻀	3	阰&𨻼	3	阰&𨻼
𨻁	0	𨻁	0	𨻁
𨻂	2	隁&𨻂	0	𨻂
𨻃	1	陫	1	陫
𨻄	2	臲&隉&𨻄	2	臲&隉&𨻄
𨻅	3	陖&峻	1	峻
𨻆	0	𨻆	0	𨻆
𨻇	2	塌&𨻇	1	塌
𨻈	2	隙&𨻈	2	隙&𨻈
𨻉	3	陡&𨹜	1	𨹜
𨻊	1	瘞	1	瘞
𨻋	1	隰	1	隰
𨻌	0	𨻌	0	𨻌
𨻍	0	𨻍	0	𨻍
𨻎	1	陵	1	陵
𨻏	1	瘞	1	瘞
𨻐	1	地	1	地
𨻑	3	隖&塢	1	塢
𨻒	2	隇&𨻒	2	隇&𨻒
𨻓	1	陪	1	陪
𨻔	1	陰	1	陰
𨻕	3	躋&隮	1	隮
𨻖	0	𨻖	0	𨻖
𨻘	1	陛	1	陛
𨻛	1	隔	3	
𨻢	1	陑	3	
𨻣	1	源	3	
𨻤	1	𡟨	3	
𨻥	1	隰	3	
𨻦	1	隆	1	隆
𨻨	1	𨻈	1	𨻈
𨻩	1	隙	3	
𨻪	1	陵	1	陵
𨻫	1	隴	3	
𨻭	1	隑	3	
𨻯	1	隑	1	隑
𨻰	1	陳	1	陳
𨻱	3	冰&崩	3	冰&崩
𨻲	3	㙤&罅	1	罅
𨻳	2	𨻳&堰&鄢	3	堰&鄢
𨻴	2	𨻴&𨼮	0	𨻴
𨻵	3	𤗯&陮	3	𤗯&陮
𨻶	1	隙	1	隙
𨻷	2	漮&𨻷	1	漮
𨻸	1	隰	1	隰
𨻹	1	隘	1	隘
𨻺	2	傾&𨻺	2	傾&𨻺
𨻻	0	𨻻	0	𨻻
𨻼	0	𨻼	0	𨻼
𨻽	1	隰	1	隰
𨻾	1	𨻌	1	𨻌
𨻿	1	隰	1	隰
𨼆	1	隱	1	隱
𨼇	1	隆	1	隆
𨼈	2	𨼈&𨼮	0	𨼈
𨼉	1	竄	3	
𨼊	0	𨼊	0	𨼊
𨼋	0	𨼋	0	𨼋
𨼌	0	𨼌	0	𨼌
𨼍	2	𨼍&壕	1	壕
𨼎	0	𨼎	0	𨼎
𨼏	2	陑&𨼏	1	陑
𨼐	0	𨼐	0	𨼐
𨼑	3	垞&陼	3	垞&陼
𨼒	0	𨼒	0	𨼒
𨼓	2	酈&𨼓	0	𨼓
𨼔	0	𨼔	0	𨼔
𨼕	1	隨	1	隨
𨼖	1	陰	1	陰
𨼗	1	陽	1	陽
𨼘	1	陽	1	陽
𨼙	1	䧨	1	䧨
𨼢	1	墮	1	墮
𨼣	1	隔	3	
𨼤	1	敶	3	
𨼦	1	陲	1	陲
𨼧	1	𨼮	3	
𨼨	1	隴	1	隴
𨼪	0	𨼪	0	𨼪
𨼫	0	𨼫	0	𨼫
𨼬	0	𨼬	0	𨼬
𨼭	1	𠐻	1	𠐻
𨼮	0	𨼮	0	𨼮
𨼯	0	𨼯	0	𨼯
𨼰	3	墮&隓	1	隓
𨼱	1	䦼	1	䦼
𨼸	1	澤	3	
𨼹	1	澨	3	
𨼺	1	鄰	3	
𨼻	1	躋	3	
𨼽	2	渠&𨼽	2	渠&𨼽
𨼾	1	墜	1	墜
𨼿	0	𨼿	0	𨼿
𨽀	0	𨽀	0	𨽀
𨽁	1	陬	1	陬
𨽂	3	濮&䧤	1	䧤
𨽃	1	鄰	1	鄰
𨽄	0	𨽄	0	𨽄
𨽆	1	隥	3	
𨽈	1	隘	3	
𨽉	1	曙	3	
𨽊	1	䧯	3	
𨽌	1	隱	3	
𨽍	0	𨽍	0	𨽍
𨽎	1	墜	1	墜
𨽏	3	𩫖&郭	1	郭
𨽐	3	陸&陽	3	陸&陽
𨽑	1	鄢	1	鄢
𨽖	0	𨽖	0	𨽖
𨽗	1	濱	1	濱
𨽘	1	隮	1	隮
𨽙	1	陰	1	陰
𨽛	1	隧	3	
𨽝	2	隘&𨽝	0	𨽝
𨽞	1	嚥	3	
𨽟	1	隤	1	隤
𨽠	1	隤	1	隤
𨽡	1	隧	1	隧
𨽤	1	𨽍	3	
𨽥	1	騭	1	騭
𨽦	0	𨽦	0	𨽦
𨽧	1	酄	1	酄
𨽨	1	灊	1	灊
𨽩	1	𨽝	3	
𨽪	1	隘	1	隘
𨽫	1	陸	1	陸
𨽬	1	𨼊	3	
𨽭	1	陰	3	
𨽮	1	𩐌	1	𩐌
𨽯	3	㙤&罅	1	罅
𨽱	1	陸	1	陸
𨽲	0	𨽲	0	𨽲
𨽳	0	𨽳	0	𨽳
𨽴	1	隘	3	
𨽵	2	𨽵&燧	1	燧
𨽶	1	畫	1	畫
𨽸	2	肆&𨽸	1	肆
𨽹	3	肄&隸	3	肄&隸
𨽻	1	隸	3	
𨽼	2	㣈&𨽼	1	㣈
𨽽	0	𨽽	3	
𨽾	1	隸	3	
𨽿	2	𨽿&迨	1	迨
𨾀	1	隸	1	隸
𨾁	1	隸	1	隸
𨾂	0	𨾂	0	𨾂
𨾃	3	𨽿&迨	1	迨
𨾄	1	𪒛	1	𪒛
𨾅	1	𩾔	1	𩾔
𨾆	3	雕&𩾗	1	𩾗
𨾇	1	鳪	1	鳪
𨾈	1	鳲	1	鳲
𨾉	0	𨾉	0	𨾉
𨾊	0	𨾊	0	𨾊
𨾋	1	鳲	1	鳲
𨾍	1	隿	1	隿
𨾏	1	隻	1	隻
𨾐	1	鴇	3	
𨾑	1	鴇	1	鴇
𨾒	1	𦐄	1	𦐄
𨾓	3	隿&𩾷	3	隿&𩾷
𨾔	2	鶭&𨾔	2	鶭&𨾔
𨾕	1	鴃	1	鴃
𨾖	1	鴊	1	鴊
𨾗	2	𨾗&奊	1	奊
𨾘	3	𪁾&鴁	1	鴁
𨾙	1	鴇	1	鴇
𨾚	1	鳺	1	鳺
𨾛	2	𨾛&䲬&鴟	2	𨾛&䲬&鴟
𨾜	1	售	1	售
𨾝	1	𩾿	1	𩾿
𨾟	1	午	3	
𨾠	1	雂	1	雂
𨾡	2	雖&𨾡	2	雖&𨾡
𨾢	1	䲾	1	䲾
𨾣	1	鶩	1	鶩
𨾤	3	䳀&雉&鴩	3	雉&鴩
𨾥	3	䳇&鵡	1	鵡
𨾦	1	鴟	1	鴟
𨾧	3	鴖&𪂆	1	𪂆
𨾨	1	𩿢	1	𩿢
𨾩	1	䳁	1	䳁
𨾪	1	𩿧	1	𩿧
𨾫	1	離	1	離
𨾬	0	𨾬	3	
𨾭	1	𨾬	3	
𨾮	1	奞	1	奞
𨾯	2	𨾯&鴽	1	鴽
𨾰	1	雂	3	
𨾱	1	辝	3	
𨾲	1	鴸	1	鴸
𨾳	1	鵒	1	鵒
𨾴	0	𨾴	0	𨾴
𨾵	3	𨾯&鴽	1	鴽
𨾶	3	鴳&鷃	1	鴳
𨾷	1	毨	1	毨
𨾸	1	鴷	1	鴷
𨾹	1	䳎	1	䳎
𨾺	1	鴮	1	鴮
𨾻	0	𨾻	0	𨾻
𨾼	1	𪀗	1	𪀗
𨾽	1	鴟	1	鴟
𨾾	2	頫&𨾾	1	頫
𨾿	1	鴯	1	鴯
𨿀	1	䳔	1	䳔
𨿁	0	𨿁	0	𨿁
𨿂	2	鵀&𨿂	1	鵀
𨿃	1	鵀	1	鵀
𨿅	1	雒	3	
𨿆	1	鴱	1	鴱
𨿈	1	售	1	售
𨿉	1	雛	1	雛
𨿊	1	雛	3	
𨿋	1	鵛	1	鵛
𨿌	1	鵏	1	鵏
𨿍	1	鵝	1	鵝
𨿎	3	鵙&鶪	1	鶪
𨿏	1	鷡	1	鷡
𨿐	0	𨿐	0	𨿐
𨿑	1	䳚	1	䳚
𨿒	1	𪁛	1	𪁛
𨿓	1	鵔	1	鵔
𨿔	1	鵑	1	鵑
𨿕	1	鵗	1	鵗
𨿖	1	鵚	1	鵚
𨿗	1	鵟	1	鵟
𨿘	1	雉	1	雉
𨿙	2	𪁪&𨿙	1	𪁪
𨿚	1	䳕	1	䳕
𨿛	1	鵗	1	鵗
𨿜	1	鵒	1	鵒
𨿝	1	雉	3	
𨿞	1	售	1	售
𨿠	0	𨿠	0	𨿠
𨿡	1	鶉	1	鶉
𨿢	0	𨿢	0	𨿢
𨿣	1	鶀	1	鶀
𨿤	1	鵺	1	鵺
𨿥	1	鵴	1	鵴
𨿦	1	䳝	1	䳝
𨿧	1	鵫	1	鵫
𨿨	1	雗	1	雗
𨿩	1	鶈	1	鶈
𨿪	3	鵾&鶤	1	鶤
𨿫	1	鵸	1	鵸
𨿬	1	鶄	1	鶄
𨿭	0	𨿭	0	𨿭
𨿮	1	鵵	1	鵵
𨿯	1	鵹	1	鵹
𨿰	3	𪄹&𪁺	1	𪄹
𨿱	1	鵳	1	鵳
𨿲	1	鵱	1	鵱
𨿳	1	鷹	1	鷹
𨿴	1	鶅	1	鶅
𨿵	1	鵯	1	鵯
𨿶	1	鶊	1	鶊
𨿷	1	鵽	3	
𨿹	3	𩀃&𪂆	1	𪂆
𨿼	1	雜	1	雜
𨿽	1	雖	1	雖
𨿿	0	𨿿	0	𨿿
𩀀	1	鶠	1	鶠
𩀁	1	𪆴	1	𪆴
𩀂	3	䳺&鵪&䨄	3	鵪&䨄
𩀃	2	𩀃&𪂆	1	𪂆
𩀄	1	䳩	1	䳩
𩀅	1	鶨	1	鶨
𩀆	1	鶟	1	鶟
𩀇	1	鶚	1	鶚
𩀈	1	䳦	1	䳦
𩀉	3	鶘&鶦	1	鶘
𩀊	1	鶛	1	鶛
𩀋	0	𩀋	0	𩀋
𩀌	1	離	1	離
𩀍	1	𪃍	1	𪃍
𩀎	1	鶪	1	鶪
𩀏	1	難	1	難
𩀐	1	鶞	1	鶞
𩀑	1	鵒	1	鵒
𩀔	1	𪂆	1	𪂆
𩀕	1	讎	1	讎
𩀗	3	鷉&鷈	1	鷈
𩀘	1	鷂	1	鷂
𩀙	3	難&𪄿	3	難&𪄿
𩀚	3	𦑶&䳴	1	䳴
𩀛	1	鶶	1	鶶
𩀜	2	雕&鶻&𩀜	2	雕&鶻&𩀜
𩀝	1	雙	1	雙
𩀞	1	鶬	1	鶬
𩀟	2	鎸&鐫&𩀟	2	鐫&𩀟
𩀠	1	鷇	1	鷇
𩀡	1	難	1	難
𩀤	1	難	1	難
𩀥	1	鷟	1	鷟
𩀦	1	𪄶	1	𪄶
𩀧	1	䳻	1	䳻
𩀨	0	𩀨	0	𩀨
𩀩	1	鷑	1	鷑
𩀪	0	𩀪	0	𩀪
𩀫	0	𩀫	0	𩀫
𩀬	3	𪅟&鷛	1	鷛
𩀭	1	鷐	1	鷐
𩀮	1	鷜	1	鷜
𩀯	1	𪄹	1	𪄹
𩀰	1	𩀨	1	𩀨
𩀱	1	雙	1	雙
𩀴	1	䴅	1	䴅
𩀵	1	鷨	1	鷨
𩀶	1	𪅿	1	𪅿
𩀷	1	鷭	1	鷭
𩀸	1	䴃	1	䴃
𩀹	1	鷎	1	鷎
𩀺	1	鷶	1	鷶
𩀻	1	鷲	1	鷲
𩀼	2	𣀧&𩀼	2	𣀧&𩀼
𩀽	1	鷣	1	鷣
𩀾	1	鷢	1	鷢
𩀿	0	𩀿	0	𩀿
𩁀	1	𩀿	1	𩀿
𩁂	1	𡚊	1	𡚊
𩁃	1	𩀋	3	
𩁅	1	𨿠	1	𨿠
𩁆	1	鵲	1	鵲
𩁇	1	鸅	1	鸅
𩁈	1	鷾	1	鷾
𩁉	1	鸇	1	鸇
𩁊	1	鷿	1	鷿
𩁋	1	𪆂	1	𪆂
𩁌	3	𨿭&𪅿	1	𪅿
𩁍	1	鸀	1	鸀
𩁎	1	䴇	1	䴇
𩁏	1	𪆻	1	𪆻
𩁐	1	鷺	1	鷺
𩁒	1	鸉	1	鸉
𩁓	1	鸑	1	鸑
𩁔	1	鸋	1	鸋
𩁕	1	鸒	1	鸒
𩁖	1	鸍	1	鸍
𩁗	1	雒	1	雒
𩁘	1	難	1	難
𩁚	1	難	3	
𩁛	1	鶉	1	鶉
𩁜	1	鸓	1	鸓
𩁝	1	𪇴	1	𪇴
𩁞	1	𪇭	1	𪇭
𩁟	1	鵹	1	鵹
𩁠	1	鸔	1	鸔
𩁡	1	𪇗	1	𪇗
𩁢	1	難	1	難
𩁣	1	難	3	
𩁤	1	難	1	難
𩁥	1	𣃈	3	
𩁧	1	逭	1	逭
𩁨	1	鸕	1	鸕
𩁩	1	難	1	難
𩁪	1	難	3	
𩁫	1	卷	1	卷
𩁬	1	難	1	難
𩁮	1	難	3	
𩁰	3	𥍊&觀	1	觀
𩁲	1	難	1	難
𩁳	1	難	3	
𩁵	1	䨊	1	䨊
𩁷	0	𩁷	0	𩁷
𩁹	1	雩	1	雩
𩁺	1	𩆷	1	𩆷
𩁻	2	孁&𩁻	2	孁&𩁻
𩁼	1	雨	1	雨
𩁽	1	穹	3	
𩁿	1	虐	3	
𩂁	1	雹	1	雹
𩂂	0	𩂂	0	𩂂
𩂃	0	𩂃	0	𩂃
𩂄	0	𩂄	0	𩂄
𩂅	2	𩃔&𩂅&𩆷	2	𩂅&𩆷
𩂆	0	𩂆	0	𩂆
𩂇	3	𩃬&霒	1	霒
𩂈	0	𩂈	0	𩂈
𩂉	1	需	1	需
𩂊	3	璽&靈	1	靈
𩂒	0	𩂒	0	𩂒
𩂓	0	𩂓	0	𩂓
𩂔	0	𩂔	0	𩂔
𩂕	2	𩂕&𩃸	2	𩂕&𩃸
𩂖	0	𩂖	0	𩂖
𩂗	0	𩂗	0	𩂗
𩂘	3	陝&陜	1	陝
𩂙	1	零	1	零
𩂜	1	處	3	
𩂡	2	窪&窊&𩂡	1	窊
𩂢	0	𩂢	0	𩂢
𩂣	2	落&𩂣	0	𩂣
𩂤	0	𩂤	0	𩂤
𩂥	2	氤&𩂥	2	氤&𩂥
𩂦	0	𩂦	0	𩂦
𩂧	0	𩂧	0	𩂧
𩂨	0	𩂨	0	𩂨
𩂩	1	雷	1	雷
𩂪	0	𩂪	0	𩂪
𩂫	1	處	3	
𩂬	1	電	1	電
𩂭	1	處	1	處
𩂮	1	康	1	康
𩂱	1	襞	3	
𩂳	1	靈	1	靈
𩂴	0	𩂴	3	
𩂵	1	電	1	電
𩂷	1	霃	1	霃
𩂸	1	霃	1	霃
𩂹	0	𩂹	0	𩂹
𩂺	2	𩂴&𩂺	0	𩂺
𩂻	0	𩂻	0	𩂻
𩂼	0	𩂼	0	𩂼
𩂽	0	𩂽	0	𩂽
𩂾	0	𩂾	0	𩂾
𩂿	0	𩂿	0	𩂿
𩃀	2	霆&𩃀	2	霆&𩃀
𩃁	0	𩃁	0	𩃁
𩃂	1	霰	1	霰
𩃃	1	浽	1	浽
𩃄	1	彪	3	
𩃌	1	霕	1	霕
𩃏	1	靈	3	
𩃐	0	𩃐	0	𩃐
𩃑	2	𩃑&䨛	0	𩃑
𩃒	0	𩃒	0	𩃒
𩃓	1	電	1	電
𩃔	2	𩃔&𩆷	1	𩆷
𩃕	0	𩃕	0	𩃕
𩃖	0	𩃖	0	𩃖
𩃗	2	靈&渰&𩃗	1	渰
𩃘	1	𩅂	1	𩅂
𩃙	0	𩃙	0	𩃙
𩃚	0	𩃚	0	𩃚
𩃛	3	𩃬&霒	1	霒
𩃜	0	𩃜	0	𩃜
𩃝	1	霰	1	霰
𩃞	3	霛&零&靈	3	零&靈
𩃟	1	霽	3	
𩃠	0	𩃠	0	𩃠
𩃡	1	𩃹	1	𩃹
𩃢	1	𩆷	3	
𩃬	0	𩃬	3	
𩃱	0	𩃱	0	𩃱
𩃴	0	𩃴	0	𩃴
𩃵	2	染&𩃵	0	𩃵
𩃶	0	𩃶	0	𩃶
𩃷	2	靆&𩃷	2	靆&𩃷
𩃸	0	𩃸	0	𩃸
𩃹	0	𩃹	0	𩃹
𩃺	0	𩃺	0	𩃺
𩃻	1	𩆲	3	
𩃼	2	雰&𩃼	1	雰
𩃽	1	𪋉	1	𪋉
𩃾	0	𩃾	0	𩃾
𩃿	1	電	1	電
𩄀	1	靈	1	靈
𩄁	0	𩄁	0	𩄁
𩄄	1	霽	1	霽
𩄇	1	靈	3	
𩄈	1	𩃬	3	
𩄉	1	雹	1	雹
𩄒	1	𩇄	3	
𩄖	2	霾&𩄖	0	𩄖
𩄗	0	𩄗	0	𩄗
𩄘	0	𩄘	0	𩄘
𩄙	1	䨡	1	䨡
𩄚	1	䨏	1	䨏
𩄛	0	𩄛	0	𩄛
𩄜	1	䨛	1	䨛
𩄝	0	𩄝	0	𩄝
𩄞	1	靋	1	靋
𩄟	1	皚	1	皚
𩄠	1	N00014	1	N00014
𩄡	0	𩄡	0	𩄡
𩄢	0	𩄢	0	𩄢
𩄣	1	雷	1	雷
𩄤	1	霸	1	霸
𩄥	1	䨡	1	䨡
𩄦	0	𩄦	0	𩄦
𩄧	1	霰	1	霰
𩄫	1	霆	1	霆
𩄭	3	𥧝&窹	1	𥧝
𩄮	1	䨴	1	䨴
𩄯	1	霧	1	霧
𩄱	1	龗	3	
𩄷	0	𩄷	0	𩄷
𩄸	0	𩄸	0	𩄸
𩄺	0	𩄺	0	𩄺
𩄻	0	𩄻	0	𩄻
𩄼	0	𩄼	0	𩄼
𩄽	0	𩄽	0	𩄽
𩄾	0	𩄾	0	𩄾
𩄿	0	𩄿	0	𩄿
𩅀	0	𩅀	0	𩅀
𩅁	0	𩅁	0	𩅁
𩅂	2	漙&𩅂	0	𩅂
𩅃	0	𩅃	0	𩅃
𩅄	0	𩅄	0	𩅄
𩅅	1	𩅅	1	𩅅
𩅆	1	䨴	1	䨴
𩅇	1	蔀	1	蔀
𩅈	1	瘴	1	瘴
𩅉	0	𩅉	0	𩅉
𩅊	1	霙	1	霙
𩅍	1	𩆓	1	𩆓
𩅎	1	電	1	電
𩅏	1	電	1	電
𩅐	1	霤	1	霤
𩅑	1	霤	3	
𩅒	1	雹	1	雹
𩅓	1	覈	1	覈
𩅔	1	𩃙	3	
𩅕	1	寖	1	寖
𩅗	1	霧	3	
𩅙	0	𩅙	3	
𩅝	1	黤	1	黤
𩅞	0	𩅞	0	𩅞
𩅟	1	雹	1	雹
𩅠	0	𩅠	0	𩅠
𩅡	0	𩅡	0	𩅡
𩅢	1	覈	1	覈
𩅣	1	䨺	1	䨺
𩅤	1	霰	1	霰
𩅥	1	䨴	1	䨴
𩅦	0	𩅦	0	𩅦
𩅧	1	𩅉	1	𩅉
𩅨	0	𩅨	0	𩅨
𩅩	1	靋	1	靋
𩅪	3	霜&灀	1	灀
𩅫	1	䨴	1	䨴
𩅬	1	霧	1	霧
𩅮	1	𩅨	1	𩅨
𩅯	1	㑋	3	
𩅱	1	𩅀	1	𩅀
𩅲	1	䨴	1	䨴
𩅳	1	靄	3	
𩅵	1	渥	3	
𩅶	3	霛&零&靈	3	零&靈
𩅷	3	𩅾&霮	1	霮
𩅸	1	霤	3	
𩅼	2	𩅼&𩆷	2	𩅼&𩆷
𩅽	2	濃&𩅽	0	𩅽
𩅾	2	𩅾&霮	1	霮
𩅿	0	𩅿	0	𩅿
𩆀	2	䨥&𩆀	2	䨥&𩆀
𩆁	0	𩆁	0	𩆁
𩆂	1	䨏	1	䨏
𩆃	1	䨏	1	䨏
𩆄	0	𩆄	0	𩆄
𩆅	0	𩆅	0	𩆅
𩆆	3	霆&霣	1	霆
𩆇	1	龗	1	龗
𩆈	1	龗	1	龗
𩆉	1	震	1	震
𩆌	1	𩄡	3	
𩆍	1	霪	3	
𩆎	1	霤	3	
𩆑	0	𩆑	0	𩆑
𩆒	0	𩆒	0	𩆒
𩆓	0	𩆓	0	𩆓
𩆔	1	𩅀	1	𩅀
𩆕	2	𤫊&靈&𩆕	2	靈&𩆕
𩆖	1	零	1	零
𩆗	1	雹	1	雹
𩆘	0	𩆘	0	𩆘
𩆙	1	𩆣	3	
𩆚	0	𩆚	0	𩆚
𩆛	0	𩆛	0	𩆛
𩆜	1	靈	3	
𩆞	1	霤	3	
𩆟	1	䨲	1	䨲
𩆣	0	𩆣	3	
𩆤	0	𩆤	0	𩆤
𩆥	1	霰	1	霰
𩆦	1	𩃸	1	𩃸
𩆧	1	𩆷	3	
𩆩	1	澍	3	
𩆫	0	𩆫	0	𩆫
𩆭	2	霵&𩆭	1	霵
𩆮	2	靈&𩆮	2	靈&𩆮
𩆯	0	𩆯	0	𩆯
𩆰	1	䨴	1	䨴
𩆱	1	虨	1	虨
𩆲	2	𩆲&霾	1	霾
𩆵	2	霰&𩆵	2	霰&𩆵
𩆶	2	瀼&𩆶	2	瀼&𩆶
𩆷	0	𩆷	0	𩆷
𩆸	0	𩆸	0	𩆸
𩆹	1	霣	3	
𩆺	1	羈	1	羈
𩆼	2	𩆼&零	1	零
𩆽	0	𩆽	0	𩆽
𩆿	2	雙&䨥&𩆿	2	雙&𩆿
𩇀	1	𩅽	1	𩅽
𩇁	2	霾&𩇁	0	𩇁
𩇂	1	霣	1	霣
𩇄	2	𩇄&𩑊	1	𩑊
𩇇	2	惛&𩇇	0	𩇇
𩇈	3	䨥&𩆿	1	𩆿
𩇉	1	寶	1	寶
𩇊	1	霩	1	霩
𩇋	3	霵&𩆭	1	霵
𩇌	1	雹	1	雹
𩇎	2	靈&𩇎	0	𩇎
𩇑	1	霩	1	霩
𩇒	1	震	1	震
𩇓	1	雷	1	雷
𩇔	0	𩇔	0	𩇔
𩇕	0	𩇕	0	𩇕
𩇗	1	天	1	天
𩇜	0	𩇜	0	𩇜
𩇝	3	濪&𩇟	1	𩇟
𩇞	1	天	1	天
𩇟	2	𩇟&㵾	0	𩇟
𩇠	1	㔩	1	㔩
𩇣	0	𩇣	0	𩇣
𩇥	1	䨼	3	
𩇦	1	卯	1	卯
𩇧	1	卯	1	卯
𩇨	1	卯	1	卯
𩇩	0	𩇩	0	𩇩
𩇪	3	匪&厞	3	匪&厞
𩇫	0	𩇫	0	𩇫
𩇭	1	𡌦	1	𡌦
𩇮	0	𩇮	0	𩇮
𩇯	1	䨽	1	䨽
𩇰	1	瑟	1	瑟
𩇱	1	師	1	師
𩇵	1	苦	1	苦
𩇶	1	我	1	我
𩇸	1	靠	1	靠
𩇹	1	棐	1	棐
𩇺	1	䨿	1	䨿
𩇼	1	䪤	1	䪤
𩇾	1	䪤	1	䪤
𩇿	1	共	1	共
𩈀	1	䪤	3	
𩈃	1	耐	1	耐
𩈄	3	𩈇&忸	1	忸
𩈅	1	皯	1	皯
𩈆	0	𩈆	0	𩈆
𩈇	2	𩈇&忸	1	忸
𩈈	0	𩈈	0	𩈈
𩈉	0	𩈉	0	𩈉
𩈊	1	𩈉	1	𩈉
𩈌	1	𩈉	1	𩈉
𩈍	1	靦	1	靦
𩈎	0	𩈎	0	𩈎
𩈏	0	𩈏	0	𩈏
𩈑	2	𩈑&赧&𩈶	3	赧&𩈶
𩈕	0	𩈕	3	
𩈖	1	𩈣	1	𩈣
𩈙	2	𩈙&頢	2	𩈙&頢
𩈚	0	𩈚	0	𩈚
𩈛	2	𩈕&𩈛	0	𩈛
𩈜	0	𩈜	0	𩈜
𩈝	3	𩈑&𩈶	1	𩈶
𩈟	1	皺	1	皺
𩈡	0	𩈡	0	𩈡
𩈢	0	𩈢	0	𩈢
𩈣	0	𩈣	0	𩈣
𩈤	0	𩈤	0	𩈤
𩈥	0	𩈥	0	𩈥
𩈦	0	𩈦	0	𩈦
𩈨	1	䩉	1	䩉
𩈫	3	赧&𩈶	3	赧&𩈶
𩈬	0	𩈬	0	𩈬
𩈭	0	𩈭	0	𩈭
𩈮	0	𩈮	0	𩈮
𩈯	0	𩈯	0	𩈯
𩈱	1	䩊	1	䩊
𩈲	0	𩈲	0	𩈲
𩈳	1	湎	1	湎
𩈴	0	𩈴	0	𩈴
𩈵	0	𩈵	0	𩈵
𩈶	2	赧&𩈶	2	赧&𩈶
𩈷	1	黤	1	黤
𩈸	0	𩈸	0	𩈸
𩈹	0	𩈹	0	𩈹
𩈻	0	𩈻	0	𩈻
𩈼	0	𩈼	0	𩈼
𩈽	1	䆯	1	䆯
𩈾	1	䆯	1	䆯
𩈿	1	黤	3	
𩉀	0	𩉀	0	𩉀
𩉁	0	𩉁	0	𩉁
𩉂	2	𩉂&靨	1	靨
𩉃	2	𩉃&𩕖	1	𩕖
𩉄	0	𩉄	0	𩉄
𩉇	3	𩉂&靨	1	靨
𩉈	1	䩌	1	䩌
𩉉	1	帢	1	帢
𩉊	1	靦	1	靦
𩉋	1	慈	1	慈
𩉌	3	懡&䩋	1	懡
𩉍	0	𩉍	0	𩉍
𩉏	1	疑	3	
𩉑	2	𩉑&䩋	1	䩋
𩉓	1	靧	3	
𩉔	0	𩉔	0	𩉔
𩉕	1	馘	1	馘
𩉖	3	靧&沬&𩔁	3	沬&𩔁
𩉗	1	氈	3	
𩉘	1	氈	3	
𩉙	2	㦬&𩉙	0	𩉙
𩉚	3	懡&䩋	1	䩋
𩉜	1	鞿	3	
𩉝	0	𩉝	0	𩉝
𩉞	1	䩒	1	䩒
𩉟	1	䩐	1	䩐
𩉠	1	靫	3	
𩉡	0	𩉡	0	𩉡
𩉢	0	𩉢	0	𩉢
𩉣	1	𩋠	1	𩋠
𩉤	1	𩎦	1	𩎦
𩉥	2	鞙&𩉥	2	鞙&𩉥
𩉦	1	鞃	1	鞃
𩉧	0	𩉧	0	𩉧
𩉨	1	鼓	1	鼓
𩉩	1	鼓	1	鼓
𩉪	1	䩸	1	䩸
𩉫	2	𩉫&䩛&𩊰	2	𩉫&䩛&𩊰
𩉬	2	軝&𩉬	2	軝&𩉬
𩉭	1	䩺	3	
𩉯	1	薍	3	
𩉱	3	䩚&鞮	1	鞮
𩉲	1	鼓	1	鼓
𩉴	1	軛	3	
𩉶	1	䩚	3	
𩉷	1	靿	3	
𩉸	0	𩉸	0	𩉸
𩉹	2	𩉹&𩍦	0	𩉹
𩉺	0	𩉺	0	𩉺
𩉻	1	𩉺	1	𩉺
𩉼	1	紳	1	紳
𩉽	2	笰&𩉽	0	𩉽
𩉾	0	𩉾	0	𩉾
𩉿	0	𩉿	0	𩉿
𩊀	0	𩊀	0	𩊀
𩊁	0	𩊁	0	𩊁
𩊂	0	𩊂	0	𩊂
𩊃	0	𩊃	0	𩊃
𩊄	3	冑&胄	1	冑
𩊅	0	𩊅	0	𩊅
𩊆	1	鞈	1	鞈
𩊈	1	靾	1	靾
𩊉	1	鼓	1	鼓
𩊊	1	瞂	3	
𩊋	1	鞄	1	鞄
𩊌	1	琫	1	琫
𩊎	1	鞃	3	
𩊐	1	䩸	1	䩸
𩊑	0	𩊑	0	𩊑
𩊒	1	靾	1	靾
𩊓	3	褲&銙	3	褲&銙
𩊔	2	𩎦&𩊔	2	𩎦&𩊔
𩊕	1	䩕	1	䩕
𩊖	0	𩊖	0	𩊖
𩊗	1	𩍅	1	𩍅
𩊘	1	𩋠	1	𩋠
𩊙	1	絥	1	絥
𩊚	0	𩊚	0	𩊚
𩊛	2	觤&𩊛	2	觤&𩊛
𩊜	2	䩔&𩊜	0	𩊜
𩊝	0	𩊝	0	𩊝
𩊞	1	𩊝	1	𩊝
𩊟	2	鞅&𩊟	0	𩊟
𩊥	1	皺	1	皺
𩊦	1	狩	1	狩
𩊧	1	鞅	3	
𩊩	1	𩉧	1	𩉧
𩊪	0	𩊪	0	𩊪
𩊫	0	𩊫	0	𩊫
𩊬	2	𩍿&𩊬	2	𩍿&𩊬
𩊭	0	𩊭	0	𩊭
𩊮	1	䩖	1	䩖
𩊯	0	𩊯	0	𩊯
𩊰	0	𩊰	0	𩊰
𩊲	1	鞀	1	鞀
𩊳	1	鞏	3	
𩊶	1	鞴	3	
𩊷	1	鞎	1	鞎
𩊸	1	鞠	1	鞠
𩊹	1	韜	1	韜
𩊼	1	𩋈	1	𩋈
𩊿	2	𩊿&舄	1	舄
𩋀	1	𩌦	1	𩌦
𩋁	0	𩋁	0	𩋁
𩋂	2	韛&𩋂	0	𩋂
𩋃	0	𩋃	0	𩋃
𩋄	0	𩋄	0	𩋄
𩋅	1	撻	1	撻
𩋆	0	𩋆	0	𩋆
𩋇	1	珌	1	珌
𩋈	0	𩋈	0	𩋈
𩋉	1	緎	1	緎
𩋊	0	𩋊	0	𩋊
𩋋	1	韉	1	韉
𩋌	0	𩋌	0	𩋌
𩋍	0	𩋍	0	𩋍
𩋎	2	𩋎&倔	1	倔
𩋏	0	𩋏	0	𩋏
𩋐	1	𩌰	1	𩌰
𩋑	1	鞢	1	鞢
𩋒	0	𩋒	0	𩋒
𩋓	3	皺&𩌄	1	皺
𩋔	1	鞋	1	鞋
𩋖	1	靴	3	
𩋘	1	鞋	1	鞋
𩋛	1	靾	1	靾
𩋝	2	𩋝&𩌆	0	𩋝
𩋞	0	𩋞	0	𩋞
𩋟	3	箙&𩋨&䪙	3	箙&𩋨&䪙
𩋠	0	𩋠	0	𩋠
𩋡	2	室&𩋡	0	𩋡
𩋢	2	楦&韗&𩋢	2	楦&韗&𩋢
𩋣	0	𩋣	0	𩋣
𩋤	0	𩋤	0	𩋤
𩋥	3	䪗&𩏇	1	䪗
𩋦	1	𩏇	1	𩏇
𩋧	2	鞋&𩋧	2	鞋&𩋧
𩋨	0	𩋨	0	𩋨
𩋩	2	𦥐&𩋩	2	𦥐&𩋩
𩋪	1	𩉹	1	𩉹
𩋫	1	𩋢	1	𩋢
𩋬	2	鍚&𩋬	1	鍚
𩋭	1	鞔	1	鞔
𩋮	2	鞤&𩋮	2	鞤&𩋮
𩋯	0	𩋯	0	𩋯
𩋰	1	紂	1	紂
𩋱	3	軒&䡣	1	軒
𩋲	1	鞄	1	鞄
𩋵	0	𩋵	0	𩋵
𩋶	1	𩊅	1	𩊅
𩋷	1	鞡	1	鞡
𩋸	1	鞕	1	鞕
𩋹	2	鞕&𩋹	1	鞕
𩋺	0	𩋺	0	𩋺
𩋻	1	鞟	3	
𩋼	1	䪁	1	䪁
𩋽	2	𩋽&䩹	0	𩋽
𩋾	2	靴&𩋾	2	靴&𩋾
𩋿	0	𩋿	0	𩋿
𩌀	0	𩌀	0	𩌀
𩌂	1	鞳	3	
𩌃	0	𩌃	0	𩌃
𩌄	2	𩋄&𩌄	2	𩋄&𩌄
𩌅	2	䩳&𩌅	1	䩳
𩌆	0	𩌆	0	𩌆
𩌇	0	𩌇	0	𩌇
𩌈	0	𩌈	0	𩌈
𩌉	1	撻	1	撻
𩌊	0	𩌊	0	𩌊
𩌋	1	𩍓	1	𩍓
𩌌	0	𩌌	0	𩌌
𩌍	0	𩌍	0	𩌍
𩌎	1	鞴	1	鞴
𩌏	0	𩌏	0	𩌏
𩌐	2	鞳&𩌐	2	鞳&𩌐
𩌑	0	𩌑	0	𩌑
𩌒	3	鞟&鞹	1	鞹
𩌓	0	𩌓	0	𩌓
𩌔	1	鞳	1	鞳
𩌘	1	撻	3	
𩌚	3	鞽&橇	1	橇
𩌛	1	鞞	1	鞞
𩌝	0	𩌝	0	𩌝
𩌞	1	鞟	3	
𩌟	1	鞁	3	
𩌠	0	𩌠	0	𩌠
𩌡	1	屩	1	屩
𩌢	0	𩌢	0	𩌢
𩌣	1	䪁	3	
𩌤	1	䩞	3	
𩌥	1	𩌊	3	
𩌦	0	𩌦	0	𩌦
𩌧	0	𩌧	0	𩌧
𩌨	0	𩌨	0	𩌨
𩌩	0	𩌩	0	𩌩
𩌪	2	賾&𩌪	2	賾&𩌪
𩌫	1	簶	1	簶
𩌬	0	𩌬	0	𩌬
𩌭	1	𩍪	1	𩍪
𩌮	2	韉&𩌮	0	𩌮
𩌯	0	𩌯	0	𩌯
𩌰	0	𩌰	0	𩌰
𩌱	1	䩳	1	䩳
𩌲	0	𩌲	0	𩌲
𩌳	3	屣&𩌦	1	𩌦
𩌵	1	韉	3	
𩌶	1	覲	1	覲
𩌹	1	韅	1	韅
𩌺	1	韅	1	韅
𩌻	1	鞭	1	鞭
𩌼	1	鞟	3	
𩌽	1	鞠	3	
𩌾	0	𩌾	0	𩌾
𩌿	1	鞀	1	鞀
𩍀	2	𩌆&𩍀	1	𩌆
𩍁	1	鞴	1	鞴
𩍂	1	鞄	1	鞄
𩍃	0	𩍃	0	𩍃
𩍄	3	𦏌&羺	1	羺
𩍅	0	𩍅	0	𩍅
𩍆	1	舄	1	舄
𩍇	3	鞾&靴	1	靴
𩍈	1	鞳	3	
𩍉	0	𩍉	0	𩍉
𩍊	2	繩&𩍊&𩍋	2	𩍊&𩍋
𩍋	2	繩&𩍋	0	𩍋
𩍍	3	鞾&靴	1	靴
𩍎	0	𩍎	0	𩍎
𩍏	0	𩍏	0	𩍏
𩍐	1	鐙	3	
𩍑	1	𩌰	1	𩌰
𩍓	0	𩍓	0	𩍓
𩍔	3	鞠&麴	3	鞠&麴
𩍕	1	靼	1	靼
𩍖	2	繶&𩍖	2	繶&𩍖
𩍗	0	𩍗	0	𩍗
𩍘	1	鞴	1	鞴
𩍙	2	轖&𩍙	0	𩍙
𩍚	1	繸	1	繸
𩍛	1	鞨	1	鞨
𩍜	0	𩍜	0	𩍜
𩍝	0	𩍝	0	𩍝
𩍞	1	倔	1	倔
𩍟	1	靷	1	靷
𩍠	1	韃	3	
𩍡	1	鐶	3	
𩍣	1	韘	3	
𩍤	2	𩌊&𩍤	0	𩍤
𩍥	0	𩍥	0	𩍥
𩍦	2	𩉹&𩍦	0	𩍦
𩍧	0	𩍧	0	𩍧
𩍨	1	鞼	1	鞼
𩍩	2	䪁&𩍩	1	䪁
𩍪	0	𩍪	0	𩍪
𩍫	1	靷	1	靷
𩍭	1	靷	3	
𩍮	3	䩰&䩸	1	䩰
𩍯	1	𩫠	1	𩫠
𩍱	1	靷	1	靷
𩍲	0	𩍲	0	𩍲
𩍳	2	𩌲&𩍳	2	𩌲&𩍳
𩍴	1	𩎑	1	𩎑
𩍵	0	𩍵	0	𩍵
𩍶	1	鑣	1	鑣
𩍷	0	𩍷	0	𩍷
𩍸	1	鞠	1	鞠
𩍹	3	韗&䩵	1	韗
𩍺	1	䪎	3	
𩍽	1	𩌮	3	
𩍾	1	鞼	1	鞼
𩍿	0	𩍿	0	𩍿
𩎀	1	鞬	1	鞬
𩎁	3	鞾&靴	1	靴
𩎂	0	𩎂	0	𩎂
𩎃	0	𩎃	0	𩎃
𩎄	1	氈	1	氈
𩎅	1	鞬	1	鞬
𩎇	2	韉&𩌮&𩎇	1	𩌮
𩎈	1	𩎑	1	𩎑
𩎉	3	躧&蹝&𩌦	3	蹝&𩌦
𩎊	0	𩎊	0	𩎊
𩎋	1	靷	1	靷
𩎌	2	韅&𩎌	1	韅
𩎍	1	韅	1	韅
𩎎	1	䪂	1	䪂
𩎏	1	鞹	1	鞹
𩎑	0	𩎑	0	𩎑
𩎒	2	靬&𩎒	0	𩎒
𩎓	2	𩎓&絥	2	𩎓&絥
𩎔	1	𩎦	1	𩎦
𩎕	1	靸	1	靸
𩎖	0	𩎖	3	
𩎗	0	𩎗	0	𩎗
𩎘	1	鞄	1	鞄
𩎙	0	𩎙	0	𩎙
𩎚	0	𩎚	0	𩎚
𩎛	2	紼&韍&𩎛	0	𩎛
𩎜	2	坯&𩎜	0	𩎜
𩎝	1	𩎺	1	𩎺
𩎟	0	𩎟	3	
𩎠	0	𩎠	3	
𩎡	2	韍&𩎛&𩎡	1	𩎛
𩎢	1	弢	3	
𩎤	2	鞎&𩎤	2	鞎&𩎤
𩎥	0	𩎥	0	𩎥
𩎦	0	𩎦	0	𩎦
𩎧	2	𩎧&絥	1	絥
𩎨	1	韗	1	韗
𩎩	3	𩏏&𩎯	1	𩎯
𩎪	1	鞇	1	鞇
𩎫	1	𩊜	1	𩊜
𩎬	3	韝&鞴	1	鞴
𩎭	0	𩎭	0	𩎭
𩎮	0	𩎮	0	𩎮
𩎯	0	𩎯	0	𩎯
𩎰	1	韢	1	韢
𩎱	1	韐	1	韐
𩎲	0	𩎲	0	𩎲
𩎳	0	𩎳	0	𩎳
𩎴	1	𩏏	3	
𩎵	0	𩎵	0	𩎵
𩎶	1	𩏇	1	𩏇
𩎷	0	𩎷	0	𩎷
𩎸	2	韏&𩎸	1	韏
𩎹	1	緎	1	緎
𩎺	0	𩎺	0	𩎺
𩎻	3	韛&鞴	1	鞴
𩎼	1	䪑	1	䪑
𩎽	2	㧺&𩎽&鞴	1	㧺
𩎾	2	鞄&𩎾	2	鞄&𩎾
𩏁	1	韘	1	韘
𩏂	0	𩏂	3	
𩏃	3	韛&鞴	1	鞴
𩏄	1	韛	3	
𩏅	1	韗	1	韗
𩏆	1	韗	1	韗
𩏇	0	𩏇	0	𩏇
𩏈	3	𠤦&㼱	1	㼱
𩏉	1	𩎮	1	𩎮
𩏊	2	䩯&𩏊	1	䩯
𩏋	1	韜	1	韜
𩏌	0	𩏌	3	
𩏍	1	韜	3	
𩏎	1	韝	1	韝
𩏏	2	𩏏&𩎯	1	𩎯
𩏐	2	𩏡&𩏐	0	𩏐
𩏑	1	韓	1	韓
𩏒	1	𩎽	1	𩎽
𩏓	1	轄	1	轄
𩏔	1	𩍓	1	𩍓
𩏕	3	韛&鞴	1	鞴
𩏖	0	𩏖	0	𩏖
𩏗	0	𩏗	0	𩏗
𩏘	1	𩌩	1	𩌩
𩏙	1	𣝞	1	𣝞
𩏚	3	韢&𩏲	1	𩏲
𩏜	1	𩌊	3	
𩏞	0	𩏞	0	𩏞
𩏟	0	𩏟	0	𩏟
𩏠	0	𩏠	0	𩏠
𩏡	2	鞼&𩏡	2	鞼&𩏡
𩏢	0	𩏢	0	𩏢
𩏣	0	𩏣	0	𩏣
𩏤	3	櫜&韟	1	韟
𩏥	0	𩏥	0	𩏥
𩏦	0	𩏦	0	𩏦
𩏧	1	韡	3	
𩏨	1	𩍓	1	𩍓
𩏩	0	𩏩	0	𩏩
𩏪	0	𩏪	0	𩏪
𩏫	1	𩍙	1	𩍙
𩏬	1	韡	1	韡
𩏭	0	𩏭	0	𩏭
𩏮	3	䪔&䪙&𩏵	3	䪙&𩏵
𩏯	1	𩍿	1	𩍿
𩏰	1	韅	1	韅
𩏱	1	鞼	1	鞼
𩏲	2	韢&𩏲	1	韢
𩏴	2	𩏴&𩰪	1	𩰪
𩏵	2	𩍿&𩏵	2	𩍿&𩏵
𩏶	1	𩏢	1	𩏢
𩏷	2	𩏷&𩏢	1	𩏢
𩏸	3	𩏷&𩏢	1	𩏢
𩏹	0	𩏹	0	𩏹
𩏺	0	𩏺	0	𩏺
𩏻	2	鷇&𩏻	0	𩏻
𩏼	1	䪏	3	
𩏽	1	𩏪	3	
𩏾	1	弢	3	
𩏿	1	䪘	3	
𩐀	1	䪗	3	
𩐁	2	薤&𩐁	2	薤&𩐁
𩐂	1	韰	1	韰
𩐄	1	季	1	季
𩐅	0	𩐅	0	𩐅
𩐇	3	䪡&齏	1	齏
𩐈	1	䪡	3	
𩐉	1	薤	1	薤
𩐊	3	䪢&齏	1	齏
𩐋	1	齏	1	齏
𩐌	0	𩐌	0	𩐌
𩐍	1	自	1	自
𩐎	3	䪡&齏	1	齏
𩐏	1	䪤	1	䪤
𩐐	1	齏	3	
𩐑	1	齏	1	齏
𩐒	3	䪡&齏	1	齏
𩐓	1	齏	1	齏
𩐔	3	𤫧&好	1	好
𩐕	1	𩐌	1	𩐌
𩐖	1	季	1	季
𩐘	0	𩐘	0	𩐘
𩐙	0	𩐙	0	𩐙
𩐚	0	𩐚	0	𩐚
𩐛	2	𩐛&韸	2	𩐛&韸
𩐜	2	䪧&𩐜	0	𩐜
𩐞	0	𩐞	0	𩐞
𩐟	1	𥭖	1	𥭖
𩐠	0	𩐠	0	𩐠
𩐡	0	𩐡	0	𩐡
𩐢	1	響	1	響
𩐣	0	𩐣	0	𩐣
𩐤	0	𩐤	0	𩐤
𩐥	0	𩐥	0	𩐥
𩐦	0	𩐦	0	𩐦
𩐧	2	韽&𩐧	1	韽
𩐨	0	𩐨	0	𩐨
𩐫	0	𩐫	0	𩐫
𩐬	2	贛&𩐬	2	贛&𩐬
𩐭	0	𩐭	0	𩐭
𩐮	0	𩐮	0	𩐮
𩐯	1	𩐲	1	𩐲
𩐰	0	𩐰	0	𩐰
𩐱	0	𩐱	0	𩐱
𩐲	0	𩐲	0	𩐲
𩐳	1	韻	3	
𩐴	0	𩐴	0	𩐴
𩐵	0	𩐵	0	𩐵
𩐶	2	讋&𩐶	1	讋
𩐷	0	𩐷	0	𩐷
𩐹	1	𩐵	1	𩐵
𩐺	1	䪫	1	䪫
𩐻	0	𩐻	0	𩐻
𩐼	0	𩐼	0	𩐼
𩐾	0	𩐾	0	𩐾
𩐿	1	響	1	響
𩑀	0	𩑀	0	𩑀
𩑁	0	𩑁	0	𩑁
𩑂	0	𩑂	0	𩑂
𩑃	0	𩑃	0	𩑃
𩑄	1	𩑃	3	
𩑅	1	贛	1	贛
𩑇	0	𩑇	0	𩑇
𩑈	0	𩑈	0	𩑈
𩑉	0	𩑉	0	𩑉
𩑊	0	𩑊	0	𩑊
𩑋	1	頁	1	頁
𩑌	1	𩑣	1	𩑣
𩑍	0	𩑍	0	𩑍
𩑏	1	𩑓	3	
𩑐	0	𩑐	0	𩑐
𩑑	0	𩑑	0	𩑑
𩑒	0	𩑒	0	𩑒
𩑓	0	𩑓	0	𩑓
𩑔	0	𩑔	0	𩑔
𩑕	0	𩑕	0	𩑕
𩑖	0	𩑖	0	𩑖
𩑗	1	𩑑	1	𩑑
𩑘	0	𩑘	0	𩑘
𩑙	1	頲	1	頲
𩑚	2	𩑚&頛	2	𩑚&頛
𩑛	1	髮	1	髮
𩑜	2	頏&䪴&𩑜	1	䪴
𩑝	0	𩑝	0	𩑝
𩑞	2	𩑞&髯	1	髯
𩑟	0	𩑟	0	𩑟
𩑠	2	頙&𩑠	1	頙
𩑡	2	𩑔&𩑡&䫀	2	𩑔&𩑡&䫀
𩑢	0	𩑢	0	𩑢
𩑣	0	𩑣	0	𩑣
𩑤	0	𩑤	0	𩑤
𩑥	3	䫒&𩔉	1	𩔉
𩑦	0	𩑦	0	𩑦
𩑧	2	頨&𩑧	1	頨
𩑨	1	𩑔	1	𩑔
𩑩	1	頪	1	頪
𩑪	1	頤	1	頤
𩑬	2	規&𩑬	2	規&𩑬
𩑮	0	𩑮	0	𩑮
𩑯	1	頛	3	
𩑰	0	𩑰	0	𩑰
𩑱	1	髮	1	髮
𩑲	1	𩑣	1	𩑣
𩑳	0	𩑳	0	𩑳
𩑴	0	𩑴	0	𩑴
𩑵	0	𩑵	0	𩑵
𩑶	2	胡&𩑶	2	胡&𩑶
𩑷	0	𩑷	0	𩑷
𩑸	0	𩑸	0	𩑸
𩑹	0	𩑹	0	𩑹
𩑺	3	𩑞&髯	1	髯
𩑻	0	𩑻	0	𩑻
𩑼	2	頗&𩑼	1	頗
𩑽	1	髭	1	髭
𩑾	0	𩑾	0	𩑾
𩑿	1	𩔈	3	
𩒀	1	䪾	1	䪾
𩒁	3	頦&䪱	1	䪱
𩒂	1	施	1	施
𩒃	0	𩒃	0	𩒃
𩒄	0	𩒄	0	𩒄
𩒆	1	頂	1	頂
𩒇	0	𩒇	0	𩒇
𩒈	1	䪾	1	䪾
𩒉	1	䪾	1	䪾
𩒊	0	𩒊	0	𩒊
𩒋	1	𩔈	1	𩔈
𩒌	3	頮&沬	1	沬
𩒍	1	頸	3	
𩒎	0	𩒎	3	
𩒏	0	𩒏	0	𩒏
𩒐	0	𩒐	0	𩒐
𩒑	1	眶	1	眶
𩒒	1	頋	1	頋
𩒓	0	𩒓	0	𩒓
𩒔	0	𩒔	0	𩒔
𩒕	2	𩒕&𩔈	2	𩒕&𩔈
𩒖	1	𩒖	1	𩒖
𩒗	1	姛	1	姛
𩒘	0	𩒘	0	𩒘
𩒙	3	規&頫	3	規&頫
𩒚	0	𩒚	0	𩒚
𩒛	1	戚	1	戚
𩒜	2	𩒜&躲	1	躲
𩒝	1	䫀	1	䫀
𩒞	1	頲	1	頲
𩒠	1	穎	1	穎
𩒢	1	𩑰	1	𩑰
𩒣	2	𩒣&䫈	1	䫈
𩒤	1	頸	1	頸
𩒥	1	𩒣	3	
𩒦	1	囟	1	囟
𩒧	1	𢄼	1	𢄼
𩒩	1	頍	3	
𩒪	1	𩒯	1	𩒯
𩒫	1	頤	1	頤
𩒬	1	䫄	3	
𩒭	0	𩒭	0	𩒭
𩒮	2	俅&𩒮	2	俅&𩒮
𩒯	2	顩&𩒯	0	𩒯
𩒰	0	𩒰	0	𩒰
𩒱	0	𩒱	0	𩒱
𩒲	1	頢	1	頢
𩒳	0	𩒳	0	𩒳
𩒴	0	𩒴	0	𩒴
𩒵	2	𩒵&頃	1	頃
𩒶	1	頯	1	頯
𩒷	2	軵&𩒷	2	軵&𩒷
𩒸	2	㾛&𩒸	2	㾛&𩒸
𩒹	1	髯	1	髯
𩒺	3	輔&䩉	1	䩉
𩒻	0	𩒻	0	𩒻
𩒼	0	𩒼	0	𩒼
𩒽	0	𩒽	0	𩒽
𩒾	2	𩑤&𩒾	0	𩒾
𩒿	0	𩒿	0	𩒿
𩓀	1	𩈥	1	𩈥
𩓁	1	䫨	1	䫨
𩓂	0	𩓂	0	𩓂
𩓃	1	賴	1	賴
𩓄	1	䫠	1	䫠
𩓅	1	谾	1	谾
𩓆	1	𩓥	1	𩓥
𩓊	1	潁	3	
𩓋	1	賴	1	賴
𩓏	3	𩒵&頃	1	頃
𩓐	1	脖	1	脖
𩓑	1	䫁	1	䫁
𩓒	1	𩒯	3	
𩓓	1	䫀	1	䫀
𩓔	1	𩑦	1	𩑦
𩓕	1	頛	1	頛
𩓖	0	𩓖	0	𩓖
𩓗	1	頍	1	頍
𩓘	2	額&𩓘	1	額
𩓙	1	穎	3	
𩓚	1	頯	3	
𩓝	0	𩓝	0	𩓝
𩓞	2	淨&𩓞	2	淨&𩓞
𩓟	0	𩓟	0	𩓟
𩓠	0	𩓠	0	𩓠
𩓡	1	𩓠	1	𩓠
𩓢	0	𩓢	0	𩓢
𩓣	2	𩓣&須&䇓	3	須&䇓
𩓤	0	𩓤	0	𩓤
𩓥	0	𩓥	0	𩓥
𩓦	0	𩓦	0	𩓦
𩓧	0	𩓧	0	𩓧
𩓨	0	𩓨	0	𩓨
𩓩	2	𢄓&𩓩	1	𢄓
𩓪	0	𩓪	0	𩓪
𩓫	1	觠	1	觠
𩓬	0	𩓬	0	𩓬
𩓭	2	𩓭&䫠	1	䫠
𩓮	0	𩓮	0	𩓮
𩓯	3	瀕&頻	1	頻
𩓰	1	頯	1	頯
𩓱	1	頷	1	頷
𩓸	1	𩓠	1	𩓠
𩓹	0	𩓹	3	
𩓺	1	熲	1	熲
𩓻	0	𩓻	0	𩓻
𩓼	0	𩓼	0	𩓼
𩓽	1	𩒱	1	𩒱
𩓾	2	𩓾&髯	1	髯
𩓿	3	𩓾&髯	1	髯
𩔀	2	𩔀&顡	2	𩔀&顡
𩔁	2	沬&𩔁	0	𩔁
𩔂	0	𩔂	0	𩔂
𩔃	0	𩔃	0	𩔃
𩔄	0	𩔄	0	𩔄
𩔅	2	䫌&𩔅	0	𩔅
𩔆	0	𩔆	0	𩔆
𩔇	3	𩕍&䫧	1	䫧
𩔈	0	𩔈	0	𩔈
𩔉	2	殙&䪸&䫒&𩔉	0	𩔉
𩔊	2	願&𩔊	0	𩔊
𩔋	2	頏&𩔋	0	𩔋
𩔌	3	𩓭&䫠	1	䫠
𩔑	0	𩔑	3	
𩔒	1	顡	3	
𩔓	1	顄	1	顄
𩔔	1	顒	1	顒
𩔖	1	類	3	
𩔗	1	類	3	
𩔙	3	囟&𩔅	3	囟&𩔅
𩔚	2	翁&勜&𩔚	2	翁&勜&𩔚
𩔛	1	𩔣	1	𩔣
𩔜	1	頌	1	頌
𩔝	0	𩔝	0	𩔝
𩔞	1	顄	1	顄
𩔟	2	𩔟&𩒯	1	𩒯
𩔠	0	𩔠	0	𩔠
𩔡	0	𩔡	0	𩔡
𩔢	0	𩔢	0	𩔢
𩔣	0	𩔣	0	𩔣
𩔤	3	瀕&頻	1	頻
𩔥	1	頃	1	頃
𩔦	0	𩔦	0	𩔦
𩔧	1	類	1	類
𩔨	3	𩕄&囟	1	囟
𩔩	1	𩓠	1	𩓠
𩔫	1	類	3	
𩔯	1	頰	1	頰
𩔰	1	顯	1	顯
𩔳	0	𩔳	0	𩔳
𩔴	0	𩔴	0	𩔴
𩔵	0	𩔵	0	𩔵
𩔶	0	𩔶	0	𩔶
𩔷	1	𩔶	1	𩔶
𩔸	0	𩔸	0	𩔸
𩔹	0	𩔹	0	𩔹
𩔺	1	顱	1	顱
𩔻	1	䯽	1	䯽
𩔼	0	𩔼	0	𩔼
𩔽	1	𩕲	1	𩕲
𩔾	3	𩭧&𨲋	1	𨲋
𩕀	1	䫨	1	䫨
𩕁	1	脣	3	
𩕂	1	憂	1	憂
𩕃	1	顯	1	顯
𩕄	0	𩕄	3	
𩕅	3	𩔟&𩒯	1	𩒯
𩕆	0	𩕆	0	𩕆
𩕇	1	𩔣	3	
𩕈	1	蹯	1	蹯
𩕉	2	𥫎&𩕉	2	𥫎&𩕉
𩕊	0	𩕊	0	𩕊
𩕋	1	𩕳	1	𩕳
𩕌	0	𩕌	0	𩕌
𩕍	2	𩕍&䫧	1	䫧
𩕎	1	履	1	履
𩕏	2	皤&𩕏	2	皤&𩕏
𩕐	0	𩕐	0	𩕐
𩕑	1	顡	1	顡
𩕒	1	䫶	1	䫶
𩕓	1	預	3	
𩕔	0	𩕔	0	𩕔
𩕕	0	𩕕	0	𩕕
𩕖	0	𩕖	0	𩕖
𩕗	1	䫬	1	䫬
𩕘	3	瀕&頻	1	頻
𩕚	1	歔	3	
𩕝	1	顔	1	顔
𩕞	1	䫩	1	䫩
𩕟	1	𩪤	1	𩪤
𩕠	0	𩕠	0	𩕠
𩕡	0	𩕡	0	𩕡
𩕢	1	頂	1	頂
𩕣	1	䫨	1	䫨
𩕤	0	𩕤	0	𩕤
𩕦	1	𩖀	1	𩖀
𩕧	1	顨	3	
𩕨	1	瀕	3	
𩕩	1	頂	1	頂
𩕫	1	儚	1	儚
𩕬	3	頞&齃	1	頞
𩕭	1	䫦	1	䫦
𩕮	1	願	1	願
𩕯	0	𩕯	0	𩕯
𩕰	1	䫵	3	
𩕱	0	𩕱	0	𩕱
𩕲	0	𩕲	0	𩕲
𩕳	0	𩕳	0	𩕳
𩕴	1	顲	1	顲
𩕵	2	𧭹&𩕵	0	𩕵
𩕶	1	𩕔	1	𩕔
𩕷	1	顧	3	
𩕸	1	𩕊	1	𩕊
𩕺	1	顡	1	顡
𩕼	1	𩕔	1	𩕔
𩕽	1	顮	3	
𩕾	2	願&𩕾	0	𩕾
𩕿	2	𩖄&顩&𩕿	2	顩&𩕿
𩖀	0	𩖀	0	𩖀
𩖁	2	齧&𩖁	0	𩖁
𩖂	1	𩕾	3	
𩖄	2	𩖄&𩖆	1	𩖆
𩖆	2	顩&𩖆	1	顩
𩖇	2	𥉾&𩖇	2	𥉾&𩖇
𩖉	1	𠐿	3	
𩖊	0	𩖊	0	𩖊
𩖋	1	顲	1	顲
𩖌	0	𩖌	0	𩖌
𩖍	1	癭	1	癭
𩖎	1	𠐿	1	𠐿
𩖏	2	贔&𩖏	1	贔
𩖐	1	首	1	首
𩖑	1	蹙	3	
𩖓	1	顰	1	顰
𩖕	1	𩓣	3	
𩖖	1	顃	3	
𩖗	1	䫴	3	
𩖙	1	䫸	1	䫸
𩖚	1	飆	1	飆
𩖛	0	𩖛	0	𩖛
𩖜	1	𩖛	1	𩖛
𩖝	0	𩖝	0	𩖝
𩖡	1	飆	1	飆
𩖢	2	𩖢&䫺&𩙛	1	䫺
𩖣	2	𩖣&颰	0	𩖣
𩖤	0	𩖤	0	𩖤
𩖥	0	𩖥	0	𩖥
𩖦	0	𩖦	0	𩖦
𩖧	1	飆	1	飆
𩖨	1	䬍	1	䬍
𩖩	0	𩖩	0	𩖩
𩖬	0	𩖬	0	𩖬
𩖮	3	𩖣&颰	1	𩖣
𩖰	1	𩖣	1	𩖣
𩖲	2	𩖲&𩐭	0	𩖲
𩖳	1	夏	1	夏
𩖴	2	𩖴&飀	2	𩖴&飀
𩖵	0	𩖵	0	𩖵
𩖶	0	𩖶	0	𩖶
𩖷	0	𩖷	0	𩖷
𩖸	2	呺&𩖸	1	呺
𩖹	0	𩖹	0	𩖹
𩖺	0	𩖺	0	𩖺
𩖻	1	𩗢	1	𩗢
𩖼	0	𩖼	0	𩖼
𩖽	1	颰	1	颰
𩖾	1	𩖹	1	𩖹
𩖿	0	𩖿	3	
𩗀	0	𩗀	3	
𩗁	1	颯	1	颯
𩗄	0	𩗄	0	𩗄
𩗅	2	䬅&𩗅	0	𩗅
𩗆	2	颼&𩗆	1	颼
𩗇	1	𩘋	1	𩘋
𩗈	1	飆	1	飆
𩗉	1	𩗞	1	𩗞
𩗊	0	𩗊	0	𩗊
𩗋	1	帆	1	帆
𩗌	1	䬟	3	
𩗓	0	𩗓	0	𩗓
𩗔	0	𩗔	0	𩗔
𩗕	0	𩗕	0	𩗕
𩗖	1	𩗬	1	𩗬
𩗗	1	颶	1	颶
𩗘	0	𩗘	0	𩗘
𩗙	0	𩗙	0	𩗙
𩗚	0	𩗚	0	𩗚
𩗛	1	䬍	1	䬍
𩗝	1	虺	1	虺
𩗞	0	𩗞	0	𩗞
𩗟	0	𩗟	0	𩗟
𩗠	1	飀	1	飀
𩗢	0	𩗢	0	𩗢
𩗣	0	𩗣	0	𩗣
𩗦	1	颲	3	
𩗨	1	魑	1	魑
𩗩	1	䬟	1	䬟
𩗪	0	𩗪	0	𩗪
𩗫	0	𩗫	0	𩗫
𩗬	0	𩗬	0	𩗬
𩗭	0	𩗭	0	𩗭
𩗮	1	颸	1	颸
𩗯	1	䬐	1	䬐
𩗰	0	𩗰	0	𩗰
𩗱	0	𩗱	0	𩗱
𩗲	1	箏	1	箏
𩗳	2	𩗳&𩙜	1	𩙜
𩗴	0	𩗴	0	𩗴
𩗵	0	𩗵	0	𩗵
𩗶	0	𩗶	0	𩗶
𩗷	0	𩗷	0	𩗷
𩗸	1	䬌	1	䬌
𩗹	1	飆	3	
𩗺	1	颺	3	
𩗿	1	雨	3	
𩘀	0	𩘀	3	
𩘁	1	𩗬	1	𩗬
𩘂	1	𩗘	3	
𩘃	1	颲	1	颲
𩘅	0	𩘅	0	𩘅
𩘆	1	䫾	1	䫾
𩘇	2	𩘇&𩙛	1	𩙛
𩘈	2	䬀&𩘈	2	䬀&𩘈
𩘉	1	魑	1	魑
𩘊	0	𩘊	0	𩘊
𩘋	0	𩘋	0	𩘋
𩘌	1	颼	1	颼
𩘍	0	𩘍	0	𩘍
𩘎	0	𩘎	0	𩘎
𩘏	0	𩘏	0	𩘏
𩘐	1	䬍	1	䬍
𩘑	0	𩘑	0	𩘑
𩘒	0	𩘒	0	𩘒
𩘓	0	𩘓	0	𩘓
𩘔	1	飄	1	飄
𩘕	1	𩘑	1	𩘑
𩘖	3	䬒&𩙚	1	𩙚
𩘗	1	𩘅	1	𩘅
𩘙	1	𩗫	1	𩗫
𩘚	1	颹	1	颹
𩘛	1	颲	1	颲
𩘜	0	𩘜	0	𩘜
𩘝	0	𩘝	0	𩘝
𩘞	2	飄&𩘞	1	飄
𩘟	1	䬆	1	䬆
𩘠	2	颼&𩘠	2	颼&𩘠
𩘡	1	𩗅	1	𩗅
𩘤	1	䬑	1	䬑
𩘥	1	颽	1	颽
𩘦	1	颼	1	颼
𩘭	0	𩘭	0	𩘭
𩘮	0	𩘮	0	𩘮
𩘯	0	𩘯	0	𩘯
𩘰	1	𩘹	1	𩘹
𩘱	0	𩘱	0	𩘱
𩘲	1	䬘	1	䬘
𩘳	0	𩘳	0	𩘳
𩘴	1	飁	3	
𩘵	0	𩘵	0	𩘵
𩘶	2	颴&𩗟&𩘶	2	𩗟&𩘶
𩘷	1	飂	1	飂
𩘸	1	飂	1	飂
𩘹	0	𩘹	0	𩘹
𩘺	2	穨&𩘺	0	𩘺
𩘻	0	𩘻	0	𩘻
𩘼	2	颾&𩘼	2	颾&𩘼
𩘽	0	𩘽	0	𩘽
𩘾	3	𩙎&灘&儺	3	灘&儺
𩘿	1	䬞	1	䬞
𩙁	1	䬝	1	䬝
𩙂	1	飉	1	飉
𩙃	1	颹	1	颹
𩙄	1	䬟	1	䬟
𩙅	1	𩘻	1	𩘻
𩙆	1	𩘽	1	𩘽
𩙈	2	𩙈&颾	1	颾
𩙊	1	䬑	1	䬑
𩙎	2	𩙎&儺	1	儺
𩙏	1	鼓	3	
𩙐	1	檒	3	
𩙑	0	𩙑	0	𩙑
𩙒	2	飄&𩙒	2	飄&𩙒
𩙓	3	𩘇&𩙛	1	𩙛
𩙔	1	䬟	1	䬟
𩙖	0	𩙖	0	𩙖
𩙗	1	䬟	1	䬟
𩙙	0	𩙙	0	𩙙
𩙚	0	𩙚	0	𩙚
𩙛	0	𩙛	0	𩙛
𩙜	0	𩙜	0	𩙜
𩙝	0	𩙝	0	𩙝
𩙞	1	飄	1	飄
𩙡	0	𩙡	0	𩙡
𩙤	2	𩙤&䬍	1	䬍
𩙥	1	颰	3	
𩙦	1	𩗀	3	
𩙧	1	䬞	3	
𩙨	1	𩘹	3	
𩙩	1	𩘀	3	
𩙪	1	颷	3	
𩙫	1	颾	3	
𩙬	1	𩘺	3	
𩙭	1	𩘝	3	
𩙮	1	䬘	3	
𩙯	1	䬝	3	
𩙰	1	𩙈	3	
𩙱	1	飛	1	飛
𩙲	0	𩙲	0	𩙲
𩙴	3	𩙶&翰	1	翰
𩙶	2	𩙶&翰	1	翰
𩙷	0	𩙷	0	𩙷
𩙺	1	翼	1	翼
𩙼	1	𦒜	1	𦒜
𩙽	2	翾&𩙽&䴉	2	翾&𩙽&䴉
𩙿	1	飠	3	
𩚀	1	食	1	食
𩚁	1	食	1	食
𩚂	1	饐	1	饐
𩚃	1	食	1	食
𩚄	0	𩚄	0	𩚄
𩚅	3	飼&飤	1	飼
𩚆	1	飤	1	飤
𩚇	0	𩚇	0	𩚇
𩚈	0	𩚈	0	𩚈
𩚉	0	𩚉	0	𩚉
𩚊	1	飩	1	飩
𩚋	1	䬣	1	䬣
𩚌	0	𩚌	0	𩚌
𩚍	1	飾	1	飾
𩚎	1	飢	1	飢
𩚏	1	飧	1	飧
𩚐	3	飢&䭀	1	飢
𩚑	1	飢	1	飢
𩚒	2	𩚒&𩚖	0	𩚒
𩚓	1	饕	1	饕
𩚔	1	籹	3	
𩚕	1	飲	1	飲
𩚖	2	粈&𩚖	0	𩚖
𩚗	0	𩚗	0	𩚗
𩚘	1	䬲	1	䬲
𩚙	1	麨	1	麨
𩚚	1	𩚬	1	𩚬
𩚛	0	𩚛	0	𩚛
𩚜	3	㱃&飲	1	飲
𩚝	2	餮&𩚝	1	餮
𩚞	1	䬫	1	䬫
𩚠	1	飭	3	
𩚡	1	豉	3	
𩚢	1	䬫	3	
𩚣	3	甜&餂&𩚵	3	甜&𩚵
𩚤	2	餼&𩚤	2	餼&𩚤
𩚥	1	粑	3	
𩚨	1	䬫	1	䬫
𩚩	1	餬	1	餬
𩚪	2	餌&𩚪	2	餌&𩚪
𩚫	0	𩚫	0	𩚫
𩚬	0	𩚬	0	𩚬
𩚭	0	𩚭	0	𩚭
𩚮	2	飢&饑&惄&𩚮	2	飢&饑&惄&𩚮
𩚯	0	𩚯	0	𩚯
𩚰	1	饙	1	饙
𩚱	0	𩚱	0	𩚱
𩚲	1	餄	1	餄
𩚳	1	飯	1	飯
𩚴	3	𩜌&𧯡	1	𧯡
𩚵	0	𩚵	0	𩚵
𩚶	1	祝	1	祝
𩚷	1	粒	1	粒
𩚸	1	餮	1	餮
𩚹	0	𩚹	0	𩚹
𩚺	3	飻&餮	1	餮
𩚻	0	𩚻	0	𩚻
𩚿	3	飯&飫	1	飫
𩛀	1	䬫	1	䬫
𩛁	2	𩛁&飽	1	飽
𩛂	1	籹	3	
𩛅	0	𩛅	0	𩛅
𩛆	0	𩛆	0	𩛆
𩛈	1	飧	1	飧
𩛉	1	饎	1	饎
𩛊	2	𩛊&飽	1	飽
𩛋	0	𩛋	0	𩛋
𩛌	0	𩛌	0	𩛌
𩛍	1	䭔	1	䭔
𩛎	0	𩛎	0	𩛎
𩛏	0	𩛏	0	𩛏
𩛐	1	𩚯	1	𩚯
𩛑	2	䬫&𩛑	2	䬫&𩛑
𩛒	2	𩛒&飽	1	飽
𩛓	1	䭀	1	䭀
𩛕	1	𩛊	3	
𩛖	1	餒	3	
𩛘	1	供	3	
𩛙	1	飭	3	
𩛚	1	齋	3	
𩛛	3	飴&饔	1	飴
𩛝	2	酹&𩛝	2	酹&𩛝
𩛞	2	𩛞&飽	1	飽
𩛟	2	𩛟&𩝸	2	𩛟&𩝸
𩛠	0	𩛠	0	𩛠
𩛡	0	𩛡	0	𩛡
𩛢	0	𩛢	0	𩛢
𩛣	2	餌&𩛣	1	餌
𩛤	2	𩛤&𩜳	1	𩜳
𩛥	0	𩛥	0	𩛥
𩛦	0	𩛦	0	𩛦
𩛧	1	䭈	1	䭈
𩛨	0	𩛨	0	𩛨
𩛩	2	𩛩&餄	1	餄
𩛪	2	𩚬&𩛪	2	𩚬&𩛪
𩛫	1	餱	1	餱
𩛬	3	癢&養	1	養
𩛭	2	育&𩛭	1	育
𩛮	1	飴	3	
𩛯	1	𩚱	1	𩚱
𩛲	0	𩛲	3	
𩛳	2	餐&𩛳	2	餐&𩛳
𩛴	1	飽	3	
𩛶	1	𩝊	3	
𩛹	1	𩚤	1	𩚤
𩛺	0	𩛺	0	𩛺
𩛻	2	饘&饡&𩛻	0	𩛻
𩛼	0	𩛼	0	𩛼
𩛽	2	𩛽&𩟉	2	𩛽&𩟉
𩛾	1	餯	1	餯
𩛿	1	餳	1	餳
𩜀	2	𩜀&䭔	2	𩜀&䭔
𩜁	0	𩜁	0	𩜁
𩜂	1	饎	1	饎
𩜃	0	𩜃	0	𩜃
𩜄	1	𩚬	1	𩚬
𩜅	2	飵&𩜅	1	飵
𩜆	3	飢&饑	3	飢&饑
𩜇	0	𩜇	0	𩜇
𩜈	1	飫	1	飫
𩜉	1	䬷	1	䬷
𩜊	0	𩜊	0	𩜊
𩜋	1	餉	1	餉
𩜌	2	𩜌&𧯡	1	𧯡
𩜍	0	𩜍	0	𩜍
𩜎	1	𦙫	1	𦙫
𩜏	1	飫	1	飫
𩜐	3	䬣&𩚤	1	䬣
𩜒	0	𩜒	0	𩜒
𩜓	1	飾	1	飾
𩜔	1	𩛢	1	𩛢
𩜕	1	飽	1	飽
𩜖	0	𩜖	0	𩜖
𩜗	1	糒	1	糒
𩜘	1	瘁	3	
𩜙	1	饒	3	
𩜚	0	𩜚	0	𩜚
𩜟	0	𩜟	0	𩜟
𩜠	1	𩛎	3	
𩜡	1	䬫	3	
𩜢	1	飫	1	飫
𩜤	1	𩜥	3	
𩜥	0	𩜥	0	𩜥
𩜦	0	𩜦	3	
𩜨	1	餐	3	
𩜩	1	𩟉	3	
𩜬	0	𩜬	0	𩜬
𩜭	0	𩜭	0	𩜭
𩜮	0	𩜮	3	
𩜯	1	餿	1	餿
𩜰	0	𩜰	0	𩜰
𩜱	0	𩜱	0	𩜱
𩜲	0	𩜲	0	𩜲
𩜳	0	𩜳	0	𩜳
𩜴	1	餈	1	餈
𩜵	0	𩜵	0	𩜵
𩜶	0	𩜶	0	𩜶
𩜷	2	𩚖&𩜷	2	𩚖&𩜷
𩜸	0	𩜸	0	𩜸
𩜹	1	饌	1	饌
𩜺	3	䭇&噎	1	噎
𩜻	1	饕	1	饕
𩜼	2	䭉&𩜼	0	𩜼
𩜽	0	𩜽	0	𩜽
𩜾	1	餰	1	餰
𩜿	2	𩜿&飽	1	飽
𩝀	2	饙&𩝀	1	饙
𩝁	1	饌	1	饌
𩝂	3	餴&饙	1	饙
𩝃	1	𩞑	3	
𩝉	1	饁	1	饁
𩝊	0	𩝊	3	
𩝍	1	餱	1	餱
𩝎	1	饞	3	
𩝏	1	餻	3	
𩝐	1	糍	3	
𩝑	0	𩝑	3	
𩝒	1	飽	3	
𩝓	1	飽	3	
𩝔	1	糈	3	
𩝕	1	饕	3	
𩝗	2	勻&𩝗	0	𩝗
𩝘	1	餕	1	餕
𩝙	1	嗜	1	嗜
𩝚	0	𩝚	0	𩝚
𩝛	0	𩝛	0	𩝛
𩝜	1	𩝸	3	
𩝝	0	𩝝	0	𩝝
𩝞	0	𩝞	0	𩝞
𩝟	0	𩝟	0	𩝟
𩝠	2	糗&𩝠	0	𩝠
𩝡	0	𩝡	0	𩝡
𩝢	2	鎯&𩝢	0	𩝢
𩝣	0	𩝣	0	𩝣
𩝤	1	䬼	1	䬼
𩝥	1	素	1	素
𩝦	1	齋	1	齋
𩝧	1	𩛢	1	𩛢
𩝨	0	𩝨	0	𩝨
𩝩	3	𩛒&飽	1	飽
𩝫	2	𩝫&漿	1	漿
𩝬	1	饛	1	饛
𩝮	3	𩜮&饎	1	饎
𩝰	3	𩜿&飽	1	飽
𩝴	3	𩝫&漿	1	漿
𩝵	1	饕	1	饕
𩝶	1	𩛢	3	
𩝸	0	𩝸	0	𩝸
𩝹	1	饔	1	饔
𩝼	3	餴&饙	1	饙
𩝽	0	𩝽	0	𩝽
𩝾	3	餉&饟	1	饟
𩝿	0	𩝿	0	𩝿
𩞀	2	𩞀&糝	1	糝
𩞁	2	𩞁&糜&饃	3	糜&饃
𩞂	1	饕	1	饕
𩞃	0	𩞃	0	𩞃
𩞄	0	𩞄	0	𩞄
𩞅	0	𩞅	0	𩞅
𩞆	0	𩞆	0	𩞆
𩞇	1	糜	1	糜
𩞈	0	𩞈	0	𩞈
𩞉	0	𩞉	0	𩞉
𩞊	0	𩞊	0	𩞊
𩞋	0	𩞋	0	𩞋
𩞌	1	餗	1	餗
𩞍	1	餗	1	餗
𩞎	1	饉	1	饉
𩞏	1	䭕	1	䭕
𩞐	1	𩞆	1	𩞆
𩞑	2	𩞑&饙	1	饙
𩞕	1	餗	3	
𩞘	0	𩞘	3	
𩞙	0	𩞙	0	𩞙
𩞚	1	饜	1	饜
𩞜	1	䭢	3	
𩞞	0	𩞞	0	𩞞
𩞟	1	漿	1	漿
𩞠	1	饔	1	饔
𩞡	1	饎	1	饎
𩞢	1	䭉	1	䭉
𩞣	1	饕	1	饕
𩞤	0	𩞤	0	𩞤
𩞥	1	饟	1	饟
𩞦	0	𩞦	0	𩞦
𩞧	1	𩞃	1	𩞃
𩞨	0	𩞨	0	𩞨
𩞩	2	餭&𩞩	2	餭&𩞩
𩞪	1	餪	1	餪
𩞫	1	飴	3	
𩞬	0	𩞬	0	𩞬
𩞭	1	䭐	1	䭐
𩞮	1	鯔	1	鯔
𩞯	1	糧	3	
𩞲	1	䭙	1	䭙
𩞳	1	饙	3	
𩞴	1	餴	3	
𩞵	1	餬	1	餬
𩞷	1	餾	1	餾
𩞸	1	餗	3	
𩞹	1	饜	3	
𩞺	1	𩟨	1	𩟨
𩞼	3	𩞀&糝	1	糝
𩞽	1	餺	1	餺
𩞾	0	𩞾	0	𩞾
𩞿	0	𩞿	0	𩞿
𩟀	2	𩟀&饔	1	饔
𩟁	1	䬼	1	䬼
𩟂	0	𩟂	0	𩟂
𩟃	0	𩟃	0	𩟃
𩟄	1	饎	1	饎
𩟅	0	𩟅	0	𩟅
𩟆	1	䭉	1	䭉
𩟇	0	𩟇	0	𩟇
𩟈	0	𩟈	0	𩟈
𩟉	0	𩟉	0	𩟉
𩟊	0	𩟊	0	𩟊
𩟋	1	贍	1	贍
𩟌	2	饡&𩟌	1	饡
𩟍	0	𩟍	0	𩟍
𩟐	0	𩟐	3	
𩟓	0	𩟓	0	𩟓
𩟔	0	𩟔	0	𩟔
𩟕	0	𩟕	0	𩟕
𩟖	1	饞	1	饞
𩟗	1	䭕	1	䭕
𩟘	3	蒸&烝	1	蒸
𩟙	2	𩟙&𩟦	1	𩟦
𩟛	1	餺	1	餺
𩟝	1	贐	3	
𩟠	1	饃	3	
𩟣	1	𩟤	1	𩟤
𩟤	0	𩟤	0	𩟤
𩟥	3	臇&䬽	3	臇&䬽
𩟦	0	𩟦	0	𩟦
𩟧	2	鑠&𩟧	2	鑠&𩟧
𩟨	2	臛&𩟨	0	𩟨
𩟪	1	饡	1	饡
𩟫	1	啜	3	
𩟭	0	𩟭	0	𩟭
𩟮	0	𩟮	0	𩟮
𩟯	3	臛&𦞦	3	臛&𦞦
𩟰	1	飥	1	飥
𩟱	1	饋	1	饋
𩟲	1	饙	3	
𩟳	1	餘	1	餘
𩟴	1	饊	1	饊
𩟶	0	𩟶	0	𩟶
𩟷	1	饔	1	饔
𩟸	2	臛&𩟨&𩟸	2	臛&𩟸
𩟹	0	𩟹	0	𩟹
𩟿	1	𩚛	3	
𩠀	1	粑	3	
𩠁	1	𩚵	3	
𩠂	1	𩛆	3	
𩠃	1	𩛩	3	
𩠅	1	𩟐	3	
𩠆	1	𩜦	3	
𩠇	1	䭀	3	
𩠈	1	䭃	3	
𩠉	1	𩜇	3	
𩠊	1	𩜵	3	
𩠋	1	糈	3	
𩠌	1	餸	3	
𩠎	1	𩞄	3	
𩠏	1	𩞦	3	
𩠐	1	首	1	首
𩠑	1	頂	1	頂
𩠒	1	馗	3	
𩠕	1	髮	1	髮
𩠖	1	髮	1	髮
𩠗	1	頰	1	頰
𩠙	1	髮	1	髮
𩠚	0	𩠚	0	𩠚
𩠛	1	頤	1	頤
𩠜	1	稽	1	稽
𩠝	3	𩠡&頤	1	頤
𩠞	3	𩠢&頤	1	頤
𩠠	1	𩠴	3	
𩠡	2	𩠡&頤	1	頤
𩠢	2	𩠢&頤	1	頤
𩠣	1	頰	1	頰
𩠤	3	黼&䩉	1	黼
𩠥	3	䭫&稽	1	稽
𩠦	3	稽&首	3	稽&首
𩠪	1	顔	1	顔
𩠫	1	頓	1	頓
𩠬	3	首&䭭	1	䭭
𩠮	1	夔	3	
𩠰	3	𣀚&夔	1	夔
𩠲	1	馘	1	馘
𩠴	0	𩠴	3	
𩠶	1	首	3	
𩠷	1	䭮	1	䭮
𩠹	1	剸	1	剸
𩠻	2	𩠻&馠	2	𩠻&馠
𩠼	1	香	1	香
𩠽	1	檀	3	
𩠾	0	𩠾	0	𩠾
𩠿	2	𩠿&䭱	1	䭱
𩡀	1	䭱	1	䭱
𩡄	3	香&䭱&𩡝	3	香&䭱
𩡅	3	𩠿&䭱	1	䭱
𩡈	1	䭱	1	䭱
𩡊	1	馥	1	馥
𩡌	1	𩡐	1	𩡐
𩡍	2	𥣣&𩡍	0	𩡍
𩡎	0	𩡎	0	𩡎
𩡏	1	鬱	3	
𩡐	0	𩡐	0	𩡐
𩡑	1	馥	1	馥
𩡒	1	馞	1	馞
𩡓	0	𩡓	0	𩡓
𩡔	2	𦤦&馤&𩡔	2	𦤦&馤&𩡔
𩡕	0	𩡕	0	𩡕
𩡖	1	𩡣	3	
𩡘	1	馥	1	馥
𩡚	1	馤	1	馤
𩡝	0	𩡝	0	𩡝
𩡡	1	䭱	1	䭱
𩡢	1	香	1	香
𩡣	0	𩡣	3	
𩡤	1	馤	1	馤
𩡥	2	𩡦&𩡥	0	𩡥
𩡦	0	𩡦	3	
𩡧	0	𩡧	0	𩡧
𩡨	0	𩡨	0	𩡨
𩡩	0	𩡩	0	𩡩
𩡪	3	𩡧&䭴	1	䭴
𩡮	1	馬	1	馬
𩡰	2	駂&𩡰	0	𩡰
𩡱	1	䭻	1	䭻
𩡲	1	馹	1	馹
𩡳	1	馽	1	馽
𩡵	1	𩡰	1	𩡰
𩡷	0	𩡷	0	𩡷
𩡸	1	𩥐	1	𩥐
𩡹	1	䭿	1	䭿
𩡺	0	𩡺	0	𩡺
𩡻	1	騕	1	騕
𩡼	1	駢	1	駢
𩡽	1	壯	1	壯
𩡾	0	𩡾	0	𩡾
𩡿	1	罵	1	罵
𩢀	1	屯	3	
𩢃	1	駁	3	
𩢆	1	騁	1	騁
𩢇	1	駙	1	駙
𩢈	1	駂	1	駂
𩢉	3	馿&驢	1	驢
𩢊	1	駝	3	
𩢌	2	馼&𩢌	2	馼&𩢌
𩢍	2	𩢍&騧	1	騧
𩢎	0	𩢎	0	𩢎
𩢏	1	馽	1	馽
𩢐	1	馲	1	馲
𩢑	0	𩢑	0	𩢑
𩢒	0	𩢒	0	𩢒
𩢓	2	馵&𩢓	1	馵
𩢔	0	𩢔	0	𩢔
𩢕	0	𩢕	0	𩢕
𩢖	0	𩢖	0	𩢖
𩢗	2	𩢗&𩢽	0	𩢗
𩢘	1	駊	1	駊
𩢙	0	𩢙	0	𩢙
𩢚	1	䮂	1	䮂
𩢛	0	𩢛	0	𩢛
𩢜	1	駗	1	駗
𩢝	1	駢	1	駢
𩢞	0	𩢞	0	𩢞
𩢟	1	駕	1	駕
𩢠	1	駘	1	駘
𩢡	0	𩢡	0	𩢡
𩢧	1	驅	1	驅
𩢩	1	驅	3	
𩢭	1	𩢑	1	𩢑
𩢮	0	𩢮	0	𩢮
𩢯	2	𩢯&𩣇	1	𩣇
𩢰	0	𩢰	0	𩢰
𩢱	0	𩢱	0	𩢱
𩢲	2	駛&𩢲	1	駛
𩢳	0	𩢳	0	𩢳
𩢴	0	𩢴	0	𩢴
𩢵	1	馲	1	馲
𩢶	0	𩢶	0	𩢶
𩢷	0	𩢷	0	𩢷
𩢸	0	𩢸	0	𩢸
𩢹	0	𩢹	0	𩢹
𩢺	1	駽	1	駽
𩢻	0	𩢻	0	𩢻
𩢼	0	𩢼	0	𩢼
𩢽	0	𩢽	0	𩢽
𩢾	0	𩢾	0	𩢾
𩢿	0	𩢿	0	𩢿
𩣀	1	𩢡	1	𩢡
𩣁	1	騁	1	騁
𩣂	1	駪	1	駪
𩣃	1	𩤘	1	𩤘
𩣄	1	駁	1	駁
𩣅	1	𩢹	1	𩢹
𩣇	0	𩣇	0	𩣇
𩣈	1	𩣇	1	𩣇
𩣊	0	𩣊	0	𩣊
𩣋	0	𩣋	3	
𩣌	3	駈&驅	1	驅
𩣍	1	䭹	1	䭹
𩣎	1	駂	1	駂
𩣏	0	𩣏	3	
𩣐	3	𩢯&𩣇	1	𩣇
𩣑	1	鞍	1	鞍
𩣒	1	騮	1	騮
𩣔	1	挎	3	
𩣕	1	驅	1	驅
𩣖	0	𩣖	0	𩣖
𩣗	1	𩢳	1	𩢳
𩣘	0	𩣘	0	𩣘
𩣙	1	䮢	1	䮢
𩣚	2	駓&𩣚	2	駓&𩣚
𩣛	1	駣	1	駣
𩣜	3	𩢿&𩣸	1	𩢿
𩣝	0	𩣝	0	𩣝
𩣞	2	馺&𩣞	2	馺&𩣞
𩣟	2	𩣟&𩡾	1	𩡾
𩣠	3	𩣟&𩡾	1	𩡾
𩣡	0	𩣡	0	𩣡
𩣢	1	驄	1	驄
𩣣	2	騀&𩣣	2	騀&𩣣
𩣤	2	馾&𩣤	1	馾
𩣦	1	𩣮	3	
𩣩	1	駈	3	
𩣫	1	驪	1	驪
𩣬	3	駛&𩢲	1	駛
𩣭	1	驄	1	驄
𩣮	0	𩣮	0	𩣮
𩣯	0	𩣯	0	𩣯
𩣰	2	𩤏&𩣰	0	𩣰
𩣱	0	𩣱	0	𩣱
𩣲	0	𩣲	0	𩣲
𩣳	0	𩣳	0	𩣳
𩣴	2	怯&𩣴	0	𩣴
𩣵	0	𩣵	0	𩣵
𩣶	0	𩣶	0	𩣶
𩣷	3	𨙔&䮔	3	𨙔&䮔
𩣸	0	𩣸	0	𩣸
𩣹	0	𩣹	0	𩣹
𩣺	2	奔&𩣺	0	𩣺
𩣻	0	𩣻	0	𩣻
𩣼	0	𩣼	0	𩣼
𩣽	1	驧	1	驧
𩣾	3	駞&駝	1	駝
𩣿	1	騶	1	騶
𩤀	1	驅	1	驅
𩤁	0	𩤁	0	𩤁
𩤂	1	𩥅	3	
𩤃	1	騮	1	騮
𩤉	1	驊	1	驊
𩤊	0	𩤊	3	
𩤌	1	𩦶	3	
𩤍	1	騶	3	
𩤏	0	𩤏	3	
𩤐	1	騯	1	騯
𩤑	1	騂	1	騂
𩤒	0	𩤒	0	𩤒
𩤓	1	𩣹	1	𩣹
𩤖	0	𩤖	0	𩤖
𩤗	0	𩤗	0	𩤗
𩤘	0	𩤘	0	𩤘
𩤙	0	𩤙	0	𩤙
𩤚	0	𩤚	0	𩤚
𩤛	2	顒&𩤛	2	顒&𩤛
𩤜	0	𩤜	0	𩤜
𩤝	1	騖	1	騖
𩤞	0	𩤞	0	𩤞
𩤟	0	𩤟	0	𩤟
𩤠	0	𩤠	0	𩤠
𩤡	0	𩤡	0	𩤡
𩤢	1	騠	1	騠
𩤣	0	𩤣	0	𩤣
𩤤	0	𩤤	0	𩤤
𩤥	0	𩤥	0	𩤥
𩤦	0	𩤦	0	𩤦
𩤧	1	䮗	1	䮗
𩤨	1	駸	1	駸
𩤩	0	𩤩	0	𩤩
𩤪	1	䮢	1	䮢
𩤫	1	禂	1	禂
𩤬	1	騙	1	騙
𩤭	1	駥	1	駥
𩤲	0	𩤲	0	𩤲
𩤳	1	駢	1	駢
𩤴	1	駹	3	
𩤵	2	𩤵&腥	1	腥
𩤷	3	騮&𩢞	1	騮
𩤸	1	衛	3	
𩤻	1	騱	1	騱
𩤼	1	驗	3	
𩤽	0	𩤽	0	𩤽
𩤾	3	馭&駢	1	馭
𩤿	1	駸	1	駸
𩥀	2	䮎&𩥀	1	䮎
𩥁	0	𩥁	0	𩥁
𩥂	0	𩥂	0	𩥂
𩥃	0	𩥃	0	𩥃
𩥄	2	顛&𩥄	0	𩥄
𩥅	0	𩥅	0	𩥅
𩥆	0	𩥆	3	
𩥇	0	𩥇	0	𩥇
𩥈	0	𩥈	0	𩥈
𩥉	2	𩥉&驥	1	驥
𩥊	0	𩥊	0	𩥊
𩥋	2	騳&𩥋	2	騳&𩥋
𩥌	0	𩥌	0	𩥌
𩥍	1	騂	1	騂
𩥎	2	騖&𩥎	1	騖
𩥏	2	驖&𩥏	1	驖
𩥐	0	𩥐	0	𩥐
𩥑	0	𩥑	0	𩥑
𩥒	1	𩣇	1	𩣇
𩥓	1	𩥅	1	𩥅
𩥔	1	𩢷	1	𩢷
𩥕	1	騹	3	
𩥖	1	騮	1	騮
𩥗	2	𩥗&䮔	1	䮔
𩥘	1	峳	1	峳
𩥙	1	蹉	1	蹉
𩥜	1	䮉	1	䮉
𩥞	1	𩥂	1	𩥂
𩥟	1	騞	1	騞
𩥢	1	騩	1	騩
𩥤	1	驩	1	驩
𩥥	1	𩥿	3	
𩥦	1	騖	1	騖
𩥧	1	騜	1	騜
𩥨	1	𩥗	3	
𩥫	0	𩥫	0	𩥫
𩥬	0	𩥬	0	𩥬
𩥭	2	䁩&𩥭	0	𩥭
𩥮	0	𩥮	0	𩥮
𩥯	0	𩥯	0	𩥯
𩥰	2	騑&𩥰	1	騑
𩥱	1	騰	1	騰
𩥲	1	𩦙	1	𩦙
𩥳	1	驖	1	驖
𩥴	1	𩦄	1	𩦄
𩥵	1	驂	3	
𩥸	1	𩥇	3	
𩥺	1	騮	1	騮
𩥼	0	𩥼	3	
𩥾	1	驗	3	
𩥿	0	𩥿	3	
𩦀	3	𩧋&𩦄	1	𩦄
𩦁	1	䮔	1	䮔
𩦂	0	𩦂	0	𩦂
𩦃	1	𩦂	1	𩦂
𩦄	0	𩦄	0	𩦄
𩦅	3	𩧋&𩦄	1	𩦄
𩦆	1	騬	1	騬
𩦇	0	𩦇	0	𩦇
𩦈	1	驃	1	驃
𩦉	0	𩦉	0	𩦉
𩦊	0	𩦊	0	𩦊
𩦋	0	𩦋	0	𩦋
𩦌	0	𩦌	0	𩦌
𩦍	1	䮵	1	䮵
𩦎	1	騑	1	騑
𩦏	2	𩦏&𩧆	0	𩦏
𩦐	3	騞&騸	3	騞&騸
𩦑	1	禂	1	禂
𩦒	1	蹶	3	
𩦔	1	𩦂	1	𩦂
𩦘	1	驩	1	驩
𩦙	2	速&𩦙	0	𩦙
𩦚	0	𩦚	3	
𩦛	2	𨙔&䮔&𩦛	1	䮔
𩦜	1	騰	1	騰
𩦞	3	𩢛&騔	1	騔
𩦟	1	騤	1	騤
𩦠	0	𩦠	0	𩦠
𩦡	0	𩦡	0	𩦡
𩦢	1	虞	1	虞
𩦣	1	騧	1	騧
𩦤	0	𩦤	0	𩦤
𩦥	3	奔&𩣺	1	奔
𩦦	1	髒	1	髒
𩦧	1	鬘	1	鬘
𩦨	1	鸄	1	鸄
𩦫	1	褭	3	
𩦯	1	驛	1	驛
𩦰	1	驊	3	
𩦱	1	儈	3	
𩦳	1	䮾	3	
𩦴	1	𩦂	3	
𩦵	1	麢	3	
𩦶	2	𧈜&𩦶	0	𩦶
𩦷	1	驖	1	驖
𩦸	1	驥	1	驥
𩦹	0	𩦹	0	𩦹
𩦺	1	𩥃	1	𩥃
𩦻	3	驘&騾	1	騾
𩦼	1	駱	1	駱
𩦽	1	駘	1	駘
𩦾	1	驃	1	驃
𩦿	1	驞	1	驞
𩧀	1	驖	1	驖
𩧁	1	驟	1	驟
𩧂	0	𩧂	0	𩧂
𩧃	1	𩢾	1	𩢾
𩧄	0	𩧄	0	𩧄
𩧅	0	𩧅	0	𩧅
𩧆	0	𩧆	0	𩧆
𩧇	0	𩧇	0	𩧇
𩧈	1	䮷	1	䮷
𩧉	0	𩧉	0	𩧉
𩧊	0	𩧊	0	𩧊
𩧋	2	𩧋&𩦄	1	𩦄
𩧎	1	驨	1	驨
𩧏	2	䮤&𩧏	1	䮤
𩧐	2	馲&𩧐	0	𩧐
𩧑	1	䮾	3	
𩧔	2	騰&𩧔	1	騰
𩧕	1	輷	1	輷
𩧖	1	騰	1	騰
𩧘	0	𩧘	0	𩧘
𩧙	1	驃	1	驃
𩧚	3	豞&𩢳	1	𩢳
𩧛	1	驧	1	驧
𩧝	1	𩥇	3	
𩧞	1	𩧋	3	
𩧠	1	𩦄	1	𩦄
𩧡	0	𩧡	0	𩧡
𩧢	1	騁	1	騁
𩧣	3	䯁&騾	1	騾
𩧤	1	驔	1	驔
𩧥	1	驢	1	驢
𩧦	1	𩡺	3	
𩧨	1	駎	3	
𩧩	1	𩤊	3	
𩧪	1	䮾	3	
𩧫	1	駚	3	
𩧬	1	𩢡	3	
𩧭	1	䭿	3	
𩧮	1	𩢾	3	
𩧯	1	驋	3	
𩧰	1	䮝	3	
𩧱	1	𩥉	3	
𩧲	1	駧	3	
𩧳	1	𩢸	3	
𩧴	1	駩	3	
𩧵	1	𩢴	3	
𩧶	1	𩣏	3	
𩧺	1	駶	3	
𩧻	1	𩣵	3	
𩧼	1	𩣺	3	
𩧿	1	䮠	3	
𩨀	1	𩢛	3	
𩨁	1	䮞	3	
𩨂	1	驄	3	
𩨃	1	騝	3	
𩨄	1	騪	3	
𩨅	1	衛	3	
𩨆	1	𩤙	3	
𩨇	1	䮫	3	
𩨈	1	騟	3	
𩨉	1	𩤲	3	
𩨊	1	騚	3	
𩨋	1	顛	3	
𩨌	1	𩥑	3	
𩨍	1	𩥇	3	
𩨎	1	龭	3	
𩨏	1	蕃	3	
𩨐	1	𩧆	3	
𩨑	0	𩨑	0	𩨑
𩨒	3	肌&骫	1	肌
𩨔	1	尳	3	
𩨕	1	𩨠	1	𩨠
𩨖	1	骫	1	骫
𩨗	1	骬	1	骬
𩨘	1	肐	1	肐
𩨛	1	䯔	1	䯔
𩨜	0	𩨜	0	𩨜
𩨝	1	跂	1	跂
𩨞	0	𩨞	0	𩨞
𩨟	1	骹	1	骹
𩨠	0	𩨠	0	𩨠
𩨡	0	𩨡	0	𩨡
𩨢	1	骱	1	骱
𩨣	1	肪	1	肪
𩨤	1	骶	1	骶
𩨦	1	骱	1	骱
𩨧	1	骱	1	骱
𩨨	1	骴	3	
𩨪	1	骱	3	
𩨬	0	𩨬	0	𩨬
𩨭	0	𩨭	0	𩨭
𩨮	0	𩨮	0	𩨮
𩨯	0	𩨯	0	𩨯
𩨰	1	胅	1	胅
𩨱	1	骴	1	骴
𩨲	0	𩨲	0	𩨲
𩨳	2	窟&𩨳	2	窟&𩨳
𩨴	2	𩨴&䯚	1	䯚
𩨵	3	肢&胑	1	肢
𩨶	1	骱	1	骱
𩨷	1	𩨭	1	𩨭
𩨸	1	𩨳	1	𩨳
𩨹	1	胛	3	
𩨺	1	骯	1	骯
𩨽	0	𩨽	0	𩨽
𩨾	0	𩨾	0	𩨾
𩨿	1	脢	1	脢
𩩀	1	腦	1	腦
𩩁	1	䯈	1	䯈
𩩂	1	頷	1	頷
𩩃	3	幹&骭	1	骭
𩩆	1	𩨭	1	𩨭
𩩈	1	䯤	3	
𩩉	1	髇	1	髇
𩩊	1	頷	1	頷
𩩋	2	脛&𩩋	2	脛&𩩋
𩩌	1	鯀	1	鯀
𩩍	0	𩩍	0	𩩍
𩩎	1	䯏	1	䯏
𩩏	1	骸	1	骸
𩩐	1	䯚	3	
𩩓	1	䯚	1	䯚
𩩕	1	䯘	1	䯘
𩩗	0	𩩗	0	𩩗
𩩘	1	𩩦	1	𩩦
𩩙	1	髀	1	髀
𩩚	1	髀	1	髀
𩩛	0	𩩛	0	𩩛
𩩜	1	髓	1	髓
𩩝	0	𩩝	0	𩩝
𩩞	0	𩩞	0	𩩞
𩩟	0	𩩟	0	𩩟
𩩠	0	𩩠	0	𩩠
𩩡	0	𩩡	0	𩩡
𩩢	0	𩩢	0	𩩢
𩩣	3	𩨴&䯚	1	䯚
𩩦	0	𩩦	0	𩩦
𩩭	1	㾪	1	㾪
𩩮	2	𩪉&𩩮	0	𩩮
𩩯	0	𩩯	0	𩩯
𩩰	3	骸&𦝨	3	骸&𦝨
𩩱	1	髂	1	髂
𩩲	0	𩩲	0	𩩲
𩩳	0	𩩳	0	𩩳
𩩴	0	𩩴	0	𩩴
𩩵	1	骺	1	骺
𩩶	1	饜	1	饜
𩩸	1	勒	1	勒
𩩹	1	骾	1	骾
𩩼	1	䯚	3	
𩩽	1	骺	1	骺
𩩾	1	䯌	1	䯌
𩪀	2	椎&𩪀	0	𩪀
𩪁	0	𩪁	0	𩪁
𩪂	0	𩪂	0	𩪂
𩪃	0	𩪃	0	𩪃
𩪄	1	髓	1	髓
𩪅	1	髀	1	髀
𩪆	1	體	1	體
𩪈	1	鎖	3	
𩪉	2	𩪉&𩔴	1	𩔴
𩪊	0	𩪊	0	𩪊
𩪋	2	𩪋&螯	1	螯
𩪌	0	𩪌	0	𩪌
𩪍	2	軀&𩪍	2	軀&𩪍
𩪎	0	𩪎	0	𩪎
𩪏	1	髓	1	髓
𩪐	1	膕	1	膕
𩪑	2	鎖&𩪑	2	鎖&𩪑
𩪒	1	髊	1	髊
𩪔	1	𩪡	3	
𩪕	3	𩪋&螯	1	螯
𩪖	1	髀	3	
𩪗	0	𩪗	0	𩪗
𩪘	2	膧&𩪘	0	𩪘
𩪙	3	𩪟&臆	1	臆
𩪚	1	髎	1	髎
𩪛	0	𩪛	0	𩪛
𩪜	1	𩪗	1	𩪗
𩪝	1	髒	3	
𩪟	0	𩪟	3	
𩪠	1	膺	1	膺
𩪡	2	𩪡&臀	1	臀
𩪢	0	𩪢	0	𩪢
𩪣	1	臆	1	臆
𩪤	0	𩪤	0	𩪤
𩪥	1	䯍	1	䯍
𩪦	1	髓	1	髓
𩪧	0	𩪧	0	𩪧
𩪨	3	𩪋&螯	1	螯
𩪩	3	𩪟&臆	1	臆
𩪪	1	𩩳	1	𩩳
𩪫	1	𩪤	1	𩪤
𩪬	1	臁	3	
𩪭	0	𩪭	0	𩪭
𩪮	2	髍&𩪮	2	髍&𩪮
𩪯	1	髕	3	
𩪰	1	臑	3	
𩪱	1	臐	3	
𩪲	2	𩪲&䶤	1	䶤
𩪳	1	髊	1	髊
𩪴	1	饜	3	
𩪷	1	髓	1	髓
𩪸	0	𩪸	0	𩪸
𩪹	1	䯣	1	䯣
𩪻	1	䯦	1	䯦
𩪼	1	顴	1	顴
𩪾	2	癵&𩪾	0	𩪾
𩪿	1	孰	1	孰
𩫀	0	𩫀	0	𩫀
𩫁	0	𩫁	0	𩫁
𩫂	2	囂&𩫂	0	𩫂
𩫃	3	𩫖&郭&墉	3	郭&墉
𩫈	1	敲	3	
𩫉	1	翯	1	翯
𩫊	1	塔	1	塔
𩫋	1	敲	3	
𩫎	2	𩫎&豪	1	豪
𩫏	3	𩫖&郭	1	郭
𩫒	1	𩫎	3	
𩫓	1	槁	3	
𩫕	1	豪	1	豪
𩫖	2	𩫖&郭&𩫗	3	郭&𩫗
𩫗	2	郭&𩫗	0	𩫗
𩫚	2	𩫚&豪	1	豪
𩫞	3	𩫚&豪	1	豪
𩫠	0	𩫠	0	𩫠
𩫥	0	𩫥	0	𩫥
𩫦	1	髞	1	髞
𩫧	2	𩫧&垣	1	垣
𩫨	1	城	1	城
𩫩	1	郭	1	郭
𩫪	1	陴	1	陴
𩫫	1	陴	1	陴
𩫭	1	堵	1	堵
𩫮	1	陴	1	陴
𩫯	1	博	1	博
𩫰	1	樓	1	樓
𩫱	1	墉	1	墉
𩫳	1	囂	1	囂
𩫴	1	𩬜	1	𩬜
𩫷	1	髦	1	髦
𩫹	1	𩫿	1	𩫿
𩫺	1	𩬷	1	𩬷
𩫽	1	聖	1	聖
𩫿	2	𩫿&鬇	1	鬇
𩬀	0	𩬀	0	𩬀
𩬁	1	髺	1	髺
𩬂	1	𩯰	3	
𩬃	1	髮	1	髮
𩬄	1	𩯰	1	𩯰
𩬆	1	鬢	3	
𩬇	1	髮	3	
𩬈	1	髲	3	
𩬉	1	䯰	1	䯰
𩬊	1	髮	1	髮
𩬋	1	䯱	1	䯱
𩬌	1	髡	3	
𩬏	0	𩬏	0	𩬏
𩬐	2	𩬐&䯰	0	𩬐
𩬑	0	𩬑	0	𩬑
𩬒	3	𩫿&鬇	1	𩫿
𩬓	3	𩫿&鬇	1	𩫿
𩬔	0	𩬔	0	𩬔
𩬕	1	髮	1	髮
𩬖	0	𩬖	0	𩬖
𩬗	1	𨱧	1	𨱧
𩬘	1	𩯨	1	𩯨
𩬙	0	𩬙	0	𩬙
𩬚	0	𩬚	0	𩬚
𩬛	0	𩬛	0	𩬛
𩬜	0	𩬜	0	𩬜
𩬝	2	仿&髣&𩬝	2	仿&髣&𩬝
𩬞	0	𩬞	0	𩬞
𩬟	0	𩬟	0	𩬟
𩬠	0	𩬠	0	𩬠
𩬡	3	嗟&䦈	1	嗟
𩬢	1	𩬷	1	𩬷
𩬣	1	𩭙	3	
𩬤	1	𩰀	3	
𩬥	1	髯	3	
𩬩	1	髻	3	
𩬬	1	𩮗	3	
𩬮	1	𩭗	3	
𩬯	1	𩯨	3	
𩬰	1	𩬛	1	𩬛
𩬱	0	𩬱	0	𩬱
𩬲	1	鬄	1	鬄
𩬳	0	𩬳	0	𩬳
𩬴	3	髬&䯱	1	髬
𩬵	0	𩬵	0	𩬵
𩬶	2	肆&𩬶	1	肆
𩬷	0	𩬷	0	𩬷
𩬸	0	𩬸	0	𩬸
𩬹	0	𩬹	0	𩬹
𩬺	0	𩬺	0	𩬺
𩬻	0	𩬻	0	𩬻
𩬼	3	𩭤&𩮰	1	𩮰
𩬽	0	𩬽	0	𩬽
𩬾	1	𩭯	3	
𩬿	1	髮	3	
𩭀	1	鬌	3	
𩭃	1	髽	1	髽
𩭄	1	䰂	3	
𩭅	1	翳	3	
𩭇	0	𩭇	0	𩭇
𩭈	1	鬘	1	鬘
𩭉	1	髼	1	髼
𩭊	0	𩭊	0	𩭊
𩭋	0	𩭋	0	𩭋
𩭌	0	𩭌	0	𩭌
𩭍	1	䯽	1	䯽
𩭎	2	𩭎&鬉	0	𩭎
𩭏	0	𩭏	0	𩭏
𩭐	0	𩭐	0	𩭐
𩭑	1	䦊	1	䦊
𩭒	0	𩭒	0	𩭒
𩭓	0	𩭓	0	𩭓
𩭔	1	仿	3	
𩭗	0	𩭗	3	
𩭘	1	髹	1	髹
𩭙	0	𩭙	3	
𩭚	1	𩬽	1	𩬽
𩭝	1	騀	1	騀
𩭞	3	肆&𨽸	1	𨽸
𩭟	0	𩭟	0	𩭟
𩭠	2	𩭠&鬜	2	𩭠&鬜
𩭡	0	𩭡	0	𩭡
𩭢	0	𩭢	0	𩭢
𩭣	0	𩭣	0	𩭣
𩭤	2	𩭤&鬉	1	鬉
𩭥	0	𩭥	0	𩭥
𩭦	1	鬌	1	鬌
𩭧	2	𩭧&𨲋	1	𨲋
𩭨	2	鬈&𩭨	0	𩭨
𩭩	0	𩭩	0	𩭩
𩭪	1	镼	1	镼
𩭫	0	𩭫	0	𩭫
𩭯	0	𩭯	3	
𩭰	1	鬐	3	
𩭱	1	鬊	3	
𩭵	1	綰	3	
𩭷	0	𩭷	0	𩭷
𩭸	1	䯽	1	䯽
𩭹	1	鬖	3	
𩭺	0	𩭺	0	𩭺
𩭻	1	䭮	1	䭮
𩭼	1	𩬽	1	𩬽
𩭽	2	𩭽&𩮠	0	𩭽
𩭾	2	髦&𩭾	0	𩭾
𩭿	0	𩭿	0	𩭿
𩮀	2	總&鬆&騣&鬉&𩮀	0	𩮀
𩮁	3	𩮝&鬜	3	𩮝&鬜
𩮂	1	𩮝	1	𩮝
𩮃	1	𩮶	1	𩮶
𩮄	0	𩮄	0	𩮄
𩮅	0	𩮅	0	𩮅
𩮆	1	𩮜	1	𩮜
𩮇	1	䰓	1	䰓
𩮈	1	𩭓	1	𩭓
𩮉	1	鬘	1	鬘
𩮊	1	鬣	3	
𩮒	1	鬘	1	鬘
𩮓	1	鬣	3	
𩮖	0	𩮖	0	𩮖
𩮗	2	𩮗&䰃	1	䰃
𩮘	0	𩮘	0	𩮘
𩮙	2	髶&𩮙	1	髶
𩮚	0	𩮚	0	𩮚
𩮛	0	𩮛	0	𩮛
𩮜	2	剃&𩮜	0	𩮜
𩮝	0	𩮝	0	𩮝
𩮞	2	𩭇&𩮞	0	𩮞
𩮟	0	𩮟	0	𩮟
𩮠	0	𩮠	0	𩮠
𩮡	1	䰒	1	䰒
𩮢	1	髽	1	髽
𩮣	1	鬋	1	鬋
𩮥	1	髹	3	
𩮦	1	鬊	1	鬊
𩮪	1	𩮀	3	
𩮬	1	蓊	3	
𩮮	2	鬣&𩮮	0	𩮮
𩮯	0	𩮯	0	𩮯
𩮰	2	𩮀&𩮰	1	𩮀
𩮱	0	𩮱	0	𩮱
𩮲	1	鏟	1	鏟
𩮳	2	顠&𩮳	0	𩮳
𩮴	0	𩮴	0	𩮴
𩮵	0	𩮵	0	𩮵
𩮶	0	𩮶	0	𩮶
𩮷	0	𩮷	0	𩮷
𩮸	1	𩮶	1	𩮶
𩮹	0	𩮹	0	𩮹
𩮺	1	鬘	1	鬘
𩮻	1	鬣	3	
𩮽	1	𩯏	1	𩯏
𩮾	1	𩮵	1	𩮵
𩯁	0	𩯁	3	
𩯃	0	𩯃	0	𩯃
𩯄	0	𩯄	0	𩯄
𩯅	1	𩭺	1	𩭺
𩯆	0	𩯆	0	𩯆
𩯇	0	𩯇	0	𩯇
𩯈	0	𩯈	0	𩯈
𩯉	2	撮&𩯉	0	𩯉
𩯊	2	镽&𩯊	0	𩯊
𩯋	0	𩯋	0	𩯋
𩯌	0	𩯌	0	𩯌
𩯍	0	𩯍	0	𩯍
𩯎	1	鬇	1	鬇
𩯏	0	𩯏	0	𩯏
𩯐	1	鬊	1	鬊
𩯑	2	𩯑&鬖	1	鬖
𩯒	1	䰖	3	
𩯗	1	黳	3	
𩯘	1	𨲭	3	
𩯙	1	鬟	3	
𩯚	1	鬌	1	鬌
𩯛	0	𩯛	0	𩯛
𩯜	0	𩯜	0	𩯜
𩯝	1	鬣	1	鬣
𩯞	0	𩯞	0	𩯞
𩯟	3	𩯑&鬖	1	鬖
𩯠	3	鬘&䰓	1	鬘
𩯡	1	鬣	3	
𩯢	1	䭮	3	
𩯣	1	鬉	3	
𩯤	1	氈	1	氈
𩯦	2	䯾&𩯦	1	䯾
𩯧	1	𩮳	1	𩮳
𩯨	0	𩯨	0	𩯨
𩯩	1	鬇	1	鬇
𩯭	1	鬢	1	鬢
𩯮	1	鬗	3	
𩯰	0	𩯰	0	𩯰
𩯱	1	㲫	1	㲫
𩯲	0	𩯲	0	𩯲
𩯳	1	䰖	1	䰖
𩯶	1	𩯰	3	
𩯷	1	𩯰	3	
𩯸	1	䰈	1	䰈
𩯺	0	𩯺	0	𩯺
𩯻	1	鬣	1	鬣
𩯾	1	鬞	3	
𩯿	1	䰎	1	䰎
𩰀	0	𩰀	3	
𩰁	1	𩯰	1	𩯰
𩰂	1	𩬔	1	𩬔
𩰃	0	𩰃	0	𩰃
𩰅	1	鬇	1	鬇
𩰆	1	鬣	1	鬣
𩰇	2	𩰇&䭮	0	𩰇
𩰉	0	𩰉	0	𩰉
𩰊	1	丮	3	
𩰋	1	𠨭	1	𠨭
𩰌	0	𩰌	0	𩰌
𩰍	0	𩰍	0	𩰍
𩰎	0	𩰎	0	𩰎
𩰏	1	𩰟	1	𩰟
𩰐	1	𩰞	1	𩰞
𩰑	1	鬥	1	鬥
𩰒	1	鬥	1	鬥
𩰓	1	鬨	1	鬨
𩰔	1	琴	1	琴
𩰕	1	鬩	1	鬩
𩰖	3	鬬&鬥	1	鬥
𩰗	1	𩰝	1	𩰝
𩰘	1	鬮	3	
𩰙	1	闟	1	闟
𩰚	3	鬬&鬥	1	鬥
𩰛	1	鬬	3	
𩰜	1	𩰟	1	𩰟
𩰝	0	𩰝	0	𩰝
𩰞	0	𩰞	0	𩰞
𩰟	0	𩰟	0	𩰟
𩰠	1	糈	1	糈
𩰡	2	𩰡&𩰢	0	𩰡
𩰢	0	𩰢	0	𩰢
𩰣	1	爵	1	爵
𩰤	1	秬	1	秬
𩰥	1	爵	1	爵
𩰦	1	爵	1	爵
𩰧	1	爵	1	爵
𩰨	1	爵	1	爵
𩰪	2	鬱&𩰪	0	𩰪
𩰫	0	𩰫	0	𩰫
𩰬	3	咼&𩰫	3	咼&𩰫
𩰭	1	鍋	1	鍋
𩰮	1	𩰫	1	𩰫
𩰯	3	糊&𩱍	1	糊
𩰰	1	𩰹	3	
𩰱	1	鬺	1	鬺
𩰲	1	鬲	1	鬲
𩰳	0	𩰳	0	𩰳
𩰴	1	胹	1	胹
𩰵	1	垣	1	垣
𩰶	0	𩰶	0	𩰶
𩰷	1	鬷	1	鬷
𩰹	0	𩰹	0	𩰹
𩰺	1	鬷	1	鬷
𩰼	1	鬷	1	鬷
𩰾	2	沸&𩰾	1	沸
𩰿	1	鬵	1	鬵
𩱀	3	𩱋&鬺	1	鬺
𩱁	1	羹	1	羹
𩱂	1	𩱦	3	
𩱃	1	䭈	1	䭈
𩱄	2	腝&𩱄	2	腝&𩱄
𩱅	1	鬷	1	鬷
𩱇	2	鬲&𩱇	2	鬲&𩱇
𩱈	3	炒&𩱦	1	𩱦
𩱉	3	釜&鬲	1	釜
𩱊	1	𩱄	1	𩱄
𩱋	2	𩱋&羹	1	羹
𩱌	1	鬻	1	鬻
𩱍	2	糊&𩱍	0	𩱍
𩱎	1	𩰾	1	𩰾
𩱏	2	熬&𩱏	0	𩱏
𩱐	1	鬺	1	鬺
𩱑	3	䵼&鬺	1	鬺
𩱒	3	糊&𩱍	1	𩱍
𩱓	2	餌&𩱓	1	餌
𩱔	1	鬲	1	鬲
𩱕	1	鬵	3	
𩱖	1	餗	1	餗
𩱗	1	醯	1	醯
𩱘	0	𩱘	0	𩱘
𩱙	2	鬻&𩱙	0	𩱙
𩱚	0	𩱚	0	𩱚
𩱛	1	鬷	1	鬷
𩱜	0	𩱜	0	𩱜
𩱝	1	𩱘	1	𩱘
𩱟	3	粥&𩱙	1	粥
𩱠	1	鬵	1	鬵
𩱡	3	餰&䭈	1	䭈
𩱢	3	𩱱&𩱙	1	𩱙
𩱣	1	𩰾	1	𩰾
𩱤	1	䭈	1	䭈
𩱥	1	𩱳	1	𩱳
𩱦	2	炒&𩱦	0	𩱦
𩱧	1	羹	1	羹
𩱨	1	𩱜	1	𩱜
𩱩	1	鬵	1	鬵
𩱫	2	餗&𩱫	2	餗&𩱫
𩱬	1	淋	1	淋
𩱭	1	甑	1	甑
𩱮	1	𩱜	3	
𩱯	3	饘&𩱙	3	饘&𩱙
𩱰	1	煮	1	煮
𩱱	2	𩱱&鬻&𩱙	3	鬻&𩱙
𩱲	2	瀹&𩱲	0	𩱲
𩱳	2	齋&𩱳	0	𩱳
𩱴	0	𩱴	0	𩱴
𩱵	1	粖	1	粖
𩱶	1	𩱲	3	
𩱷	1	粖	1	粖
𩱸	1	粖	1	粖
𩱹	3	魅&魑	1	魑
𩱺	0	𩱺	0	𩱺
𩱻	1	鬼	3	
𩱽	1	𩲄	1	𩲄
𩱾	0	𩱾	0	𩱾
𩱿	3	魂&魅	1	魅
𩲀	1	魅	1	魅
𩲁	0	𩲁	0	𩲁
𩲂	1	𩱺	1	𩱺
𩲃	0	𩲃	0	𩲃
𩲄	0	𩲄	0	𩲄
𩲅	1	魁	1	魁
𩲆	1	鬽	3	
𩲈	1	魅	1	魅
𩲉	1	魅	3	
𩲊	0	𩲊	0	𩲊
𩲋	0	𩲋	0	𩲋
𩲌	0	𩲌	0	𩲌
𩲍	0	𩲍	0	𩲍
𩲎	0	𩲎	0	𩲎
𩲏	0	𩲏	0	𩲏
𩲐	1	魅	1	魅
𩲑	1	魅	1	魅
𩲒	1	𩳤	3	
𩲔	1	魁	1	魁
𩲘	1	耄	1	耄
𩲙	1	魁	1	魁
𩲚	1	鬼	1	鬼
𩲛	1	魍	1	魍
𩲜	1	𩲏	1	𩲏
𩲝	1	魅	1	魅
𩲞	1	鬼	1	鬼
𩲡	1	鬼	1	鬼
𩲢	0	𩲢	0	𩲢
𩲣	1	𩲳	1	𩲳
𩲥	1	䰡	1	䰡
𩲦	0	𩲦	0	𩲦
𩲧	0	𩲧	0	𩲧
𩲨	0	𩲨	0	𩲨
𩲩	0	𩲩	0	𩲩
𩲪	0	𩲪	0	𩲪
𩲫	1	䰡	1	䰡
𩲬	0	𩲬	0	𩲬
𩲳	0	𩲳	0	𩲳
𩲶	1	魑	1	魑
𩲸	1	魄	3	
𩲹	0	𩲹	0	𩲹
𩲺	1	𩴳	3	
𩲻	0	𩲻	0	𩲻
𩲼	1	䰧	1	䰧
𩲽	2	聭&𩲽	0	𩲽
𩲾	0	𩲾	0	𩲾
𩲿	1	魅	1	魅
𩳀	1	魑	1	魑
𩳁	2	䰡&𩳁	0	𩳁
𩳂	1	䰡	1	䰡
𩳃	1	𩴇	3	
𩳅	0	𩳅	0	𩳅
𩳆	0	𩳆	0	𩳆
𩳇	0	𩳇	0	𩳇
𩳈	0	𩳈	0	𩳈
𩳉	1	鬼	1	鬼
𩳋	2	𩳋&𩴳	0	𩳋
𩳌	0	𩳌	0	𩳌
𩳍	0	𩳍	0	𩳍
𩳎	0	𩳎	0	𩳎
𩳏	0	𩳏	0	𩳏
𩳐	0	𩳐	0	𩳐
𩳑	1	𩴑	1	𩴑
𩳒	0	𩳒	0	𩳒
𩳓	0	𩳓	0	𩳓
𩳔	0	𩳔	0	𩳔
𩳕	0	𩳕	0	𩳕
𩳖	3	䫏&𩳵	1	𩳵
𩳘	1	𩴳	1	𩴳
𩳙	3	𩴇&𩴳	1	𩴳
𩳜	1	醜	3	
𩳝	0	𩳝	0	𩳝
𩳞	1	魅	3	
𩳟	1	魅	1	魅
𩳠	1	魊	1	魊
𩳡	2	𩳡&𩴐	0	𩳡
𩳢	0	𩳢	0	𩳢
𩳣	1	鬾	1	鬾
𩳤	0	𩳤	0	𩳤
𩳥	0	𩳥	0	𩳥
𩳦	3	魑&䰡	1	䰡
𩳧	0	𩳧	0	𩳧
𩳨	0	𩳨	0	𩳨
𩳩	1	魑	1	魑
𩳪	1	魅	1	魅
𩳫	1	𩴯	3	
𩳭	1	魁	1	魁
𩳮	1	魎	1	魎
𩳯	0	𩳯	0	𩳯
𩳰	1	䰧	1	䰧
𩳱	1	䰠	1	䰠
𩳲	0	𩳲	0	𩳲
𩳵	0	𩳵	0	𩳵
𩳶	0	𩳶	0	𩳶
𩳷	1	𩏐	1	𩏐
𩳸	0	𩳸	0	𩳸
𩳹	1	鬼	1	鬼
𩳺	3	魗&醜	1	醜
𩳻	1	尬	3	
𩴀	0	𩴀	0	𩴀
𩴃	0	𩴃	0	𩴃
𩴆	1	𩴪	1	𩴪
𩴇	2	𩴇&𩴳	1	𩴳
𩴈	1	魅	1	魅
𩴉	0	𩴉	0	𩴉
𩴊	1	𩴑	1	𩴑
𩴋	1	䰠	1	䰠
𩴌	1	𩴵	3	
𩴍	0	𩴍	0	𩴍
𩴎	1	魅	1	魅
𩴐	0	𩴐	0	𩴐
𩴑	0	𩴑	0	𩴑
𩴒	0	𩴒	0	𩴒
𩴓	0	𩴓	0	𩴓
𩴔	1	𩳐	1	𩳐
𩴕	1	魙	1	魙
𩴗	1	𩴓	3	
𩴘	0	𩴘	0	𩴘
𩴙	0	𩴙	0	𩴙
𩴛	3	虚&魖	1	魖
𩴜	0	𩴜	0	𩴜
𩴝	0	𩴝	0	𩴝
𩴞	0	𩴞	0	𩴞
𩴟	1	䰩	1	䰩
𩴠	0	𩴠	0	𩴠
𩴡	0	𩴡	0	𩴡
𩴢	1	䰬	1	䰬
𩴣	0	𩴣	0	𩴣
𩴤	0	𩴤	0	𩴤
𩴥	1	魖	3	
𩴨	0	𩴨	0	𩴨
𩴩	0	𩴩	0	𩴩
𩴪	0	𩴪	0	𩴪
𩴭	1	魑	1	魑
𩴮	0	𩴮	0	𩴮
𩴯	0	𩴯	0	𩴯
𩴱	0	𩴱	0	𩴱
𩴲	0	𩴲	0	𩴲
𩴳	0	𩴳	0	𩴳
𩴴	1	𩴓	1	𩴓
𩴵	0	𩴵	3	
𩴶	1	䰰	1	䰰
𩴷	1	䰯	1	䰯
𩴸	1	𩴱	1	𩴱
𩴺	0	𩴺	0	𩴺
𩴻	0	𩴻	0	𩴻
𩴿	1	鬼	1	鬼
𩵀	0	𩵀	0	𩵀
𩵁	1	𩵀	1	𩵀
𩵂	1	𩵀	1	𩵀
𩵄	0	𩵄	0	𩵄
𩵅	0	𩵅	0	𩵅
𩵇	0	𩵇	0	𩵇
𩵈	2	𩵈&𩵅	0	𩵈
𩵊	0	𩵊	0	𩵊
𩵋	1	魚	1	魚
𩵌	1	鰷	1	鰷
𩵍	2	𩵍&鯄	0	𩵍
𩵎	3	漁&篽	3	漁&篽
𩵏	0	𩵏	0	𩵏
𩵐	1	𩺲	1	𩺲
𩵑	0	𩵑	0	𩵑
𩵒	1	䰾	3	
𩵔	1	鮀	1	鮀
𩵕	0	𩵕	0	𩵕
𩵖	0	𩵖	0	𩵖
𩵗	0	𩵗	0	𩵗
𩵚	0	𩵚	3	
𩵛	0	𩵛	0	𩵛
𩵠	0	𩵠	0	𩵠
𩵡	2	魤&𩵡	1	魤
𩵢	0	𩵢	0	𩵢
𩵣	0	𩵣	0	𩵣
𩵤	1	𩷍	1	𩷍
𩵥	0	𩵥	0	𩵥
𩵦	0	𩵦	0	𩵦
𩵧	1	鯕	1	鯕
𩵨	1	魫	1	魫
𩵩	0	𩵩	0	𩵩
𩵪	1	鱀	1	鱀
𩵫	2	魫&𩵫	0	𩵫
𩵬	2	斛&𩵬	0	𩵬
𩵭	0	𩵭	0	𩵭
𩵮	3	鯊&魦	3	鯊&魦
𩵯	1	魱	1	魱
𩵰	3	焦&燋	3	焦&燋
𩵱	0	𩵱	0	𩵱
𩵶	1	魭	1	魭
𩵷	3	魱&𩶅	1	𩶅
𩵸	1	魧	1	魧
𩵹	0	𩵹	0	𩵹
𩵺	0	𩵺	3	
𩵻	1	鮈	3	
𩶀	0	𩶀	0	𩶀
𩶁	0	𩶁	0	𩶁
𩶂	0	𩶂	0	𩶂
𩶃	1	䱏	1	䱏
𩶄	0	𩶄	0	𩶄
𩶅	0	𩶅	0	𩶅
𩶆	2	鮆&𩶆	1	鮆
𩶇	0	𩶇	0	𩶇
𩶈	0	𩶈	0	𩶈
𩶉	1	鯆	1	鯆
𩶊	1	鰥	1	鰥
𩶋	1	䱕	1	䱕
𩶌	1	𪗨	1	𪗨
𩶍	1	鱷	1	鱷
𩶎	0	𩶎	0	𩶎
𩶑	1	魯	1	魯
𩶖	0	𩶖	0	𩶖
𩶘	0	𩶘	3	
𩶚	1	䰽	1	䰽
𩶜	0	𩶜	3	
𩶞	0	𩶞	0	𩶞
𩶠	1	鮰	3	
𩶡	0	𩶡	3	
𩶢	0	𩶢	0	𩶢
𩶣	2	鯛&𩶣	2	鯛&𩶣
𩶤	0	𩶤	0	𩶤
𩶥	0	𩶥	0	𩶥
𩶦	2	𩶜&𩶦	0	𩶦
𩶧	2	鯦&𩶧	0	𩶧
𩶨	1	魾	1	魾
𩶩	0	𩶩	0	𩶩
𩶪	1	𩶅	1	𩶅
𩶫	1	鮞	1	鮞
𩶬	1	鰣	1	鰣
𩶭	1	鯃	1	鯃
𩶮	1	鮬	1	鮬
𩶯	0	𩶯	0	𩶯
𩶰	0	𩶰	0	𩶰
𩶱	2	𩶱&䖳	1	䖳
𩶶	0	𩶶	0	𩶶
𩶽	1	鮤	1	鮤
𩶿	2	𩶧&𩶿	1	𩶧
𩷁	0	𩷁	3	
𩷂	0	𩷂	0	𩷂
𩷃	1	鰠	1	鰠
𩷅	1	鱂	3	
𩷋	2	鱧&𩷋	2	鱧&𩷋
𩷌	0	𩷌	0	𩷌
𩷍	0	𩷍	0	𩷍
𩷎	0	𩷎	0	𩷎
𩷏	0	𩷏	0	𩷏
𩷐	0	𩷐	0	𩷐
𩷑	1	鰋	1	鰋
𩷒	1	䰼	1	䰼
𩷓	0	𩷓	0	𩷓
𩷔	3	解&𩺵	1	𩺵
𩷕	0	𩷕	0	𩷕
𩷖	0	𩷖	0	𩷖
𩷗	0	𩷗	0	𩷗
𩷘	0	𩷘	0	𩷘
𩷙	2	蚌&䰷&𩷙	2	蚌&𩷙
𩷚	0	𩷚	0	𩷚
𩷜	1	鱷	1	鱷
𩷪	1	鯢	3	
𩷬	1	𩷗	1	𩷗
𩷮	3	𩶡&𩶶	1	𩶶
𩷯	0	𩷯	3	
𩷰	0	𩷰	3	
𩷱	1	鱀	1	鱀
𩷴	2	𩷁&𩷴	0	𩷴
𩷵	0	𩷵	0	𩷵
𩷷	1	䲊	1	䲊
𩷸	1	魴	1	魴
𩷹	2	罩&𩷹	2	罩&𩷹
𩷺	1	鮒	1	鮒
𩷻	0	𩷻	0	𩷻
𩷼	0	𩷼	0	𩷼
𩷽	0	𩷽	0	𩷽
𩷾	1	鮨	1	鮨
𩷿	1	鮀	1	鮀
𩸀	0	𩸀	0	𩸀
𩸁	0	𩸁	0	𩸁
𩸂	0	𩸂	0	𩸂
𩸃	0	𩸃	0	𩸃
𩸄	0	𩸄	0	𩸄
𩸅	1	鮒	1	鮒
𩸆	0	𩸆	0	𩸆
𩸇	2	𩸋&𩸇	2	𩸋&𩸇
𩸈	1	𩹑	1	𩹑
𩸉	1	鮍	1	鮍
𩸊	1	鮊	1	鮊
𩸋	0	𩸋	0	𩸋
𩸌	1	魦	1	魦
𩸍	0	𩸍	0	𩸍
𩸎	0	𩸎	0	𩸎
𩸏	1	鰈	1	鰈
𩸐	0	𩸐	0	𩸐
𩸑	1	䱹	3	
𩸟	0	𩸟	0	𩸟
𩸠	1	䱬	1	䱬
𩸡	0	𩸡	3	
𩸢	1	鯬	1	鯬
𩸣	0	𩸣	3	
𩸤	0	𩸤	3	
𩸥	2	燄&𩸥	0	𩸥
𩸦	0	𩸦	3	
𩸧	0	𩸧	0	𩸧
𩸨	0	𩸨	0	𩸨
𩸩	1	鯇	3	
𩸬	0	𩸬	3	
𩸹	0	𩸹	0	𩸹
𩸻	1	鮀	3	
𩸼	1	鮡	1	鮡
𩸾	0	𩸾	0	𩸾
𩸿	1	鱍	1	鱍
𩹀	0	𩹀	0	𩹀
𩹁	2	鮩&𩹁	1	鮩
𩹂	0	𩹂	0	𩹂
𩹃	1	䱮	1	䱮
𩹄	2	鱷&𩹄	0	𩹄
𩹅	0	𩹅	0	𩹅
𩹆	1	䱠	1	䱠
𩹇	1	䱓	1	䱓
𩹈	0	𩹈	0	𩹈
𩹉	0	𩹉	0	𩹉
𩹊	0	𩹊	0	𩹊
𩹋	1	䱱	1	䱱
𩹌	1	鰥	1	鰥
𩹍	0	𩹍	0	𩹍
𩹎	0	𩹎	0	𩹎
𩹏	1	鮊	1	鮊
𩹐	1	鯁	1	鯁
𩹑	0	𩹑	0	𩹑
𩹒	1	鮤	1	鮤
𩹓	1	鱬	3	
𩹔	1	䱸	3	
𩹕	1	𩹿	3	
𩹝	0	𩹝	3	
𩹟	1	䱞	3	
𩹠	1	鯂	3	
𩹡	0	𩹡	3	
𩹢	0	𩹢	0	𩹢
𩹣	1	鮡	3	
𩹤	1	鰍	3	
𩹦	1	䱹	3	
𩹧	1	鰺	3	
𩹨	1	蝦	3	
𩹱	0	𩹱	0	𩹱
𩹲	1	鯆	1	鯆
𩹳	2	𧎫&𩹳&䲃	2	𧎫&𩹳
𩹴	2	䱤&𩹴	2	䱤&𩹴
𩹵	0	𩹵	0	𩹵
𩹶	0	𩹶	0	𩹶
𩹷	0	𩹷	0	𩹷
𩹸	2	𩹸&鱤	2	𩹸&鱤
𩹹	1	鱯	1	鱯
𩹺	0	𩹺	0	𩹺
𩹻	1	魮	1	魮
𩹼	0	𩹼	0	𩹼
𩹽	1	鰋	1	鰋
𩹾	2	魶&𩹾	2	魶&𩹾
𩹿	0	𩹿	0	𩹿
𩺀	2	𩺀&鯽	1	鯽
𩺁	1	鯗	1	鯗
𩺂	1	鯾	1	鯾
𩺃	3	䱹&鮺	1	鮺
𩺄	0	𩺄	0	𩺄
𩺅	1	鯔	1	鯔
𩺆	3	䱹&鮓	1	鮓
𩺇	1	鰬	1	鰬
𩺙	1	鱎	1	鱎
𩺚	1	䱞	1	䱞
𩺛	0	𩺛	0	𩺛
𩺜	1	鰡	1	鰡
𩺝	0	𩺝	3	
𩺟	1	鯸	3	
𩺠	1	𩻎	3	
𩺫	2	𩺫&𩽨	0	𩺫
𩺭	1	鰧	1	鰧
𩺮	1	鱳	1	鱳
𩺯	0	𩺯	0	𩺯
𩺰	0	𩺰	0	𩺰
𩺱	0	𩺱	0	𩺱
𩺲	0	𩺲	0	𩺲
𩺳	3	鯊&魦	1	魦
𩺴	1	鰻	1	鰻
𩺵	0	𩺵	0	𩺵
𩺶	1	䲌	1	䲌
𩺷	1	鮅	1	鮅
𩺸	2	鯬&𩺸	1	鯬
𩺹	3	鮒&鰟	1	鮒
𩺺	1	鱀	1	鱀
𩺻	1	鰪	1	鰪
𩺼	1	鯆	1	鯆
𩺽	1	鰒	1	鰒
𩺾	1	𩻜	1	𩻜
𩻀	1	𩺯	3	
𩻂	1	鯔	3	
𩻄	1	鰥	3	
𩻉	1	䲀	1	䲀
𩻊	2	𩻊&𩼭	1	𩼭
𩻋	1	鯤	1	鯤
𩻍	1	䲁	1	䲁
𩻎	0	𩻎	3	
𩻖	2	鰋&𩻖	2	鰋&𩻖
𩻗	0	𩻗	3	
𩻘	0	𩻘	0	𩻘
𩻙	1	鱷	1	鱷
𩻚	0	𩻚	0	𩻚
𩻛	0	𩻛	0	𩻛
𩻜	0	𩻜	0	𩻜
𩻝	0	𩻝	0	𩻝
𩻞	1	鱬	1	鱬
𩻟	2	鮪&𩻟	2	鮪&𩻟
𩻠	1	鰻	1	鰻
𩻡	1	鮦	1	鮦
𩻢	3	鮓&鮺	1	鮺
𩻣	1	䱠	1	䱠
𩻤	0	𩻤	0	𩻤
𩻥	1	鰎	1	鰎
𩻦	1	鱢	1	鱢
𩻧	0	𩻧	0	𩻧
𩻨	1	鯔	1	鯔
𩻪	1	鱉	3	
𩻬	0	𩻬	3	
𩻮	0	𩻮	3	
𩻯	1	𩻜	3	
𩻰	0	𩻰	3	
𩻱	0	𩻱	3	
𩻲	3	鰥&鱞	1	鱞
𩻳	1	鯬	3	
𩻴	1	鰥	1	鰥
𩻵	3	鰈&鰨	1	鰨
𩻶	1	䱜	1	䱜
𩻾	1	𩻘	3	
𩻿	1	𩻜	3	
𩼂	1	䲊	1	䲊
𩼃	2	鯨&𩼃	1	鯨
𩼄	0	𩼄	0	𩼄
𩼅	0	𩼅	0	𩼅
𩼆	1	鯉	1	鯉
𩼇	1	𩽐	1	𩽐
𩼈	0	𩼈	0	𩼈
𩼉	2	魽&𩼉	2	魽&𩼉
𩼊	0	𩼊	0	𩼊
𩼋	0	𩼋	0	𩼋
𩼌	0	𩼌	0	𩼌
𩼍	0	𩼍	0	𩼍
𩼎	0	𩼎	0	𩼎
𩼏	1	䲊	3	
𩼐	1	䲊	1	䲊
𩼑	1	鰦	1	鰦
𩼒	0	𩼒	0	𩼒
𩼔	1	鰜	3	
𩼕	1	鯼	3	
𩼘	1	鱵	1	鱵
𩼚	1	鯽	1	鯽
𩼜	1	鰿	1	鰿
𩼝	1	鱨	1	鱨
𩼞	1	鯉	1	鯉
𩼟	2	鱷&𩹄&𩼟	2	𩹄&𩼟
𩼠	1	䲒	1	䲒
𩼡	1	鰲	1	鰲
𩼥	1	䱡	1	䱡
𩼦	2	鯫&𩼦	0	𩼦
𩼧	2	鯿&𩼧	0	𩼧
𩼨	0	𩼨	0	𩼨
𩼩	1	鱗	1	鱗
𩼪	1	漁	1	漁
𩼫	3	鮓&鮺	1	鮺
𩼬	1	𩽛	1	𩽛
𩼭	0	𩼭	0	𩼭
𩼮	1	鮓	1	鮓
𩼱	1	鰿	1	鰿
𩼴	0	𩼴	0	𩼴
𩼵	1	鰒	1	鰒
𩼶	0	𩼶	3	
𩼹	1	鱟	3	
𩼻	3	鮓&鮺	3	鮓&鮺
𩼼	1	鱣	1	鱣
𩼽	1	鯬	1	鯬
𩼾	1	鰾	1	鰾
𩼿	3	𩺀&鯽	1	鯽
𩽀	0	𩽀	0	𩽀
𩽁	0	𩽁	0	𩽁
𩽅	0	𩽅	3	
𩽇	0	𩽇	3	
𩽈	0	𩽈	3	
𩽌	1	𩽨	1	𩽨
𩽍	0	𩽍	0	𩽍
𩽎	0	𩽎	0	𩽎
𩽏	1	𩹺	1	𩹺
𩽐	0	𩽐	0	𩽐
𩽓	1	䲚	1	䲚
𩽔	0	𩽔	3	
𩽕	2	𩽕&鱯	1	鱯
𩽘	1	䱡	1	䱡
𩽙	1	鱀	3	
𩽚	1	鰴	1	鰴
𩽛	0	𩽛	0	𩽛
𩽜	0	𩽜	0	𩽜
𩽝	0	𩽝	0	𩽝
𩽞	1	鯤	1	鯤
𩽟	1	鮓	1	鮓
𩽠	1	鰂	1	鰂
𩽡	0	𩽡	0	𩽡
𩽣	1	鱴	1	鱴
𩽧	0	𩽧	0	𩽧
𩽨	2	蠵&𩽨	0	𩽨
𩽩	0	𩽩	0	𩽩
𩽪	0	𩽪	0	𩽪
𩽫	3	鮓&鮺	1	鮓
𩽬	2	鱸&𩽬	0	𩽬
𩽯	1	鰾	3	
𩽰	0	𩽰	0	𩽰
𩽱	1	鱣	1	鱣
𩽳	0	𩽳	0	𩽳
𩽵	2	鱧&𩽵	2	鱧&𩽵
𩽶	3	鱏&鱘	1	鱘
𩽷	0	𩽷	0	𩽷
𩽹	1	魥	3	
𩽺	1	𩵩	3	
𩽻	1	𩵹	3	
𩽼	1	鯇	3	
𩽽	1	𩶱	3	
𩽾	1	鮟	3	
𩽿	1	𩶰	3	
𩾁	1	鯄	3	
𩾂	1	䲖	3	
𩾃	1	鮸	3	
𩾄	1	𩷰	3	
𩾅	1	𩸃	3	
𩾆	1	𩸦	3	
𩾇	1	鯱	3	
𩾈	1	䱙	3	
𩾊	1	䱬	3	
𩾋	1	䱰	3	
𩾌	1	鱇	3	
𩾎	1	𩽇	3	
𩾏	1	焉	1	焉
𩾐	1	鳦	3	
𩾑	1	鳥	1	鳥
𩾒	1	梟	1	梟
𩾓	1	梟	1	梟
𩾔	2	𩾔&𩾕	0	𩾔
𩾕	0	𩾕	0	𩾕
𩾖	1	鳧	1	鳧
𩾗	0	𩾗	0	𩾗
𩾘	1	鴱	1	鴱
𩾙	0	𩾙	0	𩾙
𩾛	1	鳩	1	鳩
𩾜	1	鳨	1	鳨
𩾝	1	鳱	1	鳱
𩾞	0	𩾞	0	𩾞
𩾟	1	雀	1	雀
𩾠	0	𩾠	0	𩾠
𩾡	0	𩾡	0	𩾡
𩾢	3	鳶&隿	3	鳶&隿
𩾣	1	梟	1	梟
𩾤	1	鶻	1	鶻
𩾥	2	𩾥&鶻	1	鶻
𩾦	1	鴈	1	鴈
𩾧	0	𩾧	0	𩾧
𩾪	1	奞	3	
𩾬	0	𩾬	0	𩾬
𩾭	1	鳶	3	
𩾮	1	鴢	3	
𩾰	1	雌	1	雌
𩾱	3	𩾬&𪀤	1	𪀤
𩾲	1	鶻	1	鶻
𩾳	1	鴔	1	鴔
𩾴	1	䲸	1	䲸
𩾵	1	鷲	1	鷲
𩾶	0	𩾶	0	𩾶
𩾷	2	鳶&𩾷	2	鳶&𩾷
𩾸	2	鴈&𩾸	2	鴈&𩾸
𩾹	2	鵂&𩾹	1	鵂
𩾺	1	鴆	1	鴆
𩾻	1	鶻	1	鶻
𩾼	0	𩾼	0	𩾼
𩾽	0	𩾽	0	𩾽
𩾾	2	鵁&𩾾	2	鵁&𩾾
𩾿	0	𩾿	0	𩾿
𩿀	0	𩿀	0	𩿀
𩿁	2	䲦&𩿁	2	䲦&𩿁
𩿂	0	𩿂	0	𩿂
𩿃	0	𩿃	0	𩿃
𩿄	1	牄	1	牄
𩿅	2	雄&𩿅	1	雄
𩿆	3	𩾥&鶻	1	鶻
𩿇	3	鳸&雇	1	雇
𩿈	2	鳻&𩿈	2	鳻&𩿈
𩿉	2	鳻&𩿉	2	鳻&𩿉
𩿊	1	鴅	1	鴅
𩿋	1	梟	1	梟
𩿌	3	鴄&𩿞	1	𩿞
𩿍	1	鴟	3	
𩿐	1	鶳	1	鶳
𩿑	1	憍	1	憍
𩿒	1	鴟	1	鴟
𩿓	0	𩿓	0	𩿓
𩿔	0	𩿔	0	𩿔
𩿕	0	𩿕	0	𩿕
𩿖	3	鸖&鶴&𩿃	3	鶴&𩿃
𩿗	1	鴉	1	鴉
𩿛	0	𩿛	0	𩿛
𩿜	1	䴅	1	䴅
𩿝	0	𩿝	0	𩿝
𩿞	2	鴄&𩿞	0	𩿞
𩿟	0	𩿟	0	𩿟
𩿠	0	𩿠	0	𩿠
𩿡	0	𩿡	0	𩿡
𩿢	0	𩿢	0	𩿢
𩿣	0	𩿣	0	𩿣
𩿤	0	𩿤	0	𩿤
𩿥	1	鸍	1	鸍
𩿦	1	䳅	1	䳅
𩿧	0	𩿧	0	𩿧
𩿨	1	鴟	1	鴟
𩿩	3	鴝&鵽	3	鴝&鵽
𩿪	0	𩿪	0	𩿪
𩿫	3	鳱&鴈	1	鳱
𩿬	0	𩿬	0	𩿬
𩿭	1	䳙	1	䳙
𩿮	1	鶵	1	鶵
𩿱	1	鳿	1	鳿
𩿲	1	𩿣	1	𩿣
𩿶	1	鴦	3	
𩿷	1	鷤	1	鷤
𩿸	1	䲾	1	䲾
𩿹	1	朅	3	
𩿺	0	𩿺	3	
𩿼	1	鴨	1	鴨
𩿾	1	鵬	1	鵬
𩿿	1	鶵	3	
𪀀	1	鴇	1	鴇
𪀁	1	鴐	1	鴐
𪀂	1	鴢	3	
𪀃	1	𩾬	3	
𪀇	1	䲹	1	䲹
𪀈	1	鵷	1	鵷
𪀉	1	𪃿	1	𪃿
𪀊	1	鴝	1	鴝
𪀋	1	鴨	1	鴨
𪀌	1	鴨	1	鴨
𪀍	2	䲬&𪀍	1	䲬
𪀏	3	鳩&𩿝	3	鳩&𩿝
𪀐	1	鴔	3	
𪀒	3	䳀&鴩	1	鴩
𪀓	0	𪀓	0	𪀓
𪀔	0	𪀔	0	𪀔
𪀕	0	𪀕	0	𪀕
𪀖	1	鶖	1	鶖
𪀗	0	𪀗	0	𪀗
𪀘	0	𪀘	0	𪀘
𪀙	3	𪃪&鵒	1	鵒
𪀚	0	𪀚	0	𪀚
𪀛	0	𪀛	0	𪀛
𪀜	1	鵣	3	
𪀝	3	鳶&鶚	3	鳶&鶚
𪀞	0	𪀞	0	𪀞
𪀟	0	𪀟	0	𪀟
𪀠	0	𪀠	0	𪀠
𪀡	2	𪀡&𪅅	1	𪅅
𪀢	2	鵩&𪀢	1	鵩
𪀣	3	鵴&鶖	3	鵴&鶖
𪀤	2	鴻&𩾬&𪀤	1	𩾬
𪀥	0	𪀥	0	𪀥
𪀦	2	𪀦&鷘	1	鷘
𪀧	1	䳓	1	䳓
𪀨	1	鴉	1	鴉
𪀩	2	雛&鴆&鶵&𡖾&𪀩	2	雛&鴆&鶵&𡖾&𪀩
𪀪	1	鵂	1	鵂
𪀫	3	雛&鶵	1	雛
𪀬	0	𪀬	0	𪀬
𪀭	0	𪀭	0	𪀭
𪀸	3	𪀦&鷘	1	鷘
𪀹	1	鵶	3	
𪀺	2	𪀺&𪂪	0	𪀺
𪀻	0	𪀻	3	
𪀼	1	鵀	1	鵀
𪀽	3	𩿃&𪀠	3	𩿃&𪀠
𪀾	0	𪀾	3	
𪀿	0	𪀿	0	𪀿
𪁀	2	鷸&𪁀	1	鷸
𪁁	1	鵴	1	鵴
𪁈	2	𪁈&𪂹	1	𪂹
𪁉	1	鵁	1	鵁
𪁊	2	𪁊&鷙	1	鷙
𪁋	0	𪁋	0	𪁋
𪁌	1	鶂	1	鶂
𪁍	0	𪁍	0	𪁍
𪁎	0	𪁎	0	𪁎
𪁏	0	𪁏	0	𪁏
𪁐	2	鸝&𪁐	0	𪁐
𪁑	0	𪁑	0	𪁑
𪁒	1	𪁪	1	𪁪
𪁓	0	𪁓	0	𪁓
𪁔	0	𪁔	0	𪁔
𪁕	0	𪁕	0	𪁕
𪁖	2	𪁖&鴝	1	鴝
𪁗	1	鴨	1	鴨
𪁘	0	𪁘	0	𪁘
𪁙	1	鼯	1	鼯
𪁚	0	𪁚	0	𪁚
𪁛	0	𪁛	0	𪁛
𪁜	0	𪁜	0	𪁜
𪁝	1	鴰	1	鴰
𪁞	0	𪁞	0	𪁞
𪁟	1	鵪	1	鵪
𪁠	1	鴃	1	鴃
𪁡	2	雁&𪁡	2	雁&𪁡
𪁢	3	鶭&鴋	1	鶭
𪁣	1	鴇	1	鴇
𪁤	3	鸛&鵍	1	鵍
𪁥	2	鶨&𪁥	2	鶨&𪁥
𪁦	1	鷈	1	鷈
𪁧	2	鷐&𪁧&䳲	2	鷐&𪁧&䳲
𪁨	1	鴨	1	鴨
𪁩	3	雉&鵜	3	雉&鵜
𪁪	0	𪁪	0	𪁪
𪁭	1	鵏	1	鵏
𪁮	2	𪁮&鵚	0	𪁮
𪁯	1	鷈	3	
𪁰	3	𪅊&雉	1	雉
𪁱	0	𪁱	3	
𪁲	0	𪁲	0	𪁲
𪁷	0	𪁷	3	
𪁸	0	𪁸	0	𪁸
𪁹	1	𪂞	1	𪂞
𪁺	0	𪁺	0	𪁺
𪁻	2	𪁊&鷙&𪁻	2	鷙&𪁻
𪁼	0	𪁼	0	𪁼
𪁽	0	𪁽	0	𪁽
𪁾	2	𪁾&鴁&𪁕	3	鴁&𪁕
𪁿	1	𪀚	1	𪀚
𪂀	0	𪂀	0	𪂀
𪂁	3	鴓&𪅮	1	𪅮
𪂂	1	鶾	1	鶾
𪂃	1	鵯	1	鵯
𪂄	0	𪂄	0	𪂄
𪂅	0	𪂅	0	𪂅
𪂆	0	𪂆	0	𪂆
𪂇	0	𪂇	0	𪂇
𪂈	0	𪂈	0	𪂈
𪂉	0	𪂉	0	𪂉
𪂊	1	鴕	3	
𪂋	1	𪂪	1	𪂪
𪂌	0	𪂌	0	𪂌
𪂍	2	𪂍&𪃇	2	𪂍&𪃇
𪂎	1	鶉	1	鶉
𪂏	1	𪂞	1	𪂞
𪂐	3	鵐&鷡	1	鷡
𪂑	2	鴟&𪂑	0	𪂑
𪂒	1	鶻	3	
𪂓	2	岨&雎&𪂓	2	岨&雎&𪂓
𪂔	3	翁&鳻	1	鳻
𪂕	0	𪂕	0	𪂕
𪂖	1	鵩	3	
𪂚	1	鵱	1	鵱
𪂛	0	𪂛	0	𪂛
𪂝	1	鶇	1	鶇
𪂞	0	𪂞	0	𪂞
𪂟	1	䳤	1	䳤
𪂡	1	䳟	1	䳟
𪂢	1	鴈	3	
𪂣	1	鷕	1	鷕
𪂥	1	𪂀	1	𪂀
𪂦	1	鵷	1	鵷
𪂧	0	𪂧	3	
𪂨	1	𪁷	3	
𪂩	0	𪂩	3	
𪂪	0	𪂪	0	𪂪
𪂫	0	𪂫	3	
𪂬	1	鷉	3	
𪂭	1	䳃	1	䳃
𪂴	1	鶄	1	鶄
𪂵	2	𪂵&𪂉	2	𪂵&𪂉
𪂶	0	𪂶	0	𪂶
𪂷	2	𪂷&𪃶	1	𪃶
𪂸	1	鷫	1	鷫
𪂹	0	𪂹	0	𪂹
𪂺	0	𪂺	0	𪂺
𪂻	3	䳺&鵪	1	鵪
𪂼	0	𪂼	0	𪂼
𪂽	0	𪂽	0	𪂽
𪂾	1	𪃓	1	𪃓
𪂿	1	鶗	1	鶗
𪃀	0	𪃀	0	𪃀
𪃁	2	鴇&𪃁	1	鴇
𪃂	0	𪃂	0	𪃂
𪃃	2	鴔&𪃃	1	鴔
𪃄	0	𪃄	0	𪃄
𪃅	0	𪃅	0	𪃅
𪃆	0	𪃆	0	𪃆
𪃇	2	𪃤&𪃇&𪃈	2	𪃇&𪃈
𪃈	0	𪃈	0	𪃈
𪃉	2	𩀋&𪃉	1	𩀋
𪃊	1	翪	1	翪
𪃋	2	鸇&𪃋	2	鸇&𪃋
𪃌	2	鸉&𪃌	0	𪃌
𪃍	0	𪃍	0	𪃍
𪃎	0	𪃎	0	𪃎
𪃏	0	𪃏	0	𪃏
𪃐	0	𪃐	0	𪃐
𪃑	0	𪃑	0	𪃑
𪃒	0	𪃒	0	𪃒
𪃓	0	𪃓	0	𪃓
𪃔	1	𪂆	1	𪂆
𪃕	1	鵅	1	鵅
𪃖	3	𪂛&𪂆	1	𪂛
𪃗	1	䳦	1	䳦
𪃘	1	鳶	1	鳶
𪃚	2	𪃚&䳳	1	䳳
𪃛	0	𪃛	0	𪃛
𪃜	2	鶷&𪃜	1	鶷
𪃝	2	𪀔&𪃝	0	𪃝
𪃟	1	鷇	3	
𪃠	1	鶒	1	鶒
𪃣	1	𪅖	3	
𪃤	2	𪃤&𪂍	1	𪂍
𪃥	1	𪂼	3	
𪃦	1	𪃐	1	𪃐
𪃧	1	𪃐	1	𪃐
𪃩	1	鶖	1	鶖
𪃪	2	𪃪&鵒	1	鵒
𪃬	1	䳺	3	
𪃮	0	𪃮	3	
𪃯	1	𪂆	1	𪂆
𪃰	1	鶰	3	
𪃶	0	𪃶	0	𪃶
𪃸	1	鰈	3	
𪃹	1	鶺	1	鶺
𪃺	0	𪃺	0	𪃺
𪃻	1	䳮	1	䳮
𪃼	0	𪃼	0	𪃼
𪃽	1	䳕	1	䳕
𪃾	0	𪃾	0	𪃾
𪃿	0	𪃿	0	𪃿
𪄀	0	𪄀	0	𪄀
𪄁	0	𪄁	0	𪄁
𪄂	0	𪄂	0	𪄂
𪄃	1	鸇	1	鸇
𪄄	1	鵰	1	鵰
𪄅	1	𪄅	1	𪄅
𪄆	0	𪄆	0	𪄆
𪄇	1	𩾿	1	𩾿
𪄈	1	𪃆	3	
𪄉	1	雝	1	雝
𪄊	1	翵	1	翵
𪄋	2	𪄋&𪅮	1	𪅮
𪄌	0	𪄌	0	𪄌
𪄍	2	鶚&𪄍	1	鶚
𪄎	0	𪄎	0	𪄎
𪄏	0	𪄏	0	𪄏
𪄐	1	鸇	1	鸇
𪄑	1	鷫	1	鷫
𪄒	0	𪄒	0	𪄒
𪄓	0	𪄓	0	𪄓
𪄕	0	𪄕	3	
𪄗	0	𪄗	0	𪄗
𪄘	1	鷮	1	鷮
𪄙	3	鸎&鶯	1	鶯
𪄛	1	𪃼	1	𪃼
𪄜	1	鶳	1	鶳
𪄞	1	鶵	1	鶵
𪄟	2	𪄟&鸇	1	鸇
𪄠	3	鶒&鷘	1	鶒
𪄡	1	鸇	1	鸇
𪄢	1	𪄆	3	
𪄩	2	𪄩&鶽	0	𪄩
𪄪	1	䳵	1	䳵
𪄫	2	鵌&𪄫	1	鵌
𪄭	0	𪄭	0	𪄭
𪄮	2	雇&顧&𪄮	0	𪄮
𪄯	0	𪄯	0	𪄯
𪄰	1	𪅮	3	
𪄱	0	𪄱	0	𪄱
𪄲	2	𪄱&𪄲	2	𪄱&𪄲
𪄳	0	𪄳	0	𪄳
𪄴	0	𪄴	0	𪄴
𪄵	0	𪄵	0	𪄵
𪄶	0	𪄶	0	𪄶
𪄷	0	𪄷	0	𪄷
𪄸	0	𪄸	0	𪄸
𪄹	0	𪄹	0	𪄹
𪄻	1	𪅖	1	𪅖
𪄼	1	鷕	1	鷕
𪄽	3	𪇄&鷇&㲉	3	鷇&㲉
𪄾	3	𪃤&𪃈	1	𪃈
𪄿	2	難&𪄿	0	𪄿
𪅀	1	𪄿	1	𪄿
𪅁	1	䳳	1	䳳
𪅂	0	𪅂	0	𪅂
𪅃	0	𪅃	0	𪅃
𪅄	1	𪁽	1	𪁽
𪅅	0	𪅅	0	𪅅
𪅆	3	鸝&𧅯	3	鸝&𧅯
𪅇	0	𪅇	0	𪅇
𪅈	0	𪅈	0	𪅈
𪅉	0	𪅉	0	𪅉
𪅊	2	𪅊&雉	1	雉
𪅋	0	𪅋	0	𪅋
𪅌	1	鸝	1	鸝
𪅍	1	鷘	1	鷘
𪅎	1	鵮	1	鵮
𪅏	1	鷇	3	
𪅐	1	鷊	3	
𪅕	1	鶅	3	
𪅖	0	𪅖	0	𪅖
𪅗	1	鸝	3	
𪅘	1	鷒	3	
𪅙	1	鶒	1	鶒
𪅚	1	䳮	1	䳮
𪅛	1	鷜	3	
𪅜	3	𩀨&䳷	1	𩀨
𪅞	1	鵴	1	鵴
𪅟	2	𪅟&鷛	1	鷛
𪅡	1	鷚	1	鷚
𪅢	1	鸋	3	
𪅮	0	𪅮	0	𪅮
𪅯	1	鴻	1	鴻
𪅰	2	𪅰&鵨	1	鵨
𪅱	1	鸀	1	鸀
𪅲	0	𪅲	0	𪅲
𪅳	1	鶹	1	鶹
𪅴	2	鶚&𪅴	2	鶚&𪅴
𪅵	0	𪅵	0	𪅵
𪅶	2	氅&𪅶	1	氅
𪅷	1	𪄌	1	𪄌
𪅸	1	𪃈	1	𪃈
𪅹	0	𪅹	0	𪅹
𪅺	0	𪅺	0	𪅺
𪅻	0	𪅻	0	𪅻
𪅼	0	𪅼	0	𪅼
𪅽	2	𩀿&𪅽	2	𩀿&𪅽
𪅾	2	𪅾&鶀	1	鶀
𪅿	0	𪅿	0	𪅿
𪆀	0	𪆀	0	𪆀
𪆁	0	𪆁	0	𪆁
𪆂	2	𪆫&𪆂	0	𪆂
𪆃	1	鷻	1	鷻
𪆄	2	鷦&𪆄	1	鷦
𪆅	1	鷦	1	鷦
𪆆	2	鵵&𪆆	1	鵵
𪆇	1	𪇘	1	𪇘
𪆈	1	䳿	1	䳿
𪆉	2	鷇&𪆉	2	鷇&𪆉
𪆊	1	𪅖	1	𪅖
𪆋	2	擷&𪆋	1	擷
𪆌	1	䳟	1	䳟
𪆍	1	鳳	1	鳳
𪆏	1	䴀	3	
𪆑	0	𪆑	0	𪆑
𪆔	1	鷦	1	鷦
𪆖	1	鷧	1	鷧
𪆗	1	𪆁	1	𪆁
𪆙	1	鷢	1	鷢
𪆚	1	𪄮	1	𪄮
𪆜	1	𪁐	3	
𪆝	1	鷻	1	鷻
𪆞	1	翷	3	
𪆟	1	鷘	3	
𪆡	1	𪄱	1	𪄱
𪆢	1	鸋	3	
𪆨	2	鴖&𪆨	0	𪆨
𪆩	1	鷲	1	鷲
𪆪	1	鷇	1	鷇
𪆫	2	𪆫&𪆂	1	𪆂
𪆭	1	鷫	1	鷫
𪆮	3	鸋&鴓	1	鸋
𪆯	0	𪆯	0	𪆯
𪆰	0	𪆰	0	𪆰
𪆱	0	𪆱	0	𪆱
𪆲	2	鸇&𪆲	2	鸇&𪆲
𪆳	0	𪆳	0	𪆳
𪆴	2	䳫&𪆴	0	𪆴
𪆵	1	鷘	1	鷘
𪆶	0	𪆶	0	𪆶
𪆷	0	𪆷	0	𪆷
𪆸	1	鶻	1	鶻
𪆹	1	𪃀	1	𪃀
𪆺	1	𪆂	1	𪆂
𪆻	0	𪆻	0	𪆻
𪆼	1	鸓	1	鸓
𪆽	1	鷺	1	鷺
𪆾	1	鶉	1	鶉
𪆿	0	𪆿	0	𪆿
𪇁	0	𪇁	0	𪇁
𪇂	0	𪇂	0	𪇂
𪇄	2	𪇄&鷇&㲉	3	鷇&㲉
𪇅	1	𪇳	3	
𪇆	2	鸀&𪇆	0	𪇆
𪇉	2	𪇛&𪇉	0	𪇉
𪇊	1	鷿	1	鷿
𪇑	0	𪇑	0	𪇑
𪇒	0	𪇒	0	𪇒
𪇓	0	𪇓	0	𪇓
𪇔	3	鷀&鶿	1	鶿
𪇕	0	𪇕	0	𪇕
𪇖	0	𪇖	0	𪇖
𪇗	0	𪇗	0	𪇗
𪇘	0	𪇘	0	𪇘
𪇙	1	𪇢	3	
𪇚	1	鸉	1	鸉
𪇛	0	𪇛	3	
𪇜	0	𪇜	0	𪇜
𪇝	1	鵌	1	鵌
𪇠	1	𪄿	1	𪄿
𪇡	1	鸌	1	鸌
𪇢	2	𪇢&鵴	1	鵴
𪇣	1	𪈨	3	
𪇥	1	𪄟	3	
𪇦	3	鸖&鶴	1	鶴
𪇧	3	䎙&𪇕	1	𪇕
𪇬	1	鸒	1	鸒
𪇭	0	𪇭	0	𪇭
𪇮	1	鸇	1	鸇
𪇯	0	𪇯	0	𪇯
𪇰	1	鸔	1	鸔
𪇱	0	𪇱	0	𪇱
𪇲	0	𪇲	0	𪇲
𪇳	0	𪇳	0	𪇳
𪇴	0	𪇴	0	𪇴
𪇵	0	𪇵	0	𪇵
𪇶	1	鷦	1	鷦
𪇷	0	𪇷	0	𪇷
𪇸	3	鷺&鸕	1	鷺
𪇹	0	𪇹	0	𪇹
𪇺	3	鵹&𪁐	1	鵹
𪇼	3	難&𪄿	1	難
𪇽	1	歎	3	
𪇾	1	鸝	3	
𪇿	1	鷹	1	鷹
𪈁	1	𪇳	1	𪇳
𪈃	0	𪈃	0	𪈃
𪈄	1	鷸	1	鷸
𪈅	1	鵴	1	鵴
𪈆	0	𪈆	0	𪈆
𪈇	0	𪈇	0	𪈇
𪈈	0	𪈈	3	
𪈉	2	䲻&𪈉	0	𪈉
𪈊	0	𪈊	0	𪈊
𪈋	0	𪈋	0	𪈋
𪈌	2	𪈌&𪇆	0	𪈌
𪈍	1	鵪	1	鵪
𪈎	0	𪈎	3	
𪈏	0	𪈏	3	
𪈐	2	𪈈&𪈐	0	𪈐
𪈒	1	鸕	1	鸕
𪈓	1	鵴	1	鵴
𪈔	1	鷽	3	
𪈕	1	鸍	3	
𪈖	1	𪈟	3	
𪈗	1	鸗	3	
𪈘	0	𪈘	0	𪈘
𪈙	1	𪈟	1	𪈟
𪈚	1	鸔	1	鸔
𪈛	1	𪇴	1	𪇴
𪈜	1	鷜	1	鷜
𪈝	1	鴒	1	鴒
𪈞	1	鷇	1	鷇
𪈟	2	𪇷&𪈟	0	𪈟
𪈡	1	鸑	3	
𪈢	1	鵴	1	鵴
𪈣	1	鵴	3	
𪈤	1	鸚	1	鸚
𪈥	2	雟&𪈥	2	雟&𪈥
𪈦	1	鸓	1	鸓
𪈧	1	𪇑	1	𪇑
𪈨	2	鷖&𪈨	0	𪈨
𪈩	1	鸛	1	鸛
𪈪	1	鷎	1	鷎
𪈫	1	鸔	1	鸔
𪈬	1	𪈨	3	
𪈭	1	𪇖	3	
𪈮	1	𪈿	1	𪈿
𪈯	3	鸖&鶴	1	鶴
𪈰	0	𪈰	0	𪈰
𪈱	2	𪈱&𪈴	0	𪈱
𪈳	1	鸝	1	鸝
𪈴	0	𪈴	0	𪈴
𪈵	1	鳳	1	鳳
𪈶	1	鷻	3	
𪈷	1	鷻	1	鷻
𪈸	2	鸛&𪈸	0	𪈸
𪈹	1	鸝	1	鸝
𪈺	2	鸀&𪈺	1	鸀
𪈻	1	鸛	1	鸛
𪈼	2	鳥&𪈼	2	鳥&𪈼
𪈿	0	𪈿	0	𪈿
𪉀	1	鸓	1	鸓
𪉁	1	歍	3	
𪉂	1	䲰	3	
𪉃	1	鳼	3	
𪉄	1	𩿪	3	
𪉅	1	𪀦	3	
𪉆	1	鴲	3	
𪉈	1	鴜	3	
𪉉	1	𪁈	3	
𪉊	1	鷨	3	
𪉋	1	𪀾	3	
𪉌	1	𪁖	3	
𪉍	1	鵚	3	
𪉎	1	𪂆	3	
𪉏	1	𪃏	3	
𪉐	1	𪃍	3	
𪉑	1	鷔	3	
𪉒	1	𪄕	3	
𪉔	1	𪄆	3	
𪉕	1	𪇳	3	
𪉖	2	鹵&𪉖	2	鹵&𪉖
𪉗	0	𪉗	0	𪉗
𪉘	0	𪉘	0	𪉘
𪉙	3	覃&𪉣	3	覃&𪉣
𪉚	1	接	1	接
𪉛	1	䴚	1	䴚
𪉜	0	𪉜	0	𪉜
𪉝	2	鹶&𪉝	1	鹶
𪉞	1	覃	1	覃
𪉟	1	鹽	1	鹽
𪉡	1	䴚	1	䴚
𪉢	1	鹶	3	
𪉣	0	𪉣	0	𪉣
𪉤	1	鹺	1	鹺
𪉦	2	鹼&𪉦	2	鹼&𪉦
𪉧	1	𪊇	1	𪊇
𪉨	0	𪉨	0	𪉨
𪉩	1	鹽	1	鹽
𪉫	1	覃	3	
𪉬	1	鹺	3	
𪉭	1	𪊉	1	𪊉
𪉮	0	𪉮	0	𪉮
𪉯	0	𪉯	0	𪉯
𪉰	1	𪉘	1	𪉘
𪉱	0	𪉱	0	𪉱
𪉲	1	覃	1	覃
𪉳	1	鹹	1	鹹
𪉵	1	鹺	1	鹺
𪉶	1	盬	1	盬
𪉷	1	覃	1	覃
𪉸	0	𪉸	0	𪉸
𪉹	1	鹽	3	
𪉺	1	䊲	1	䊲
𪉼	1	䴝	1	䴝
𪉿	0	𪉿	0	𪉿
𪊀	1	䤎	1	䤎
𪊁	1	鹺	1	鹺
𪊂	0	𪊂	0	𪊂
𪊃	1	𪊉	1	𪊉
𪊄	0	𪊄	0	𪊄
𪊆	0	𪊆	0	𪊆
𪊇	0	𪊇	0	𪊇
𪊈	1	鹺	1	鹺
𪊉	0	𪊉	0	𪊉
𪊊	1	𪊉	3	
𪊋	1	麂	1	麂
𪊍	0	𪊍	0	𪊍
𪊏	1	䴠	1	䴠
𪊐	0	𪊐	0	𪊐
𪊑	1	麉	1	麉
𪊓	1	麟	1	麟
𪊔	1	麒	1	麒
𪊕	0	𪊕	0	𪊕
𪊖	1	虎	1	虎
𪊗	0	𪊗	0	𪊗
𪊘	1	表	1	表
𪊙	1	𥀔	1	𥀔
𪊚	1	麅	3	
𪊛	1	麀	1	麀
𪊜	0	𪊜	0	𪊜
𪊤	1	𪊍	3	
𪊥	0	𪊥	0	𪊥
𪊦	2	麕&𪊦	0	𪊦
𪊧	0	𪊧	0	𪊧
𪊨	2	𪊨&麂	1	麂
𪊪	0	𪊪	0	𪊪
𪊫	0	𪊫	0	𪊫
𪊬	1	表	1	表
𪊭	3	麐&麟	1	麟
𪊮	1	扇	3	
𪊯	1	牝	1	牝
𪊰	1	𪊨	3	
𪊱	3	麐&麟	1	麟
𪊲	1	麐	3	
𪊳	0	𪊳	0	𪊳
𪊴	1	狻	1	狻
𪊵	0	𪊵	0	𪊵
𪊶	0	𪊶	0	𪊶
𪊷	0	𪊷	0	𪊷
𪊸	1	駼	1	駼
𪊹	1	麆	1	麆
𪊺	3	麐&麟	1	麟
𪊻	0	𪊻	0	𪊻
𪊼	3	麕&麇	1	麇
𪊽	1	麕	3	
𪋀	1	麞	3	
𪋁	0	𪋁	3	
𪋂	1	牡	3	
𪋃	2	麛&𪋃	0	𪋃
𪋄	0	𪋄	0	𪋄
𪋅	0	𪋅	0	𪋅
𪋆	0	𪋆	0	𪋆
𪋇	0	𪋇	0	𪋇
𪋈	1	麛	1	麛
𪋉	0	𪋉	0	𪋉
𪋋	1	瓶	1	瓶
𪋍	0	𪋍	0	𪋍
𪋎	1	麀	1	麀
𪋏	0	𪋏	0	𪋏
𪋐	2	𪋐&𪊫	1	𪊫
𪋑	1	𪋏	1	𪋏
𪋓	1	麢	3	
𪋔	3	麖&麠	1	麠
𪋕	1	虎	1	虎
𪋖	0	𪋖	0	𪋖
𪋗	0	𪋗	0	𪋗
𪋘	1	麗	1	麗
𪋙	3	怚&麤	1	麤
𪋚	0	𪋚	0	𪋚
𪋜	0	𪋜	0	𪋜
𪋝	0	𪋝	0	𪋝
𪋠	1	麖	3	
𪋡	0	𪋡	0	𪋡
𪋢	0	𪋢	0	𪋢
𪋣	2	𪋐&𪋣&𪋯	2	𪋣&𪋯
𪋤	1	麓	1	麓
𪋥	1	麠	1	麠
𪋦	3	麢&羚	1	羚
𪋧	1	麝	1	麝
𪋨	1	麄	3	
𪋩	1	𪎭	3	
𪋪	2	𪋪&羚	1	羚
𪋫	2	𪋡&𪋫	2	𪋡&𪋫
𪋬	1	麌	1	麌
𪋮	0	𪋮	0	𪋮
𪋯	2	𪊫&𪋯	2	𪊫&𪋯
𪋰	0	𪋰	0	𪋰
𪋱	1	𪋁	3	
𪋲	1	麟	1	麟
𪋳	1	𪋚	1	𪋚
𪋵	1	䴪	3	
𪋶	1	羚	3	
𪋷	1	麟	1	麟
𪋸	1	麛	1	麛
𪋹	1	麣	3	
𪋺	0	𪋺	0	𪋺
𪋻	2	𪋻&塵	1	塵
𪋼	1	麴	1	麴
𪋽	1	麵	1	麵
𪋾	2	𠡭&𪋾	1	𠡭
𪋿	0	𪋿	3	
𪌁	1	芒	1	芒
𪌂	1	飥	1	飥
𪌃	1	趕	3	
𪌅	0	𪌅	0	𪌅
𪌆	0	𪌆	0	𪌆
𪌇	1	麧	1	麧
𪌈	0	𪌈	0	𪌈
𪌉	2	𪌉&𪌘	2	𪌉&𪌘
𪌊	1	糱	1	糱
𪌋	1	飩	1	飩
𪌌	1	熱	1	熱
𪌍	0	𪌍	0	𪌍
𪌎	1	䴭	1	䴭
𪌐	2	麩&𪌐	1	麩
𪌑	1	熬	1	熬
𪌒	1	𣣋	1	𣣋
𪌔	1	𪍛	1	𪍛
𪌕	3	𪍑&麨	1	麨
𪌖	1	粔	3	
𪌗	1	麴	1	麴
𪌘	0	𪌘	0	𪌘
𪌙	1	䴰	3	
𪌚	1	麰	1	麰
𪌛	1	鄰	3	
𪌜	1	𪌘	3	
𪌝	2	N00449&𪌝	2	N00449&𪌝
𪌞	1	蕤	3	
𪌠	1	熬	1	熬
𪌡	1	䴳	3	
𪌢	0	𪌢	0	𪌢
𪌣	0	𪌣	0	𪌣
𪌤	1	䭔	1	䭔
𪌥	1	麮	1	麮
𪌧	1	秸	3	
𪌨	1	崚	1	崚
𪌩	1	甜	3	
𪌬	1	麴	1	麴
𪌭	1	䅌	1	䅌
𪌮	0	𪌮	0	𪌮
𪌯	1	𪍛	1	𪍛
𪌰	0	𪌰	0	𪌰
𪌱	0	𪌱	0	𪌱
𪌲	1	麴	1	麴
𪌳	0	𪌳	0	𪌳
𪌸	1	麰	1	麰
𪌻	1	麩	1	麩
𪌼	0	𪌼	0	𪌼
𪌽	2	𪌽&䴹	1	䴹
𪌾	1	糒	1	糒
𪌿	2	𪌿&䭃	1	䭃
𪍀	1	粸	1	粸
𪍁	0	𪍁	0	𪍁
𪍂	0	𪍂	0	𪍂
𪍃	1	䴯	1	䴯
𪍄	0	𪍄	0	𪍄
𪍅	0	𪍅	0	𪍅
𪍆	1	䴻	1	䴻
𪍇	2	𪄳&𪍇	2	𪄳&𪍇
𪍈	1	趠	3	
𪍉	1	麨	1	麨
𪍋	1	䴬	1	䴬
𪍌	0	𪍌	0	𪍌
𪍍	1	𪌘	1	𪌘
𪍎	1	𩜭	1	𩜭
𪍏	0	𪍏	0	𪍏
𪍐	1	𪍛	1	𪍛
𪍑	2	𪍑&麨	1	麨
𪍒	3	糊&𪏻	1	𪏻
𪍓	2	麰&𪍓	1	麰
𪍔	0	𪍔	0	𪍔
𪍕	1	𪍛	1	𪍛
𪍘	3	麰&𪍓	1	𪍓
𪍙	1	䴾	3	
𪍚	1	麴	1	麴
𪍛	2	糏&𪍛	0	𪍛
𪍜	1	𪌈	1	𪌈
𪍝	0	𪍝	0	𪍝
𪍞	1	糒	1	糒
𪍟	0	𪍟	0	𪍟
𪍠	2	𪍠&𪍢	1	𪍢
𪍡	1	餺	1	餺
𪍢	0	𪍢	0	𪍢
𪍣	0	𪍣	0	𪍣
𪍤	0	𪍤	0	𪍤
𪍥	3	𪍠&𪍢	1	𪍢
𪍦	0	𪍦	0	𪍦
𪍧	0	𪍧	0	𪍧
𪍨	1	䵀	1	䵀
𪍩	1	饅	1	饅
𪍪	1	饆	1	饆
𪍫	1	麰	1	麰
𪍬	1	莎	1	莎
𪍭	2	䴿&𪍭	0	𪍭
𪍮	1	熬	1	熬
𪍯	1	䴹	1	䴹
𪍰	1	䴾	1	䴾
𪍱	1	𪍠	3	
𪍲	0	𪍲	0	𪍲
𪍳	1	䭉	1	䭉
𪍴	0	𪍴	0	𪍴
𪍵	0	𪍵	0	𪍵
𪍶	0	𪍶	0	𪍶
𪍷	1	蕎	3	
𪍸	0	𪍸	0	𪍸
𪍹	0	𪍹	0	𪍹
𪍺	0	𪍺	0	𪍺
𪍻	0	𪍻	3	
𪍼	1	䵂	1	䵂
𪍽	2	𪍻&𪍽	0	𪍽
𪍾	3	䵅&熬	1	熬
𪍿	1	䵃	1	䵃
𪎀	1	䴾	1	䴾
𪎁	1	𩟭	1	𩟭
𪎂	3	麳&䅘	1	䅘
𪎃	2	糱&𪎃	0	𪎃
𪎄	3	䭦&餺	1	餺
𪎅	1	𪎃	3	
𪎆	1	饠	1	饠
𪎇	0	𪎇	0	𪎇
𪎈	1	䴬	3	
𪎉	1	麲	3	
𪎊	1	𪍑	3	
𪎋	1	䴴	3	
𪎌	1	麳	3	
𪎒	0	𪎒	0	𪎒
𪎓	2	𨇻&𪎓	1	𨇻
𪎔	0	𪎔	0	𪎔
𪎕	2	靡&𪎕	0	𪎕
𪎖	1	糜	1	糜
𪎗	0	𪎗	0	𪎗
𪎙	1	靡	3	
𪎚	1	摩	1	摩
𪎛	0	𪎛	0	𪎛
𪎜	1	麾	1	麾
𪎝	0	𪎝	0	𪎝
𪎞	0	𪎞	0	𪎞
𪎠	2	麼&𪎠	0	𪎠
𪎡	0	𪎡	0	𪎡
𪎣	0	𪎣	0	𪎣
𪎤	2	𪎤&䵈	2	𪎤&䵈
𪎥	2	𪎥&緆	1	緆
𪎦	0	𪎦	0	𪎦
𪎧	3	𪎥&緆	1	緆
𪎨	1	䵉	1	䵉
𪎪	1	黀	1	黀
𪎫	0	𪎫	0	𪎫
𪎬	1	黂	1	黂
𪎭	2	𪎭&𪐎	1	𪐎
𪎮	1	麾	1	麾
𪎯	1	黂	1	黂
𪎰	1	黂	1	黂
𪎲	0	𪎲	0	𪎲
𪎴	1	𪎶	1	𪎶
𪎵	0	𪎵	0	𪎵
𪎶	2	𪎶&𪏆	2	𪎶&𪏆
𪎸	1	𪎵	3	
𪎹	2	𪎵&𪎹	1	𪎵
𪎺	0	𪎺	0	𪎺
𪎻	0	𪎻	0	𪎻
𪎽	0	𪎽	0	𪎽
𪎾	0	𪎾	0	𪎾
𪏁	0	𪏁	0	𪏁
𪏂	0	𪏂	0	𪏂
𪏃	1	𪏂	1	𪏂
𪏆	0	𪏆	0	𪏆
𪏇	2	䵋&𪏇	2	䵋&𪏇
𪏈	0	𪏈	0	𪏈
𪏉	0	𪏉	0	𪏉
𪏊	1	黇	1	黇
𪏋	1	𪏂	1	𪏂
𪏌	1	曜	1	曜
𪏍	1	䐵	1	䐵
𪏑	1	𪏓	1	𪏓
𪏓	0	𪏓	0	𪏓
𪏔	0	𪏔	0	𪏔
𪏕	2	輝&𪏕	1	輝
𪏖	1	䵎	1	䵎
𪏘	1	黈	1	黈
𪏙	0	𪏙	0	𪏙
𪏚	1	𪏔	1	𪏔
𪏛	1	熊	1	熊
𪏜	1	黈	1	黈
𪏝	1	䵎	1	䵎
𪏞	1	䵋	1	䵋
𪏡	1	斢	1	斢
𪏣	1	䵎	3	
𪏤	0	𪏤	0	𪏤
𪏥	1	煌	1	煌
𪏦	0	𪏦	0	𪏦
𪏧	1	䵏	1	䵏
𪏨	0	𪏨	0	𪏨
𪏬	1	黌	1	黌
𪏭	1	黎	1	黎
𪏮	0	𪏮	0	𪏮
𪏯	2	𪏯&黎	1	黎
𪏰	1	香	1	香
𪏱	3	𪏯&黎	1	黎
𪏲	0	𪏲	0	𪏲
𪏳	2	𪏳&𪏻	2	𪏳&𪏻
𪏴	0	𪏴	0	𪏴
𪏶	0	𪏶	0	𪏶
𪏷	1	𪐀	1	𪐀
𪏸	0	𪏸	0	𪏸
𪏹	3	糊&𪏻	1	𪏻
𪏺	2	苾&𪏺	2	苾&𪏺
𪏻	2	糊&𪏻	0	𪏻
𪏼	0	𪏼	0	𪏼
𪏽	1	香	3	
𪏾	1	𪏼	1	𪏼
𪏿	0	𪏿	0	𪏿
𪐀	0	𪐀	0	𪐀
𪐁	1	𪏼	3	
𪐂	0	𪐂	0	𪐂
𪐃	0	𪐃	0	𪐃
𪐄	0	𪐄	0	𪐄
𪐇	0	𪐇	0	𪐇
𪐈	2	䵔&𪐈	2	䵔&𪐈
𪐉	3	糊&𪏻	1	𪏻
𪐋	0	𪐋	0	𪐋
𪐌	2	䵒&𪐌	2	䵒&𪐌
𪐍	0	𪐍	0	𪐍
𪐎	0	𪐎	0	𪐎
𪐏	0	𪐏	0	𪐏
𪐑	1	黐	1	黐
𪐒	1	馥	1	馥
𪐓	0	𪐓	0	𪐓
𪐔	0	𪐔	0	𪐔
𪐕	1	馨	1	馨
𪐖	0	𪐖	0	𪐖
𪐗	1	黑	1	黑
𪐘	2	𪐘&䵝	2	𪐘&䵝
𪐙	1	𪒢	1	𪒢
𪐛	1	黥	1	黥
𪐜	1	黫	1	黫
𪐝	2	黛&𪐝	2	黛&𪐝
𪐞	0	𪐞	0	𪐞
𪐟	2	肒&𪐟	0	𪐟
𪐠	1	黗	1	黗
𪐡	3	䵡&䵤	1	䵡
𪐤	1	疣	1	疣
𪐥	0	𪐥	0	𪐥
𪐦	0	𪐦	0	𪐦
𪐧	0	𪐧	0	𪐧
𪐨	1	黕	1	黕
𪐩	1	默	3	
𪐪	1	䵣	1	䵣
𪐫	1	黑	1	黑
𪐱	1	𪑹	3	
𪐲	0	𪐲	0	𪐲
𪐳	1	𪐲	1	𪐲
𪐴	2	丶&𪐴	1	丶
𪐵	1	䵣	3	
𪐶	1	魆	3	
𪐸	1	黔	3	
𪐹	1	䵳	1	䵳
𪐼	1	靤	3	
𪐽	1	黜	3	
𪐿	0	𪐿	0	𪐿
𪑀	0	𪑀	0	𪑀
𪑁	1	黟	1	黟
𪑂	0	𪑂	0	𪑂
𪑃	0	𪑃	0	𪑃
𪑄	2	玈&𪑄	2	玈&𪑄
𪑅	1	䵳	3	
𪑇	1	𪒝	3	
𪑈	0	𪑈	0	𪑈
𪑉	0	𪑉	0	𪑉
𪑊	0	𪑊	0	𪑊
𪑋	0	𪑋	0	𪑋
𪑌	0	𪑌	0	𪑌
𪑍	1	𪑩	1	𪑩
𪑎	1	𪒄	1	𪒄
𪑒	0	𪑒	0	𪑒
𪑓	2	黮&𪑓	0	𪑓
𪑔	1	𪒏	1	𪒏
𪑕	0	𪑕	0	𪑕
𪑖	0	𪑖	0	𪑖
𪑗	0	𪑗	0	𪑗
𪑘	1	𪑧	1	𪑧
𪑙	0	𪑙	0	𪑙
𪑚	2	𪑚&𪒔	0	𪑚
𪑛	1	黴	1	黴
𪑜	0	𪑜	0	𪑜
𪑝	2	緎&𪑝	0	𪑝
𪑞	1	𪑧	1	𪑧
𪑟	1	刺	3	
𪑢	1	黧	3	
𪑣	2	𪑣&𪑩	1	𪑩
𪑤	1	黧	3	
𪑥	3	䵬&𪒂	1	𪒂
𪑦	2	黦&𪑦	0	𪑦
𪑧	0	𪑧	0	𪑧
𪑨	0	𪑨	0	𪑨
𪑩	0	𪑩	0	𪑩
𪑪	0	𪑪	0	𪑪
𪑫	3	𪒡&𪒛	1	𪒛
𪑬	0	𪑬	0	𪑬
𪑭	0	𪑭	0	𪑭
𪑮	0	𪑮	0	𪑮
𪑯	0	𪑯	0	𪑯
𪑰	0	𪑰	0	𪑰
𪑱	2	剭&𪑱	2	剭&𪑱
𪑲	2	𪑲&黦	1	黦
𪑳	1	黰	1	黰
𪑴	1	𪒔	1	𪒔
𪑷	0	𪑷	0	𪑷
𪑹	0	𪑹	3	
𪑺	1	毀	3	
𪑼	1	𪒡	3	
𪑾	0	𪑾	0	𪑾
𪑿	0	𪑿	0	𪑿
𪒀	3	𪒋&髴	3	𪒋&髴
𪒁	1	黧	1	黧
𪒂	2	䵬&𪒂	0	𪒂
𪒃	1	𪑝	1	𪑝
𪒄	0	𪒄	0	𪒄
𪒅	1	黧	1	黧
𪒈	1	黭	1	黭
𪒉	1	地	3	
𪒋	0	𪒋	0	𪒋
𪒌	1	𪓃	1	𪓃
𪒎	1	䵴	3	
𪒏	0	𪒏	0	𪒏
𪒐	1	𪒄	1	𪒄
𪒑	0	𪒑	0	𪒑
𪒒	0	𪒒	0	𪒒
𪒓	2	玈&𪒓	0	𪒓
𪒔	0	𪒔	0	𪒔
𪒕	0	𪒕	0	𪒕
𪒖	1	𪑭	1	𪑭
𪒘	0	𪒘	0	𪒘
𪒙	0	𪒙	0	𪒙
𪒚	1	黧	1	黧
𪒛	0	𪒛	0	𪒛
𪒜	1	䵳	1	䵳
𪒝	0	𪒝	0	𪒝
𪒞	3	B06256&黶	1	B06256
𪒟	0	𪒟	0	𪒟
𪒠	2	黯&𪒠	2	黯&𪒠
𪒡	2	𪒡&𪒛	1	𪒛
𪒢	0	𪒢	0	𪒢
𪒣	3	𪑲&黦	1	黦
𪒦	1	𪒑	3	
𪒧	1	黵	1	黵
𪒩	0	𪒩	0	𪒩
𪒪	0	𪒪	0	𪒪
𪒫	2	䵤&𪒫	0	𪒫
𪒬	0	𪒬	0	𪒬
𪒭	1	黚	1	黚
𪒮	3	𪑣&𪑩	1	𪑩
𪒯	3	黚&𪒹	1	𪒹
𪒰	1	𪑖	1	𪑖
𪒱	1	曖	3	
𪒴	0	𪒴	0	𪒴
𪒶	1	𪒡	3	
𪒸	1	𪒛	1	𪒛
𪒹	0	𪒹	0	𪒹
𪒺	1	黧	1	黧
𪒻	2	黤&𪒻	0	𪒻
𪒾	0	𪒾	0	𪒾
𪒿	0	𪒿	0	𪒿
𪓀	0	𪓀	0	𪓀
𪓁	1	𪒛	1	𪒛
𪓂	1	黮	3	
𪓃	0	𪓃	0	𪓃
𪓄	0	𪓄	0	𪓄
𪓆	1	𪒾	1	𪒾
𪓉	0	𪓉	0	𪓉
𪓊	1	𪓉	1	𪓉
𪓋	1	䋛	1	䋛
𪓌	0	𪓌	0	𪓌
𪓍	1	𪓏	1	𪓏
𪓎	2	𣝜&𪓎	1	𣝜
𪓏	0	𪓏	0	𪓏
𪓐	0	𪓐	0	𪓐
𪓑	1	黽	1	黽
𪓒	1	黿	1	黿
𪓓	1	虯	1	虯
𪓔	2	虯&𪓔	1	虯
𪓕	1	黽	1	黽
𪓖	1	黽	1	黽
𪓗	1	黿	1	黿
𪓘	1	𪚮	1	𪚮
𪓙	1	黽	3	
𪓚	1	𪚮	1	𪚮
𪓛	2	𪓛&𪚻	2	𪓛&𪚻
𪓜	1	蚾	1	蚾
𪓝	1	黽	1	黽
𪓞	1	䵶	1	䵶
𪓟	1	䵶	1	䵶
𪓠	1	鼊	3	
𪓡	1	鼀	1	鼀
𪓢	1	𪓬	1	𪓬
𪓣	1	黿	3	
𪓤	2	𪓤&蛙	1	蛙
𪓥	1	𪓬	1	𪓬
𪓦	1	𪓬	3	
𪓧	1	蜃	1	蜃
𪓨	3	鼂&晁	1	晁
𪓩	1	䵶	1	䵶
𪓬	0	𪓬	0	𪓬
𪓭	1	䖦	1	䖦
𪓮	0	𪓮	0	𪓮
𪓯	1	𪓬	1	𪓬
𪓰	2	𪓰&鼀	1	鼀
𪓱	1	䵴	1	䵴
𪓲	3	鼂&晁	1	晁
𪓳	1	鼅	1	鼅
𪓴	1	鼇	1	鼇
𪓵	3	𪓰&鼀	1	鼀
𪓶	1	鼇	1	鼇
𪓷	0	𪓷	0	𪓷
𪓸	1	鼉	1	鼉
𪓹	0	𪓹	0	𪓹
𪓻	0	𪓻	0	𪓻
𪓼	0	𪓼	0	𪓼
𪓽	1	鼉	1	鼉
𪓾	1	鼇	1	鼇
𪓿	0	𪓿	0	𪓿
𪔀	3	鼈&鱉	1	鱉
𪔁	1	秋	1	秋
𪔂	1	鼎	1	鼎
𪔄	1	鼒	1	鼒
𪔅	1	員	1	員
𪔆	0	𪔆	0	𪔆
𪔇	1	鼒	3	
𪔈	1	妘	1	妘
𪔉	1	齍	3	
𪔊	1	䵻	1	䵻
𪔋	0	𪔋	0	𪔋
𪔌	3	鼖&鼛	1	鼛
𪔍	0	𪔍	0	𪔍
𪔎	1	鼓	1	鼓
𪔏	0	𪔏	0	𪔏
𪔐	1	鼓	1	鼓
𪔑	2	鼜&𪔑	2	鼜&𪔑
𪔓	1	韶	1	韶
𪔔	1	𩐨	1	𩐨
𪔕	2	𪔕&𪔳	2	𪔕&𪔳
𪔖	1	鼕	1	鼕
𪔗	2	鼘&𪔗	2	鼘&𪔗
𪔘	0	𪔘	0	𪔘
𪔙	1	鼘	3	
𪔛	1	鞀	1	鞀
𪔜	2	𪔜&鼕	1	鼕
𪔝	3	𪔜&鼕	1	鼕
𪔞	1	𪔍	3	
𪔢	2	𪔢&𪔳	1	𪔳
𪔣	0	𪔣	0	𪔣
𪔤	1	𪔪	1	𪔪
𪔥	1	鼘	1	鼘
𪔦	0	𪔦	0	𪔦
𪔧	1	𪔪	1	𪔪
𪔨	1	鼓	1	鼓
𪔩	0	𪔩	0	𪔩
𪔪	0	𪔪	0	𪔪
𪔫	1	鼖	1	鼖
𪔬	0	𪔬	0	𪔬
𪔭	1	𪔵	3	
𪔮	3	鞈&䶀	1	鞈
𪔯	1	鼜	1	鼜
𪔰	0	𪔰	0	𪔰
𪔱	1	鼘	1	鼘
𪔳	2	鼕&𪔳	0	𪔳
𪔵	2	𪔵&鼖	1	鼖
𪔶	0	𪔶	0	𪔶
𪔷	0	𪔷	0	𪔷
𪔸	3	鼦&貂	1	貂
𪔹	1	鼦	3	
𪔺	0	𪔺	0	𪔺
𪔻	1	鼨	1	鼨
𪔼	2	𪔼&𪕞	0	𪔼
𪔽	0	𪔽	0	𪔽
𪔾	0	𪔾	0	𪔾
𪔿	0	𪔿	0	𪔿
𪕀	0	𪕀	0	𪕀
𪕁	0	𪕁	0	𪕁
𪕂	1	𪔿	1	𪔿
𪕃	0	𪕃	0	𪕃
𪕄	1	鼨	1	鼨
𪕆	2	𣣉&𪕆	0	𪕆
𪕈	0	𪕈	0	𪕈
𪕉	1	𪕮	1	𪕮
𪕊	0	𪕊	0	𪕊
𪕋	0	𪕋	0	𪕋
𪕌	0	𪕌	0	𪕌
𪕍	0	𪕍	0	𪕍
𪕎	0	𪕎	0	𪕎
𪕏	1	鼬	1	鼬
𪕑	1	𪕊	1	𪕊
𪕒	0	𪕒	0	𪕒
𪕓	0	𪕓	0	𪕓
𪕔	0	𪕔	0	𪕔
𪕕	1	鼪	3	
𪕗	1	𪕓	1	𪕓
𪕘	1	䶅	1	䶅
𪕙	1	𪕍	1	𪕍
𪕚	3	䶉&𪕋	1	𪕋
𪕛	1	䶃	1	䶃
𪕜	1	鼯	1	鼯
𪕝	0	𪕝	0	𪕝
𪕞	0	𪕞	0	𪕞
𪕟	1	鼣	1	鼣
𪕡	1	鼯	1	鼯
𪕢	1	䶉	3	
𪕣	1	鼪	3	
𪕤	2	鼴&𪕤	0	𪕤
𪕥	1	𪕍	3	
𪕧	1	鼶	1	鼶
𪕨	0	𪕨	0	𪕨
𪕩	0	𪕩	0	𪕩
𪕪	1	䶆	1	䶆
𪕫	0	𪕫	0	𪕫
𪕬	1	鼶	1	鼶
𪕭	0	𪕭	0	𪕭
𪕮	0	𪕮	0	𪕮
𪕯	0	𪕯	0	𪕯
𪕱	2	𪕱&𪕮	1	𪕮
𪕵	1	鼭	1	鼭
𪕶	0	𪕶	0	𪕶
𪕷	0	𪕷	0	𪕷
𪕸	1	𪕷	1	𪕷
𪕹	0	𪕹	0	𪕹
𪕺	1	䶂	1	䶂
𪕻	1	鼶	1	鼶
𪕼	1	鼸	3	
𪕽	1	鼶	1	鼶
𪕾	3	𪕱&𪕮	1	𪕮
𪕿	2	𪖻&𪕿	0	𪕿
𪖀	0	𪖀	0	𪖀
𪖁	0	𪖁	0	𪖁
𪖂	0	𪖂	0	𪖂
𪖃	1	𪕷	1	𪕷
𪖅	1	鼢	1	鼢
𪖆	3	鼣&鼥	1	鼥
𪖇	0	𪖇	0	𪖇
𪖈	0	𪖈	0	𪖈
𪖊	1	𪖈	3	
𪖋	0	𪖋	0	𪖋
𪖌	0	𪖌	0	𪖌
𪖍	0	𪖍	0	𪖍
𪖎	1	獑	1	獑
𪖏	1	鼩	1	鼩
𪖐	0	𪖐	0	𪖐
𪖑	1	𪖐	1	𪖐
𪖒	1	鼽	1	鼽
𪖓	1	鼽	1	鼽
𪖔	1	䶊	1	䶊
𪖕	0	𪖕	0	𪖕
𪖖	1	鼽	1	鼽
𪖗	1	䶎	1	䶎
𪖘	1	𪖐	1	𪖐
𪖙	1	齁	3	
𪖚	0	𪖚	0	𪖚
𪖛	0	𪖛	0	𪖛
𪖝	1	䶎	3	
𪖞	1	鞴	3	
𪖟	1	鼾	1	鼾
𪖡	2	𪖡&鼿	1	鼿
𪖢	0	𪖢	0	𪖢
𪖣	2	嚏&𪖣	2	嚏&𪖣
𪖤	3	𪖡&鼿	1	鼿
𪖥	2	𪖥&𪖪	0	𪖥
𪖦	2	洟&𪖦&䶏	2	洟&𪖦&䶏
𪖧	1	𪖼	1	𪖼
𪖨	1	䶎	1	䶎
𪖩	0	𪖩	0	𪖩
𪖪	2	𪖥&𪖪	1	𪖥
𪖮	3	嚏&䶑	1	嚏
𪖯	0	𪖯	0	𪖯
𪖰	1	嚏	1	嚏
𪖳	0	𪖳	0	𪖳
𪖴	1	聞	3	
𪖵	1	齆	1	齆
𪖶	0	𪖶	0	𪖶
𪖷	0	𪖷	0	𪖷
𪖸	1	齇	3	
𪖻	2	𪖻&嗅	1	嗅
𪖼	0	𪖼	0	𪖼
𪖽	1	𪖼	1	𪖼
𪖾	3	䖶&𪖕	1	𪖕
𪖿	1	齆	3	
𪗁	0	𪗁	0	𪗁
𪗂	0	𪗂	0	𪗂
𪗃	1	齆	3	
𪗅	2	𪗅&癠	1	癠
𪗆	0	𪗆	0	𪗆
𪗇	1	臍	1	臍
𪗈	1	𪗅	3	
𪗉	3	粢&齍	3	粢&齍
𪗊	1	䶩	1	䶩
𪗋	0	𪗋	0	𪗋
𪗌	1	臍	1	臍
𪗍	0	𪗍	0	𪗍
𪗏	0	𪗏	0	𪗏
𪗐	2	齍&𪗐	2	齍&𪗐
𪗑	3	𪗒&資	1	資
𪗒	2	𪗒&資&齋	3	資&齋
𪗔	0	𪗔	0	𪗔
𪗕	1	齔	1	齔
𪗘	3	齧&𡿖	1	𡿖
𪗙	0	𪗙	0	𪗙
𪗚	1	齕	1	齕
𪗛	3	齞&𪗙	1	齞
𪗜	0	𪗜	0	𪗜
𪗝	0	𪗝	0	𪗝
𪗞	1	䶞	1	䶞
𪗟	1	齕	1	齕
𪗠	1	齔	1	齔
𪗡	3	齩&咬	1	咬
𪗢	1	齘	1	齘
𪗣	1	齘	1	齘
𪗤	0	𪗤	0	𪗤
𪗥	1	齔	1	齔
𪗦	0	𪗦	0	𪗦
𪗧	0	𪗧	0	𪗧
𪗨	0	𪗨	0	𪗨
𪗩	1	䶔	3	
𪗪	2	𪗪&齝	1	齝
𪗫	1	𪗻	1	𪗻
𪗬	0	𪗬	0	𪗬
𪗭	1	𪗬	1	𪗬
𪗮	1	齘	1	齘
𪗯	3	齗&齴	1	齗
𪗰	1	䶘	3	
𪗲	1	齡	1	齡
𪗳	0	𪗳	3	
𪗵	1	𪗬	1	𪗬
𪗶	1	齜	1	齜
𪗷	0	𪗷	0	𪗷
𪗸	0	𪗸	0	𪗸
𪗹	1	𪘲	1	𪘲
𪗺	1	齝	1	齝
𪗻	0	𪗻	0	𪗻
𪗼	2	齙&𪗼	1	齙
𪗽	0	𪗽	0	𪗽
𪗾	0	𪗾	0	𪗾
𪗿	1	䶛	1	䶛
𪘀	0	𪘀	0	𪘀
𪘁	0	𪘁	0	𪘁
𪘄	1	齦	1	齦
𪘅	1	齧	1	齧
𪘈	1	齠	1	齠
𪘊	0	𪘊	0	𪘊
𪘋	1	𪘲	3	
𪘍	2	𪗦&𪘍	0	𪘍
𪘎	1	齗	1	齗
𪘏	2	齪&𪘏	1	齪
𪘐	0	𪘐	0	𪘐
𪘑	0	𪘑	0	𪘑
𪘒	0	𪘒	0	𪘒
𪘓	2	𪘓&齹	1	齹
𪘔	1	掣	1	掣
𪘕	0	𪘕	0	𪘕
𪘖	1	齧	1	齧
𪘗	0	𪘗	0	𪘗
𪘘	1	䶝	1	䶝
𪘙	1	齧	1	齧
𪘛	1	齪	1	齪
𪘜	1	𪘨	1	𪘨
𪘞	0	𪘞	3	
𪘟	1	齦	1	齦
𪘠	1	齹	1	齹
𪘡	3	𪘓&齹	1	齹
𪘢	1	𪗽	1	𪗽
𪘣	1	齖	1	齖
𪘤	2	𪘤&𪙝	2	𪘤&𪙝
𪘥	2	猘&𪘥	0	𪘥
𪘦	0	𪘦	0	𪘦
𪘧	0	𪘧	0	𪘧
𪘨	0	𪘨	0	𪘨
𪘩	2	𪘩&齳	1	齳
𪘪	0	𪘪	0	𪘪
𪘫	1	𪘲	3	
𪘬	2	𪘲&𪘬	2	𪘲&𪘬
𪘭	2	𪘩&𪘭	0	𪘭
𪘮	1	齪	1	齪
𪘯	1	𪙤	3	
𪘰	1	齶	1	齶
𪘱	1	䶩	3	
𪘲	0	𪘲	0	𪘲
𪘴	1	齺	1	齺
𪘶	3	𪙨&𪙩	1	𪙩
𪘷	1	齭	1	齭
𪘸	1	齱	1	齱
𪘹	0	𪘹	0	𪘹
𪘺	0	𪘺	0	𪘺
𪘻	1	𪙤	1	𪙤
𪘼	2	䶛&𪘼	0	𪘼
𪘽	1	齶	1	齶
𪘾	0	𪘾	0	𪘾
𪘿	1	齜	1	齜
𪙀	2	齭&𪙀	2	齭&𪙀
𪙁	1	䶥	1	䶥
𪙂	1	䶛	1	䶛
𪙃	1	齵	1	齵
𪙄	1	𪘓	3	
𪙅	1	𪘑	3	
𪙆	1	𪙌	1	𪙌
𪙇	1	𪙌	1	𪙌
𪙈	2	齦&𪙈	0	𪙈
𪙉	1	齹	1	齹
𪙊	0	𪙊	0	𪙊
𪙋	1	齝	1	齝
𪙌	0	𪙌	0	𪙌
𪙍	2	𪙍&㗘	1	㗘
𪙎	0	𪙎	0	𪙎
𪙏	0	𪙏	0	𪙏
𪙐	1	齹	1	齹
𪙑	1	𪙌	1	𪙌
𪙒	1	𪘾	1	𪘾
𪙓	1	齧	1	齧
𪙔	1	䶩	3	
𪙕	0	𪙕	3	
𪙖	1	齤	1	齤
𪙗	1	齺	1	齺
𪙘	1	䶩	1	䶩
𪙙	2	𥽿&𪙙	0	𪙙
𪙚	3	𪙥&齛	1	齛
𪙛	0	𪙛	0	𪙛
𪙜	1	𪗻	1	𪗻
𪙝	2	𪙎&𪙝	2	𪙎&𪙝
𪙞	0	𪙞	0	𪙞
𪙟	0	𪙟	0	𪙟
𪙢	1	𪘨	3	
𪙣	1	齳	1	齳
𪙤	0	𪙤	0	𪙤
𪙥	2	𪙥&齥	1	齥
𪙦	0	𪙦	0	𪙦
𪙧	0	𪙧	0	𪙧
𪙨	0	𪙨	3	
𪙩	0	𪙩	0	𪙩
𪙪	1	𪙽	1	𪙽
𪙬	1	舐	1	舐
𪙮	1	齰	1	齰
𪙰	3	𪘹&𪘼	1	𪘹
𪙱	1	𪙽	1	𪙽
𪙲	3	齦&豤	1	齦
𪙳	0	𪙳	0	𪙳
𪙴	1	齮	1	齮
𪙵	1	䶥	1	䶥
𪙶	1	舐	1	舐
𪙷	1	𪘼	1	𪘼
𪙸	1	齹	1	齹
𪙹	0	𪙹	0	𪙹
𪙻	1	䶪	1	䶪
𪙼	1	齹	1	齹
𪙽	0	𪙽	0	𪙽
𪙾	1	䶥	3	
𪙿	1	齾	1	齾
𪚀	1	𪚁	1	𪚁
𪚁	0	𪚁	0	𪚁
𪚂	3	𪙍&㗘	1	㗘
𪚃	0	𪚃	0	𪚃
𪚄	1	𪚁	1	𪚁
𪚆	1	鑿	1	鑿
𪚈	3	𪙍&㗘	1	㗘
𪚉	2	齻&𪚉	0	𪚉
𪚊	1	齾	3	
𪚋	1	齾	1	齾
𪚌	1	齲	1	齲
𪚍	0	𪚍	0	𪚍
𪚎	0	𪚎	0	𪚎
𪚏	1	𪘀	3	
𪚐	1	𪙤	3	
𪚑	0	𪚑	0	𪚑
𪚒	1	䶬	1	䶬
𪚓	0	𪚓	0	𪚓
𪚔	1	龑	3	
𪚕	3	龕&龗	1	龗
𪚖	1	籠	1	籠
𪚗	3	礲&䆍	1	䆍
𪚘	0	𪚘	0	𪚘
𪚙	1	龗	1	龗
𪚜	1	䶬	1	䶬
𪚝	1	瓏	1	瓏
𪚞	1	龓	1	龓
𪚟	1	䶬	1	䶬
𪚠	0	𪚠	0	𪚠
𪚣	0	𪚣	3	
𪚥	0	𪚥	0	𪚥
𪚦	1	龜	1	龜
𪚧	1	龜	1	龜
𪚨	1	龜	1	龜
𪚫	1	𪚮	1	𪚮
𪚬	0	𪚬	0	𪚬
𪚭	2	䵶&𪚭	0	𪚭
𪚮	0	𪚮	0	𪚮
𪚯	2	鼀&𪚯	2	鼀&𪚯
𪚰	0	𪚰	0	𪚰
𪚱	1	𪚰	1	𪚰
𪚳	1	𪚮	1	𪚮
𪚵	3	䵶&𪚭	1	𪚭
𪚶	2	䵶&𪚶	0	𪚶
𪚷	0	𪚷	0	𪚷
𪚸	3	鼁&鼀	1	鼁
𪚹	0	𪚹	0	𪚹
𪚺	0	𪚺	0	𪚺
𪚻	0	𪚻	0	𪚻
𪚼	1	秋	1	秋
𪚽	1	䶱	1	䶱
𪚾	1	貝	1	貝
𪚿	1	龜	1	龜
𪛀	0	𪛀	0	𪛀
𪛁	1	秋	1	秋
𪛂	0	𪛂	0	𪛂
𪛃	0	𪛃	0	𪛃
𪛄	1	鼉	1	鼉
𪛆	1	鼈	3	
𪛈	0	𪛈	0	𪛈
𪛊	0	𪛊	0	𪛊
𪛋	1	唱	1	唱
𪛌	0	𪛌	3	
𪛍	3	𪛌&篪	1	篪
𪛎	0	𪛎	0	𪛎
𪛏	2	韽&𪛏	1	韽
𪛐	3	吹&䶴	1	䶴
𪛑	3	吹&䶴	1	䶴
𪛒	0	𪛒	0	𪛒
𪛓	1	龣	1	龣
𪛔	3	䶵&篪	1	篪
𪛕	1	簫	1	簫
𪛖	1	簫	1	簫
𪜎	1	𠿕	3	
𪜠	1	亢	3	
𪜧	1	儀	1	儀
𪜫	1	紐	3	
𪜯	1	付	3	
𪝂	1	𠊿	3	
𪝄	1	侉	3	
𪝖	0	𪝖	3	
𪝥	1	儒	3	
𪞁	1	兔	3	
𪞒	1	冠	3	
𪞝	1	凙	3	
𪟉	1	刳	1	刳
𪟎	1	㔋	3	
𪟖	0	𪟖	3	
𪟝	1	勣	3	
𪟲	1	㔶	3	
𪟻	1	犨	3	
𪠀	1	𧷎	3	
𪠃	1	𫨑	3	
𪠓	1	廣	3	
𪠔	1	廄	3	
𪠘	1	廨	1	廨
𪠟	1	㓄	3	
𪠡	1	𠬙	3	
𪠥	1	有	3	
𪠬	1	敢	1	敢
𪠲	3	殁&殳	1	殁
𪠳	1	唓	3	
𪠵	1	㖮	3	
𪠸	3	啦&嚛	1	啦
𪠽	1	噹	1	噹
𪡀	1	嘺	3	
𪡃	1	嘪	3	
𪡈	1	啗	3	
𪡋	1	噞	3	
𪡌	1	咨	1	咨
𪡏	1	嗹	3	
𪡛	1	㗿	3	
𪡞	1	嘳	3	
𪡧	1	啾	3	
𪡺	1	𡃄	3	
𪢌	1	㘓	3	
𪢍	0	𪢍	3	
𪢎	0	𪢎	3	
𪢐	1	𡂖	3	
𪢒	1	𡂡	3	
𪢕	1	啜	3	
𪢠	1	㘓	3	
𪢥	0	𪢥	3	
𪢫	1	圍	1	圍
𪢮	1	圝	3	
𪢸	1	墲	3	
𪣀	3	坦&圮	1	圮
𪣆	1	埬	3	
𪣏	1	洲	3	
𪣒	1	𡍦	3	
𪣻	1	塿	3	
𪤃	1	堰	3	
𪤄	1	𡓁	3	
𪤏	1	基	3	
𪤚	1	壣	3	
𪤧	1	嶼	3	
𪥎	1	奊	3	
𪥠	1	𧹈	3	
𪥡	1	隧	3	
𪥫	1	孇	3	
𪥬	1	妉	3	
𪥰	1	嬣	3	
𪥲	1	妖	3	
𪥿	1	嬻	3	
𪦈	1	偃	3	
𪦯	1	嫈	3	
𪧀	1	嬰	3	
𪧐	1	宿	3	
𪧘	1	寠	1	寠
𪧛	1	寮	3	
𪧧	1	室	3	
𪧨	1	最	3	
𪨇	1	尵	3	
𪨊	1	㞞	3	
𪨗	1	屩	3	
𪨣	1	屹	3	
𪨧	1	崙	3	
𪨩	1	𡸗	3	
𪨶	1	輋	3	
𪨷	1	巖	3	
𪨹	1	𡹬	3	
𪩇	1	嶁	3	
𪩎	1	巊	3	
𪩏	1	鹿	3	
𪩓	1	華	3	
𪩘	1	巘	1	巘
𪩚	1	𡼾	1	𡼾
𪩛	1	𡿖	3	
𪩲	1	𠂔	3	
𪩷	1	幝	3	
𪩸	1	幩	3	
𪪂	1	乾	3	
𪪏	1	㢚	3	
𪪑	1	㢗	3	
𪪒	1	唐	1	唐
𪪖	1	庪	3	
𪪞	1	廧	3	
𪪨	1	廩	1	廩
𪪱	1	遑	1	遑
𪪲	1	霆	1	霆
𪪴	1	𢍰	3	
𪪷	1	彝	3	
𪪺	1	弘	1	弘
𪪼	1	彃	3	
𪫁	1	稱	3	
𪫌	1	徿	3	
𪫑	1	偎	3	
𪫕	1	徽	3	
𪫟	1	怵	3	
𪫡	1	𢤩	3	
𪫥	1	忌	1	忌
𪫦	1	怪	1	怪
𪫧	1	可	3	
𪫨	1	愜	3	
𪫩	1	恩	3	
𪫯	1	愜	1	愜
𪫴	1	忌	3	
𪫷	1	懤	3	
𪫸	1	𢜭	1	𢜭
𪫺	1	憸	3	
𪬈	1	整	3	
𪬐	1	德	3	
𪬘	1	溢	3	
𪬚	1	𢣐	3	
𪬯	1	懶	3	
𪭝	1	𢯷	3	
𪭟	1	杵	3	
𪭢	1	摐	3	
𪭥	1	差	3	
𪭧	3	折&攝&擟	3	攝&擟
𪭨	1	挾	3	
𪭯	1	𢶒	3	
𪭵	1	掚	3	
𪭷	1	抱	1	抱
𪭾	1	撊	3	
𪮃	1	㨻	3	
𪮅	1	𭢌	3	
𪮆	1	捏	3	
𪮋	1	㩋	3	
𪮖	1	撧	3	
𪮛	1	塒	3	
𪮜	1	捶	3	
𪮦	1	逮	1	逮
𪮧	1	慵	3	
𪮬	1	喜	3	
𪮮	1	撠	3	
𪮰	0	𪮰	3	
𪮳	1	𢺳	3	
𪮶	1	攋	3	
𪯈	1	扶	3	
𪯉	1	𢽃	3	
𪯋	1	㪎	3	
𪯎	1	撻	3	
𪯔	1	敵	3	
𪯲	1	旂	3	
𪰋	1	旼	1	旼
𪰕	1	昃	3	
𪰖	1	昃	1	昃
𪰣	1	昱	3	
𪰶	1	曊	3	
𪱄	1	寅	3	
𪱋	1	膳	3	
𪱒	1	曩	3	
𪱝	1	脀	3	
𪱠	1	𦜒	3	
𪱥	1	膹	3	
𪱳	3	和&扣	1	扣
𪱷	1	梖	3	
𪱽	1	棚	3	
𪱾	1	檷	3	
𪱿	1	斿	3	
𪲀	1	坵	3	
𪲄	1	拻	3	
𪲎	1	櫅	3	
𪲔	1	欐	3	
𪲘	1	檥	3	
𪲛	1	檵	3	
𪲧	1	樅	3	
𪲨	1	揔	3	
𪲪	1	稟	3	
𪲬	1	𬽖	3	
𪲮	1	櫠	3	
𪳆	1	稜	3	
𪳍	1	欇	3	
𪳗	1	𣜬	3	
𪳙	1	準	3	
𪳝	1	槱	3	
𪳷	0	𪳷	3	
𪳸	1	𡑻	3	
𪴂	1	慢	3	
𪴙	1	欑	3	
𪴛	1	𣟌	3	
𪴦	1	鬱	3	
𪵅	1	殮	3	
𪵐	1	敷	3	
𪵑	1	毊	3	
𪵙	1	㲒	3	
𪵣	1	霼	3	
𪵩	1	汴	1	汴
𪵬	1	汎	3	
𪵱	1	砅	3	
𪶁	1	𣳫	3	
𪶄	1	溡	3	
𪶒	1	𤄷	3	
𪶗	1	涬	1	涬
𪶮	1	汙	3	
𪷁	1	溦	3	
𪷆	1	溟	3	
𪷈	0	𪷈	3	
𪷍	1	㵾	3	
𪷓	0	𪷓	3	
𪷖	1	涊	3	
𪷚	3	𬉬&汆	1	汆
𪷟	1	濛	3	
𪷤	1	凜	3	
𪷽	1	灒	3	
𪸓	3	炁&氣	1	氣
𪸕	1	熂	3	
𪸩	1	煇	3	
𪸿	1	烹	1	烹
𪹉	1	煞	3	
𪹐	1	煦	3	
𪹠	1	燃	3	
𪹯	1	燋	3	
𪹳	1	燭	1	燭
𪹹	1	𤒻	3	
𪺏	1	豸	1	豸
𪺛	1	釜	3	
𪺣	1	檮	3	
𪺩	1	牝	3	
𪺪	1	𤜆	3	
𪺭	1	犞	3	
𪺮	1	牽	1	牽
𪺴	1	㹙	3	
𪺷	1	獊	3	
𪺸	1	𤠮	3	
𪺻	1	㺜	3	
𪺽	1	猌	3	
𪻅	1	𤠔	3	
𪻐	1	瑽	3	
𪻘	1	瑄	3	
𪻛	1	㺾	3	
𪻞	1	改	3	
𪻣	1	㺾	3	
𪻨	1	瓄	3	
𪻲	1	琨	3	
𪻺	1	璝	3	
𪻿	1	𡍨	3	
𪼋	1	㻶	3	
𪼩	1	琚	1	琚
𪼴	1	𤬅	3	
𪼽	1	甀	3	
𪽂	1	𪌘	3	
𪽈	1	畼	3	
𪽋	1	留	1	留
𪽝	1	𤳷	3	
𪽪	1	脹	3	
𪽭	1	𤷃	3	
𪽮	1	㿖	3	
𪽴	1	𤺔	3	
𪽷	1	瘱	3	
𪾔	1	盨	3	
𪾜	1	盭	3	
𪾠	1	的	3	
𪾢	1	睍	3	
𪾣	1	眝	3	
𪾤	1	眓	3	
𪾦	1	矑	3	
𪾲	1	暗	3	
𪾳	1	暐	3	
𪾸	1	矉	3	
𪿊	1	𥏝	3	
𪿑	1	砊	3	
𪿖	1	砥	3	
𪿞	1	𥖲	3	
𪿢	1	辟	3	
𪿪	1	湃	3	
𪿫	1	礮	3	
𪿵	1	碾	3	
𫀃	1	衲	3	
𫀄	1	成	1	成
𫀅	1	袩	3	
𫀆	1	袍	3	
𫀌	1	𥜰	3	
𫀓	1	𥜐	3	
𫀨	1	𢆚	3	
𫀬	1	䅳	3	
𫀮	1	𥢷	3	
𫀽	1	耦	3	
𫀾	1	穆	1	穆
𫁂	1	䆉	3	
𫁒	1	窪	3	
𫁟	1	竱	3	
𫁡	1	鴗	3	
𫁱	1	𥶽	3	
𫁲	1	䉑	3	
𫁳	1	葦	3	
𫁷	1	䉶	3	
𫁺	1	𥴼	3	
𫁾	1	篆	1	篆
𫂃	1	簢	3	
𫂆	1	簂	3	
𫂈	1	䉬	3	
𫂉	1	節	3	
𫂎	1	簨	3	
𫂓	1	蓍	3	
𫂖	1	𥴨	3	
𫂙	1	簌	3	
𫂽	1	㞞	3	
𫂿	1	𥻦	3	
𫃇	1	糈	3	
𫃐	0	𫃐	3	
𫃑	1	醪	3	
𫃗	1	𩏷	3	
𫃟	1	襪	3	
𫃥	0	𫃥	3	
𫃵	1	縷	1	縷
𫃷	0	𫃷	3	
𫄀	1	縡	3	
𫄄	1	𫄎	3	
𫄇	0	𫄇	3	
𫄎	0	𫄎	3	
𫄙	1	糺	3	
𫄚	1	䊺	3	
𫄛	1	紟	3	
𫄜	1	䋃	3	
𫄝	1	𥾯	3	
𫄞	1	紑	3	
𫄟	1	絁	3	
𫄠	1	絙	3	
𫄡	1	絧	3	
𫄢	1	絥	3	
𫄣	1	繷	3	
𫄤	1	繨	3	
𫄥	1	纚	3	
𫄦	1	𦀖	3	
𫄧	1	綖	3	
𫄨	1	絺	3	
𫄩	1	䋦	3	
𫄪	1	𦅇	3	
𫄫	1	綟	3	
𫄬	1	緤	3	
𫄭	1	𦂊	3	
𫄮	1	䋼	3	
𫄯	1	𦃩	3	
𫄰	1	縍	3	
𫄱	1	繬	3	
𫄲	1	縸	3	
𫄳	1	縰	3	
𫄴	1	繂	3	
𫄵	1	𦅈	3	
𫄶	1	繈	3	
𫄷	1	繶	3	
𫄸	1	纁	3	
𫄹	1	纗	3	
𫅅	1	䍤	3	
𫅋	1	罾	3	
𫅗	1	羵	3	
𫅤	1	翎	3	
𫅥	1	𦒀	3	
𫅨	1	翬	1	翬
𫅭	1	䎙	3	
𫅼	1	𦔖	3	
𫆅	1	聖	3	
𫆆	1	射	3	
𫆏	1	聻	3	
𫆖	1	肚	3	
𫆝	1	𦟼	3	
𫆞	1	脛	3	
𫆫	1	皧	3	
𫇘	1	𦧺	3	
𫇛	1	艣	3	
𫇠	0	𫇠	3	
𫇢	1	艤	3	
𫇣	1	艤	3	
𫇦	1	𤇾	3	
𫇪	1	𦱌	3	
𫇭	1	蒍	3	
𫇰	1	𦭻	3	
𫇴	1	蒭	3	
𫇽	1	蕽	3	
𫇿	1	策	3	
𫈄	1	苡	3	
𫈉	1	蕳	3	
𫈎	1	葝	3	
𫈐	1	華	3	
𫈟	1	蔯	3	
𫈣	1	範	1	範
𫈦	1	蔑	3	
𫈨	1	𦱓	3	
𫈵	1	蕝	3	
𫈹	1	輂	3	
𫈻	1	瓠	3	
𫈼	1	蔑	3	
𫉁	1	薆	3	
𫉄	1	藷	3	
𫉍	1	麥	3	
𫉞	1	萼	1	萼
𫉬	1	獲	3	
𫉷	1	藝	3	
𫊆	1	矱	3	
𫊇	1	藕	3	
𫊝	1	虎	3	
𫊤	1	虻	3	
𫊪	1	䗅	3	
𫊫	1	蚤	3	
𫊮	1	蠦	3	
𫊱	1	繭	3	
𫊵	1	峙	3	
𫊷	1	𧏫	3	
𫊸	1	蟜	3	
𫊹	1	𧒯	3	
𫊻	1	蟳	3	
𫋇	1	蟂	3	
𫋌	1	蟘	3	
𫋐	0	𫋐	3	
𫋠	1	蜂	3	
𫋲	1	䙔	3	
𫋳	1	祊	3	
𫋴	3	衮&襄	1	衮
𫋷	1	襗	3	
𫋹	1	襓	3	
𫋻	1	襘	3	
𫋾	1	袴	3	
𫌀	1	襀	3	
𫌆	1	袂	1	袂
𫌇	1	襵	3	
𫌉	1	禚	3	
𫌋	1	𧞫	3	
𫌙	0	𫌙	3	
𫌨	1	覼	3	
𫌪	1	覛	3	
𫌫	1	𧡴	3	
𫌬	1	𧢄	3	
𫌭	1	覹	3	
𫌯	1	䚩	3	
𫌴	1	䚺	3	
𫍊	1	鏗	3	
𫍐	1	𧭹	3	
𫍙	1	訑	3	
𫍚	1	訞	3	
𫍛	1	訜	3	
𫍜	1	詓	3	
𫍝	1	諫	3	
𫍞	1	𧦝	3	
𫍟	1	詑	3	
𫍠	1	䛄	3	
𫍡	1	詑	3	
𫍢	1	譊	3	
𫍣	1	詷	3	
𫍤	1	譑	3	
𫍥	1	誂	3	
𫍦	1	譨	3	
𫍧	1	誺	3	
𫍨	1	震	3	
𫍩	1	諣	3	
𫍪	1	忌	3	
𫍫	1	䛳	3	
𫍬	1	誷	3	
𫍭	1	𧩕	3	
𫍮	1	誳	3	
𫍯	1	諴	3	
𫍰	1	諰	3	
𫍱	1	諯	3	
𫍲	1	謏	3	
𫍳	1	諥	3	
𫍴	1	謱	3	
𫍵	1	謷	3	
𫍶	1	𧩼	3	
𫍷	1	謉	3	
𫍸	1	謆	3	
𫍹	1	謯	3	
𫍺	1	𧫝	3	
𫍻	1	譆	3	
𫍼	1	𧬤	3	
𫍽	1	譞	3	
𫍾	1	𧭈	3	
𫍿	1	譾	3	
𫎆	1	豵	3	
𫎇	3	蒙&懞	1	蒙
𫎌	1	貗	3	
𫎓	1	貯	3	
𫎘	1	質	1	質
𫎙	1	貺	3	
𫎦	1	贚	3	
𫎧	1	䝭	3	
𫎨	1	𧸘	3	
𫎩	1	賝	3	
𫎪	1	䞋	3	
𫎫	1	贉	3	
𫎬	1	贛	3	
𫎭	1	䞓	3	
𫎮	1	䞓	3	
𫎱	1	䟐	3	
𫎳	1	䟆	3	
𫎸	1	䟅	3	
𫎺	1	䟃	3	
𫏂	1	跂	3	
𫏃	1	䠆	3	
𫏆	1	蹳	3	
𫏋	1	蹻	3	
𫏌	1	疏	3	
𫏐	1	蹔	3	
𫏑	1	𨇽	3	
𫏕	1	𨆪	3	
𫏨	1	𨇤	3	
𫏲	1	𨊱	3	
𫏳	1	戟	3	
𫐄	1	軏	3	
𫐅	1	軕	3	
𫐆	1	轣	3	
𫐇	1	軜	3	
𫐈	1	軷	3	
𫐉	1	軨	3	
𫐊	1	軬	3	
𫐋	1	𨎐	3	
𫐌	1	軿	3	
𫐍	1	𨌈	3	
𫐎	1	輢	3	
𫐏	1	輖	3	
𫐐	1	輗	3	
𫐑	1	輨	3	
𫐒	1	輷	3	
𫐓	1	輮	3	
𫐔	1	𨍰	3	
𫐕	1	轊	3	
𫐖	1	轇	3	
𫐗	1	轐	3	
𫐘	1	轗	3	
𫐙	1	轠	3	
𫐛	1	辣	3	
𫐠	3	述&迷	1	述
𫐮	1	逾	3	
𫐵	1	逖	3	
𫐷	1	遱	3	
𫐺	1	邀	3	
𫐼	1	徬	3	
𫑈	1	遇	3	
𫑗	1	卯	3	
𫑘	1	鄟	3	
𫑡	1	鄳	3	
𫑷	1	醶	3	
𫒇	1	鈍	3	
𫒋	1	鈙	3	
𫒖	0	𫒖	3	
𫒛	1	錞	3	
𫒞	0	𫒞	3	
𫒠	1	繇	3	
𫒡	0	𫒡	3	
𫓌	1	鎝	3	
𫓖	1	䥢	3	
𫓥	1	釟	3	
𫓦	1	釨	3	
𫓧	1	鈇	3	
𫓨	1	鍋	3	
𫓩	1	鏦	3	
𫓪	1	鈆	3	
𫓫	1	𨥟	3	
𫓬	1	鉔	3	
𫓭	1	鉠	3	
𫓮	1	𨪕	3	
𫓯	1	銈	3	
𫓰	1	銊	3	
𫓱	1	鐈	3	
𫓲	1	鈞	3	
𫓳	1	𨦂	3	
𫓴	1	鉾	3	
𫓵	1	鋠	3	
𫓶	1	鋗	3	
𫓷	1	𫒡	3	
𫓸	1	鋄	3	
𫓹	1	錤	3	
𫓺	1	鐪	3	
𫓻	1	錜	3	
𫓼	1	𨨛	3	
𫓽	1	錝	3	
𫓾	1	錥	3	
𫓿	1	𨨢	3	
𫔀	1	鍊	3	
𫔁	1	鐼	3	
𫔂	1	鍉	3	
𫔃	1	鑑	3	
𫔄	1	鍒	3	
𫔅	1	鎍	3	
𫔆	1	䥯	3	
𫔇	1	鎞	3	
𫔈	1	鎙	3	
𫔉	1	𨰃	3	
𫔊	1	銹	3	
𫔋	1	䥗	3	
𫔌	1	鏾	3	
𫔍	1	鐇	3	
𫔎	1	鐍	3	
𫔏	1	𨬖	3	
𫔐	1	𨭸	3	
𫔑	1	𨭖	3	
𫔒	1	𨮳	3	
𫔓	1	鑊	3	
𫔔	1	鑴	3	
𫔖	1	𨲳	3	
𫔡	1	鬥	1	鬥
𫔢	1	關	1	關
𫔧	1	閦	3	
𫔭	1	開	1	開
𫔮	1	閒	1	閒
𫔯	1	鬥	1	鬥
𫔰	1	閞	3	
𫔲	1	𨴹	3	
𫔴	1	閵	3	
𫔵	1	䦯	3	
𫔶	1	闑	3	
𫔾	1	陬	3	
𫕉	1	院	3	
𫕙	1	隸	3	
𫕚	1	𩀨	3	
𫕛	1	鴰	1	鴰
𫕜	1	騅	3	
𫕟	1	霄	3	
𫕢	1	黴	3	
𫕥	1	霣	3	
𫕨	1	𩅙	3	
𫖃	3	靧&沬	1	沬
𫖅	1	䪊	3	
𫖇	1	鞾	3	
𫖑	1	𩎖	3	
𫖒	1	韠	3	
𫖓	1	𩏂	3	
𫖔	1	韛	3	
𫖕	1	韝	3	
𫖖	1	𩏠	3	
𫖘	1	變	3	
𫖞	0	𫖞	3	
𫖠	1	䇓	3	
𫖪	1	𩑔	3	
𫖫	1	䪴	3	
𫖬	1	䪾	3	
𫖭	1	𩒎	3	
𫖮	1	顗	3	
𫖯	1	頫	3	
𫖰	1	䫂	3	
𫖱	1	䫀	3	
𫖲	1	䫟	3	
𫖳	1	頵	3	
𫖴	1	𩔳	3	
𫖵	1	𩓥	3	
𫖶	1	顅	3	
𫖷	1	𩔑	3	
𫖸	1	願	3	
𫖹	1	蹙	3	
𫖺	1	䫶	3	
𫗇	1	䫻	3	
𫗈	1	𩗓	3	
𫗉	1	𩗴	3	
𫗊	1	䬓	3	
𫗋	1	飋	3	
𫗑	0	𫗑	3	
𫗕	0	𫗕	3	
𫗚	1	䭕	3	
𫗞	1	飦	3	
𫗟	1	䬧	3	
𫗠	1	餦	3	
𫗡	1	餬	3	
𫗢	1	飵	3	
𫗣	1	飶	3	
𫗤	1	𩛌	3	
𫗥	1	餫	3	
𫗦	1	餔	3	
𫗧	1	餗	3	
𫗨	1	𩛡	3	
𫗩	1	饠	3	
𫗪	1	餵	3	
𫗫	1	餬	3	
𫗬	1	餪	3	
𫗭	1	餵	3	
𫗮	1	餭	3	
𫗯	1	餱	3	
𫗰	1	䭔	3	
𫗱	1	䭑	3	
𫗲	1	𬲛	3	
𫗳	1	𩝽	3	
𫗴	1	饘	3	
𫗵	1	饟	3	
𫘅	1	馭	1	馭
𫘛	1	馯	3	
𫘜	1	馼	3	
𫘝	1	駃	3	
𫘞	1	駞	3	
𫘟	1	駊	3	
𫘠	1	駤	3	
𫘡	1	駫	3	
𫘣	1	駻	3	
𫘤	1	騃	3	
𫘥	1	騉	3	
𫘦	1	騊	3	
𫘧	1	騄	3	
𫘨	1	騠	3	
𫘩	1	騜	3	
𫘪	1	騵	3	
𫘫	1	騴	3	
𫘬	1	騱	3	
𫘭	1	驦	3	
𫘮	1	䮰	3	
𫘯	1	驓	3	
𫘰	1	驙	3	
𫘱	1	驨	3	
𫘺	1	髮	3	
𫘻	1	髧	3	
𫘽	1	鬠	3	
𫙂	1	𩯁	3	
𫙢	1	鰈	3	
𫚈	1	鱮	3	
𫚉	1	魟	3	
𫚊	1	鰑	3	
𫚋	1	鱄	3	
𫚌	1	鯊	3	
𫚍	1	魵	3	
𫚎	1	𩶁	3	
𫚏	1	魾	3	
𫚐	1	䱀	3	
𫚑	1	鮅	3	
𫚒	1	鮄	3	
𫚓	1	鮤	3	
𫚔	1	鮰	3	
𫚕	1	鰤	3	
𫚖	1	鮆	3	
𫚗	1	鮯	3	
𫚘	1	𩻮	3	
𫚙	1	鯆	3	
𫚚	1	鮿	3	
𫚛	1	鮵	3	
𫚜	1	䲅	3	
𫚝	1	𩸄	3	
𫚞	1	鯬	3	
𫚟	1	𩸡	3	
𫚠	1	䱧	3	
𫚡	1	鯞	3	
𫚢	1	鰋	3	
𫚣	1	鯾	3	
𫚤	1	鰦	3	
𫚥	1	鰕	3	
𫚦	1	鰫	3	
𫚧	1	鰽	3	
𫚨	1	𩻗	3	
𫚩	1	𩻬	3	
𫚪	1	鱊	3	
𫚫	1	鱢	3	
𫚬	1	𩼶	3	
𫚭	1	鱲	3	
𫚲	1	鴆	3	
𫚴	1	穆	3	
𫛚	1	鳽	3	
𫛛	1	鳷	3	
𫛜	1	鴀	3	
𫛝	1	鴅	3	
𫛞	1	鴃	3	
𫛟	1	鸗	3	
𫛠	1	𩿤	3	
𫛡	1	鴔	3	
𫛢	1	鸋	3	
𫛣	1	鴥	3	
𫛤	1	鴐	3	
𫛥	1	鵊	3	
𫛦	1	鴮	3	
𫛧	1	鶖	3	
𫛨	1	鵧	3	
𫛩	1	鴳	3	
𫛪	1	鴽	3	
𫛫	1	鶰	3	
𫛬	1	䳜	3	
𫛭	1	鵟	3	
𫛮	1	䳤	3	
𫛯	1	鶭	3	
𫛰	1	鶀	3	
𫛱	1	鵫	3	
𫛲	1	鵰	3	
𫛳	1	鵩	3	
𫛴	1	鷤	3	
𫛵	1	鶌	3	
𫛶	1	鶒	3	
𫛷	1	鶦	3	
𫛸	1	鶗	3	
𫛹	1	𪃐	3	
𫛺	1	𪃶	3	
𫛻	1	𪃒	3	
𫛼	1	䳫	3	
𫛽	1	鷅	3	
𫛾	1	𪆷	3	
𫜀	1	鷐	3	
𫜁	1	鷩	3	
𫜂	1	𪅂	3	
𫜃	1	鷣	3	
𫜄	1	鷷	3	
𫜅	1	䴋	3	
𫜊	1	𪉸	3	
𫜑	1	麷	3	
𫜒	1	䴱	3	
𫜓	1	䅌	3	
𫜔	1	䴽	3	
𫜕	1	𪍠	3	
𫜖	1	瘞	3	
𫜙	1	䵴	3	
𫜟	1	𪓰	3	
𫜤	1	臭	3	
𫜦	0	𫜦	3	
𫜨	1	䶕	3	
𫜩	1	齧	3	
𫜪	1	齩	3	
𫜫	1	𫜦	3	
𫜬	1	齰	3	
𫜭	1	齭	3	
𫜮	1	齴	3	
𫜯	1	𪙏	3	
𫜰	1	齾	3	
𫜲	1	龓	3	
𫜳	1	𪚮	3	
𫝁	1	丣	3	
𫝃	1	爾	3	
𫝄	1	久	3	
𫝇	1	命	1	命
𫝈	1	㑮	3	
𫝉	1	倉	1	倉
𫝊	1	傳	3	
𫝋	1	𠐊	3	
𫝑	1	勢	1	勢
𫝕	1	辰	3	
𫝗	1	厚	1	厚
𫝦	1	㛝	3	
𫝧	1	㜐	3	
𫝨	1	媈	3	
𫝩	1	嬦	3	
𫝪	1	𡟫	3	
𫝫	1	婡	3	
𫝬	1	嬇	3	
𫝭	1	嬰	3	
𫝮	1	孄	3	
𫝱	1	寧	3	
𫝳	1	扈	3	
𫝵	1	嶹	3	
𫝶	1	座	1	座
𫝹	1	念	3	
𫞀	1	族	3	
𫞃	1	昭	3	
𫞅	1	𣎟	3	
𫞉	1	柳	3	
𫞍	1	檀	1	檀
𫞐	1	權	1	權
𫞕	1	氏	3	
𫞖	1	民	3	
𫞗	1	潣	3	
𫞚	1	澬	3	
𫞛	1	㶆	3	
𫞜	1	滿	3	
𫞝	1	㵐	3	
𫞠	1	爧	3	
𫞡	3	熒&爃	1	爃
𫞢	1	𤛱	3	
𫞣	1	㹽	3	
𫞤	1	猿	3	
𫞥	1	珼	3	
𫞦	1	璾	3	
𫞧	1	𤩂	3	
𫞨	1	璼	3	
𫞩	1	璊	3	
𫞯	1	盈	1	盈
𫞰	1	盈	3	
𫞳	1	䀱	3	
𫞷	1	𥢶	3	
𫞹	1	空	1	空
𫟃	1	絍	3	
𫟄	1	紘	3	
𫟅	1	綡	3	
𫟆	1	緟	3	
𫟇	1	𦆲	3	
𫟏	1	菟	3	
𫟑	1	䖅	3	
𫟒	1	葉	3	
𫟕	1	䕤	3	
𫟛	1	覃	3	
𫟞	1	䛗	3	
𫟟	1	詊	3	
𫟠	1	譂	3	
𫟡	1	誴	3	
𫟢	1	譚	3	
𫟤	1	䡐	3	
𫟥	1	䡩	3	
𫟦	1	䡵	3	
𫟫	1	𨞺	3	
𫟬	1	𨟊	3	
𫟯	1	重	3	
𫟲	1	釚	3	
𫟳	1	釲	3	
𫟴	1	鈖	3	
𫟵	1	鈗	3	
𫟶	1	銏	3	
𫟷	1	鉝	3	
𫟸	1	鉽	3	
𫟹	1	鉷	3	
𫟺	1	䤤	3	
𫟻	1	銂	3	
𫟼	1	鐽	3	
𫟽	1	𨧰	3	
𫟾	1	𨩰	3	
𫟿	1	鎈	3	
𫠀	1	䥄	3	
𫠁	1	鑉	3	
𫠂	1	閝	3	
𫠅	1	韚	3	
𫠆	1	頍	3	
𫠇	1	𩖣	3	
𫠈	1	䫾	3	
𫠊	1	䮄	3	
𫠋	1	騼	3	
𫠌	1	𩦠	3	
𫠏	1	𩵦	3	
𫠐	1	魽	3	
𫠑	1	䱸	3	
𫠒	1	鱆	3	
𫠖	1	雄	3	
𫠗	1	鹼	3	
𫠙	1	鑿	3	
𫠜	1	齯	3	
𫠥	1	𠥮	3	
𫠦	1	所	3	
𫠱	1	正	1	正
𫡑	3	眾&乑	1	眾
𫡒	1	甪	3	
𫡬	1	𠷏	3	
𫡶	1	𩅾	3	
𫡼	1	曹	3	
𫡿	1	稟	1	稟
𫢈	1	初	1	初
𫢉	1	幹	3	
𫢑	1	侯	3	
𫢒	1	儱	3	
𫢔	1	𠐽	3	
𫢘	1	𠏮	3	
𫢙	1	働	3	
𫢟	1	𪝖	3	
𫢧	1	恡	3	
𫢨	1	𠎒	3	
𫢪	1	僆	3	
𫢬	1	僗	3	
𫢭	1	儰	3	
𫢲	1	𫣴	3	
𫢳	1	倪	1	倪
𫢴	3	從&傱	1	從
𫢸	1	僤	3	
𫢹	1	𠑙	3	
𫢺	1	傪	3	
𫣅	3	魁&偭	1	偭
𫣉	1	儖	3	
𫣊	1	僾	3	
𫣌	1	𠊡	3	
𫣖	1	張	3	
𫣛	1	𠑲	3	
𫣜	1	德	3	
𫣫	1	𠐍	3	
𫣴	0	𫣴	3	
𫤌	1	儼	1	儼
𫤖	1	儼	3	
𫤗	3	兒&魂	1	兒
𫤘	1	兒	3	
𫤽	1	𠖫	3	
𫤾	1	丩	3	
𫥇	1	冰	3	
𫥍	1	𠘥	3	
𫥔	1	𫥝	3	
𫥝	2	𫥝&㵾	1	㵾
𫥢	1	兜	1	兜
𫥳	1	𠠝	3	
𫥵	1	𠠏	3	
𫥺	1	𠟪	3	
𫥼	1	𠜲	3	
𫥽	1	𫦙	3	
𫦁	1	𠝿	3	
𫦅	1	㔅	3	
𫦉	1	𠞭	1	𠞭
𫦋	1	𫦔	3	
𫦌	1	㔃	3	
𫦔	0	𫦔	3	
𫦕	1	𠠜	3	
𫦙	0	𫦙	3	
𫦩	1	㔝	3	
𫦰	1	𫦸	3	
𫦳	1	絕	3	
𫦸	0	𫦸	3	
𫧃	1	𣍐	3	
𫧇	1	能	1	能
𫧓	1	鋪	3	
𫧔	1	臧	1	臧
𫧝	1	㔶	3	
𫧮	1	𪋿	3	
𫧯	1	禼	3	
𫧷	1	䊲	3	
𫧿	1	贕	3	
𫨆	1	𠩘	1	𠩘
𫨑	0	𫨑	3	
𫨬	1	歸	3	
𫨸	1	取	3	
𫨻	1	段	3	
𫩕	1	嚝	3	
𫩖	1	𠵘	3	
𫩚	1	𠵹	3	
𫩛	1	㗰	3	
𫩜	1	呱	1	呱
𫩤	1	㗼	3	
𫩧	1	含	3	
𫩩	1	㗙	3	
𫩪	1	㘓	3	
𫩫	1	嚈	3	
𫩯	1	𠹛	3	
𫩳	1	𠼮	3	
𫩴	1	哚	3	
𫩸	1	𪢥	3	
𫩺	1	嚍	3	
𫪀	1	㗻	3	
𫪁	1	唻	1	唻
𫪂	1	㘙	3	
𫪃	1	㘑	3	
𫪄	1	𠼤	3	
𫪅	1	𠺮	3	
𫪘	1	𡂿	3	
𫪚	1	囋	3	
𫪛	0	𫪛	3	
𫪜	3	吟&荶	3	吟&荶
𫪧	1	嘄	3	
𫪪	1	𡂒	3	
𫪯	1	嘯	1	嘯
𫪺	1	嚏	3	
𫪻	1	嗤	3	
𫪽	1	𠾬	3	
𫪾	1	嗴	3	
𫫀	1	䛴	3	
𫫇	1	噁	3	
𫫏	1	𫬆	3	
𫫠	1	宿	3	
𫫦	1	啖	3	
𫫵	1	𡀿	3	
𫫽	3	壡&壑	1	壑
𫫾	1	嚬	3	
𫬆	0	𫬆	3	
𫬐	1	㘔	3	
𫬙	1	𧸫	3	
𫬟	1	𡅥	3	
𫭞	1	塼	3	
𫭟	1	塸	3	
𫭠	1	𡉚	3	
𫭡	1	坼	3	
𫭢	1	埨	3	
𫭨	1	墢	3	
𫭪	1	墝	3	
𫭮	1	𡍫	3	
𫭯	1	𡑎	3	
𫭲	1	巖	3	
𫭼	1	𡑍	3	
𫮃	1	墠	3	
𫮅	1	墋	3	
𫮈	3	㙻&纏&廛	3	纏&廛
𫮍	1	埼	3	
𫮛	1	墊	3	
𫮜	1	㙬	3	
𫮺	1	壑	1	壑
𫯁	1	壹	1	壹
𫯒	1	𨑊	3	
𫯓	0	𫯓	3	
𫯥	1	奯	3	
𫯶	1	奫	3	
𫯻	1	奯	3	
𫰂	1	奲	3	
𫰍	1	媁	3	
𫰐	1	婜	3	
𫰛	1	娙	3	
𫰠	1	㜭	3	
𫰡	1	嬅	3	
𫰢	1	嬒	3	
𫰨	1	㜥	3	
𫰰	1	嬐	3	
𫰹	1	嫢	3	
𫰿	1	婣	3	
𫱕	1	㜮	3	
𫱿	1	𡤫	3	
𫲓	1	嬴	3	
𫲕	1	孽	3	
𫲗	1	㜺	3	
𫲙	1	嫷	3	
𫲜	1	䝏	3	
𫲲	1	孽	3	
𫲷	1	實	3	
𫳃	1	㝞	3	
𫳅	1	牢	3	
𫳚	1	珍	3	
𫴖	1	𡫚	3	
𫴼	1	𡮤	3	
𫵑	1	𡯴	1	𡯴
𫵒	1	尵	1	尵
𫵘	1	屄	1	屄
𫵠	1	犀	1	犀
𫵮	1	豐	3	
𫵵	1	崵	3	
𫵶	1	𡺨	3	
𫵷	1	㠣	3	
𫵸	1	𡷨	3	
𫵹	1	㠚	3	
𫶅	1	嵾	3	
𫶇	1	嵽	3	
𫶊	1	𡽳	3	
𫶕	1	巆	3	
𫶛	1	徽	3	
𫶲	1	𣫒	3	
𫷀	1	旄	3	
𫷁	1	布	1	布
𫷅	1	㡓	3	
𫷈	1	𢄼	3	
𫷉	1	幰	3	
𫷌	1	𢅡	3	
𫷏	1	紙	3	
𫷬	1	庲	3	
𫷮	1	廕	3	
𫷷	1	廞	3	
𫷹	1	廔	3	
𫷺	1	榭	3	
𫷾	1	廮	3	
𫸧	1	局	1	局
𫸩	1	彄	3	
𫹆	1	寅	3	
𫹎	1	休	1	休
𫹛	1	遊	3	
𫹣	1	獠	3	
𫹪	1	儼	3	
𫹮	1	㦛	3	
𫹯	1	悉	1	悉
𫹱	1	訓	3	
𫹳	1	忒	3	
𫹴	1	愇	3	
𫹷	1	𢥠	3	
𫹼	1	𢛔	3	
𫹽	1	慯	3	
𫺁	1	㤲	3	
𫺂	1	㤲	3	
𫺆	1	㦊	3	
𫺊	1	懠	3	
𫺌	1	愩	3	
𫺒	1	憪	3	
𫺓	1	懣	3	
𫺘	1	憦	3	
𫺣	1	湠	3	
𫺤	1	慎	3	
𫺨	1	恲	3	
𫺪	1	懩	3	
𫺷	1	戁	3	
𫺹	1	𫻑	3	
𫻁	1	㦦	3	
𫻃	1	墯	1	墯
𫻇	1	懖	3	
𫻑	0	𫻑	3	
𫻚	1	懿	1	懿
𫻪	1	忒	3	
𫼔	1	㓞	3	
𫼗	1	攝	3	
𫼝	1	搊	3	
𫼟	1	摥	3	
𫼣	1	𢳂	3	
𫼤	1	𢯩	3	
𫼥	1	㨟	3	
𫼧	1	劃	3	
𫼪	1	摌	3	
𫼫	1	𢲾	3	
𫼬	1	攝	3	
𫼮	1	擃	3	
𫼰	1	擩	3	
𫼱	1	扛	3	
𫼲	1	倈	3	
𫼵	1	𢲸	3	
𫼶	1	𢱡	3	
𫼽	1	𪮰	3	
𫼾	1	𢲩	3	
𫽀	1	㨥	3	
𫽁	1	摙	3	
𫽄	1	拯	3	
𫽇	1	㩇	3	
𫽊	1	挬	3	
𫽋	1	攞	3	
𫽐	1	𢳚	3	
𫽔	1	𢷃	3	
𫽕	1	𢺥	3	
𫽙	1	扛	3	
𫽜	1	扴	1	扴
𫽝	1	擥	3	
𫽣	1	摪	3	
𫽥	1	攑	3	
𫽧	1	㩌	3	
𫽬	1	撐	3	
𫽮	1	攩	1	攩
𫽲	1	𢸣	3	
𫽳	1	𢴩	3	
𫾁	1	𢸴	3	
𫾃	1	㩋	3	
𫾉	1	揮	3	
𫾏	1	𫾡	3	
𫾡	0	𫾡	3	
𫾣	1	敲	3	
𫾬	1	𦔼	1	𦔼
𫾳	1	𣀘	3	
𫾻	1	敡	3	
𫾼	1	殽	3	
𫾿	1	敜	3	
𫿓	1	𢿥	3	
𫿗	1	𣀻	3	
𫿞	1	嚴	3	
𫿠	1	敦	3	
𫿳	1	㪻	3	
𬀥	1	𣄸	3	
𬀩	1	暐	3	
𬀪	1	晛	3	
𬀮	1	㬣	3	
𬀱	1	暟	3	
𬀴	1	春	3	
𬀹	1	弟	3	
𬀼	1	勗	3	
𬁠	1	曏	3	
𬁢	1	曫	3	
𬁳	1	𦟐	3	
𬁵	1	膒	3	
𬁸	1	𠞮	3	
𬁺	1	𦜖	3	
𬁽	1	䐣	3	
𬂀	1	膶	3	
𬂁	1	肫	1	肫
𬂂	1	𦣇	3	
𬂅	1	䐷	3	
𬂉	1	賸	3	
𬂞	1	耒	3	
𬂠	1	橅	3	
𬂣	1	庎	1	庎
𬂩	1	梜	3	
𬂫	1	阜	3	
𬂮	1	榝	3	
𬂰	1	檂	3	
𬂱	1	𪳷	3	
𬂴	1	藝	3	
𬂻	1	𣛣	3	
𬃀	1	槻	3	
𬃄	1	栗	3	
𬃊	1	櫍	3	
𬃖	1	橐	3	
𬃘	1	樲	3	
𬃛	1	𬄝	3	
𬃡	1	檼	3	
𬃦	1	𣚙	3	
𬃪	1	椅	1	椅
𬃫	1	櫶	3	
𬃮	1	𣙿	3	
𬃲	1	䫐	3	
𬃷	3	棘&棗	1	棗
𬄀	1	燓	3	
𬄇	1	槱	3	
𬄝	0	𬄝	3	
𬄩	1	櫽	3	
𬄬	1	𣡌	3	
𬄭	1	橢	3	
𬅁	1	擷	3	
𬅉	1	欗	3	
𬅢	1	㰰	3	
𬅥	1	歄	3	
𬅫	1	歕	3	
𬅭	1	款	3	
𬅱	1	播	3	
𬅲	1	𣤶	3	
𬆂	1	𬆉	3	
𬆉	0	𬆉	3	
𬆔	1	𣧷	1	𣧷
𬆖	1	𣨐	3	
𬆙	1	𣩷	3	
𬆦	1	毄	3	
𬆭	1	穀	3	
𬆮	1	鷇	3	
𬆾	1	覒	3	
𬇀	1	毯	3	
𬇃	1	毽	3	
𬇄	1	𣰨	3	
𬇇	1	㲲	3	
𬇕	1	澫	3	
𬇘	1	漙	3	
𬇙	1	浿	3	
𬇬	1	凝	3	
𬇰	1	㵍	3	
𬇹	1	漍	3	
𬇼	1	𣻏	3	
𬈀	1	濟	3	
𬈁	1	潬	3	
𬈏	1	𬉤	3	
𬈕	1	㵒	3	
𬈜	1	濴	3	
𬈠	1	滈	3	
𬈣	1	滰	3	
𬈧	1	濇	3	
𬈬	1	濦	3	
𬈯	1	滘	3	
𬈱	1	𤀪	3	
𬈾	1	𤁪	3	
𬈿	1	濘	3	
𬉂	1	瀵	3	
𬉇	1	㵤	3	
𬉊	1	涇	3	
𬉋	1	瀢	3	
𬉏	1	瀩	3	
𬉠	1	灡	3	
𬉤	0	𬉤	3	
𬉬	0	𬉬	3	
𬉯	1	㶗	1	㶗
𬉶	1	㶣	3	
𬉹	1	炙	1	炙
𬉼	1	熰	3	
𬊂	1	煼	3	
𬊈	1	燖	3	
𬊉	1	燵	3	
𬊍	1	燽	3	
𬊎	1	熕	3	
𬊖	1	燘	3	
𬊗	1	𤍖	3	
𬊜	1	𤓓	3	
𬊢	1	𤐛	3	
𬊤	1	燀	3	
𬊦	1	覢	3	
𬊯	1	𤒘	3	
𬊵	1	爣	3	
𬊶	1	爁	3	
𬊺	1	煨	3	
𬊾	1	𤓉	3	
𬋃	1	𤒦	3	
𬋍	1	㸊	3	
𬋖	1	爇	3	
𬋡	1	爨	1	爨
𬋩	1	管	1	管
𬌏	1	牘	3	
𬌛	1	㹂	3	
𬌝	1	犓	3	
𬌠	1	𬌦	3	
𬌥	1	𤛠	3	
𬌦	0	𬌦	3	
𬌪	1	豢	3	
𬌮	1	獟	3	
𬌴	1	狑	3	
𬌵	1	𬍁	3	
𬌷	1	㺑	3	
𬌾	1	㚟	3	
𬌿	1	傍	3	
𬍁	0	𬍁	3	
𬍙	1	琖	3	
𬍛	1	瓅	3	
𬍞	1	蕤	3	
𬍡	1	璗	3	
𬍤	1	璕	3	
𬍩	1	琁	1	琁
𬍯	1	堁	3	
𬍶	1	煜	3	
𬎆	1	㼆	3	
𬎑	1	瓓	3	
𬎙	3	瓈&璃	1	璃
𬎞	1	瓊	1	瓊
𬎠	1	瑀	3	
𬎩	1	缻	3	
𬎼	1	蕤	3	
𬎾	1	庸	3	
𬎿	1	留	3	
𬏀	1	畇	3	
𬏂	1	畛	3	
𬏄	1	荊	3	
𬏉	1	畹	3	
𬏜	1	㾺	3	
𬏟	1	㾵	3	
𬏤	1	療	3	
𬏦	1	癈	3	
𬏫	1	瘒	3	
𬏮	1	瘑	3	
𬏷	1	㿎	3	
𬐄	1	的	1	的
𬐠	1	𥂸	3	
𬑆	1	睔	3	
𬑇	1	𥇔	3	
𬑍	1	𬑡	3	
𬑏	1	䀴	3	
𬑒	1	䁱	3	
𬑓	1	瞱	3	
𬑕	1	睴	3	
𬑗	1	瞷	3	
𬑙	1	𥌚	3	
𬑡	0	𬑡	3	
𬑣	1	皓	3	
𬑤	1	暮	3	
𬑧	1	矊	3	
𬒀	1	砥	3	
𬒂	1	妨	3	
𬒄	1	𬒒	3	
𬒆	1	礏	3	
𬒇	1	䃹	3	
𬒈	1	礐	3	
𬒊	1	𥖩	3	
𬒋	1	刴	3	
𬒍	1	隕	3	
𬒎	1	䃘	3	
𬒒	0	𬒒	3	
𬒓	1	砢	3	
𬒕	1	䃤	3	
𬒗	1	𥗽	3	
𬒪	1	厲	3	
𬒮	1	袂	3	
𬒲	1	祓	3	
𬒽	1	裙	3	
𬓃	1	䙀	3	
𬓆	1	䘺	3	
𬓍	1	奕	3	
𬓖	1	𮂧	3	
𬓛	1	襟	3	
𬓠	1	穖	3	
𬓪	1	黎	1	黎
𬓫	1	龝	3	
𬓱	1	𥢊	3	
𬓲	1	禎	1	禎
𬓸	1	䵘	3	
𬓼	1	穨	3	
𬓽	1	穆	1	穆
𬓾	1	種	3	
𬓿	1	稗	3	
𬔯	1	𥱸	3	
𬔹	1	䉬	3	
𬕂	1	篢	3	
𬕄	1	籭	3	
𬕊	1	䉍	3	
𬕚	1	葳	3	
𬕛	1	䉐	3	
𬕦	1	䉩	3	
𬕬	1	𥵝	3	
𬕵	1	籤	3	
𬕶	1	園	3	
𬖂	1	簪	1	簪
𬖃	1	籫	3	
𬖑	1	粯	3	
𬖓	1	碎	3	
𬖖	1	𥻤	3	
𬖘	1	𥼶	3	
𬖞	1	餈	3	
𬖟	1	𫃐	3	
𬖠	1	㪹	3	
𬖮	1	糮	3	
𬖺	1	糷	3	
𬗃	1	紆	3	
𬗏	0	𬗏	3	
𬗒	1	紵	3	
𬗝	1	繩	3	
𬗟	1	緬	3	
𬗺	0	𬗺	3	
𬘓	1	紃	3	
𬘔	1	𥾝	3	
𬘕	1	紌	3	
𬘖	1	絸	3	
𬘘	1	紞	3	
𬘙	1	䋐	3	
𬘚	1	𥿉	3	
𬘛	1	紶	3	
𬘜	1	䋎	3	
𬘝	1	紾	3	
𬘞	1	𦄋	3	
𬘟	1	線	3	
𬘠	1	絠	3	
𬘡	1	絪	3	
𬘢	1	絖	3	
𬘣	1	𬗏	3	
𬘤	1	絽	3	
𬘥	1	絟	3	
𬘦	1	𥿯	3	
𬘧	1	纃	3	
𬘨	1	織	3	
𬘩	1	綎	3	
𬘪	1	䌞	3	
𬘫	1	綄	3	
𬘬	1	綪	3	
𬘭	1	綝	3	
𬘮	1	䌐	3	
𬘯	1	綧	3	
𬘰	1	緛	3	
𬘱	1	䌁	3	
𬘲	1	䋾	3	
𬘳	1	𦄼	3	
𬘴	1	䋺	3	
𬘵	1	緪	3	
𬘶	1	緧	3	
𬘷	1	縒	3	
𬘸	1	𦂋	3	
𬘹	1	𫄇	3	
𬘺	1	縚	3	
𬘻	1	縖	3	
𬘼	1	𦃒	3	
𬘽	1	𦃘	3	
𬘾	1	𦄍	3	
𬘿	1	𦄧	3	
𬙀	1	𬗺	3	
𬙁	1	䌪	3	
𬙂	1	縯	3	
𬙃	1	𦅋	3	
𬙅	1	𦅷	3	
𬙆	1	繙	3	
𬙇	1	繎	3	
𬙈	1	繗	3	
𬙉	1	繵	3	
𬙊	1	纆	3	
𬙋	1	纕	3	
𬙍	1	缾	3	
𬙎	1	罏	3	
𬙏	1	𬙔	3	
𬙔	0	𬙔	3	
𬙘	1	罕	3	
𬙝	1	罼	3	
𬙞	1	𠤩	3	
𬙡	1	箕	1	箕
𬙪	1	𦌾	3	
𬙫	1	𦌾	3	
𬙬	3	算&筭	3	算&筭
𬙭	1	䍷	3	
𬙯	1	羜	3	
𬙸	1	𦎫	3	
𬚃	1	䎌	3	
𬚄	1	䎘	3	
𬚚	1	睋	3	
𬚟	1	雅	3	
𬚧	1	暾	3	
𬛆	1	吻	1	吻
𬛓	1	㺑	3	
𬛕	0	𬛕	3	
𬛜	1	臏	3	
𬛳	1	臸	3	
𬛹	1	䑗	3	
𬛼	1	轝	3	
𬜅	0	𬜅	3	
𬜔	1	𦪭	3	
𬜤	1	菣	3	
𬜥	1	葻	3	
𬜧	1	𬟂	3	
𬜨	1	薉	3	
𬜬	1	蔄	3	
𬜯	1	䓣	3	
𬜸	1	蘹	3	
𬜺	1	莥	3	
𬜾	1	藖	3	
𬜿	1	幗	3	
𬝁	1	䔡	3	
𬝃	1	𤎤	3	
𬝊	1	𦸷	3	
𬝋	1	蠞	3	
𬝖	1	𦵕	3	
𬝘	1	茲	3	
𬝠	1	𦽒	3	
𬝢	1	葵	3	
𬝯	1	薲	3	
𬝴	1	䕼	3	
𬞋	1	𦾶	3	
𬞕	1	蘭	3	
𬞘	1	藬	3	
𬞞	1	蔬	3	
𬞟	1	蘋	3	
𬞣	1	𧂅	3	
𬞤	1	藊	3	
𬞧	1	慈	3	
𬞫	1	蘫	3	
𬞱	1	䁾	3	
𬟁	1	虉	3	
𬟂	0	𬟂	3	
𬟒	1	蘈	3	
𬟪	1	覤	3	
𬟽	1	蝀	3	
𬟾	1	𧍴	3	
𬠃	1	𧏻	3	
𬠅	1	蟷	3	
𬠈	1	𫋐	3	
𬠑	1	蜭	3	
𬠔	1	蜵	3	
𬠠	1	蠈	3	
𬠱	1	𧖦	3	
𬠷	1	𧕛	3	
𬡅	1	祁	3	
𬡇	1	褭	3	
𬡍	1	𧜣	3	
𬡎	1	𧛸	3	
𬡒	1	裌	3	
𬡓	1	褺	3	
𬡔	1	𧜂	3	
𬡕	1	𧜁	3	
𬡖	1	𧙤	3	
𬡘	1	祥	3	
𬡠	1	𧟌	3	
𬡦	1	𧛔	3	
𬡱	1	𫌙	3	
𬡵	1	襼	3	
𬡷	1	襸	3	
𬢇	1	𧠈	3	
𬢈	1	𧡍	3	
𬢉	1	𧠥	3	
𬢊	1	覗	3	
𬢋	1	覜	3	
𬢌	1	覟	3	
𬢎	1	覩	3	
𬢏	1	𧡪	3	
𬢐	1	䚉	3	
𬢑	1	䚆	3	
𬢒	1	覭	3	
𬢓	1	瞥	3	
𬢔	1	覴	3	
𬢕	1	琖	3	
𬢣	1	諓	3	
𬢯	1	嚶	3	
𬢻	1	謓	3	
𬢿	1	譗	3	
𬣀	1	讆	3	
𬣍	0	𬣍	3	
𬣑	1	濯	3	
𬣘	0	𬣘	3	
𬣙	1	訏	3	
𬣚	1	𧥣	3	
𬣛	1	䚳	3	
𬣜	1	耗	3	
𬣝	1	𧥺	3	
𬣞	1	詝	3	
𬣟	1	䚵	3	
𬣠	1	詌	3	
𬣡	1	諓	3	
𬣢	1	𧦭	3	
𬣣	1	註	3	
𬣤	1	詃	3	
𬣥	1	詜	3	
𬣦	1	詏	3	
𬣧	1	䛍	3	
𬣨	1	𧧝	3	
𬣩	1	詴	3	
𬣪	1	𧬨	3	
𬣫	1	𬣍	3	
𬣬	1	䛛	3	
𬣭	1	讜	3	
𬣮	1	詺	3	
𬣯	1	䛘	3	
𬣰	1	詯	3	
𬣱	1	詶	3	
𬣲	1	誁	3	
𬣳	1	詪	3	
𬣴	1	䜕	3	
𬣵	1	𧬻	3	
𬣶	1	𧨊	3	
𬣷	1	誎	3	
𬣸	1	䛞	3	
𬣹	1	䛤	3	
𬣺	1	誇	3	
𬣻	1	誔	3	
𬣼	1	誏	3	
𬣽	1	謰	3	
𬣾	1	諎	3	
𬣿	1	䜎	3	
𬤀	1	諕	3	
𬤁	1	啕	3	
𬤂	1	𧨾	3	
𬤄	1	謲	3	
𬤅	1	𧩦	3	
𬤆	1	謴	3	
𬤇	1	諲	3	
𬤈	1	諦	3	
𬤉	1	䜋	3	
𬤊	1	諟	3	
𬤋	1	𧩪	3	
𬤌	1	䛽	3	
𬤍	1	諻	3	
𬤎	1	諠	3	
𬤏	1	𧩧	3	
𬤐	1	歌	3	
𬤑	1	䛿	3	
𬤒	1	𧪞	3	
𬤓	1	𧪡	3	
𬤔	1	𠹃	3	
𬤕	1	𧪦	3	
𬤖	1	𧬪	3	
𬤗	1	𬣘	3	
𬤘	1	䜉	3	
𬤙	1	謼	3	
𬤚	1	𧮆	3	
𬤛	1	讇	3	
𬤜	1	𧬅	3	
𬤝	1	譓	3	
𬤞	1	𧬇	3	
𬤟	1	䜍	3	
𬤠	1	𧬌	3	
𬤡	1	䜒	3	
𬤢	1	噂	3	
𬤣	1	憝	3	
𬤤	1	譄	3	
𬤥	1	撰	3	
𬤦	1	讉	3	
𬤧	1	詿	3	
𬤨	1	噪	3	
𬤩	1	譺	3	
𬤪	1	䜚	3	
𬤫	1	諕	3	
𬤬	1	䜝	3	
𬤭	1	慧	3	
𬤮	1	讚	3	
𬤯	1	謇	3	
𬤰	1	讙	3	
𬤱	1	𧮓	3	
𬤷	1	𧰆	3	
𬥁	1	聚	3	
𬥄	1	䝕	3	
𬥈	1	貌	3	
𬥊	1	獌	3	
𬥲	0	𬥲	3	
𬥳	1	賶	3	
𬥴	1	𧵊	3	
𬥵	1	䝯	3	
𬥶	1	貱	3	
𬥷	1	掙	3	
𬥸	1	賗	3	
𬥹	1	𧶟	3	
𬥺	1	䞁	3	
𬥻	1	䞂	3	
𬥼	1	𧶲	3	
𬥽	1	䞀	3	
𬥾	1	𧸦	3	
𬥿	1	𧸪	3	
𬦀	1	𬥲	3	
𬦅	1	𧼮	3	
𬦆	1	𧽢	3	
𬦣	1	𨇗	3	
𬦥	1	䟺	3	
𬦧	1	踚	3	
𬦩	1	𨃘	3	
𬦫	1	𨆅	3	
𬦮	1	躡	3	
𬦯	1	𨁂	3	
𬦰	1	蹢	3	
𬦴	1	𨆱	3	
𬦵	1	𨄰	3	
𬦸	1	騉	3	
𬦻	1	躀	3	
𬦾	1	𨈇	3	
𬧀	1	蹡	3	
𬧃	1	騰	3	
𬧅	1	𨄔	3	
𬧑	1	𨇍	3	
𬧔	1	𬧙	3	
𬧙	0	𬧙	3	
𬧚	1	𨈀	3	
𬧛	1	躝	3	
𬧢	1	䡁	3	
𬧤	1	軂	3	
𬧩	1	𨉹	3	
𬧸	1	奂	3	
𬨁	1	軞	3	
𬨂	1	軝	3	
𬨃	1	輾	3	
𬨄	1	軮	3	
𬨅	1	𨋚	3	
𬨆	1	䡗	3	
𬨇	1	輆	3	
𬨈	1	輓	1	輓
𬨉	1	䡘	3	
𬨋	1	𨌄	3	
𬨌	1	䡟	3	
𬨍	1	輵	3	
𬨎	1	輶	3	
𬨏	1	𨍐	3	
𬨐	1	輠	3	
𬨑	1	䡦	3	
𬨒	1	𨎩	3	
𬨓	1	轈	3	
𬨔	1	䡶	3	
𬨕	1	輊	3	
𬨨	1	過	3	
𬨮	1	速	3	
𬩎	1	𨘌	3	
𬩽	1	鄩	3	
𬩾	1	郲	1	郲
𬪍	1	鄮	3	
𬪕	1	䣢	3	
𬪧	1	醧	3	
𬪨	1	醆	3	
𬪩	1	醲	3	
𬪫	1	𨣇	3	
𬪯	1	𨤋	3	
𬪺	1	𨤡	3	
𬪻	1	麮	3	
𬫂	1	礪	3	
𬫃	1	鈺	3	
𬫆	1	鈸	1	鈸
𬫲	1	鏇	3	
𬬇	1	𨰵	3	
𬬋	1	錙	3	
𬬧	1	銲	3	
𬬨	1	釫	3	
𬬩	1	釴	3	
𬬪	1	釦	3	
𬬫	1	鈚	3	
𬬬	1	鍏	3	
𬬭	1	錀	3	
𬬮	1	鋹	3	
𬬯	1	銋	3	
𬬰	1	鎗	3	
𬬱	1	釿	3	
𬬲	1	釽	3	
𬬳	1	𨥦	3	
𬬴	1	𨥜	3	
𬬵	1	鈂	3	
𬬶	1	𨬞	3	
𬬷	1	鉐	3	
𬬸	1	鉥	3	
𬬹	1	鉮	3	
𬬺	1	鉏	3	
𬬻	1	鑪	3	
𬬼	1	𨭥	3	
𬬽	1	鈼	3	
𬬾	1	鑏	3	
𬬿	1	鉊	3	
𬭀	1	鈶	3	
𬭁	1	鉧	3	
𬭂	1	𨥺	3	
𬭃	1	銔	3	
𬭄	1	𫒖	3	
𬭅	1	銗	3	
𬭆	1	䤪	3	
𬭇	1	𨭗	3	
𬭈	1	䤩	3	
𬭉	1	鑇	3	
𬭊	1	𨧀	3	
𬭋	1	𫒞	3	
𬭌	1	鋘	3	
𬭍	1	銲	3	
𬭎	1	鋐	3	
𬭏	1	鐊	3	
𬭐	1	鏃	3	
𬭑	1	𨧫	3	
𬭒	1	𨭊	3	
𬭓	1	錪	3	
𬭔	1	鑡	3	
𬭕	1	錭	3	
𬭖	1	錋	3	
𬭗	1	錗	3	
𬭘	1	𨨝	3	
𬭙	1	𨭐	3	
𬭚	1	錞	3	
𬭛	1	𨨏	3	
𬭜	1	錑	3	
𬭝	1	鏒	3	
𬭞	1	𠞈	3	
𬭟	1	𨨯	3	
𬭠	1	𨩨	3	
𬭡	1	鍣	3	
𬭢	1	鐀	3	
𬭣	1	䤼	3	
𬭤	1	鍭	3	
𬭥	1	鏓	3	
𬭦	1	鎒	3	
𬭧	1	𨪵	3	
𬭨	1	鎚	3	
𬭩	1	鎓	3	
𬭪	1	轄	3	
𬭫	1	𨫀	3	
𬭬	1	鏏	3	
𬭭	1	鏚	3	
𬭮	1	鏋	3	
𬭯	1	鐅	3	
𬭰	1	鏔	3	
𬭱	1	𨬂	3	
𬭲	1	鏁	3	
𬭳	1	𨭎	3	
𬭴	1	䥛	3	
𬭵	1	𨭌	3	
𬭶	1	𨭆	3	
𬭷	1	𨭃	3	
𬭸	1	鏻	3	
𬭹	1	𨮅	3	
𬭺	1	鏢	3	
𬭻	1	䥞	3	
𬭼	1	鐩	3	
𬭽	1	鐴	3	
𬭾	1	𨮰	3	
𬭿	1	鑙	3	
𬮀	1	𨯵	3	
𬮁	1	鑮	3	
𬮂	1	𨰷	3	
𬮃	1	𨰭	3	
𬮄	1	𨲭	3	
𬮇	0	𬮇	3	
𬮍	0	𬮍	3	
𬮘	1	閄	3	
𬮙	1	𨷈	3	
𬮜	1	𨳨	3	
𬮝	1	𬮇	3	
𬮟	1	焛	3	
𬮠	1	閜	3	
𬮡	1	𨳿	3	
𬮢	1	閧	3	
𬮣	1	𨴑	3	
𬮤	1	閤	3	
𬮥	1	閦	3	
𬮦	1	關	1	關
𬮧	1	𨴤	3	
𬮨	1	䦝	3	
𬮩	1	𨵆	3	
𬮪	1	閯	3	
𬮭	1	闚	3	
𬮮	1	𨵤	3	
𬮯	1	𨵗	3	
𬮰	1	𨵅	3	
𬮱	1	闉	3	
𬮲	1	闄	3	
𬮳	1	闆	3	
𬮴	1	闇	3	
𬮵	1	限	3	
𬮸	1	𨶻	3	
𬮹	1	𨶿	3	
𬮺	1	䧞	3	
𬮻	1	隖	3	
𬮿	1	隑	3	
𬯀	1	隮	3	
𬯅	1	陿	3	
𬯊	1	𬯘	3	
𬯎	1	隤	3	
𬯘	0	𬯘	3	
𬯡	1	際	3	
𬯿	1	䨜	3	
𬰀	1	泡	1	泡
𬰁	1	霽	3	
𬰡	1	𩉙	3	
𬰣	1	𩉍	3	
𬰤	1	紂	3	
𬰥	1	緉	3	
𬰱	1	𩎒	3	
𬰲	1	颹	3	
𬰳	1	䪓	3	
𬰴	1	𩎠	3	
𬰵	1	𩏌	3	
𬰶	1	韢	3	
𬰷	1	䪜	3	
𬰸	1	𩏴	3	
𬰺	1	𩑃	3	
𬱂	0	𬱂	3	
𬱃	3	頟&額	1	額
𬱇	1	須	1	須
𬱈	0	𬱈	3	
𬱓	1	頄	3	
𬱔	1	𩑣	3	
𬱖	1	頔	3	
𬱗	1	頕	3	
𬱘	1	𫖞	3	
𬱙	1	頖	3	
𬱚	1	𬱂	3	
𬱛	1	𩔊	3	
𬱜	1	頛	3	
𬱝	1	䫀	3	
𬱞	1	囂	3	
𬱟	1	頠	3	
𬱠	1	頢	3	
𬱡	1	𩒜	3	
𬱢	1	顐	3	
𬱣	1	䫈	3	
𬱤	1	頢	3	
𬱥	1	𩒼	3	
𬱦	1	䫏	3	
𬱧	1	𩓠	3	
𬱨	1	𩓹	3	
𬱩	1	𬱈	3	
𬱪	1	頤	3	
𬱫	1	顁	3	
𬱬	1	䫩	3	
𬱭	1	𩔈	3	
𬱮	1	䫜	3	
𬱯	1	䭭	3	
𬱰	1	䫠	3	
𬱱	1	𩕊	3	
𬱲	1	䫵	3	
𬱳	1	籲	3	
𬱵	1	颹	3	
𬱷	1	䫼	3	
𬱸	1	䬂	3	
𬱺	1	𩖿	3	
𬱼	1	颽	3	
𬱽	1	颴	3	
𬱾	1	𮨭	3	
𬱿	1	䬎	3	
𬲀	1	䬍	3	
𬲅	1	飉	3	
𬲆	1	𩘻	3	
𬲎	1	飥	3	
𬲓	1	𩛢	3	
𬲕	1	䭕	3	
𬲚	0	𬲚	3	
𬲛	0	𬲛	3	
𬲥	1	飼	3	
𬲦	1	飼	3	
𬲩	1	𩚬	3	
𬲪	1	𩞆	3	
𬲫	1	䬯	3	
𬲬	1	饎	3	
𬲭	1	飷	3	
𬲮	1	䬫	3	
𬲯	1	䬲	3	
𬲰	1	𩞃	3	
𬲱	1	𮨻	3	
𬲲	1	䭢	3	
𬲳	1	䭞	3	
𬲴	1	𩛎	3	
𬲵	1	𫗑	3	
𬲶	1	餈	3	
𬲷	1	䬶	3	
𬲸	1	𩟂	3	
𬲹	1	𩛲	3	
𬲺	1	𩛞	3	
𬲻	1	䬾	3	
𬲼	1	餣	3	
𬲾	1	䭅	3	
𬲿	1	𩛎	3	
𬳀	1	䭇	3	
𬳁	1	肴	3	
𬳂	1	餟	3	
𬳃	1	𩜰	3	
𬳄	1	𫗕	3	
𬳅	1	䭉	3	
𬳆	1	餰	3	
𬳇	1	𩝑	3	
𬳈	1	𩝡	3	
𬳉	1	𩝣	3	
𬳊	1	饀	3	
𬳋	1	䭒	3	
𬳌	1	𩝠	3	
𬳍	1	餹	3	
𬳎	1	𬲚	3	
𬳏	1	𩞘	3	
𬳐	1	𩞉	3	
𬳑	1	䭘	3	
𬳒	1	𩞬	3	
𬳓	1	𩟀	3	
𬳔	1	饃	3	
𬳟	1	馩	3	
𬳡	1	馣	3	
𬳩	1	驅	3	
𬳳	1	颿	3	
𬳴	1	駍	3	
𬳵	1	駓	3	
𬳶	1	駉	3	
𬳷	1	𩢍	3	
𬳸	1	䮸	3	
𬳹	1	挎	3	
𬳺	1	駛	3	
𬳻	1	𩢼	3	
𬳼	1	𩣋	3	
𬳽	1	駪	3	
𬳾	1	馳	3	
𬳿	1	駼	3	
𬴀	1	駺	3	
𬴁	1	䮗	3	
𬴂	1	騑	3	
𬴃	1	騞	3	
𬴄	1	𩤵	3	
𬴅	1	騯	3	
𬴆	1	騹	3	
𬴇	1	𩦙	3	
𬴈	1	𩥼	3	
𬴉	1	𩦚	3	
𬴊	1	驎	3	
𬴋	1	驖	3	
𬴌	1	𩥃	3	
𬴍	1	鑣	3	
𬴎	1	𩧐	3	
𬴏	1	䮿	3	
𬴐	1	驩	3	
𬴘	1	𩫖	3	
𬴠	1	𩫧	3	
𬴨	1	𩯆	3	
𬴩	1	鬞	3	
𬴮	1	鬌	3	
𬵃	0	𬵃	3	
𬵮	0	𬵮	3	
𬶀	1	魝	3	
𬶁	1	魜	3	
𬶂	1	𩵚	3	
𬶃	1	𬵃	3	
𬶄	1	魡	3	
𬶅	1	𩶀	3	
𬶆	1	䰷	3	
𬶇	1	魪	3	
𬶈	1	𩵺	3	
𬶉	1	𩵱	3	
𬶊	1	䱍	3	
𬶋	1	鮈	3	
𬶌	1	鮘	3	
𬶍	1	鮀	3	
𬶎	1	䲙	3	
𬶏	1	鮠	3	
𬶐	1	鮡	3	
𬶑	1	𬵮	3	
𬶒	1	䰼	3	
𬶓	1	䱓	3	
𬶔	1	鯌	3	
𬶕	1	鮷	3	
𬶖	1	𩸆	3	
𬶗	1	䲏	3	
𬶘	1	𩹡	3	
𬶙	1	𩸣	3	
𬶚	1	𩸤	3	
𬶛	1	鱓	3	
𬶜	1	𩸬	3	
𬶝	1	鯇	3	
𬶞	1	鰗	3	
𬶟	1	鯻	3	
𬶠	1	鰊	3	
𬶡	1	𩹝	3	
𬶢	1	鮏	3	
𬶣	1	䱹	3	
𬶤	1	䱱	3	
𬶦	1	𩹊	3	
𬶧	1	鰇	3	
𬶨	1	鱀	3	
𬶩	1	鰋	3	
𬶪	1	𩺝	3	
𬶫	1	鰉	3	
𬶬	1	魼	3	
𬶭	1	鰶	3	
𬶮	1	鱚	3	
𬶯	1	𩻧	3	
𬶰	1	𩻰	3	
𬶱	1	𩻱	3	
𬶲	1	鱌	3	
𬶳	1	𩽈	3	
𬶴	1	䲕	3	
𬶵	1	鱞	3	
𬶶	1	鰜	3	
𬶷	1	㱎	3	
𬶸	1	𩽅	3	
𬶹	1	𩽔	3	
𬶺	1	鱹	3	
𬶻	1	𩽷	3	
𬷕	1	鵏	3	
𬷮	1	鷙	3	
𬷻	1	鳦	3	
𬷼	1	鶂	3	
𬷽	1	梟	3	
𬷾	1	鴻	3	
𬷿	1	䳷	3	
𬸀	1	鴍	3	
𬸁	1	𩿺	3	
𬸂	1	𪃿	3	
𬸃	1	鳿	3	
𬸄	1	鸗	3	
𬸅	1	鶵	3	
𬸆	1	䲼	3	
𬸇	1	鴐	3	
𬸈	1	鴟	3	
𬸉	1	𪀛	3	
𬸊	1	鵀	3	
𬸋	1	𪀻	3	
𬸌	1	𪄅	3	
𬸍	1	𪇘	3	
𬸎	1	𪁐	3	
𬸏	1	𪁜	3	
𬸐	1	𪁱	3	
𬸑	1	𪁑	3	
𬸒	1	鶀	3	
𬸓	1	𪂫	3	
𬸔	1	𪀚	3	
𬸕	1	鸎	3	
𬸖	1	𪂈	3	
𬸗	1	𪂩	3	
𬸘	1	鶠	3	
𬸙	1	𪃐	3	
𬸚	1	鸑	3	
𬸛	1	凰	3	
𬸜	1	鶣	3	
𬸝	1	䳺	3	
𬸞	1	鷜	3	
𬸟	1	𪃮	3	
𬸠	1	𪃿	3	
𬸡	1	𪇖	3	
𬸢	1	鷎	3	
𬸣	1	鶱	3	
𬸤	1	𪅃	3	
𬸥	1	𪅖	3	
𬸦	1	鷟	3	
𬸧	1	𪈏	3	
𬸨	1	𪅾	3	
𬸩	1	𪁾	3	
𬸪	1	鷭	3	
𬸫	1	鷻	3	
𬸬	1	𪇄	3	
𬸭	1	𪆰	3	
𬸮	1	䳫	3	
𬸯	1	鷿	3	
𬸰	1	鸖	3	
𬸱	1	鴝	3	
𬸵	1	𪉜	3	
𬸶	1	𪉨	3	
𬸷	1	𪉮	3	
𬸸	1	𪉱	3	
𬸹	1	𪉿	3	
𬸽	3	麛&𦗕	1	𦗕
𬸾	1	麡	3	
𬹂	0	𬹂	3	
𬹅	1	䴭	3	
𬹆	1	𬹂	3	
𬹇	1	𪌰	3	
𬹈	1	𪍛	3	
𬹉	1	䴷	3	
𬹊	1	粸	3	
𬹋	1	䴹	3	
𬹌	1	𪌿	3	
𬹍	1	𪍤	3	
𬹎	1	𪍶	3	
𬹔	1	䵖	3	
𬹕	1	黰	3	
𬹖	1	𪒬	3	
𬹗	1	𪑚	3	
𬹘	1	𪒿	3	
𬹜	1	𪓐	3	
𬹣	1	鼄	3	
𬹤	1	鼉	3	
𬹭	1	鼪	3	
𬹳	1	齎	3	
𬹺	1	齖	3	
𬹻	1	𪗝	3	
𬹼	1	齘	3	
𬹽	1	𪗜	3	
𬹾	1	𪗳	3	
𬹿	1	𪗪	3	
𬺀	1	𪗬	3	
𬺁	1	𪗻	3	
𬺂	1	𩖁	3	
𬺃	1	䶣	3	
𬺄	1	𪗽	3	
𬺅	1	𪙞	3	
𬺆	1	𪘞	3	
𬺇	1	𪘓	3	
𬺈	1	齮	3	
𬺉	1	䶦	3	
𬺊	1	𪘩	3	
𬺋	1	𪘧	3	
𬺌	1	𪘲	3	
𬺍	1	䶠	3	
𬺎	1	齹	3	
𬺏	1	𪙍	3	
𬺐	1	𪙕	3	
𬺑	1	𪙌	3	
𬺒	1	𪙤	3	
𬺓	1	齼	3	
𬺔	1	齽	3	
𬺕	1	䶪	3	
𬺖	1	嚼	3	
𬺛	1	龑	3	
𬺜	1	㰍	3	
𬺝	1	𪚣	3	
𬺞	1	龜	3	
𬺟	1	𧢢	3	
𬺶	1	丐	3	
𬻕	1	酉	3	
𬻮	1	𫯓	3	
𬻻	1	匡	3	
𬼉	1	缶	3	
𬽉	1	亨	3	
𬽊	1	享	3	
𬽖	0	𬽖	3	
𬾉	1	徒	3	
𬾗	1	侯	3	
𬾣	1	𠐮	3	
𬾨	1	備	3	
𭀒	1	僐	3	
𭀳	1	𭀷	3	
𭀷	0	𭀷	3	
𭁨	1	册	3	
𭁫	1	冓	3	
𭁵	1	冠	3	
𭁹	1	罣	3	
𭂫	1	凡	3	
𭃀	1	𭃁	3	
𭃁	0	𭃁	3	
𭃧	1	朘	3	
𭄛	1	劗	3	
𭅒	1	差	3	
𭅖	1	匡	3	
𭅛	1	𠥴	3	
𭅧	1	斟	3	
𭇀	1	𠿿	3	
𭇉	1	𫪛	3	
𭇜	1	㗶	3	
𭇪	1	啟	3	
𭇯	1	嚠	3	
𭈟	1	𠽈	3	
𭈥	1	𠿷	3	
𭉗	1	𪢍	3	
𭉧	1	𭍀	3	
𭉼	1	難	3	
𭍀	0	𭍀	3	
𭎂	1	㙡	3	
𭎜	1	壔	3	
𭏸	1	壝	3	
𭐏	1	壩	3	
𭑙	0	𭑙	3	
𭑸	1	𡢿	3	
𭓯	1	害	3	
𭓸	1	窩	3	
𭕆	1	𧴪	3	
𭕣	1	絇	3	
𭖪	1	䓯	3	
𭖶	1	峭	3	
𭗣	1	𡽠	3	
𭘋	1	㽕	3	
𭘓	1	幠	3	
𭙿	1	癘	3	
𭚦	1	彉	3	
𭚾	1	矜	3	
𭛹	1	條	3	
𭜓	1	忌	3	
𭝋	1	憐	3	
𭞄	1	僾	3	
𭞹	1	懽	3	
𭟖	1	嗥	3	
𭟙	1	豁	3	
𭟰	1	武	3	
𭟼	1	戲	3	
𭠘	1	投	3	
𭠙	1	撲	3	
𭠵	1	掝	3	
𭡜	1	𢸙	3	
𭡞	1	㨍	3	
𭡡	1	挴	3	
𭡦	1	捏	3	
𭡵	1	𠜲	3	
𭢃	1	挲	3	
𭢌	0	𭢌	3	
𭢛	1	擩	3	
𭢢	1	摎	3	
𭣄	1	攬	3	
𭣇	1	攧	3	
𭣉	1	撛	3	
𭣋	1	櫬	3	
𭣣	1	𭷁	3	
𭣧	1	斁	3	
𭣭	1	敓	3	
𭣱	1	殺	3	
𭣳	1	敓	3	
𭤀	1	揩	3	
𭤎	1	斄	3	
𭤰	1	旟	3	
𭥆	1	旜	3	
𭦌	1	曾	3	
𭦗	1	曼	3	
𭦟	1	曼	3	
𭧋	1	曭	3	
𭧝	1	𥏼	3	
𭨬	1	肰	3	
𭨶	1	𮌲	3	
𭩚	1	檥	3	
𭩛	1	椚	3	
𭩠	1	枼	3	
𭩢	1	渠	3	
𭩰	1	橃	3	
𭪆	1	檛	3	
𭪢	1	栗	3	
𭪫	1	𮨭	3	
𭫀	1	樻	3	
𭫝	0	𭫝	3	
𭫸	1	極	3	
𭫼	1	棘	3	
𭬥	1	檇	3	
𭬮	1	㰕	3	
𭭈	1	㰳	3	
𭭌	1	敓	3	
𭭕	1	歡	3	
𭭖	1	歈	3	
𭭡	1	甚	3	
𭮬	1	敏	3	
𭰎	1	澢	3	
𭰒	1	𣻑	3	
𭰗	1	𣼊	3	
𭰥	1	鸂	3	
𭰮	1	㳧	3	
𭱀	1	𪷈	3	
𭱊	1	澒	3	
𭲈	1	𣼃	3	
𭲫	1	灟	3	
𭲱	1	溹	3	
𭲺	1	溹	3	
𭳬	1	𤃀	3	
𭳮	1	瀲	3	
𭴈	1	𭶀	3	
𭴊	1	模	3	
𭴳	1	𤏐	3	
𭵶	1	熬	3	
𭶀	0	𭶀	3	
𭶙	0	𭶙	3	
𭶢	0	𭶢	3	
𭷁	0	𭷁	3	
𭷧	1	犛	3	
𭸼	1	璺	3	
𭹁	1	玳	3	
𭹜	1	㼈	3	
𭻍	1	留	3	
𭻔	1	𤲓	3	
𭼠	1	瘧	3	
𭽫	1	皴	3	
𭾁	1	簋	3	
𭾛	1	貞	3	
𭾜	1	盾	3	
𭾡	0	𭾡	3	
𮀑	1	礦	3	
𮀡	1	砱	3	
𮀤	1	䃕	3	
𮀪	1	貫	3	
𮁌	1	礚	3	
𮁳	1	𥙨	3	
𮂒	1	積	3	
𮂚	1	豫	3	
𮂧	0	𮂧	3	
𮂶	1	科	3	
𮂺	1	秡	3	
𮃛	1	稽	3	
𮃼	1	窞	3	
𮄅	1	竈	3	
𮄆	1	寐	3	
𮄓	1	窣	3	
𮄥	1	㝱	3	
𮅌	1	䇣	3	
𮅎	1	𥵛	3	
𮆏	1	籣	3	
𮆬	1	𧀲	3	
𮆽	1	鞫	3	
𮇔	1	𥺼	3	
𮇕	0	𮇕	3	
𮇤	1	𥾂	3	
𮇶	1	𥹷	3	
𮈀	1	鑿	3	
𮈔	1	絲	3	
𮈣	1	䌉	3	
𮈿	1	綣	3	
𮉎	1	縧	3	
𮉠	1	䊵	3	
𮉡	1	纑	3	
𮉢	1	紩	3	
𮉣	1	䋏	3	
𮉤	1	絓	3	
𮉥	1	𦀎	3	
𮉦	1	䋞	3	
𮉧	1	緉	3	
𮉨	1	緺	3	
𮉩	1	𫃥	3	
𮉪	1	緅	3	
𮉫	1	緌	3	
𮉬	1	綷	3	
𮉭	1	𫃷	3	
𮉮	1	繀	3	
𮉯	1	縩	3	
𮊁	1	罟	3	
𮊌	1	網	3	
𮌋	1	䐤	3	
𮌌	1	𦡧	3	
𮌨	1	膖	3	
𮌲	0	𮌲	3	
𮎃	1	航	3	
𮎍	1	𫇠	3	
𮏀	1	麥	3	
𮏴	1	筋	3	
𮐚	1	薠	3	
𮐨	1	蘡	3	
𮒷	1	糵	3	
𮓩	1	虧	3	
𮓪	1	虧	3	
𮓮	1	𧈅	3	
𮓹	1	𧏺	3	
𮔂	1	蠞	3	
𮔅	1	蝜	3	
𮔊	1	蜽	3	
𮔕	1	蝍	3	
𮔙	1	蜎	3	
𮔚	1	蟧	3	
𮔲	1	蜍	3	
𮕜	1	血	3	
𮕹	1	褭	3	
𮕾	1	旃	3	
𮖁	1	裲	3	
𮖃	1	𧜶	3	
𮖐	1	裹	3	
𮖱	1	襭	3	
𮖹	1	檝	3	
𮖽	1	褼	3	
𮖿	1	䙴	3	
𮗚	1	觀	3	
𮘸	1	謬	3	
𮘻	1	譍	3	
𮙊	1	讔	3	
𮙋	1	讟	3	
𮙤	1	𧱻	3	
𮙼	1	賦	3	
𮙾	1	賂	3	
𮚅	1	賚	3	
𮚋	1	贊	3	
𮚐	1	賵	3	
𮚶	1	趁	3	
𮚺	1	䞣	3	
𮛗	1	踼	3	
𮜶	1	軇	3	
𮝄	0	𮝄	3	
𮝗	1	𣤖	3	
𮝛	1	輯	3	
𮝣	1	𨍮	3	
𮝰	1	䡽	3	
𮝳	1	𮝄	3	
𮝴	1	軱	3	
𮝵	1	輀	3	
𮝷	1	轒	3	
𮝸	1	輴	3	
𮝹	1	轘	3	
𮝺	1	轕	3	
𮝾	1	辰	3	
𮞼	1	邃	3	
𮟏	1	邃	3	
𮟦	1	邍	3	
𮟰	1	那	3	
𮠞	1	䤌	3	
𮠳	1	醦	3	
𮣲	1	釭	3	
𮣳	1	鈜	3	
𮣴	1	鋋	3	
𮣵	1	錣	3	
𮣶	1	鑢	3	
𮣷	1	鐻	3	
𮤏	0	𮤏	3	
𮤫	1	門	3	
𮤬	1	䦌	3	
𮤭	1	𨳒	3	
𮤮	1	𭑙	3	
𮤯	1	𨳙	3	
𮤲	1	閟	3	
𮤳	1	𮤏	3	
𮤷	1	𬮍	3	
𮤸	1	𨶯	3	
𮥛	1	陿	3	
𮥠	1	隳	3	
𮥷	1	鳼	3	
𮦅	1	𮦗	3	
𮦖	1	䨺	3	
𮦗	0	𮦗	3	
𮦦	1	霾	3	
𮧥	1	囅	3	
𮧨	1	鞬	3	
𮧴	1	韔	3	
𮧵	1	韡	3	
𮨚	1	𩓟	3	
𮨭	0	𮨭	3	
𮨴	1	檒	3	
𮨵	1	飂	3	
𮨻	0	𮨻	3	
𮩛	1	饆	3	
𮩜	1	餀	3	
𮩝	1	餲	3	
𮩞	1	饐	3	
𮩴	1	馵	3	
𮩸	1	縶	3	
𮪍	1	騎	3	
𮪡	1	駹	3	
𮪢	1	駭	3	
𮪣	1	騣	3	
𮪤	1	騲	3	
𮪥	1	驐	3	
𮫂	1	鬡	3	
𮫄	1	鬌	1	鬌
𮬛	1	魣	3	
𮬜	1	鮨	3	
𮬝	1	鱥	3	
𮬞	1	𩽐	3	
𮬟	1	䱛	3	
𮬠	1	䱚	3	
𮬡	1	䱻	3	
𮬢	1	䱵	3	
𮬣	1	䲗	3	
𮬤	1	鱵	3	
𮬭	0	𮬭	3	
𮭝	1	鵴	3	
𮭡	1	䲸	3	
𮭢	1	鴁	3	
𮭣	1	𮬭	3	
𮭤	1	鴓	3	
𮭥	1	䳍	3	
𮭦	1	𪁏	3	
𮭨	1	鷃	3	
𮭪	1	鷞	3	
𮭰	1	䴚	3	
𮮄	1	麵	3	
𮮅	1	𣣋	3	
𮮆	1	麭	3	
𮮇	1	麰	3	
𮮑	1	黍	3	
𮯙	1	䶗	3	
豈	1	豈	1	豈
更	1	更	1	更
車	1	車	1	車
賈	1	賈	1	賈
滑	1	滑	1	滑
串	1	串	1	串
句	1	句	1	句
龜	1	龜	1	龜
龜	1	龜	1	龜
契	1	契	1	契
金	1	金	1	金
喇	1	喇	1	喇
奈	1	奈	1	奈
懶	1	懶	1	懶
癩	1	癩	1	癩
羅	1	羅	1	羅
蘿	1	蘿	1	蘿
螺	1	螺	1	螺
裸	1	裸	1	裸
邏	1	邏	1	邏
樂	1	樂	1	樂
洛	1	洛	1	洛
烙	1	烙	1	烙
珞	1	珞	1	珞
落	1	落	1	落
酪	1	酪	1	酪
駱	1	駱	1	駱
亂	1	亂	1	亂
卵	1	卵	1	卵
欄	1	欄	1	欄
爛	1	爛	1	爛
蘭	1	蘭	1	蘭
鸞	1	鸞	1	鸞
嵐	1	嵐	1	嵐
濫	1	濫	1	濫
藍	1	藍	1	藍
襤	1	襤	1	襤
拉	1	拉	1	拉
臘	1	臘	1	臘
蠟	1	蠟	1	蠟
廊	1	廊	1	廊
朗	1	朗	1	朗
浪	1	浪	1	浪
狼	1	狼	1	狼
郎	1	郎	1	郎
來	1	來	1	來
冷	1	冷	1	冷
勞	1	勞	1	勞
擄	1	擄	1	擄
櫓	1	櫓	1	櫓
爐	1	爐	1	爐
盧	1	盧	1	盧
老	1	老	1	老
蘆	1	蘆	1	蘆
虜	1	虜	1	虜
路	1	路	1	路
露	1	露	1	露
魯	1	魯	1	魯
鷺	1	鷺	1	鷺
碌	1	碌	1	碌
祿	1	禄	1	禄
綠	1	綠	1	綠
菉	1	菉	1	菉
錄	1	錄	1	錄
鹿	1	鹿	1	鹿
論	1	論	1	論
壟	1	壟	1	壟
弄	1	弄	1	弄
籠	1	籠	1	籠
聾	1	聾	1	聾
牢	1	牢	1	牢
磊	1	磊	1	磊
賂	1	賂	1	賂
雷	1	雷	1	雷
壘	1	壘	1	壘
屢	1	屢	1	屢
樓	1	樓	1	樓
淚	1	淚	1	淚
漏	1	漏	1	漏
累	3	累&纍	3	累&纍
縷	1	縷	1	縷
陋	1	陋	1	陋
勒	1	勒	1	勒
肋	1	肋	1	肋
凜	1	凜	1	凜
凌	1	凌	1	凌
稜	1	稜	1	稜
綾	1	綾	1	綾
菱	3	菱&蔆	1	菱
陵	1	陵	1	陵
讀	1	讀	1	讀
拏	3	拿&拏	1	拏
樂	1	樂	1	樂
諾	1	諾	1	諾
丹	3	丹&舟	1	丹
寧	1	寧	1	寧
怒	1	怒	1	怒
率	1	率	1	率
異	1	異	1	異
北	1	北	1	北
磻	1	磻	1	磻
便	1	便	1	便
復	1	復	1	復
不	1	不	1	不
泌	1	泌	1	泌
數	1	數	1	數
索	1	索	1	索
參	3	三&參	1	參
塞	1	塞	1	塞
省	1	省	1	省
葉	1	葉	1	葉
說	1	說	1	說
殺	1	殺	1	殺
辰	1	辰	1	辰
沈	3	沈&沉&瀋	3	沈&瀋
拾	3	十&拾	3	十&拾
若	1	若	1	若
掠	1	掠	1	掠
略	1	略	1	略
亮	1	亮	1	亮
兩	3	兩&雨	1	兩
凉	1	涼	1	涼
梁	1	梁	1	梁
糧	1	糧	1	糧
良	1	良	1	良
諒	1	諒	1	諒
量	1	量	1	量
勵	1	勵	1	勵
呂	1	呂	1	呂
女	1	女	1	女
廬	1	廬	1	廬
旅	1	旅	1	旅
濾	1	濾	1	濾
礪	1	礪	1	礪
閭	1	閭	1	閭
驪	1	驪	1	驪
麗	1	麗	1	麗
黎	1	黎	1	黎
力	1	力	1	力
曆	1	曆	1	曆
歷	1	歷	1	歷
轢	1	轢	1	轢
年	1	年	1	年
憐	1	憐	1	憐
戀	1	戀	1	戀
撚	1	撚	1	撚
漣	3	漣&瀾	1	漣
煉	3	煉&鍊	1	煉
璉	1	璉	1	璉
秊	1	年	1	年
練	3	練&鍊	1	練
聯	1	聯	1	聯
輦	1	輦	1	輦
蓮	1	蓮	1	蓮
連	1	連	1	連
鍊	3	煉&鍊	1	鍊
列	1	列	1	列
劣	1	劣	1	劣
咽	3	咽&嚥	3	咽&嚥
烈	1	烈	1	烈
裂	1	裂	1	裂
說	1	說	1	說
廉	1	廉	1	廉
念	1	念	1	念
捻	1	捻	1	捻
殮	1	殮	1	殮
簾	1	簾	1	簾
獵	1	獵	1	獵
令	1	令	1	令
囹	1	囹	1	囹
寧	1	寧	1	寧
嶺	1	嶺	1	嶺
怜	3	憐&怜	1	憐
玲	1	玲	1	玲
瑩	1	瑩	1	瑩
羚	1	羚	1	羚
聆	1	聆	1	聆
鈴	1	鈴	1	鈴
零	1	零	1	零
靈	1	靈	1	靈
領	1	領	1	領
例	1	例	1	例
禮	1	禮	1	禮
醴	1	醴	1	醴
隸	1	隸	1	隸
惡	1	惡	1	惡
了	3	了&瞭	3	了&瞭
僚	1	僚	1	僚
寮	1	寮	1	寮
尿	1	尿	1	尿
料	1	料	1	料
樂	1	樂	1	樂
燎	1	燎	1	燎
療	1	療	1	療
蓼	1	蓼	1	蓼
遼	1	遼	1	遼
龍	1	龍	1	龍
暈	1	暈	1	暈
阮	1	阮	1	阮
劉	1	劉	1	劉
杻	3	杶&杻	1	杻
柳	1	柳	1	柳
流	1	流	1	流
溜	1	溜	1	溜
琉	1	琉	1	琉
留	1	留	1	留
硫	1	硫	1	硫
紐	1	紐	1	紐
類	1	類	1	類
六	1	六	1	六
戮	3	戮&勠	1	戮
陸	3	六&陸	1	陸
倫	1	倫	1	倫
崙	1	崙	1	崙
淪	1	淪	1	淪
輪	1	輪	1	輪
律	1	律	1	律
慄	1	慄	1	慄
栗	1	栗	1	栗
率	1	率	1	率
隆	1	隆	1	隆
利	1	利	1	利
吏	1	吏	1	吏
履	1	履	1	履
易	1	易	1	易
李	1	李	1	李
梨	1	梨	1	梨
泥	3	泥&屔	1	泥
理	1	理	1	理
痢	1	痢	1	痢
罹	1	罹	1	罹
裏	3	裡&里	1	裡
裡	1	裡	1	裡
里	3	裡&里	3	裡&里
離	1	離	1	離
匿	1	匿	1	匿
溺	1	溺	1	溺
吝	1	吝	1	吝
燐	1	燐	1	燐
璘	1	璘	1	璘
藺	1	藺	1	藺
隣	1	鄰	1	鄰
鱗	1	鱗	1	鱗
麟	1	麟	1	麟
林	1	林	1	林
淋	1	淋	1	淋
臨	1	臨	1	臨
立	1	立	1	立
笠	1	笠	1	笠
粒	1	粒	1	粒
狀	1	狀	1	狀
炙	1	炙	1	炙
識	3	誌&識	1	識
什	3	什&甚	3	什&甚
茶	1	茶	1	茶
刺	1	刺	1	刺
切	1	切	1	切
度	1	度	1	度
拓	3	托&拓&摭	1	拓
糖	1	糖	1	糖
宅	1	宅	1	宅
洞	1	洞	1	洞
暴	3	暴&曝	1	暴
輻	1	輻	1	輻
行	1	行	1	行
降	1	降	1	降
見	1	見	1	見
廓	1	廓	1	廓
兀	3	兀&尢	1	兀
嗀	1	嗀	1	嗀
﨎	4	﨎	4	﨎
﨏	4	﨏	4	﨏
塚	3	冢&塚	3	冢&塚
﨑	1	崎	3	
晴	1	晴	1	晴
﨓	4	﨓	4	﨓
﨔	4	﨔	4	﨔
凞	1	凞	1	凞
猪	1	豬	1	豬
益	1	益	1	益
礼	1	禮	1	禮
神	1	神	1	神
祥	1	祥	1	祥
福	1	福	1	福
靖	1	靖	1	靖
精	1	精	1	精
羽	1	羽	1	羽
﨟	1	臈	3	
蘒	0	蘒	3	
﨡	4	﨡	4	﨡
諸	1	諸	1	諸
﨣	1	赳	1	赳
﨤	4	﨤	4	﨤
逸	1	逸	1	逸
都	1	都	1	都
﨧	1	銬	3	
﨨	4	﨨	4	﨨
﨩	1	島	3	
飯	1	飯	1	飯
飼	3	飼&飤	1	飼
館	1	館	1	館
鶴	1	鶴	1	鶴
郞	1	郎	1	郎
隷	1	隸	1	隸
侮	1	侮	1	侮
僧	1	僧	1	僧
免	1	免	1	免
勉	1	勉	1	勉
勤	1	勤	1	勤
卑	1	卑	1	卑
喝	1	喝	1	喝
嘆	1	嘆	1	嘆
器	1	器	1	器
塀	4	塀	4	塀
墨	1	墨	1	墨
層	1	層	1	層
屮	3	草&屮&艸	1	屮
悔	1	悔	1	悔
慨	1	慨	1	慨
憎	1	憎	1	憎
懲	1	懲	1	懲
敏	1	敏	1	敏
既	1	既	1	既
暑	1	暑	1	暑
梅	1	梅	1	梅
海	1	海	1	海
渚	1	渚	1	渚
漢	1	漢	1	漢
煮	1	煮	1	煮
爫	1	爪	1	爪
琢	1	琢	1	琢
碑	1	碑	1	碑
社	1	社	1	社
祉	1	祉	1	祉
祈	1	祈	1	祈
祐	1	祐	1	祐
祖	1	祖	1	祖
祝	1	祝	1	祝
禍	1	禍	1	禍
禎	1	禎	1	禎
穀	1	穀	1	穀
突	1	突	1	突
節	1	節	1	節
練	3	練&鍊	1	練
縉	1	縉	1	縉
繁	1	繁	1	繁
署	1	署	1	署
者	1	者	1	者
臭	1	臭	1	臭
艹	4	艹	4	艹
艹	4	艹	4	艹
著	1	著	1	著
褐	1	褐	1	褐
視	1	視	1	視
謁	1	謁	1	謁
謹	1	謹	1	謹
賓	1	賓	1	賓
贈	1	贈	1	贈
辶	4	辶	4	辶
逸	1	逸	1	逸
難	1	難	1	難
響	1	響	1	響
頻	1	頻	1	頻
恵	1	惠	1	惠
𤋮	1	熙	3	
舘	1	館	1	館
並	1	並	1	並
况	1	況	1	況
全	1	全	1	全
侀	1	侀	1	侀
充	1	充	1	充
冀	1	冀	1	冀
勇	1	勇	1	勇
勺	1	勺	1	勺
喝	1	喝	1	喝
啕	1	啕	1	啕
喙	1	喙	1	喙
嗢	1	嗢	1	嗢
塚	3	冢&塚	3	冢&塚
墳	1	墳	1	墳
奄	1	奄	1	奄
奔	1	奔	1	奔
婢	1	婢	1	婢
嬨	1	嬨	1	嬨
廒	1	廒	1	廒
廙	1	廙	1	廙
彩	3	彩&綵	1	彩
徭	1	徭	1	徭
惘	1	惘	1	惘
慎	1	慎	1	慎
愈	1	愈	1	愈
憎	1	憎	1	憎
慠	3	慠&傲	1	傲
懲	1	懲	1	懲
戴	1	戴	1	戴
揄	1	揄	1	揄
搜	1	搜	1	搜
摒	1	摒	1	摒
敖	1	敖	1	敖
晴	1	晴	1	晴
朗	1	朗	1	朗
望	1	望	1	望
杖	1	杖	1	杖
歹	3	歹&𣦵	1	歹
殺	1	殺	1	殺
流	1	流	1	流
滛	1	淫	1	淫
滋	1	滋	1	滋
漢	1	漢	1	漢
瀞	3	瀞&淨	1	淨
煮	1	煮	1	煮
瞧	1	瞧	1	瞧
爵	1	爵	1	爵
犯	1	犯	1	犯
猪	1	豬	1	豬
瑱	1	瑱	1	瑱
甆	1	瓷	1	瓷
画	1	畫	1	畫
瘝	1	瘝	1	瘝
瘟	1	瘟	1	瘟
益	1	益	1	益
盛	1	盛	1	盛
直	1	直	1	直
睊	1	睊	1	睊
着	1	著	1	著
磌	1	磌	1	磌
窱	1	窱	1	窱
節	1	節	1	節
类	1	類	1	類
絛	1	絛	1	絛
練	3	練&鍊	1	練
缾	1	缾	1	缾
者	1	者	1	者
荒	1	荒	1	荒
華	3	華&崋	1	華
蝹	1	蝹	1	蝹
襁	3	繈&襁	1	襁
覆	1	覆	1	覆
視	1	視	1	視
調	1	調	1	調
諸	1	諸	1	諸
請	1	請	1	請
謁	1	謁	1	謁
諾	1	諾	1	諾
諭	1	諭	1	諭
謹	1	謹	1	謹
變	1	變	1	變
贈	1	贈	1	贈
輸	1	輸	1	輸
遲	1	遲	1	遲
醙	1	醙	1	醙
鉶	1	鉶	1	鉶
陼	1	陼	1	陼
難	1	難	1	難
靖	1	靖	1	靖
韛	3	韛&鞴	1	鞴
響	1	響	1	響
頋	1	頋	1	頋
頻	1	頻	1	頻
鬒	1	鬒	1	鬒
龜	1	龜	1	龜
𢡊	1	愆	1	愆
𢡄	1	憯	1	憯
𣏕	1	𣏕	1	𣏕
㮝	3	㮝&㮝	1	㮝
䀘	1	䀘	1	䀘
䀹	3	睫&䀹	1	䀹
𥉉	1	𥉈	1	𥉈
𥳐	1	𥳐	1	𥳐
𧻓	1	𧻓	1	𧻓
齃	3	頞&齃	3	頞&齃
龎	1	龐	1	龐
丽	1	麗	1	麗
丸	1	丸	1	丸
乁	3	及&乁	1	乁
𠄢	3	亙&亘	1	亘
你	1	你	1	你
侮	1	侮	1	侮
侻	1	侻	1	侻
倂	1	併	1	併
偺	3	偺&咱	1	偺
備	1	備	1	備
僧	1	僧	1	僧
像	1	像	1	像
㒞	3	俊&儶	1	俊
𠘺	1	充	3	
免	1	免	1	免
兔	1	兔	1	兔
兤	3	兤&爌	1	爌
具	1	具	1	具
𠔜	1	坤	1	坤
㒹	1	顛	1	顛
內	1	内	1	内
再	1	再	1	再
𠕋	3	册&冊	1	冊
冗	1	冗	1	冗
冤	1	冤	1	冤
仌	3	仌&冰	1	冰
冬	1	冬	1	冬
况	1	況	1	況
𩇟	1	㵾	1	㵾
凵	2	凵&凵	0	凵
刃	3	兩&刃	1	刃
㓟	1	㓟	1	㓟
刻	1	刻	1	刻
剆	1	剆	1	剆
割	1	割	1	割
剷	3	剷&鏟	1	剷
㔕	1	㔕	1	㔕
勇	1	勇	1	勇
勉	1	勉	1	勉
勤	1	勤	1	勤
勺	1	勺	1	勺
包	1	包	1	包
匆	1	匆	1	匆
北	1	北	1	北
卉	3	卅&卉	1	卉
卑	1	卑	1	卑
博	1	博	1	博
即	1	即	1	即
卽	1	即	1	即
卿	1	卿	1	卿
卿	1	卿	1	卿
卿	1	卿	1	卿
𠨬	3	卮&厄&庀&𠨬	1	厄
灰	1	灰	1	灰
及	1	及	1	及
叟	1	叟	1	叟
𠭣	2	豚&𠭣	0	𠭣
叫	1	叫	1	叫
叱	2	叱&叱	0	叱
吆	1	吆	1	吆
咞	3	咞&哯	1	哯
吸	1	吸	1	吸
呈	1	呈	1	呈
周	1	周	1	周
咢	1	咢	1	咢
哶	3	羋&咩	1	羋
唐	1	唐	1	唐
啓	1	啟	1	啟
啣	3	啣&銜	1	啣
善	1	善	1	善
善	1	善	1	善
喙	1	喙	1	喙
喫	1	喫	1	喫
喳	1	喳	1	喳
嗂	1	嗂	1	嗂
圖	1	圖	1	圖
嘆	1	嘆	1	嘆
圗	1	圖	1	圖
噑	1	嗥	1	嗥
噴	1	噴	1	噴
切	3	切&功	1	切
壮	3	壯&牡	1	壯
城	1	城	1	城
埴	1	埴	1	埴
堍	1	堍	1	堍
型	1	型	1	型
堲	1	堲	1	堲
報	1	報	1	報
墬	3	地&墬	1	墬
𡓤	3	墤&隤	1	隤
売	3	殼&賣	1	賣
壷	1	壺	1	壺
夆	2	夆&夆	0	夆
多	1	多	1	多
夢	1	夢	1	夢
奢	1	奢	1	奢
𡚨	3	𡚧&妣	1	妣
𡛪	1	𡛪	3	
姬	1	姬	1	姬
娛	1	娛	1	娛
娧	1	娧	1	娧
姘	1	姘	1	姘
婦	1	婦	1	婦
㛮	1	嫂	1	嫂
㛼	1	㛼	1	㛼
嬈	1	嬈	1	嬈
嬾	3	懶&嬾	1	嬾
嬾	3	懶&嬾	1	嬾
𡧈	1	宇	1	宇
寃	1	冤	1	冤
寘	1	寘	1	寘
寧	1	寧	1	寧
寳	1	寶	1	寶
𡬘	1	𡬘	1	𡬘
寿	1	壽	1	壽
将	1	將	1	將
当	3	𢑐&當	1	當
尢	3	尤&尢	1	尢
㞁	2	㞁&㞁	1	㞁
屠	1	屠	1	屠
屮	2	左&草&屮&艸&屮	1	屮
峀	3	岫&邦	1	邦
岍	1	岍	1	岍
𡷤	3	𡷤&峿	1	峿
嵃	1	嵃	1	嵃
𡷦	3	𡵒&岊	1	岊
嵮	1	巔	1	巔
嵫	1	嵫	1	嵫
嵼	1	嵼	1	嵼
巡	1	巡	1	巡
巢	1	巢	1	巢
㠯	3	㠯&以&𠂤	3	以&𠂤
巽	1	巽	1	巽
帨	1	帨	1	帨
帽	1	帽	1	帽
幩	1	幩	1	幩
㡢	1	幔	1	幔
𢆃	1	㡪	1	㡪
㡼	1	㡼	1	㡼
庰	1	庰	1	庰
庳	1	庳	1	庳
庶	1	庶	1	庶
廊	1	廊	1	廊
𪎒	1	𪎒	1	𪎒
廾	3	竹&廾	1	廾
𢌱	3	𢌱&與	1	與
𢌱	3	𢌱&與	1	與
舁	1	舁	1	舁
弢	1	弢	1	弢
弢	1	弢	1	弢
㣇	1	㣇	1	㣇
𣊸	3	𢑢&䝆	1	䝆
𦇚	2	𦇚&彝&𦇚	2	彝&𦇚
形	1	形	1	形
彫	1	彫	1	彫
㣣	2	狹&㣣	0	㣣
徚	2	𢔅&徚	0	徚
忍	1	忍	1	忍
志	1	志	1	志
忹	3	狂&忹	1	忹
悁	1	悁	1	悁
㤺	1	慌	1	慌
㤜	3	怴&㤜	1	㤜
悔	1	悔	1	悔
𢛔	3	懶&嬾&𢛔	3	懶&嬾
惇	1	惇	1	惇
慈	1	慈	1	慈
慌	1	慌	1	慌
慎	1	慎	1	慎
慌	1	慌	1	慌
慺	1	慺	1	慺
憎	1	憎	1	憎
憲	1	憲	1	憲
憤	1	憤	1	憤
憯	1	憯	1	憯
懞	1	懞	1	懞
懲	1	懲	1	懲
懶	3	懶&嬾	1	懶
成	1	成	1	成
戛	1	戛	1	戛
扝	2	扜&扝&扝	2	扜&扝
抱	1	抱	1	抱
拔	1	拔	1	拔
捐	1	捐	1	捐
𢬌	1	拔	3	
挽	1	挽	1	挽
拼	1	拼	1	拼
捨	1	捨	1	捨
掃	1	掃	1	掃
揤	1	揤	1	揤
𢯱	1	搜	1	搜
搢	1	搢	1	搢
揅	1	揅	1	揅
掩	1	掩	1	掩
㨮	1	㨮	1	㨮
摩	1	摩	1	摩
摾	1	弶	1	弶
撝	1	撝	1	撝
摷	1	摷	1	摷
㩬	1	𢹍	1	𢹍
敏	1	敏	1	敏
敬	1	敬	1	敬
𣀊	1	𣀊	1	𣀊
旣	1	既	1	既
書	3	晝&書	1	書
晉	1	晉	1	晉
㬙	3	㬙&暐	1	暐
暑	1	暑	1	暑
㬈	0	㬈	0	㬈
㫤	3	㫤&昶	1	昶
冒	1	冒	1	冒
冕	1	冕	1	冕
最	1	最	1	最
暜	3	普&替	1	替
肭	3	朒&肭	1	朒
䏙	2	䏙&䏙	1	䏙
朗	1	朗	1	朗
望	1	望	1	望
朡	2	朡&艐&朡	1	朡
杞	1	杞	1	杞
杓	1	杓	1	杓
𣏃	3	𠦙&支	1	支
㭉	2	苶&㭉	0	㭉
柺	3	枴&柺	1	枴
枅	1	枅	1	枅
桒	3	未&桑	1	桑
梅	1	梅	1	梅
𣑭	1	柵	1	柵
梎	2	梎&梎	0	梎
栟	1	栟	1	栟
椔	1	椔	1	椔
㮝	2	㮝&㮝	1	㮝
楂	1	楂	1	楂
榣	1	榣	1	榣
槪	1	概	1	概
檨	1	檨	1	檨
𣚣	3	耕&𣚣	1	𣚣
櫛	1	櫛	1	櫛
㰘	1	㰘	1	㰘
次	1	次	1	次
𣢧	3	𣢒&𤜹	1	𣢒
歔	1	歔	1	歔
㱎	1	㱎	1	㱎
歲	1	歲	1	歲
殟	1	殟	1	殟
殺	1	殺	1	殺
殻	1	殼	1	殼
𣪍	1	殿	1	殿
𡴋	3	𡴋&每	1	每
𣫺	1	育	1	育
汎	3	汍&汎	1	汍
𣲼	1	厬	1	厬
沿	3	沿&沇	1	沿
泍	3	泲&泍	1	泲
汧	1	汧	1	汧
洖	1	洖	1	洖
派	1	派	1	派
海	1	海	1	海
流	1	流	1	流
浩	1	浩	1	浩
浸	1	浸	1	浸
涅	1	涅	1	涅
𣴞	1	𣴞	1	𣴞
洴	1	洴	1	洴
港	1	港	1	港
湮	1	湮	1	湮
㴳	2	㙙&㴳	0	㴳
滋	1	滋	1	滋
滇	1	滇	1	滇
𣻑	1	𣻑	1	𣻑
淹	1	淹	1	淹
潮	1	潮	1	潮
𣽞	1	厬	1	厬
𣾎	1	𣾎	3	
濆	1	濆	1	濆
瀹	1	瀹	1	瀹
瀞	3	瀞&淨	1	淨
瀛	1	瀛	1	瀛
㶖	1	㶖	1	㶖
灊	1	灊	1	灊
災	1	災	1	災
灷	1	灷	1	灷
炭	1	炭	1	炭
𠔥	1	兼	1	兼
煅	3	煅&鍛	1	鍛
𤉣	3	烖&災	1	災
熜	1	熜	1	熜
𤎫	3	𤎫&光	1	光
爨	1	爨	1	爨
爵	1	爵	1	爵
牐	1	牐	1	牐
𤘈	3	𤘈&牙	1	牙
犀	1	犀	1	犀
犕	1	犕	1	犕
𤜵	1	𤜵	1	𤜵
𤠔	3	𤠔&猿	1	猿
獺	1	獺	1	獺
王	3	壬&王&玉	1	王
㺬	3	珙&𤣲	1	珙
玥	1	玥	1	玥
㺸	1	㺸	1	㺸
㺸	1	㺸	1	㺸
瑇	3	瑇&玳	1	玳
瑜	1	瑜	1	瑜
瑱	1	瑱	1	瑱
璅	3	瑣&璅	1	璅
瓊	1	瓊	1	瓊
㼛	1	鈃	1	鈃
甤	3	甤&蕤	1	蕤
𤰶	3	申&𤰶	1	申
甾	3	甾&菑	1	甾
𤲒	2	畊&𤲒	0	𤲒
異	1	異	1	異
𢆟	3	𢆟&𤲒	1	𤲒
瘐	3	瘐&𤵨	1	𤵨
𤾡	3	𤾡&𤾸	1	𤾸
𤾸	3	蘤&𤾸	1	蘤
𥁄	1	盂	1	盂
㿼	0	㿼	0	㿼
䀈	1	䀈	1	䀈
直	1	直	1	直
𥃳	1	盱	1	盱
𥃲	1	具	1	具
𥄙	1	視	1	視
𥄳	0	𥄳	0	𥄳
眞	1	真	1	真
真	1	真	1	真
真	1	真	1	真
睊	1	睊	1	睊
䀹	3	眨&睫&䀹	3	眨&睫
瞋	1	瞋	1	瞋
䁆	1	䁆	1	䁆
䂖	1	石	1	石
𥐝	1	𥐝	1	𥐝
硎	1	硎	1	硎
碌	1	碌	1	碌
磌	1	磌	1	磌
䃣	1	毀	1	毀
𥘦	3	𥘦&赦	1	赦
祖	3	𥘲&祖	1	祖
𥚚	1	𥚚	3	
𥛅	1	𥛅	1	𥛅
福	1	福	1	福
秫	1	秫	1	秫
䄯	3	䄯&𢆚	1	𢆚
穀	3	穀&榖	1	穀
穊	1	穊	1	穊
穏	1	穩	1	穩
𥥼	3	𥥼&爵	1	爵
𥪧	1	𥪧	1	𥪧
𥪧	1	𥪧	1	𥪧
竮	1	竮	1	竮
䈂	3	笄&䈂	1	䈂
𥮫	3	𥮫&冊	1	冊
篆	1	篆	1	篆
築	1	築	1	築
䈧	1	䈧	1	䈧
𥲀	2	𥲀&𥲀	1	𥲀
糒	1	糒	1	糒
䊠	3	䊠&餼	1	餼
糨	1	糨	1	糨
糣	3	糣&糝	1	糝
紀	1	紀	1	紀
𥾆	1	糾	1	糾
絣	1	絣	1	絣
䌁	3	䌁&䙅	1	䙅
緇	1	緇	1	緇
縂	1	總	1	總
繅	1	繅	1	繅
䌴	1	䌴	1	䌴
𦈨	3	鈃&𦈨	1	𦈨
𦉇	3	𦉇&缾	1	缾
䍙	3	䍙&𦋡	1	𦋡
𦋙	3	𦋙&罨	1	罨
罺	1	罺	1	罺
𦌾	3	罥&𦌾	1	𦌾
羕	1	羕	1	羕
翺	1	翱	1	翱
者	1	者	1	者
𦓚	1	𦓚	1	𦓚
𦔣	1	𦔣	3	
聠	1	聠	1	聠
𦖨	3	𦖝&𦖨	1	𦖝
聰	1	聰	1	聰
𣍟	3	肯&𣍟	1	肯
䏕	3	䏕&飪	1	飪
育	1	育	1	育
脃	1	脆	1	脆
䐋	3	䐋&𦝰	1	䐋
脾	1	脾	1	脾
媵	1	媵	1	媵
𦞧	1	瘤	1	瘤
𦞵	1	𦞵	1	𦞵
𣎓	1	𣎓	1	𣎓
𣎜	1	孕	1	孕
舁	1	舁	1	舁
舄	1	舄	1	舄
辞	1	辭	1	辭
䑫	1	䑫	1	䑫
芑	1	芑	1	芑
芋	1	芋	1	芋
芝	1	芝	1	芝
劳	1	勞	1	勞
花	3	花&華	1	花
芳	1	芳	1	芳
芽	1	芽	1	芽
苦	1	苦	1	苦
𦬼	1	苶	1	苶
若	1	若	1	若
茝	1	茝	1	茝
荣	1	榮	1	榮
莭	3	節&莭	1	莭
茣	1	䓊	1	䓊
莽	1	莽	1	莽
菧	1	菧	1	菧
著	1	著	1	著
荓	1	荓	1	荓
菊	1	菊	1	菊
菌	1	菌	1	菌
菜	1	菜	1	菜
𦰶	3	𦰶&茍	1	茍
𦵫	1	𦵫	1	𦵫
𦳕	3	草&𦯨	1	草
䔫	1	蔬	1	蔬
蓱	3	萍&蓱	1	蓱
蓳	3	菫&蓳	1	蓳
蔖	1	蔖	1	蔖
𧏊	3	莔&𧏊	1	莔
蕤	1	蕤	1	蕤
𦼬	3	𦼬&菹	1	菹
䕝	3	䕝&蕂	1	蕂
䕡	1	䕡	1	䕡
𦾱	3	摷&𦾱	1	𦾱
𧃒	0	𧃒	0	𧃒
䕫	3	𧃰&夔	1	夔
虐	1	虐	1	虐
虜	1	虜	1	虜
虧	1	虧	1	虧
虩	3	𧈅&虩	1	虩
蚩	1	蚩	1	蚩
蚈	1	蚈	1	蚈
蜎	1	蜎	1	蜎
蛢	1	蛢	1	蛢
蝹	1	蝹	1	蝹
蜨	3	蝶&蜨	1	蜨
蝫	1	蝫	1	蝫
螆	1	螆	3	
䗗	1	䗗	1	䗗
蟡	1	蟡	1	蟡
蠁	1	蠁	1	蠁
䗹	1	蛓	1	蛓
衠	1	衠	1	衠
衣	1	衣	1	衣
𧙧	0	𧙧	0	𧙧
裗	1	裗	1	裗
裞	3	裞&襚	1	裞
䘵	1	䘵	1	䘵
裺	1	裺	1	裺
㒻	3	冒&㒻	1	㒻
𧢮	1	䚕	1	䚕
𧥦	3	訏&𧨄	1	訏
䚾	1	誑	1	誑
䛇	1	䛇	1	䛇
誠	1	誠	1	誠
諭	1	諭	1	諭
變	1	變	1	變
豕	1	豕	1	豕
𧲨	3	豜&𧲨	1	𧲨
貫	1	貫	1	貫
賁	1	賁	1	賁
贛	1	贛	1	贛
起	1	起	1	起
𧼯	1	𧼯	1	𧼯
𠠄	1	㨄	3	
跋	1	跋	1	跋
趼	1	趼	1	趼
跰	1	跰	1	跰
𠣞	1	軍	1	軍
軔	1	軔	1	軔
輸	1	輸	1	輸
𨗒	1	霆	1	霆
𨗭	3	𨗭&遺	1	遺
邔	1	邔	1	邔
郱	1	郱	1	郱
鄑	1	鄑	1	鄑
𨜮	3	卿&鄉	1	鄉
鄛	1	鄛	1	鄛
鈸	1	鈸	1	鈸
鋗	1	鋗	1	鋗
鋘	1	鋘	1	鋘
鉼	1	鉼	1	鉼
鏹	3	繈&鏹	1	鏹
鐕	1	鐕	1	鐕
𨯺	1	鏢	3	
開	1	開	1	開
䦕	1	閛	1	閛
閷	3	殺&閷	1	閷
𨵷	3	閶&闒&𨷇	3	閶&𨷇
䧦	3	䧦&鄬	1	鄬
雃	1	雃	1	雃
嶲	3	巂&雟	1	雟
霣	1	霣	1	霣
𩅅	2	𩅅&霶	0	𩅅
𩈚	1	𩈚	1	𩈚
䩮	3	䩮&簶	1	簶
䩶	1	䩶	1	䩶
韠	1	韠	1	韠
𩐊	3	䪢&齏	1	齏
䪲	2	髡&䪲	0	䪲
𩒖	0	𩒖	0	𩒖
頋	1	頋	1	頋
頋	3	顧&頋	1	顧
頩	1	頩	1	頩
𩖶	1	𩖶	1	𩖶
飢	3	飢&𩚬	1	𩚬
䬳	3	䬳&粄	1	粄
餩	1	餩	1	餩
馧	1	馧	1	馧
駂	1	駂	1	駂
駾	1	駾	1	駾
䯎	3	幹&骭	1	骭
𩬰	1	𩬛	1	𩬛
鬒	1	鬒	1	鬒
鱀	1	鱀	1	鱀
鳽	1	鳽	1	鳽
䳎	3	䳎&䳔	1	䳔
䳭	3	䳭&鶺	1	鶺
鵧	1	鵧	1	鵧
𪃎	1	𪃎	1	𪃎
䳸	0	䳸	0	䳸
𪄅	0	𪄅	0	𪄅
𪈎	1	𪈎	3	
𪊑	1	麉	1	麉
麻	1	麻	1	麻
䵖	1	䵖	1	䵖
黹	1	黹	1	黹
黾	3	龜&黽	1	黽
鼅	1	鼅	1	鼅
鼏	1	鼏	1	鼏
鼖	1	鼖	1	鼖
鼻	1	鼻	1	鼻
𪘀	1	𪘀	1	𪘀
